{
  "horses": [
    {
      "horse_number": 8,
      "name": "フォレストオール",
      "popularity": 3,
      "odds": 4.8,
      "mark": "◎",
      "score": 114.46,
      "track_aptitude": 0,
      "total_points": 88.0,
      "detail_points": {
        "score": 50.0,
        "bias": 15.0,
        "pace": 12.0,
        "3f": 7.0,
        "margin": 4.0,
        "track": 0.0
      },
      "avg_margin": 1.9300000000000002,
      "race_name": "函館2R",
      "pred_prob_won": 0.25060839056968687,
      "pred_prob_in_top2": 0.1593809425830841,
      "pred_prob_in_top3": 0.5336644768714904,
      "score_z": 1.6549404908893064,
      "上り3F平均": 39.24,
      "Ave-3F平均": 35.9,
      "PCI平均": 41.54,
      "-3F差平均": 0.28,
      "想定脚質": "先行",
      "track_bias_aptitude_score": 82.4,
      "investment_value_score": 89.5,
      "total_investment_index": 86.2,
      "investment_rating": 1.344508892893791,
      "stability_score": 60,
      "investment_mark": "◎"
    },
    {
      "horse_number": 5,
      "name": "グランシャット",
      "popularity": 7,
      "odds": 18.2,
      "mark": "△",
      "score": 105.32,
      "track_aptitude": 0,
      "total_points": 70.28733880831732,
      "detail_points": {
        "score": 46.007338808317314,
        "bias": 3.0,
        "pace": 8.28,
        "3f": 9.0,
        "margin": 4.0,
        "track": 0.0
      },
      "avg_margin": 1.2142857142857142,
      "race_name": "函館2R",
      "pred_prob_won": 0.1067603811621666,
      "pred_prob_in_top2": 0.10320247113704681,
      "pred_prob_in_top3": 0.30465167760849,
      "score_z": 0.9630109630398838,
      "上り3F平均": 37.4,
      "Ave-3F平均": 35.93,
      "PCI平均": 46.21,
      "-3F差平均": 1.17,
      "想定脚質": "後方",
      "track_bias_aptitude_score": 1,
      "investment_value_score": 53.3,
      "total_investment_index": 38.9,
      "investment_rating": 1.0017471462488174,
      "stability_score": 60,
      "investment_mark": "○"
    },
    {
      "horse_number": 7,
      "name": "パールフロント",
      "popularity": 2,
      "odds": 3.6,
      "mark": "▲",
      "score": 106.64,
      "track_aptitude": 0,
      "total_points": 86.58395946182073,
      "detail_points": {
        "score": 46.583959461820726,
        "bias": 15.0,
        "pace": 12.0,
        "3f": 7.0,
        "margin": 6.0,
        "track": 0.0
      },
      "avg_margin": 0.9750000000000001,
      "race_name": "函館2R",
      "pred_prob_won": 0.12125751078128814,
      "pred_prob_in_top2": 0.12476900815963746,
      "pred_prob_in_top3": 0.345460569858551,
      "score_z": 1.0629395162960371,
      "上り3F平均": 38.97,
      "Ave-3F平均": 37.51,
      "PCI平均": 46.2,
      "-3F差平均": 0.23,
      "想定脚質": "先行",
      "track_bias_aptitude_score": 82.4,
      "investment_value_score": 85.4,
      "total_investment_index": 82.7,
      "investment_rating": 0.5363817095756531,
      "stability_score": 75,
      "investment_mark": "△"
    },
    {
      "horse_number": 10,
      "name": "ハイエンドモデル",
      "popularity": 1,
      "odds": 2.8,
      "mark": "○",
      "score": 103.12,
      "track_aptitude": 0,
      "total_points": 87.04630438581165,
      "detail_points": {
        "score": 45.046304385811645,
        "bias": 15.0,
        "pace": 12.0,
        "3f": 9.0,
        "margin": 6.0,
        "track": 0.0
      },
      "avg_margin": 0.9166666666666666,
      "race_name": "函館2R",
      "pred_prob_won": 0.10335475653409958,
      "pred_prob_in_top2": 0.11978467404842377,
      "pred_prob_in_top3": 0.3519155323505402,
      "score_z": 0.7964633742796298,
      "上り3F平均": 38.2,
      "Ave-3F平均": 34.5,
      "PCI平均": 40.43,
      "-3F差平均": 0.3,
      "想定脚質": "先行",
      "track_bias_aptitude_score": 82.4,
      "investment_value_score": 100,
      "total_investment_index": 91.0,
      "investment_rating": 0.41219305425882347,
      "stability_score": 75,
      "investment_mark": "△"
    },
    {
      "horse_number": 1,
      "name": "タマゴ",
      "popularity": 4,
      "odds": 9.0,
      "mark": "▲",
      "score": 96.52,
      "track_aptitude": 2,
      "total_points": 84.17320111829461,
      "detail_points": {
        "score": 42.1632011182946,
        "bias": 15.0,
        "pace": 12.0,
        "3f": 9.0,
        "margin": 4.0,
        "track": 2.0100000000000002
      },
      "avg_margin": 1.0333333333333332,
      "race_name": "函館2R",
      "pred_prob_won": 0.05533050373196602,
      "pred_prob_in_top2": 0.08307985216379166,
      "pred_prob_in_top3": 0.2339405119419098,
      "score_z": 0.29682060799886445,
      "上り3F平均": 39.23,
      "Ave-3F平均": 35.57,
      "PCI平均": 40.67,
      "-3F差平均": 0.45,
      "想定脚質": "先行",
      "track_bias_aptitude_score": 94.1,
      "investment_value_score": 56.9,
      "total_investment_index": 67.9,
      "investment_rating": 0.35915609896183015,
      "stability_score": 60,
      "investment_mark": "☆"
    },
    {
      "horse_number": 11,
      "name": "メルシーボクアスク",
      "popularity": 5,
      "odds": 15.0,
      "mark": "△",
      "score": 94.49,
      "track_aptitude": 2,
      "total_points": 83.28642844661891,
      "detail_points": {
        "score": 41.27642844661891,
        "bias": 15.0,
        "pace": 12.0,
        "3f": 9.0,
        "margin": 4.0,
        "track": 2.0100000000000002
      },
      "avg_margin": 1.2428571428571427,
      "race_name": "函館2R",
      "pred_prob_won": 0.04376812726259231,
      "pred_prob_in_top2": 0.052981852740049365,
      "pred_prob_in_top3": 0.15205415189266205,
      "score_z": 0.14314260564281103,
      "上り3F平均": 35.45,
      "Ave-3F平均": 35.51,
      "PCI平均": 50.27,
      "-3F差平均": 0.6,
      "想定脚質": "先行",
      "track_bias_aptitude_score": 94.1,
      "investment_value_score": 42.0,
      "total_investment_index": 58.7,
      "investment_rating": 0.05705180630087858,
      "stability_score": 60,
      "investment_mark": "☆"
    },
    {
      "horse_number": 4,
      "name": "サツキレジーナ",
      "popularity": 6,
      "odds": 17.2,
      "mark": "×",
      "score": 92.08,
      "track_aptitude": 1,
      "total_points": 65.49365892014677,
      "detail_points": {
        "score": 40.223658920146775,
        "bias": 3.0,
        "pace": 8.28,
        "3f": 9.0,
        "margin": 4.0,
        "track": 0.99
      },
      "avg_margin": 1.4857142857142855,
      "race_name": "函館2R",
      "pred_prob_won": 0.031959288939833644,
      "pred_prob_in_top2": 0.03568199314177036,
      "pred_prob_in_top3": 0.11578762680292129,
      "score_z": -0.03930270749910428,
      "上り3F平均": 37.78,
      "Ave-3F平均": 36.32,
      "PCI平均": 46.37,
      "-3F差平均": 1.57,
      "想定脚質": "後方",
      "track_bias_aptitude_score": 6.9,
      "investment_value_score": 31.6,
      "total_investment_index": 26.0,
      "investment_rating": -0.09790434062480924,
      "stability_score": 60,
      "investment_mark": "××"
    },
    {
      "horse_number": 2,
      "name": "マニーシーン",
      "popularity": 8,
      "odds": 18.9,
      "mark": "△",
      "score": 84.01,
      "track_aptitude": 1,
      "total_points": 75.68840992486459,
      "detail_points": {
        "score": 36.698409924864585,
        "bias": 15.0,
        "pace": 12.0,
        "3f": 7.0,
        "margin": 4.0,
        "track": 0.99
      },
      "avg_margin": 1.5999999999999999,
      "race_name": "函館2R",
      "pred_prob_won": 0.020761818438768388,
      "pred_prob_in_top2": 0.029988881945610047,
      "pred_prob_in_top3": 0.09097104668617248,
      "score_z": -0.6502295444514932,
      "上り3F平均": 38.27,
      "Ave-3F平均": 35.63,
      "PCI平均": 43.13,
      "-3F差平均": 1.1,
      "想定脚質": "先行",
      "track_bias_aptitude_score": 88.3,
      "investment_value_score": 18.9,
      "total_investment_index": 41.7,
      "investment_rating": -0.2268824058771134,
      "stability_score": 60,
      "investment_mark": "××"
    },
    {
      "horse_number": 6,
      "name": "アウスラフラッグ",
      "popularity": 9,
      "odds": 36.3,
      "mark": "△",
      "score": 78.44,
      "track_aptitude": 2,
      "total_points": 76.27524550061158,