{
  "horses": [
    {
      "horse_number": 10,
      "name": "ミッキースピナッチ",
      "popularity": 7,
      "odds": 13.2,
      "mark": "◎",
      "score": 107.34,
      "track_aptitude": 2,
      "total_points": 96.01,
      "detail_points": {
        "score": 50.0,
        "bias": 15.0,
        "pace": 12.0,
        "3f": 9.0,
        "margin": 8.0,
        "track": 2.0100000000000002
      },
      "avg_margin": 0.41,
      "race_name": "函館8R",
      "pred_prob_won": 0.23549782633781433,
      "pred_prob_in_top2": 0.16129232943058014,
      "pred_prob_in_top3": 0.5012664794921875,
      "score_z": 1.8511986140846015,
      "上り3F平均": 36.22,
      "Ave-3F平均": 34.92,
      "PCI平均": 46.42,
      "-3F差平均": 0.39,
      "想定脚質": "先行",
      "track_bias_aptitude_score": 93.8,
      "investment_value_score": 80.4,
      "total_investment_index": 84.5,
      "investment_rating": 2.132282257080078,
      "stability_score": 90,
      "investment_mark": "◎"
    },
    {
      "horse_number": 8,
      "name": "ミライハーモニー",
      "popularity": 5,
      "odds": 9.2,
      "mark": "○",
      "score": 97.32,
      "track_aptitude": 1,
      "total_points": 90.32258803801005,
      "detail_points": {
        "score": 45.33258803801006,
        "bias": 15.0,
        "pace": 12.0,
        "3f": 9.0,
        "margin": 8.0,
        "track": 0.99
      },
      "avg_margin": 0.35000000000000003,
      "race_name": "函館8R",
      "pred_prob_won": 0.09518422782421113,
      "pred_prob_in_top2": 0.11301507502794265,
      "pred_prob_in_top3": 0.3196844458580017,
      "score_z": 0.6060896955997741,
      "上り3F平均": 36.2,
      "Ave-3F平均": 34.54,
      "PCI平均": 45.58,
      "-3F差平均": 0.3,
      "想定脚質": "先行",
      "track_bias_aptitude_score": 87.5,
      "investment_value_score": 70.4,
      "total_investment_index": 74.5,
      "investment_rating": 0.836532673239708,
      "stability_score": 90,
      "investment_mark": "○"
    },
    {
      "horse_number": 3,
      "name": "キャリーグレイス",
      "popularity": 8,
      "odds": 14.6,
      "mark": "▲",
      "score": 95.92,
      "track_aptitude": 1,
      "total_points": 85.67045463014719,
      "detail_points": {
        "score": 44.680454630147196,
        "bias": 15.0,
        "pace": 12.0,
        "3f": 9.0,
        "margin": 4.0,
        "track": 0.99
      },
      "avg_margin": 1.0444444444444445,
      "race_name": "函館8R",
      "pred_prob_won": 0.06896866708993912,
      "pred_prob_in_top2": 0.09683707505464553,
      "pred_prob_in_top3": 0.25911213755607604,
      "score_z": 0.4321223816398194,
      "上り3F平均": 37.7,
      "Ave-3F平均": 35.43,
      "PCI平均": 44.14,
      "-3F差平均": 0.35,
      "想定脚質": "先行",
      "track_bias_aptitude_score": 87.5,
      "investment_value_score": 51.9,
      "total_investment_index": 63.1,
      "investment_rating": 0.832406466603279,
      "stability_score": 60,
      "investment_mark": "▲"
    },
    {
      "horse_number": 11,
      "name": "ナンヨークリスタル",
      "popularity": 2,
      "odds": 6.5,
      "mark": "△",
      "score": 101.36,
      "track_aptitude": 1,
      "total_points": 80.25445872927146,
      "detail_points": {
        "score": 47.21445872927148,
        "bias": 7.05,
        "pace": 12.0,
        "3f": 9.0,
        "margin": 4.0,
        "track": 0.99
      },
      "avg_margin": 1.0799999999999998,
      "race_name": "函館8R",
      "pred_prob_won": 0.12943214625120164,
      "pred_prob_in_top2": 0.1184709534049034,
      "pred_prob_in_top3": 0.3483311474323273,
      "score_z": 1.1081096587413615,
      "上り3F平均": 37.81,
      "Ave-3F平均": 36.47,
      "PCI平均": 46.88,
      "-3F差平均": 0.92,
      "想定脚質": "中団",
      "track_bias_aptitude_score": 27.5,
      "investment_value_score": 100,
      "total_investment_index": 75.1,
      "investment_rating": 0.5449934422969818,
      "stability_score": 60,
      "investment_mark": "△"
    },
    {
      "horse_number": 12,
      "name": "ミスターディジェイ",
      "popularity": 9,
      "odds": 22.7,
      "mark": "▲",
      "score": 91.36,
      "track_aptitude": 1,
      "total_points": 85.54636295882243,
      "detail_points": {
        "score": 42.55636295882243,
        "bias": 15.0,
        "pace": 12.0,
        "3f": 7.0,
        "margin": 8.0,
        "track": 0.99
      },
      "avg_margin": 0.4444444444444444,
      "race_name": "函館8R",
      "pred_prob_won": 0.0382016509771347,
      "pred_prob_in_top2": 0.062369997054338454,
      "pred_prob_in_top3": 0.1641342669725418,
      "score_z": -0.13451401240117958,
      "上り3F平均": 37.34,
      "Ave-3F平均": 34.5,
      "PCI平均": 42.47,
      "-3F差平均": 0.26,
      "想定脚質": "先行",
      "track_bias_aptitude_score": 87.5,
      "investment_value_score": 35.2,
      "total_investment_index": 52.1,
      "investment_rating": 0.27431972876191135,
      "stability_score": 90,
      "investment_mark": "☆"
    },
    {
      "horse_number": 1,
      "name": "ルシード",
      "popularity": 1,
      "odds": 2.5,
      "mark": "△",
      "score": 93.96,
      "track_aptitude": 0,
      "total_points": 74.04746785913918,
      "detail_points": {
        "score": 43.76746785913918,
        "bias": 9.0,
        "pace": 8.28,
        "3f": 7.0,
        "margin": 6.0,
        "track": 0.0
      },
      "avg_margin": 0.7583333333333334,
      "race_name": "函館8R",
      "pred_prob_won": 0.04813632741570473,
      "pred_prob_in_top2": 0.06333795115351677,
      "pred_prob_in_top3": 0.16770451962947847,
      "score_z": 0.1885681420958804,
      "上り3F平均": 38.63,
      "Ave-3F平均": 35.79,
      "PCI平均": 42.62,
      "-3F差平均": 0.27,
      "想定脚質": "逃げ",
      "track_bias_aptitude_score": 38.4,
      "investment_value_score": 92.7,
      "total_investment_index": 72.5,
      "investment_rating": -0.03912392690777777,
      "stability_score": 75,
      "investment_mark": "××"
    },
    {
      "horse_number": 7,
      "name": "ビーマックス",
      "popularity": 6,
      "odds": 11.5,
      "mark": "×",
      "score": 93.83,
      "track_aptitude": 0,
      "total_points": 67.98691261412336,
      "detail_points": {
        "score": 43.70691261412335,
        "bias": 9.0,
        "pace": 8.28,
        "3f": 5.0,
        "margin": 2.0,
        "track": 0.0
      },
      "avg_margin": 2.066666666666667,
      "race_name": "函館8R",
      "pred_prob_won": 0.033630701899528506,
      "pred_prob_in_top2": 0.04284113198518753,
      "pred_prob_in_top3": 0.11268772035837174,
      "score_z": 0.17241403437102792,
      "上り3F平均": 39.07,
      "Ave-3F平均": 35.56,
      "PCI平均": 41.33,
      "-3F差平均": 0.57,
      "想定脚質": "逃げ",
      "track_bias_aptitude_score": 38.4,
      "investment_value_score": 37.1,
      "total_investment_index": 39.1,
      "investment_rating": -0.11402385413646687,
      "stability_score": 45,
      "investment_mark": "××"
    },
    {
      "horse_number": 9,
      "name": "キングヴァージル",
      "popularity": 11,
      "odds": 34.9,
      "mark": "△",
      "score": 87.59,
      "track_aptitude": 1,
      "total_points": 73.84026085336315,
      "detail_points": {
        "score": 40.80026085336315,
        "bias": 7.05,
        "pace": 12.0,
        "3f": 9.0,
        "margin": 4.0,
        "track": 0.99
      },
      "avg_margin": 1.9599999999999997,
      "race_name": "函館8R",
      "pred_prob_won": 0.021576031297445297,
      "pred_prob_in_top2": 0.030894779413938523,
      "pred_prob_in_top3": 0.10292356759309769,
      "score_z": -0.602983136421917,
      "上り3F平均": 38.37,
      "Ave-3F平均": 35.45,
      "PCI平均": 42.64,
      "-3F差平均": 0.76,
      "想定脚質": "中団",
      "track_bias_aptitude_score": 27.5,
      "investment_value_score": 17.7,
      "total_investment_index": 22.9,
      "investment_rating": -0.13175763763487336,
      "stability_score": 60,
      "investment_mark": "××"
    },
    {
      "horse_number": 5,
      "name": "トーアジョウトウ",
      "popularity": 4,
      "odds": 8.5,
      "mark": "⭐︎",
      "score": 90.06,
      "track_aptitude": 0,
      "total_points": 72.23081050866406,