{
  "horses": [
    {
      "horse_number": 5,
      "name": "ヤマニンパルフェ",
      "popularity": 8,
      "odds": 14.2,
      "mark": "▲",
      "score": 128.7,
      "track_aptitude": 0,
      "total_points": 90.00447594181276,
      "detail_points": {
        "score": 48.00447594181275,
        "bias": 15.0,
        "pace": 12.0,
        "3f": 9.0,
        "margin": 6.0,
        "track": 0.0
      },
      "avg_margin": 0.8,
      "race_name": "函館4R",
      "pred_prob_won": 0.1457589238882065,
      "pred_prob_in_top2": 0.1376125067472458,
      "pred_prob_in_top3": 0.41549811959266664,
      "score_z": 0.931336254510573,
      "上り3F平均": 36.95,
      "Ave-3F平均": 36.27,
      "PCI平均": 48.4,
      "-3F差平均": 0.52,
      "想定脚質": "先行",
      "track_bias_aptitude_score": 81.1,
      "investment_value_score": 57.2,
      "total_investment_index": 65.2,
      "investment_rating": 1.9345385295152666,
      "stability_score": 75,
      "investment_mark": "◎"
    },
    {
      "horse_number": 1,
      "name": "ウインキララ",
      "popularity": 6,
      "odds": 9.5,
      "mark": "○",
      "score": 130.25,
      "track_aptitude": 1,
      "total_points": 92.57261842596046,
      "detail_points": {
        "score": 48.58261842596046,
        "bias": 15.0,
        "pace": 12.0,
        "3f": 7.0,
        "margin": 9.0,
        "track": 0.99
      },
      "avg_margin": 0.19999999999999998,
      "race_name": "函館4R",
      "pred_prob_won": 0.17005966305732728,
      "pred_prob_in_top2": 0.16258971393108368,
      "pred_prob_in_top3": 0.46913432478904726,
      "score_z": 1.046700817278978,
      "上り3F平均": 36.07,
      "Ave-3F平均": 36.35,
      "PCI平均": 50.87,
      "-3F差平均": 0.25,
      "想定脚質": "先行",
      "track_bias_aptitude_score": 87.4,
      "investment_value_score": 65.7,
      "total_investment_index": 72.4,
      "investment_rating": 1.8456716239452364,
      "stability_score": 90,
      "investment_mark": "◎"
    },
    {
      "horse_number": 16,
      "name": "コスモマガラニカ",
      "popularity": 2,
      "odds": 5.9,
      "mark": "◎",
      "score": 134.05,
      "track_aptitude": 1,
      "total_points": 94.99,
      "detail_points": {
        "score": 50.0,
        "bias": 15.0,
        "pace": 12.0,
        "3f": 9.0,
        "margin": 8.0,
        "track": 0.99
      },
      "avg_margin": 0.325,
      "race_name": "函館4R",
      "pred_prob_won": 0.2247001737356186,
      "pred_prob_in_top2": 0.19343399703502656,
      "pred_prob_in_top3": 0.5542232275009156,
      "score_z": 1.3295300679370021,
      "上り3F平均": 35.33,
      "Ave-3F平均": 37.2,
      "PCI平均": 55.32,
      "-3F差平均": 0.43,
      "想定脚質": "先行",
      "track_bias_aptitude_score": 87.4,
      "investment_value_score": 92.1,
      "total_investment_index": 88.7,
      "investment_rating": 1.2518250370025634,
      "stability_score": 90,
      "investment_mark": "▲"
    },
    {
      "horse_number": 13,
      "name": "スペシャルバニー",
      "popularity": 7,
      "odds": 12.9,
      "mark": "△",
      "score": 125.5,
      "track_aptitude": 0,
      "total_points": 82.81089145841104,
      "detail_points": {
        "score": 46.810891458411035,
        "bias": 9.0,
        "pace": 12.0,
        "3f": 9.0,
        "margin": 6.0,
        "track": 0.0
      },
      "avg_margin": 0.5083333333333333,
      "race_name": "函館4R",
      "pred_prob_won": 0.10131732076406479,
      "pred_prob_in_top2": 0.111674003303051,
      "pred_prob_in_top3": 0.3211858332157135,
      "score_z": 0.6931642539564491,
      "上り3F平均": 35.83,
      "Ave-3F平均": 35.56,
      "PCI平均": 49.28,
      "-3F差平均": 0.54,
      "想定脚質": "中団",
      "track_bias_aptitude_score": 44.9,
      "investment_value_score": 53.8,
      "total_investment_index": 51.9,
      "investment_rating": 1.2325813743472098,
      "stability_score": 75,
      "investment_mark": "▲"
    },
    {
      "horse_number": 14,
      "name": "マリエンプラッツ",
      "popularity": 10,
      "odds": 27.4,
      "mark": "▲",
      "score": 120.59,
      "track_aptitude": 0,
      "total_points": 86.97948526669154,
      "detail_points": {
        "score": 44.97948526669153,
        "bias": 15.0,
        "pace": 12.0,
        "3f": 9.0,
        "margin": 6.0,
        "track": 0.0
      },
      "avg_margin": 1.0,
      "race_name": "函館4R",
      "pred_prob_won": 0.07978549152612686,
      "pred_prob_in_top2": 0.0886810302734375,
      "pred_prob_in_top3": 0.26041639149188994,
      "score_z": 0.327719090606214,
      "上り3F平均": 35.8,
      "Ave-3F平均": 35.71,
      "PCI平均": 49.8,
      "-3F差平均": 0.53,
      "想定脚質": "先行",
      "track_bias_aptitude_score": 81.1,
      "investment_value_score": 41.8,
      "total_investment_index": 55.0,
      "investment_rating": 1.1749980187416078,
      "stability_score": 75,
      "investment_mark": "△"
    },
    {
      "horse_number": 2,
      "name": "アルハイルフォート",
      "popularity": 4,
      "odds": 8.2,
      "mark": "⭐︎",
      "score": 130.51,
      "track_aptitude": 2,
      "total_points": 74.91959716523685,
      "detail_points": {
        "score": 48.67959716523684,
        "bias": 4.95,
        "pace": 8.28,
        "3f": 5.0,
        "margin": 6.0,
        "track": 2.0100000000000002
      },
      "avg_margin": 0.9142857142857144,
      "race_name": "函館4R",
      "pred_prob_won": 0.14747085571289062,
      "pred_prob_in_top2": 0.11509302705526352,
      "pred_prob_in_top3": 0.4015941500663757,
      "score_z": 1.0660522923240001,
      "上り3F平均": 36.64,
      "Ave-3F平均": 37.05,
      "PCI平均": 51.2,
      "-3F差平均": 0.6,
      "想定脚質": "逃げ",
      "track_bias_aptitude_score": 29.9,
      "investment_value_score": 70.6,
      "total_investment_index": 58.1,
      "investment_rating": 1.1662171852588654,
      "stability_score": 75,
      "investment_mark": "△"
    },
    {
      "horse_number": 10,
      "name": "シンヒダカゴールド",
      "popularity": 1,
      "odds": 4.4,
      "mark": "×",
      "score": 133.02,
      "track_aptitude": 0,
      "total_points": 73.84581499440507,
      "detail_points": {
        "score": 49.61581499440507,
        "bias": 4.95,
        "pace": 8.28,
        "3f": 7.0,
        "margin": 4.0,
        "track": 0.0
      },
      "avg_margin": 1.0833333333333333,
      "race_name": "函館4R",
      "pred_prob_won": 0.17811253666877747,
      "pred_prob_in_top2": 0.12327288538217544,
      "pred_prob_in_top3": 0.42135688066482546,
      "score_z": 1.252868455258643,
      "上り3F平均": 37.47,
      "Ave-3F平均": 35.7,
      "PCI平均": 45.47,
      "-3F差平均": 0.3,
      "想定脚質": "逃げ",
      "track_bias_aptitude_score": 17.3,
      "investment_value_score": 100,
      "total_investment_index": 72.3,
      "investment_rating": 0.6980529814958573,
      "stability_score": 60,
      "investment_mark": "☆"
    },
    {
      "horse_number": 9,
      "name": "ベルサ",
      "popularity": 9,
      "odds": 23.5,
      "mark": "△",
      "score": 115.56,
      "track_aptitude": 2,
      "total_points": 85.11331965684447,
      "detail_points": {
        "score": 43.103319656844455,
        "bias": 15.0,
        "pace": 12.0,
        "3f": 9.0,
        "margin": 4.0,
        "track": 2.0100000000000002
      },
      "avg_margin": 1.1600000000000001,
      "race_name": "函館4R",
      "pred_prob_won": 0.03535047695040703,
      "pred_prob_in_top2": 0.054898979514837264,
      "pred_prob_in_top3": 0.16022086441516875,
      "score_z": -0.046657522764801,
      "上り3F平均": 37.38,
      "Ave-3F平均": 36.71,
      "PCI平均": 48.22,
      "-3F差平均": 0.4,
      "想定脚質": "先行",
      "track_bias_aptitude_score": 93.7,
      "investment_value_score": 33.5,
      "total_investment_index": 53.1,
      "investment_rating": 0.41546874836087233,
      "stability_score": 60,
      "investment_mark": "☆"
    },
    {
      "horse_number": 3,
      "name": "スイートグルーヴ",
      "popularity": 3,
      "odds": 7.0,
      "mark": "△",
      "score": 117.55,
      "track_aptitude": 3,
      "total_points": 86.8455800074599,
      "detail_points": {
        "score": 43.8455800074599,