{
  "horses": [
    {
      "horse_number": 6,
      "name": "ザハント",
      "popularity": 3,
      "odds": 5.3,
      "mark": "◎",
      "score": 133.68,
      "track_aptitude": 3,
      "total_points": 95.0,
      "detail_points": {
        "score": 50.0,
        "bias": 15.0,
        "pace": 12.0,
        "3f": 9.0,
        "margin": 6.0,
        "track": 3.0
      },
      "avg_margin": 0.5071428571428571,
      "race_name": "函館6R",
      "pred_prob_won": 0.23822604715824128,
      "pred_prob_in_top2": 0.19564749598503112,
      "pred_prob_in_top3": 0.5721833348274231,
      "score_z": 1.489335106848643,
      "上り3F平均": 38.71,
      "Ave-3F平均": 37.69,
      "PCI平均": 47.39,
      "-3F差平均": 0.55,
      "想定脚質": "先行",
      "track_bias_aptitude_score": 100,
      "investment_value_score": 100,
      "total_investment_index": 97.5,
      "investment_rating": 1.4598600053787234,
      "stability_score": 75,
      "investment_mark": "◎"
    },
    {
      "horse_number": 8,
      "name": "マンオブザマッチ",
      "popularity": 6,
      "odds": 8.0,
      "mark": "○",
      "score": 124.07,
      "track_aptitude": 2,
      "total_points": 90.41559545182525,
      "detail_points": {
        "score": 46.40559545182525,
        "bias": 15.0,
        "pace": 12.0,
        "3f": 9.0,
        "margin": 6.0,
        "track": 2.0100000000000002
      },
      "avg_margin": 0.8833333333333333,
      "race_name": "函館6R",
      "pred_prob_won": 0.12599690854549409,
      "pred_prob_in_top2": 0.13150453567504883,
      "pred_prob_in_top3": 0.39146087765693666,
      "score_z": 0.7765606856924939,
      "上り3F平均": 37.98,
      "Ave-3F平均": 37.65,
      "PCI平均": 49.35,
      "-3F差平均": 0.57,
      "想定脚質": "先行",
      "track_bias_aptitude_score": 94.3,
      "investment_value_score": 66.8,
      "total_investment_index": 74.7,
      "investment_rating": 1.3051696076989174,
      "stability_score": 75,
      "investment_mark": "○"
    },
    {
      "horse_number": 1,
      "name": "ハイクオリティ",
      "popularity": 7,
      "odds": 9.5,
      "mark": "▲",
      "score": 123.28,
      "track_aptitude": 1,
      "total_points": 87.10011370436864,
      "detail_points": {
        "score": 46.110113704368636,
        "bias": 15.0,
        "pace": 12.0,
        "3f": 9.0,
        "margin": 4.0,
        "track": 0.99
      },
      "avg_margin": 1.3833333333333335,
      "race_name": "函館6R",
      "pred_prob_won": 0.10327308624982834,
      "pred_prob_in_top2": 0.12659395337104798,
      "pred_prob_in_top3": 0.34930540919303893,
      "score_z": 0.7179663264091067,
      "上り3F平均": 37.78,
      "Ave-3F平均": 38.01,
      "PCI平均": 50.7,
      "-3F差平均": 0.92,
      "想定脚質": "先行",
      "track_bias_aptitude_score": 88.7,
      "investment_value_score": 59.5,
      "total_investment_index": 68.5,
      "investment_rating": 1.2259713733196258,
      "stability_score": 60,
      "investment_mark": "▲"
    },
    {
      "horse_number": 5,
      "name": "ロードスカイブルー",
      "popularity": 4,
      "odds": 6.8,
      "mark": "△",
      "score": 127.72,
      "track_aptitude": 1,
      "total_points": 78.71079593058049,
      "detail_points": {
        "score": 47.77079593058049,
        "bias": 4.95,
        "pace": 12.0,
        "3f": 9.0,
        "margin": 4.0,
        "track": 0.99
      },
      "avg_margin": 1.26875,
      "race_name": "函館6R",
      "pred_prob_won": 0.15793864727020263,
      "pred_prob_in_top2": 0.15747501850128173,
      "pred_prob_in_top3": 0.44973319172859194,
      "score_z": 1.0472814595967546,
      "上り3F平均": 38.51,
      "Ave-3F平均": 38.01,
      "PCI平均": 48.75,
      "-3F差平均": 0.74,
      "想定脚質": "中団",
      "track_bias_aptitude_score": 31.7,
      "investment_value_score": 82.8,
      "total_investment_index": 65.9,
      "investment_rating": 1.2163927456736567,
      "stability_score": 60,
      "investment_mark": "▲"
    },
    {
      "horse_number": 10,
      "name": "カーヌスティ",
      "popularity": 5,
      "odds": 7.0,
      "mark": "△",
      "score": 120.75,
      "track_aptitude": 0,
      "total_points": 75.11382405745063,
      "detail_points": {
        "score": 45.163824057450626,
        "bias": 4.95,
        "pace": 12.0,
        "3f": 9.0,
        "margin": 4.0,
        "track": 0.0
      },
      "avg_margin": 1.0999999999999999,
      "race_name": "函館6R",
      "pred_prob_won": 0.08453015685081482,
      "pred_prob_in_top2": 0.08019767254590988,
      "pred_prob_in_top3": 0.2430255740880966,
      "score_z": 0.5303160365521812,
      "上り3F平均": 35.5,
      "Ave-3F平均": 36.07,
      "PCI平均": 51.6,
      "-3F差平均": 0.7,
      "想定脚質": "中団",
      "track_bias_aptitude_score": 26.0,
      "investment_value_score": 57.8,
      "total_investment_index": 48.4,
      "investment_rating": 0.4422201982140541,
      "stability_score": 60,
      "investment_mark": "☆"
    },
    {
      "horse_number": 4,
      "name": "リュウゼツラン",
      "popularity": 8,
      "odds": 13.2,
      "mark": "△",
      "score": 112.5,
      "track_aptitude": 3,
      "total_points": 75.02809694793537,
      "detail_points": {
        "score": 42.078096947935364,
        "bias": 4.95,
        "pace": 12.0,
        "3f": 9.0,
        "margin": 4.0,
        "track": 3.0
      },
      "avg_margin": 1.315,
      "race_name": "函館6R",
      "pred_prob_won": 0.03408247865736484,
      "pred_prob_in_top2": 0.05738786458969116,
      "pred_prob_in_top3": 0.15853068828582764,
      "score_z": -0.08158708254648893,
      "上り3F平均": 38.88,
      "Ave-3F平均": 37.75,
      "PCI平均": 47.35,
      "-3F差平均": 0.67,
      "想定脚質": "中団",
      "track_bias_aptitude_score": 43.0,
      "investment_value_score": 32.5,
      "total_investment_index": 37.3,
      "investment_rating": 0.1566698706150056,
      "stability_score": 60,
      "investment_mark": "☆"
    },
    {
      "horse_number": 7,
      "name": "リュウジンオー",
      "popularity": 2,
      "odds": 5.1,
      "mark": "▲",
      "score": 114.69,
      "track_aptitude": 0,
      "total_points": 80.8972172351885,
      "detail_points": {
        "score": 42.897217235188506,
        "bias": 15.0,
        "pace": 12.0,
        "3f": 7.0,
        "margin": 4.0,
        "track": 0.0
      },
      "avg_margin": 1.6499999999999997,
      "race_name": "函館6R",
      "pred_prob_won": 0.05324555486440659,
      "pred_prob_in_top2": 0.0682236060500145,
      "pred_prob_in_top3": 0.19731346666812896,
      "score_z": 0.08084538179606697,
      "上り3F平均": 40.33,
      "Ave-3F平均": 35.62,
      "PCI平均": 38.37,
      "-3F差平均": 0.25,
      "想定脚質": "先行",
      "track_bias_aptitude_score": 83.0,
      "investment_value_score": 73.5,
      "total_investment_index": 74.1,
      "investment_rating": 0.0518060733377933,
      "stability_score": 60,
      "investment_mark": "×"
    },
    {
      "horse_number": 9,
      "name": "エイシンパルサー",
      "popularity": 1,
      "odds": 4.8,
      "mark": "消",
      "score": 98.76,
      "track_aptitude": 2,
      "total_points": 60.27895870736086,
      "detail_points": {
        "score": 36.93895870736086,
        "bias": 7.05,
        "pace": 8.28,
        "3f": 4.0,
        "margin": 2.0,
        "track": 2.0100000000000002
      },
      "avg_margin": 2.175,
      "race_name": "函館6R",
      "pred_prob_won": 0.015486097522079944,
      "pred_prob_in_top2": 0.015142323821783066,
      "pred_prob_in_top3": 0.05762124061584473,
      "score_z": -1.1006839136271827,
      "上り3F平均": 38.38,
      "Ave-3F平均": 37.31,
      "PCI平均": 47.33,
      "-3F差平均": 0.9,
      "想定脚質": "逃げ",
      "track_bias_aptitude_score": 43.5,
      "investment_value_score": 53.5,
      "total_investment_index": 48.3,
      "investment_rating": -0.3559468984603882,
      "stability_score": 45,
      "investment_mark": "××"
    },
    {
      "horse_number": 11,
      "name": "クロスレート",
      "popularity": 10,
      "odds": 44.6,
      "mark": "△",
      "score": 95.77,
      "track_aptitude": 2,
      "total_points": 62.11061639736685,