{
  "horses": [
    {
      "horse_number": 7,
      "name": "キャリーハピネス",
      "popularity": 6,
      "odds": 10.7,
      "mark": "○",
      "score": 150.07,
      "track_aptitude": 0,
      "total_points": 89.55214417258615,
      "detail_points": {
        "score": 49.35214417258616,
        "bias": 15.0,
        "pace": 10.2,
        "3f": 9.0,
        "margin": 6.0,
        "track": 0.0
      },
      "avg_margin": 0.6944444444444443,
      "race_name": "函館10R",
      "pred_prob_won": 0.20605871379375457,
      "pred_prob_in_top2": 0.1619661420583725,
      "pred_prob_in_top3": 0.5177018165588378,
      "score_z": 1.1011003214821926,
      "上り3F平均": 35.43,
      "Ave-3F平均": 36.91,
      "PCI平均": 54.27,
      "-3F差平均": 0.48,
      "想定脚質": "先行",
      "track_bias_aptitude_score": 83.5,
      "investment_value_score": 62.8,
      "total_investment_index": 69.6,
      "investment_rating": 1.9438196277618407,
      "stability_score": 75,
      "investment_mark": "◎"
    },
    {
      "horse_number": 9,
      "name": "シテフローラル",
      "popularity": 4,
      "odds": 6.9,
      "mark": "▲",
      "score": 148.59,
      "track_aptitude": 2,
      "total_points": 75.15543014996055,
      "detail_points": {
        "score": 48.865430149960545,
        "bias": 3.0,
        "pace": 8.28,
        "3f": 7.0,
        "margin": 6.0,
        "track": 2.0100000000000002
      },
      "avg_margin": 0.805,
      "race_name": "函館10R",
      "pred_prob_won": 0.18069958984851836,
      "pred_prob_in_top2": 0.144828861951828,
      "pred_prob_in_top3": 0.45442222356796264,
      "score_z": 0.9617324538867396,
      "上り3F平均": 35.16,
      "Ave-3F平均": 37.03,
      "PCI平均": 55.41,
      "-3F差平均": 0.99,
      "想定脚質": "後方",
      "track_bias_aptitude_score": 12.0,
      "investment_value_score": 68.4,
      "total_investment_index": 51.2,
      "investment_rating": 1.2085733389854432,
      "stability_score": 75,
      "investment_mark": "○"
    },
    {
      "horse_number": 2,
      "name": "ハイラント",
      "popularity": 2,
      "odds": 4.4,
      "mark": "◎",
      "score": 152.04,
      "track_aptitude": 0,
      "total_points": 90.2,
      "detail_points": {
        "score": 50.0,
        "bias": 15.0,
        "pace": 10.2,
        "3f": 9.0,
        "margin": 6.0,
        "track": 0.0
      },
      "avg_margin": 0.6299999999999999,
      "race_name": "函館10R",
      "pred_prob_won": 0.25483646988868713,
      "pred_prob_in_top2": 0.1593731701374054,
      "pred_prob_in_top3": 0.5657321810722351,
      "score_z": 1.2866102533491144,
      "上り3F平均": 35.79,
      "Ave-3F平均": 37.44,
      "PCI平均": 54.65,
      "-3F差平均": 0.79,
      "想定脚質": "先行",
      "track_bias_aptitude_score": 83.5,
      "investment_value_score": 91.1,
      "total_investment_index": 86.9,
      "investment_rating": 1.1537697613239288,
      "stability_score": 75,
      "investment_mark": "▲"
    },
    {
      "horse_number": 10,
      "name": "バレンタインガール",
      "popularity": 1,
      "odds": 3.4,
      "mark": "▲",
      "score": 148.27,
      "track_aptitude": 1,
      "total_points": 76.03019468560905,
      "detail_points": {
        "score": 48.76019468560905,
        "bias": 3.0,
        "pace": 8.28,
        "3f": 9.0,
        "margin": 6.0,
        "track": 0.99
      },
      "avg_margin": 0.925,
      "race_name": "函館10R",
      "pred_prob_won": 0.1809939980506897,
      "pred_prob_in_top2": 0.15043987929821015,
      "pred_prob_in_top3": 0.461094069480896,
      "score_z": 0.9315988608931286,
      "上り3F平均": 37.46,
      "Ave-3F平均": 38.41,
      "PCI平均": 53.28,
      "-3F差平均": 1.02,
      "想定脚質": "後方",
      "track_bias_aptitude_score": 6.5,
      "investment_value_score": 100,
      "total_investment_index": 68.5,
      "investment_rating": 0.6257898771762848,
      "stability_score": 75,
      "investment_mark": "△"
    },
    {
      "horse_number": 4,
      "name": "ブルーペクトライト",
      "popularity": 7,
      "odds": 11.5,
      "mark": "△",
      "score": 134.65,
      "track_aptitude": 0,
      "total_points": 68.56111023414891,
      "detail_points": {
        "score": 44.28111023414891,
        "bias": 3.0,
        "pace": 8.28,
        "3f": 9.0,
        "margin": 4.0,
        "track": 0.0
      },
      "avg_margin": 1.04,
      "race_name": "函館10R",
      "pred_prob_won": 0.028683164715766908,
      "pred_prob_in_top2": 0.06433037966489792,
      "pred_prob_in_top3": 0.15422202050685882,
      "score_z": -0.3509621908974686,
      "上り3F平均": 37.36,
      "Ave-3F平均": 37.31,
      "PCI平均": 49.92,
      "-3F差平均": 1.17,
      "想定脚質": "後方",
      "track_bias_aptitude_score": 1,
      "investment_value_score": 27.2,
      "total_investment_index": 21.0,
      "investment_rating": 0.05219881996512421,
      "stability_score": 60,
      "investment_mark": "☆"
    },
    {
      "horse_number": 1,
      "name": "ウインネモフィラ",
      "popularity": 3,
      "odds": 4.8,
      "mark": "△",
      "score": 134.36,
      "track_aptitude": 1,
      "total_points": 69.45574059458038,
      "detail_points": {
        "score": 44.18574059458038,
        "bias": 3.0,
        "pace": 8.28,
        "3f": 7.0,
        "margin": 6.0,
        "track": 0.99
      },
      "avg_margin": 0.665,
      "race_name": "函館10R",
      "pred_prob_won": 0.03290758468210697,
      "pred_prob_in_top2": 0.06822733581066132,
      "pred_prob_in_top3": 0.1890408754348755,
      "score_z": -0.37827075954792844,
      "上り3F平均": 36.17,
      "Ave-3F平均": 37.6,
      "PCI平均": 53.99,
      "-3F差平均": 0.72,
      "想定脚質": "後方",
      "track_bias_aptitude_score": 6.5,
      "investment_value_score": 49.0,
      "total_investment_index": 35.7,
      "investment_rating": 0.03999919533729568,
      "stability_score": 75,
      "investment_mark": "☆"
    },
    {
      "horse_number": 6,
      "name": "チュウワモーニング",
      "popularity": 5,
      "odds": 8.7,
      "mark": "△",
      "score": 134.55,
      "track_aptitude": 0,
      "total_points": 66.52822415153906,
      "detail_points": {
        "score": 44.24822415153907,
        "bias": 3.0,
        "pace": 8.28,
        "3f": 7.0,
        "margin": 4.0,
        "track": 0.0
      },
      "avg_margin": 1.33,
      "race_name": "函館10R",
      "pred_prob_won": 0.03156021311879158,
      "pred_prob_in_top2": 0.06592346876859664,
      "pred_prob_in_top3": 0.1606353461742401,
      "score_z": -0.3603789387079717,
      "上り3F平均": 36.25,
      "Ave-3F平均": 37.04,
      "PCI平均": 52.43,
      "-3F差平均": 0.98,
      "想定脚質": "後方",
      "track_bias_aptitude_score": 1,
      "investment_value_score": 35.0,
      "total_investment_index": 25.7,
      "investment_rating": 0.013017894327640556,
      "stability_score": 60,
      "investment_mark": "×"
    },
    {
      "horse_number": 8,
      "name": "パープルクラウド",
      "popularity": 8,
      "odds": 25.4,
      "mark": "⭐︎",
      "score": 132.35,
      "track_aptitude": 1,
      "total_points": 65.71473033412259,
      "detail_points": {
        "score": 43.5247303341226,
        "bias": 3.0,
        "pace": 10.2,
        "3f": 4.0,
        "margin": 4.0,
        "track": 0.99
      },
      "avg_margin": 1.425,
      "race_name": "函館10R",
      "pred_prob_won": 0.022440746054053308,
      "pred_prob_in_top2": 0.03403668999671936,
      "pred_prob_in_top3": 0.11495578438043594,
      "score_z": -0.5675473905390536,
      "上り3F平均": 36.61,
      "Ave-3F平均": 37.63,
      "PCI平均": 52.9,
      "-3F差平均": 0.89,
      "想定脚質": "逃げ",
      "track_bias_aptitude_score": 21.3,
      "investment_value_score": 17.9,
      "total_investment_index": 21.2,
      "investment_rating": -0.16428297996521002,
      "stability_score": 60,
      "investment_mark": "××"
    },
    {
      "horse_number": 3,
      "name": "ヒルノデプラーツ",
      "popularity": 10,
      "odds": 65.3,
      "mark": "△",
      "score": 127.62,
      "track_aptitude": 2,
      "total_points": 74.2292186266772,
      "detail_points": {
        "score": 41.9692186266772,
        "bias": 7.05,