{
  "horses": [
    {
      "horse_number": 13,
      "name": "ダンテバローズ",
      "popularity": 2,
      "odds": 4.7,
      "mark": "◎",
      "score": 130.63,
      "track_aptitude": 2,
      "total_points": 96.01,
      "detail_points": {
        "score": 50.0,
        "bias": 15.0,
        "pace": 12.0,
        "3f": 9.0,
        "margin": 8.0,
        "track": 2.0100000000000002
      },
      "avg_margin": 0.5,
      "race_name": "函館11R",
      "pred_prob_won": 0.24833910167217255,
      "pred_prob_in_top2": 0.16937544345855712,
      "pred_prob_in_top3": 0.5543917894363404,
      "score_z": 1.575060577887053,
      "上り3F平均": 37.72,
      "Ave-3F平均": 36.96,
      "PCI平均": 48.07,
      "-3F差平均": 0.43,
      "想定脚質": "先行",
      "track_bias_aptitude_score": 94.3,
      "investment_value_score": 91.7,
      "total_investment_index": 90.9,
      "investment_rating": 1.207736189365387,
      "stability_score": 90,
      "investment_mark": "◎"
    },
    {
      "horse_number": 8,
      "name": "レディントン",
      "popularity": 4,
      "odds": 6.8,
      "mark": "△",
      "score": 125.37,
      "track_aptitude": 0,
      "total_points": 84.03667993569624,
      "detail_points": {
        "score": 47.986679935696245,
        "bias": 7.05,
        "pace": 12.0,
        "3f": 9.0,
        "margin": 8.0,
        "track": 0.0
      },
      "avg_margin": 0.325,
      "race_name": "函館11R",
      "pred_prob_won": 0.16086352467536927,
      "pred_prob_in_top2": 0.13591724038124084,
      "pred_prob_in_top3": 0.41912720799446107,
      "score_z": 1.020335526686124,
      "上り3F平均": 34.7,
      "Ave-3F平均": 35.73,
      "PCI平均": 53.07,
      "-3F差平均": 0.66,
      "想定脚質": "中団",
      "track_bias_aptitude_score": 35.6,
      "investment_value_score": 69.2,
      "total_investment_index": 58.9,
      "investment_rating": 1.176508831977844,
      "stability_score": 90,
      "investment_mark": "○"
    },
    {
      "horse_number": 6,
      "name": "ハビレ",
      "popularity": 1,
      "odds": 4.2,
      "mark": "△",
      "score": 127.24,
      "track_aptitude": 0,
      "total_points": 84.75244201178901,
      "detail_points": {
        "score": 48.702442011789024,
        "bias": 7.05,
        "pace": 12.0,
        "3f": 9.0,
        "margin": 8.0,
        "track": 0.0
      },
      "avg_margin": 0.4800000000000001,
      "race_name": "函館11R",
      "pred_prob_won": 0.17529535293579102,
      "pred_prob_in_top2": 0.1585311472415924,
      "pred_prob_in_top3": 0.4644763767719269,
      "score_z": 1.217547664660598,
      "上り3F平均": 36.92,
      "Ave-3F平均": 37.1,
      "PCI平均": 50.5,
      "-3F差平均": 0.89,
      "想定脚質": "中団",
      "track_bias_aptitude_score": 35.6,
      "investment_value_score": 100,
      "total_investment_index": 77.7,
      "investment_rating": 0.7415194854140281,
      "stability_score": 90,
      "investment_mark": "△"
    },
    {
      "horse_number": 5,
      "name": "ショウナンライシン",
      "popularity": 11,
      "odds": 35.6,
      "mark": "▲",
      "score": 115.27,
      "track_aptitude": 2,
      "total_points": 86.13079920385823,
      "detail_points": {
        "score": 44.120799203858226,
        "bias": 15.0,
        "pace": 12.0,
        "3f": 9.0,
        "margin": 4.0,
        "track": 2.0100000000000002
      },
      "avg_margin": 1.145,
      "race_name": "函館11R",
      "pred_prob_won": 0.04804914966225624,
      "pred_prob_in_top2": 0.06271544620394706,
      "pred_prob_in_top3": 0.1895317405462265,
      "score_z": -0.04482094044874255,
      "上り3F平均": 37.47,
      "Ave-3F平均": 36.27,
      "PCI平均": 46.95,
      "-3F差平均": 0.79,
      "想定脚質": "先行",
      "track_bias_aptitude_score": 94.3,
      "investment_value_score": 30.6,
      "total_investment_index": 51.6,
      "investment_rating": 0.6378241632878782,
      "stability_score": 60,
      "investment_mark": "△"
    },
    {
      "horse_number": 4,
      "name": "ワールドタキオン",
      "popularity": 6,
      "odds": 11.1,
      "mark": "○",
      "score": 113.53,
      "track_aptitude": 2,
      "total_points": 89.4647959886703,
      "detail_points": {
        "score": 43.45479598867029,
        "bias": 15.0,
        "pace": 12.0,
        "3f": 9.0,
        "margin": 8.0,
        "track": 2.0100000000000002
      },
      "avg_margin": 0.29999999999999993,
      "race_name": "函館11R",
      "pred_prob_won": 0.04406629279255867,
      "pred_prob_in_top2": 0.06431908831000328,
      "pred_prob_in_top3": 0.18948899805545807,
      "score_z": -0.22832314369771886,
      "上り3F平均": 37.33,
      "Ave-3F平均": 36.29,
      "PCI平均": 47.29,
      "-3F差平均": 0.34,
      "想定脚質": "先行",
      "track_bias_aptitude_score": 94.3,
      "investment_value_score": 41.1,
      "total_investment_index": 57.6,
      "investment_rating": 0.36639389008283624,
      "stability_score": 90,
      "investment_mark": "☆"
    },
    {
      "horse_number": 3,
      "name": "ピュアキアン",
      "popularity": 5,
      "odds": 8.3,
      "mark": "⭐︎",
      "score": 119.1,
      "track_aptitude": 1,
      "total_points": 74.90677179820868,
      "detail_points": {
        "score": 45.58677179820868,
        "bias": 7.05,
        "pace": 8.28,
        "3f": 7.0,
        "margin": 6.0,
        "track": 0.99
      },
      "avg_margin": 0.765,
      "race_name": "函館11R",
      "pred_prob_won": 0.05758019909262657,
      "pred_prob_in_top2": 0.07354603856801986,
      "pred_prob_in_top3": 0.20125519037246703,
      "score_z": 0.35909482877170634,
      "上り3F平均": 38.53,
      "Ave-3F平均": 36.94,
      "PCI平均": 46.0,
      "-3F差平均": 0.3,
      "想定脚質": "逃げ",
      "track_bias_aptitude_score": 36.7,
      "investment_value_score": 47.8,
      "total_investment_index": 45.3,
      "investment_rating": 0.36571111619472496,
      "stability_score": 75,
      "investment_mark": "☆"
    },
    {
      "horse_number": 14,
      "name": "ナチュラルハイ",
      "popularity": 7,
      "odds": 12.3,
      "mark": "△",
      "score": 116.07,
      "track_aptitude": 2,
      "total_points": 80.48700757865727,
      "detail_points": {
        "score": 44.427007578657275,
        "bias": 7.05,
        "pace": 12.0,
        "3f": 9.0,
        "margin": 6.0,
        "track": 2.0100000000000002
      },
      "avg_margin": 0.9650000000000001,
      "race_name": "函館11R",
      "pred_prob_won": 0.04010922163724899,
      "pred_prob_in_top2": 0.056365976482629775,
      "pred_prob_in_top3": 0.1664902836084366,
      "score_z": 0.03954788863124651,
      "上り3F平均": 37.52,
      "Ave-3F平均": 36.61,
      "PCI平均": 47.65,
      "-3F差平均": 0.77,
      "想定脚質": "中団",
      "track_bias_aptitude_score": 47.0,
      "investment_value_score": 36.8,
      "total_investment_index": 41.2,
      "investment_rating": 0.2906701023876668,
      "stability_score": 75,
      "investment_mark": "☆"
    },
    {
      "horse_number": 7,
      "name": "ペプチドソレイユ",
      "popularity": 8,
      "odds": 19.1,
      "mark": "△",
      "score": 114.98,
      "track_aptitude": 2,
      "total_points": 86.01979866799358,
      "detail_points": {
        "score": 44.00979866799357,
        "bias": 15.0,
        "pace": 12.0,
        "3f": 9.0,
        "margin": 4.0,
        "track": 2.0100000000000002
      },
      "avg_margin": 1.37,
      "race_name": "函館11R",
      "pred_prob_won": 0.03781776502728462,
      "pred_prob_in_top2": 0.05404122620820999,
      "pred_prob_in_top3": 0.15617294907569884,
      "score_z": -0.07540464099023786,
      "上り3F平均": 37.88,
      "Ave-3F平均": 37.22,
      "PCI平均": 48.36,
      "-3F差平均": 0.68,
      "想定脚質": "先行",
      "track_bias_aptitude_score": 94.3,
      "investment_value_score": 32.8,
      "total_investment_index": 52.8,
      "investment_rating": 0.2682722842693329,
      "stability_score": 60,
      "investment_mark": "☆"
    },
    {
      "horse_number": 2,
      "name": "テーオードレフォン",
      "popularity": 3,
      "odds": 6.1,
      "mark": "⭐︎",
      "score": 119.72,
      "track_aptitude": 2,
      "total_points": 76.16408328867796,