{
  "horses": [
    {
      "horse_number": 8,
      "name": "ウインアクトゥール",
      "popularity": 5,
      "odds": 8.8,
      "mark": "△",
      "score": 130.52,
      "track_aptitude": 2,
      "total_points": 83.83270513015681,
      "detail_points": {
        "score": 49.6727051301568,
        "bias": 4.95,
        "pace": 10.2,
        "3f": 9.0,
        "margin": 8.0,
        "track": 2.0100000000000002
      },
      "avg_margin": 0.32,
      "race_name": "函館9R",
      "pred_prob_won": 0.16709322929382325,
      "pred_prob_in_top2": 0.15282303094863892,
      "pred_prob_in_top3": 0.4694095075130463,
      "score_z": 1.1462412443450705,
      "上り3F平均": 36.0,
      "Ave-3F平均": 36.67,
      "PCI平均": 51.9,
      "-3F差平均": 0.63,
      "想定脚質": "中団",
      "track_bias_aptitude_score": 32.7,
      "investment_value_score": 68.4,
      "total_investment_index": 57.8,
      "investment_rating": 1.5327542099356652,
      "stability_score": 90,
      "investment_mark": "◎"
    },
    {
      "horse_number": 7,
      "name": "タイキラフター",
      "popularity": 4,
      "odds": 8.7,
      "mark": "▲",
      "score": 131.38,
      "track_aptitude": 2,
      "total_points": 84.16000000000001,
      "detail_points": {
        "score": 50.0,
        "bias": 4.95,
        "pace": 10.2,
        "3f": 9.0,
        "margin": 8.0,
        "track": 2.0100000000000002
      },
      "avg_margin": 0.33999999999999997,
      "race_name": "函館9R",
      "pred_prob_won": 0.1813107669353485,
      "pred_prob_in_top2": 0.16454396545886993,
      "pred_prob_in_top3": 0.49830950498580934,
      "score_z": 1.2165109939092913,
      "上り3F平均": 34.86,
      "Ave-3F平均": 36.63,
      "PCI平均": 55.16,
      "-3F差平均": 0.58,
      "想定脚質": "中団",
      "track_bias_aptitude_score": 32.7,
      "investment_value_score": 75.3,
      "total_investment_index": 62.0,
      "investment_rating": 1.4430689704418183,
      "stability_score": 90,
      "investment_mark": "○"
    },
    {
      "horse_number": 4,
      "name": "リッチブラック",
      "popularity": 8,
      "odds": 18.9,
      "mark": "○",
      "score": 123.66,
      "track_aptitude": 2,
      "total_points": 89.27195768001218,
      "detail_points": {
        "score": 47.06195768001218,
        "bias": 15.0,
        "pace": 10.2,
        "3f": 9.0,
        "margin": 6.0,
        "track": 2.0100000000000002
      },
      "avg_margin": 0.7249999999999999,
      "race_name": "函館9R",
      "pred_prob_won": 0.0979509025812149,
      "pred_prob_in_top2": 0.11344432681798935,
      "pred_prob_in_top3": 0.33741708397865294,
      "score_z": 0.5857174280537174,
      "上り3F平均": 35.9,
      "Ave-3F平均": 36.64,
      "PCI平均": 52.17,
      "-3F差平均": 0.67,
      "想定脚質": "先行",
      "track_bias_aptitude_score": 94.0,
      "investment_value_score": 47.9,
      "total_investment_index": 62.9,
      "investment_rating": 1.3257276290655136,
      "stability_score": 75,
      "investment_mark": "▲"
    },
    {
      "horse_number": 11,
      "name": "マルカオペラ",
      "popularity": 6,
      "odds": 10.9,
      "mark": "◎",
      "score": 124.64,
      "track_aptitude": 0,
      "total_points": 89.63492160146141,
      "detail_points": {
        "score": 47.43492160146141,
        "bias": 15.0,
        "pace": 10.2,
        "3f": 9.0,
        "margin": 8.0,
        "track": 0.0
      },
      "avg_margin": 0.425,
      "race_name": "函館9R",
      "pred_prob_won": 0.1212347149848938,
      "pred_prob_in_top2": 0.1143637627363205,
      "pred_prob_in_top3": 0.3638368844985962,
      "score_z": 0.6657922589524823,
      "上り3F平均": 35.52,
      "Ave-3F平均": 36.27,
      "PCI平均": 52.17,
      "-3F差平均": 0.47,
      "想定脚質": "先行",
      "track_bias_aptitude_score": 82.1,
      "investment_value_score": 56.2,
      "total_investment_index": 64.5,
      "investment_rating": 1.1919517993927002,
      "stability_score": 90,
      "investment_mark": "▲"
    },
    {
      "horse_number": 3,
      "name": "ミッキージュエリー",
      "popularity": 1,
      "odds": 3.2,
      "mark": "△",
      "score": 127.72,
      "track_aptitude": 0,
      "total_points": 76.75709392601614,
      "detail_points": {
        "score": 48.607093926016134,
        "bias": 4.95,
        "pace": 10.2,
        "3f": 5.0,
        "margin": 8.0,
        "track": 0.0
      },
      "avg_margin": 0.26666666666666666,
      "race_name": "函館9R",
      "pred_prob_won": 0.1402285784482956,
      "pred_prob_in_top2": 0.1389334410429001,
      "pred_prob_in_top3": 0.399498838186264,
      "score_z": 0.9174560132057422,
      "上り3F平均": 35.73,
      "Ave-3F平均": 35.62,
      "PCI平均": 49.67,
      "-3F差平均": 0.7,
      "想定脚質": "逃げ",
      "track_bias_aptitude_score": 23.4,
      "investment_value_score": 100,
      "total_investment_index": 73.6,
      "investment_rating": 0.528772153556347,
      "stability_score": 90,
      "investment_mark": "△"
    },
    {
      "horse_number": 6,
      "name": "アルゲンテウス",
      "popularity": 2,
      "odds": 4.6,
      "mark": "△",
      "score": 123.76,
      "track_aptitude": 1,
      "total_points": 76.3700152230172,
      "detail_points": {
        "score": 47.1000152230172,
        "bias": 3.0,
        "pace": 8.28,
        "3f": 9.0,
        "margin": 8.0,
        "track": 0.99
      },
      "avg_margin": 0.45999999999999996,
      "race_name": "函館9R",
      "pred_prob_won": 0.0959729865193367,
      "pred_prob_in_top2": 0.10529563874006272,
      "pred_prob_in_top3": 0.310913223028183,
      "score_z": 0.5938883291658369,
      "上り3F平均": 34.26,
      "Ave-3F平均": 36.38,
      "PCI平均": 56.26,
      "-3F差平均": 1.07,
      "想定脚質": "後方",
      "track_bias_aptitude_score": 7.0,
      "investment_value_score": 76.8,
      "total_investment_index": 54.2,
      "investment_rating": 0.432739669084549,
      "stability_score": 90,
      "investment_mark": "☆"
    },
    {
      "horse_number": 10,
      "name": "ブラックヴァール",
      "popularity": 3,
      "odds": 7.3,
      "mark": "▲",
      "score": 117.34,
      "track_aptitude": 0,
      "total_points": 86.8567209620947,
      "detail_points": {
        "score": 44.656720962094695,
        "bias": 15.0,
        "pace": 10.2,
        "3f": 9.0,
        "margin": 8.0,
        "track": 0.0
      },
      "avg_margin": 0.47000000000000003,
      "race_name": "函館9R",
      "pred_prob_won": 0.06364084854722023,
      "pred_prob_in_top2": 0.07055874913930893,
      "pred_prob_in_top3": 0.2199551373720169,
      "score_z": 0.06931647776780775,
      "上り3F平均": 35.97,
      "Ave-3F平均": 36.24,
      "PCI平均": 50.82,
      "-3F差平均": 0.33,
      "想定脚質": "先行",
      "track_bias_aptitude_score": 82.1,
      "investment_value_score": 57.5,
      "total_investment_index": 64.2,
      "investment_rating": 0.23084073767066,
      "stability_score": 90,
      "investment_mark": "☆"
    },
    {
      "horse_number": 5,
      "name": "ジルバーン",
      "popularity": 12,
      "odds": 43.8,
      "mark": "△",
      "score": 109.8,
      "track_aptitude": 2,
      "total_points": 73.94718221951591,
      "detail_points": {
        "score": 41.787182219515906,
        "bias": 4.95,
        "pace": 10.2,
        "3f": 9.0,
        "margin": 6.0,
        "track": 2.0100000000000002
      },
      "avg_margin": 0.885,
      "race_name": "函館9R",
      "pred_prob_won": 0.024233529344201088,
      "pred_prob_in_top2": 0.03548970893025398,
      "pred_prob_in_top3": 0.11747458577156067,
      "score_z": -0.5467694660859527,
      "上り3F平均": 36.3,
      "Ave-3F平均": 37.01,
      "PCI平均": 52.02,
      "-3F差平均": 0.89,
      "想定脚質": "中団",
      "track_bias_aptitude_score": 32.7,
      "investment_value_score": 13.5,
      "total_investment_index": 22.0,
      "investment_rating": -0.001466020941734314,
      "stability_score": 75,
      "investment_mark": "××"
    },
    {
      "horse_number": 9,
      "name": "マイネルフォルツァ",
      "popularity": 7,
      "odds": 13.7,
      "mark": "⭐︎",
      "score": 108.93,
      "track_aptitude": 1,
      "total_points": 70.72608159537221,