{
  "horses": [
    {
      "horse_number": 4,
      "name": "ハッピーウィズユー",
      "popularity": 3,
      "odds": 4.8,
      "mark": "◎",
      "score": 131.76,
      "track_aptitude": 2,
      "total_points": 92.21000000000001,
      "detail_points": {
        "score": 50.0,
        "bias": 15.0,
        "pace": 10.2,
        "3f": 9.0,
        "margin": 6.0,
        "track": 2.0100000000000002
      },
      "avg_margin": 0.75,
      "race_name": "函館2R",
      "pred_prob_won": 0.22708424627780915,
      "pred_prob_in_top2": 0.17477522194385528,
      "pred_prob_in_top3": 0.5406185030937195,
      "score_z": 1.3456103874553238,
      "上り3F平均": 36.3,
      "Ave-3F平均": 36.87,
      "PCI平均": 51.62,
      "-3F差平均": 0.6,
      "想定脚質": "先行",
      "track_bias_aptitude_score": 94.3,
      "investment_value_score": 86.0,
      "total_investment_index": 87.1,
      "investment_rating": 1.4151338356733325,
      "stability_score": 75,
      "investment_mark": "◎"
    },
    {
      "horse_number": 10,
      "name": "バッドガール",
      "popularity": 4,
      "odds": 4.8,
      "mark": "△",
      "score": 130.33,
      "track_aptitude": 0,
      "total_points": 73.73734669095326,
      "detail_points": {
        "score": 49.45734669095326,
        "bias": 3.0,
        "pace": 8.28,
        "3f": 7.0,
        "margin": 6.0,
        "track": 0.0
      },
      "avg_margin": 0.925,
      "race_name": "函館2R",
      "pred_prob_won": 0.18993759155273438,
      "pred_prob_in_top2": 0.15783753395080566,
      "pred_prob_in_top3": 0.4644858598709106,
      "score_z": 1.2441141929076063,
      "上り3F平均": 38.05,
      "Ave-3F平均": 38.47,
      "PCI平均": 51.33,
      "-3F差平均": 0.93,
      "想定脚質": "後方",
      "track_bias_aptitude_score": 1,
      "investment_value_score": 75.8,
      "total_investment_index": 52.9,
      "investment_rating": 1.3579434394836425,
      "stability_score": 75,
      "investment_mark": "○"
    },
    {
      "horse_number": 14,
      "name": "ナリタヒカリ",
      "popularity": 6,
      "odds": 9.1,
      "mark": "△",
      "score": 125.86,
      "track_aptitude": 0,
      "total_points": 75.91108075288403,
      "detail_points": {
        "score": 47.761080752884034,
        "bias": 4.95,
        "pace": 10.2,
        "3f": 9.0,
        "margin": 4.0,
        "track": 0.0
      },
      "avg_margin": 1.0944444444444443,
      "race_name": "函館2R",
      "pred_prob_won": 0.13509656190872193,
      "pred_prob_in_top2": 0.1321194976568222,
      "pred_prob_in_top3": 0.3805342078208923,
      "score_z": 0.9268498644962041,
      "上り3F平均": 38.37,
      "Ave-3F平均": 36.45,
      "PCI平均": 45.08,
      "-3F差平均": 0.71,
      "想定脚質": "中団",
      "track_bias_aptitude_score": 26.0,
      "investment_value_score": 61.1,
      "total_investment_index": 51.0,
      "investment_rating": 1.3407244598865509,
      "stability_score": 60,
      "investment_mark": "▲"
    },
    {
      "horse_number": 2,
      "name": "ルージュラティーナ",
      "popularity": 5,
      "odds": 8.9,
      "mark": "○",
      "score": 123.58,
      "track_aptitude": 2,
      "total_points": 85.10587128111719,
      "detail_points": {
        "score": 46.89587128111719,
        "bias": 15.0,
        "pace": 10.2,
        "3f": 7.0,
        "margin": 4.0,
        "track": 2.0100000000000002
      },
      "avg_margin": 1.0875,
      "race_name": "函館2R",
      "pred_prob_won": 0.1262543261051178,
      "pred_prob_in_top2": 0.1306410551071167,
      "pred_prob_in_top3": 0.3865362286567688,
      "score_z": 0.7650237640984422,
      "上り3F平均": 38.97,
      "Ave-3F平均": 37.62,
      "PCI平均": 46.6,
      "-3F差平均": 0.25,
      "想定脚質": "先行",
      "track_bias_aptitude_score": 94.3,
      "investment_value_score": 64.6,
      "total_investment_index": 73.3,
      "investment_rating": 1.208739840388298,
      "stability_score": 60,
      "investment_mark": "▲"
    },
    {
      "horse_number": 12,
      "name": "チュラット",
      "popularity": 7,
      "odds": 27.1,
      "mark": "▲",
      "score": 118.06,
      "track_aptitude": 0,
      "total_points": 83.00115361262903,
      "detail_points": {
        "score": 44.80115361262902,
        "bias": 15.0,
        "pace": 10.2,
        "3f": 9.0,
        "margin": 4.0,
        "track": 0.0
      },
      "avg_margin": 1.5850000000000002,
      "race_name": "函館2R",
      "pred_prob_won": 0.08070342838764191,
      "pred_prob_in_top2": 0.08716442883014679,
      "pred_prob_in_top3": 0.27311511635780333,
      "score_z": 0.3732342578722824,
      "上り3F平均": 39.11,
      "Ave-3F平均": 35.06,
      "PCI平均": 39.67,
      "-3F差平均": 0.54,
      "想定脚質": "先行",
      "track_bias_aptitude_score": 83.0,
      "investment_value_score": 48.4,
      "total_investment_index": 59.6,
      "investment_rating": 0.8931004074215889,
      "stability_score": 60,
      "investment_mark": "△"
    },
    {
      "horse_number": 1,
      "name": "ハイゼンスレイ",
      "popularity": 2,
      "odds": 4.5,
      "mark": "▲",
      "score": 125.93,
      "track_aptitude": 0,
      "total_points": 83.98764420157863,
      "detail_points": {
        "score": 47.78764420157863,
        "bias": 15.0,
        "pace": 10.2,
        "3f": 7.0,
        "margin": 4.0,
        "track": 0.0
      },
      "avg_margin": 1.3833333333333335,
      "race_name": "函館2R",
      "pred_prob_won": 0.14097003638744354,
      "pred_prob_in_top2": 0.13548029959201813,
      "pred_prob_in_top3": 0.4036691725254059,
      "score_z": 0.9318182096838552,
      "上り3F平均": 37.8,
      "Ave-3F平均": 36.23,
      "PCI平均": 45.87,
      "-3F差平均": 1.07,
      "想定脚質": "先行",
      "track_bias_aptitude_score": 83.0,
      "investment_value_score": 86.1,
      "total_investment_index": 83.1,
      "investment_rating": 0.7706406003236771,
      "stability_score": 60,
      "investment_mark": "△"
    },
    {
      "horse_number": 3,
      "name": "シェリルファミーユ",
      "popularity": 1,
      "odds": 4.1,
      "mark": "△",
      "score": 125.59,
      "track_aptitude": 2,
      "total_points": 79.8186217364906,
      "detail_points": {
        "score": 47.658621736490595,
        "bias": 4.95,
        "pace": 10.2,
        "3f": 9.0,
        "margin": 6.0,
        "track": 2.0100000000000002
      },
      "avg_margin": 0.675,
      "race_name": "函館2R",
      "pred_prob_won": 0.1407351315021515,
      "pred_prob_in_top2": 0.130661216378212,
      "pred_prob_in_top3": 0.3859906017780304,
      "score_z": 0.9076862473438378,
      "上り3F平均": 37.1,
      "Ave-3F平均": 37.43,
      "PCI平均": 50.95,
      "-3F差平均": 1.0,
      "想定脚質": "中団",
      "track_bias_aptitude_score": 37.3,
      "investment_value_score": 100,
      "total_investment_index": 77.7,
      "investment_rating": 0.5570779141783715,
      "stability_score": 75,
      "investment_mark": "☆"
    },
    {
      "horse_number": 7,
      "name": "アメリータ",
      "popularity": 9,
      "odds": 38.1,
      "mark": "⭐︎",
      "score": 106.46,
      "track_aptitude": 1,
      "total_points": 69.53921068609593,
      "detail_points": {
        "score": 40.399210686095934,
        "bias": 4.95,
        "pace": 10.2,
        "3f": 9.0,
        "margin": 4.0,
        "track": 0.99
      },
      "avg_margin": 1.10625,
      "race_name": "函館2R",
      "pred_prob_won": 0.018440428376197814,
      "pred_prob_in_top2": 0.03115985877811909,
      "pred_prob_in_top3": 0.08492154031991958,
      "score_z": -0.450091516081243,
      "上り3F平均": 35.64,
      "Ave-3F平均": 35.79,
      "PCI平均": 50.5,
      "-3F差平均": 0.53,
      "想定脚質": "中団",
      "track_bias_aptitude_score": 31.7,
      "investment_value_score": 17.4,
      "total_investment_index": 24.2,
      "investment_rating": -0.17677960284054284,
      "stability_score": 60,
      "investment_mark": "××"
    },
    {
      "horse_number": 5,
      "name": "レディゴディヴァ",
      "popularity": 8,
      "odds": 29.3,
      "mark": "△",
      "score": 97.78,
      "track_aptitude": 1,
      "total_points": 76.295343047966,
      "detail_points": {
        "score": 37.105343047966,