{
  "horses": [
    {
      "horse_number": 2,
      "name": "ウインベラーノ",
      "popularity": 3,
      "odds": 3.9,
      "mark": "○",
      "score": 129.28,
      "track_aptitude": 2,
      "total_points": 92.01,
      "detail_points": {
        "score": 50.0,
        "bias": 15.0,
        "pace": 12.0,
        "3f": 7.0,
        "margin": 6.0,
        "track": 2.0100000000000002
      },
      "avg_margin": 0.7111111111111111,
      "race_name": "函館9R",
      "pred_prob_won": 0.16813333034515382,
      "pred_prob_in_top2": 0.15397245585918426,
      "pred_prob_in_top3": 0.46559798121452334,
      "score_z": 1.0470740607424018,
      "上り3F平均": 36.18,
      "Ave-3F平均": 36.68,
      "PCI平均": 51.52,
      "-3F差平均": 0.22,
      "想定脚質": "先行",
      "track_bias_aptitude_score": 94.2,
      "investment_value_score": 76.7,
      "total_investment_index": 81.0,
      "investment_rating": 0.9959924295544627,
      "stability_score": 75,
      "investment_mark": "◎"
    },
    {
      "horse_number": 7,
      "name": "ブラックジェダイト",
      "popularity": 4,
      "odds": 4.9,
      "mark": "◎",
      "score": 125.93,
      "track_aptitude": 2,
      "total_points": 92.71436262376238,
      "detail_points": {
        "score": 48.70436262376238,
        "bias": 15.0,
        "pace": 12.0,
        "3f": 9.0,
        "margin": 6.0,
        "track": 2.0100000000000002
      },
      "avg_margin": 0.6666666666666666,
      "race_name": "函館9R",
      "pred_prob_won": 0.13634671717882157,
      "pred_prob_in_top2": 0.1347127303481102,
      "pred_prob_in_top3": 0.4111685216426849,
      "score_z": 0.7823171513368322,
      "上り3F平均": 36.53,
      "Ave-3F平均": 36.78,
      "PCI平均": 50.87,
      "-3F差平均": 0.5,
      "想定脚質": "先行",
      "track_bias_aptitude_score": 94.2,
      "investment_value_score": 65.5,
      "total_investment_index": 73.9,
      "investment_rating": 0.9680246430635451,
      "stability_score": 75,
      "investment_mark": "○"
    },
    {
      "horse_number": 3,
      "name": "ウォータークラーク",
      "popularity": 1,
      "odds": 3.2,
      "mark": "▲",
      "score": 128.18,
      "track_aptitude": 1,
      "total_points": 90.56456683168317,
      "detail_points": {
        "score": 49.57456683168317,
        "bias": 15.0,
        "pace": 12.0,
        "3f": 7.0,
        "margin": 6.0,
        "track": 0.99
      },
      "avg_margin": 0.5166666666666666,
      "race_name": "函館9R",
      "pred_prob_won": 0.14923964142799379,
      "pred_prob_in_top2": 0.14272284209728242,
      "pred_prob_in_top3": 0.416848886013031,
      "score_z": 0.9601389561614688,
      "上り3F平均": 34.95,
      "Ave-3F平均": 36.43,
      "PCI平均": 54.33,
      "-3F差平均": 0.25,
      "想定脚質": "先行",
      "track_bias_aptitude_score": 88.3,
      "investment_value_score": 100,
      "total_investment_index": 93.1,
      "investment_rating": 0.4546495479345322,
      "stability_score": 75,
      "investment_mark": "△"
    },
    {
      "horse_number": 6,
      "name": "シホリーン",
      "popularity": 2,
      "odds": 3.7,
      "mark": "▲",
      "score": 123.27,
      "track_aptitude": 0,
      "total_points": 91.67558787128712,
      "detail_points": {
        "score": 47.67558787128713,
        "bias": 15.0,
        "pace": 12.0,
        "3f": 9.0,
        "margin": 8.0,
        "track": 0.0
      },
      "avg_margin": 0.33999999999999997,
      "race_name": "函館9R",
      "pred_prob_won": 0.09413390010595321,
      "pred_prob_in_top2": 0.10882854014635086,
      "pred_prob_in_top3": 0.32442945837974546,
      "score_z": 0.5720922620774832,
      "上り3F平均": 34.56,
      "Ave-3F平均": 35.86,
      "PCI平均": 53.92,
      "-3F差平均": 0.48,
      "想定脚質": "先行",
      "track_bias_aptitude_score": 82.5,
      "investment_value_score": 75.1,
      "total_investment_index": 75.8,
      "investment_rating": 0.3381742668151856,
      "stability_score": 90,
      "investment_mark": "△"
    },
    {
      "horse_number": 8,
      "name": "トレミニョン",
      "popularity": 5,
      "odds": 8.0,
      "mark": "△",
      "score": 116.21,
      "track_aptitude": 2,
      "total_points": 88.95508044554455,
      "detail_points": {
        "score": 44.94508044554455,
        "bias": 15.0,
        "pace": 12.0,
        "3f": 9.0,
        "margin": 6.0,
        "track": 2.0100000000000002
      },
      "avg_margin": 0.6849999999999999,
      "race_name": "函館9R",
      "pred_prob_won": 0.041081004589796064,
      "pred_prob_in_top2": 0.06138418689370155,
      "pred_prob_in_top3": 0.17306657433509826,
      "score_z": 0.014126954494401189,
      "上り3F平均": 36.15,
      "Ave-3F平均": 36.72,
      "PCI平均": 51.67,
      "-3F差平均": 0.52,
      "想定脚質": "先行",
      "track_bias_aptitude_score": 94.2,
      "investment_value_score": 37.0,
      "total_investment_index": 55.5,
      "investment_rating": -0.01062711447477338,
      "stability_score": 75,
      "investment_mark": "××"
    },
    {
      "horse_number": 1,
      "name": "ゼットエイト",
      "popularity": 6,
      "odds": 23.2,
      "mark": "△",
      "score": 105.46,
      "track_aptitude": 0,
      "total_points": 72.83743811881187,
      "detail_points": {
        "score": 40.78743811881188,
        "bias": 7.05,
        "pace": 12.0,
        "3f": 9.0,
        "margin": 4.0,
        "track": 0.0
      },
      "avg_margin": 1.3199999999999998,
      "race_name": "函館9R",
      "pred_prob_won": 0.020816941931843757,
      "pred_prob_in_top2": 0.03296052850782871,
      "pred_prob_in_top3": 0.09184448271989823,
      "score_z": -0.8354661130010846,
      "上り3F平均": 37.22,
      "Ave-3F平均": 36.12,
      "PCI平均": 47.16,
      "-3F差平均": 0.9,
      "想定脚質": "中団",
      "track_bias_aptitude_score": 32.5,
      "investment_value_score": 16.7,
      "total_investment_index": 23.4,
      "investment_rating": -0.40403979331254963,
      "stability_score": 60,
      "investment_mark": "××"
    },
    {
      "horse_number": 5,
      "name": "シンゼンカガ",
      "popularity": 7,
      "odds": 25.8,
      "mark": "△",
      "score": 103.03,
      "track_aptitude": 0,
      "total_points": 81.84761757425743,
      "detail_points": {
        "score": 39.84761757425743,
        "bias": 15.0,
        "pace": 12.0,
        "3f": 9.0,
        "margin": 6.0,
        "track": 0.0
      },
      "avg_margin": 0.8285714285714286,
      "race_name": "函館9R",
      "pred_prob_won": 0.016961919516324996,
      "pred_prob_in_top2": 0.027070317417383194,
      "pred_prob_in_top3": 0.07840280085802079,
      "score_z": -1.0275136622116916,
      "上り3F平均": 35.9,
      "Ave-3F平均": 35.9,
      "PCI平均": 50.04,
      "-3F差平均": 0.8,
      "想定脚質": "先行",
      "track_bias_aptitude_score": 82.5,
      "investment_value_score": 9.9,
      "total_investment_index": 34.0,
      "investment_rating": -0.48350333489477637,
      "stability_score": 75,
      "investment_mark": "××"
    },
    {
      "horse_number": 4,
      "name": "ネイサン",
      "popularity": 8,
      "odds": 58.9,
      "mark": "△",
      "score": 96.89,
      "track_aptitude": 2,
      "total_points": 71.53292698019801,
      "detail_points": {
        "score": 37.47292698019802,
        "bias": 7.05,
        "pace": 12.0,
        "3f": 9.0,
        "margin": 4.0,
        "track": 2.0100000000000002
      },
      "avg_margin": 1.11,
      "race_name": "函館9R",
      "pred_prob_won": 0.01204274334013462,
      "pred_prob_in_top2": 0.021153031289577483,
      "pred_prob_in_top3": 0.05983449295163155,
      "score_z": -1.512769609599811,
      "上り3F平均": 35.4,
      "Ave-3F平均": 36.93,
      "PCI平均": 54.36,
      "-3F差平均": 0.89,
      "想定脚質": "中団",
      "track_bias_aptitude_score": 44.2,
      "investment_value_score": 1,
      "total_investment_index": 16.3,
      "investment_rating": -0.6110757958143949,
      "stability_score": 60,
      "investment_mark": "××"
    }
  ]
}