{
  "horses": [
    {
      "horse_number": 2,
      "name": "メイショウソムリエ",
      "popularity": 5,
      "odds": 10.9,
      "mark": "◎",
      "score": 123.52,
      "track_aptitude": 2,
      "total_points": 90.07112833230006,
      "detail_points": {
        "score": 47.86112833230006,
        "bias": 15.0,
        "pace": 10.2,
        "3f": 9.0,
        "margin": 6.0,
        "track": 2.0100000000000002
      },
      "avg_margin": 0.5399999999999999,
      "race_name": "函館8R",
      "pred_prob_won": 0.1157667577266693,
      "pred_prob_in_top2": 0.12385565489530563,
      "pred_prob_in_top3": 0.3709994673728943,
      "score_z": 0.7213123068776304,
      "上り3F平均": 37.41,
      "Ave-3F平均": 37.53,
      "PCI平均": 50.48,
      "-3F差平均": 0.51,
      "想定脚質": "先行",
      "track_bias_aptitude_score": 94.3,
      "investment_value_score": 58.6,
      "total_investment_index": 69.7,
      "investment_rating": 1.0122474700212478,
      "stability_score": 75,
      "investment_mark": "◎"
    },
    {
      "horse_number": 7,
      "name": "ランスノーブル",
      "popularity": 7,
      "odds": 19.3,
      "mark": "▲",
      "score": 119.35,
      "track_aptitude": 3,
      "total_points": 79.39535027898326,
      "detail_points": {
        "score": 46.24535027898326,
        "bias": 4.95,
        "pace": 10.2,
        "3f": 9.0,
        "margin": 6.0,
        "track": 3.0
      },
      "avg_margin": 0.6050000000000002,
      "race_name": "函館8R",
      "pred_prob_won": 0.07753520607948303,
      "pred_prob_in_top2": 0.09404290318489075,
      "pred_prob_in_top3": 0.2727794528007507,
      "score_z": 0.3579110359244209,
      "上り3F平均": 38.23,
      "Ave-3F平均": 37.55,
      "PCI平均": 48.28,
      "-3F差平均": 0.9,
      "想定脚質": "中団",
      "track_bias_aptitude_score": 41.4,
      "investment_value_score": 43.9,
      "total_investment_index": 44.4,
      "investment_rating": 0.7457597988843918,
      "stability_score": 75,
      "investment_mark": "○"
    },
    {
      "horse_number": 1,
      "name": "ハミルトン",
      "popularity": 4,
      "odds": 10.6,
      "mark": "○",
      "score": 122.36,
      "track_aptitude": 0,
      "total_points": 87.61165530068196,
      "detail_points": {
        "score": 47.41165530068196,
        "bias": 15.0,
        "pace": 10.2,
        "3f": 9.0,
        "margin": 6.0,
        "track": 0.0
      },
      "avg_margin": 0.59375,
      "race_name": "函館8R",
      "pred_prob_won": 0.10502096712589264,
      "pred_prob_in_top2": 0.11213594228029251,
      "pred_prob_in_top3": 0.3349357843399048,
      "score_z": 0.6202222650776971,
      "上り3F平均": 37.36,
      "Ave-3F平均": 37.97,
      "PCI平均": 51.74,
      "-3F差平均": 0.53,
      "想定脚質": "先行",
      "track_bias_aptitude_score": 82.8,
      "investment_value_score": 60.7,
      "total_investment_index": 67.3,
      "investment_rating": 0.7067302942276001,
      "stability_score": 75,
      "investment_mark": "△"
    },
    {
      "horse_number": 8,
      "name": "ライフゲート",
      "popularity": 1,
      "odds": 1.9,
      "mark": "△",
      "score": 129.04,
      "track_aptitude": 2,
      "total_points": 78.26,
      "detail_points": {
        "score": 50.0,
        "bias": 7.05,
        "pace": 10.2,
        "3f": 5.0,
        "margin": 4.0,
        "track": 2.0100000000000002
      },
      "avg_margin": 1.1222222222222222,
      "race_name": "函館8R",
      "pred_prob_won": 0.16976950764656068,
      "pred_prob_in_top2": 0.15569472014904023,
      "pred_prob_in_top3": 0.46274144649505616,
      "score_z": 1.2023614713048998,
      "上り3F平均": 39.67,
      "Ave-3F平均": 37.41,
      "PCI平均": 44.47,
      "-3F差平均": 0.6,
      "想定脚質": "逃げ",
      "track_bias_aptitude_score": 39.8,
      "investment_value_score": 100,
      "total_investment_index": 78.9,
      "investment_rating": 0.6299906885623932,
      "stability_score": 60,
      "investment_mark": "△"
    },
    {
      "horse_number": 4,
      "name": "メイショウタイピン",
      "popularity": 3,
      "odds": 5.6,
      "mark": "△",
      "score": 122.38,
      "track_aptitude": 2,
      "total_points": 77.57940483570987,
      "detail_points": {
        "score": 47.41940483570986,
        "bias": 4.95,
        "pace": 10.2,
        "3f": 9.0,
        "margin": 4.0,
        "track": 2.0100000000000002
      },
      "avg_margin": 1.01,
      "race_name": "函館8R",
      "pred_prob_won": 0.09187867492437363,
      "pred_prob_in_top2": 0.08681138604879379,
      "pred_prob_in_top3": 0.3007025420665741,
      "score_z": 0.621965196832868,
      "上り3F平均": 38.45,
      "Ave-3F平均": 37.89,
      "PCI平均": 48.57,
      "-3F差平均": 0.74,
      "想定脚質": "中団",
      "track_bias_aptitude_score": 35.7,
      "investment_value_score": 64.4,
      "total_investment_index": 55.4,
      "investment_rating": 0.4475642785429955,
      "stability_score": 60,
      "investment_mark": "☆"
    },
    {
      "horse_number": 6,
      "name": "アスゴッド",
      "popularity": 8,
      "odds": 24.0,
      "mark": "▲",
      "score": 112.5,
      "track_aptitude": 0,
      "total_points": 83.7911345319281,
      "detail_points": {
        "score": 43.59113453192809,
        "bias": 15.0,
        "pace": 10.2,
        "3f": 9.0,
        "margin": 6.0,
        "track": 0.0
      },
      "avg_margin": 0.64,
      "race_name": "函館8R",
      "pred_prob_won": 0.03797159045934677,
      "pred_prob_in_top2": 0.05544435605406761,
      "pred_prob_in_top3": 0.1674770176410675,
      "score_z": -0.23904309022173764,
      "上り3F平均": 37.01,
      "Ave-3F平均": 35.63,
      "PCI平均": 46.41,
      "-3F差平均": 0.56,
      "想定脚質": "先行",
      "track_bias_aptitude_score": 82.8,
      "investment_value_score": 29.6,
      "total_investment_index": 47.2,
      "investment_rating": 0.171852912902832,
      "stability_score": 75,
      "investment_mark": "☆"
    },
    {
      "horse_number": 10,
      "name": "ルルシュシュ",
      "popularity": 6,
      "odds": 12.5,
      "mark": "△",
      "score": 115.88,
      "track_aptitude": 2,
      "total_points": 77.0608059516429,
      "detail_points": {
        "score": 44.9008059516429,
        "bias": 4.95,
        "pace": 10.2,
        "3f": 9.0,
        "margin": 6.0,
        "track": 2.0100000000000002
      },
      "avg_margin": 0.8950000000000001,
      "race_name": "函館8R",
      "pred_prob_won": 0.041986942291259766,
      "pred_prob_in_top2": 0.05674399510025978,
      "pred_prob_in_top3": 0.17574021518230437,
      "score_z": 0.055512376402206146,
      "上り3F平均": 38.46,
      "Ave-3F平均": 37.09,
      "PCI平均": 46.52,
      "-3F差平均": 0.92,
      "想定脚質": "中団",
      "track_bias_aptitude_score": 35.7,
      "investment_value_score": 37.1,
      "total_investment_index": 38.1,
      "investment_rating": 0.13142314046621317,
      "stability_score": 75,
      "investment_mark": "×"
    },
    {
      "horse_number": 9,
      "name": "カペルブリュッケ",
      "popularity": 2,
      "odds": 5.1,
      "mark": "△",
      "score": 113.67,
      "track_aptitude": 2,
      "total_points": 74.20448233106015,
      "detail_points": {
        "score": 44.044482331060145,
        "bias": 4.95,
        "pace": 10.2,
        "3f": 9.0,
        "margin": 4.0,
        "track": 2.0100000000000002
      },
      "avg_margin": 1.2,
      "race_name": "函館8R",
      "pred_prob_won": 0.03150918632745743,
      "pred_prob_in_top2": 0.05616377964615822,
      "pred_prob_in_top3": 0.14494117200374604,
      "score_z": -0.13708158254421834,
      "上り3F平均": 37.53,
      "Ave-3F平均": 36.79,
      "PCI平均": 48.06,
      "-3F差平均": 0.99,
      "想定脚質": "中団",
      "track_bias_aptitude_score": 35.7,
      "investment_value_score": 54.4,
      "total_investment_index": 48.1,
      "investment_rating": -0.1506823667883873,
      "stability_score": 60,
      "investment_mark": "××"
    },
    {
      "horse_number": 3,
      "name": "スノーホルンロード",
      "popularity": 9,
      "odds": 110.1,
      "mark": "⭐︎",
      "score": 104.67,
      "track_aptitude": 2,
      "total_points": 72.7171915685059,