{
  "horses": [
    {
      "horse_number": 10,
      "name": "シックスパック",
      "popularity": 4,
      "odds": 11.2,
      "mark": "○",
      "score": 132.84,
      "track_aptitude": 1,
      "total_points": 87.95476800675914,
      "detail_points": {
        "score": 46.76476800675914,
        "bias": 15.0,
        "pace": 10.2,
        "3f": 9.0,
        "margin": 6.0,
        "track": 0.99
      },
      "avg_margin": 0.95,
      "race_name": "函館6R",
      "pred_prob_won": 0.16998481154441833,
      "pred_prob_in_top2": 0.16339563727378845,
      "pred_prob_in_top3": 0.4545994460582733,
      "score_z": 1.0056972390573091,
      "上り3F平均": 35.5,
      "Ave-3F平均": 36.66,
      "PCI平均": 53.3,
      "-3F差平均": 0.65,
      "想定脚質": "先行",
      "track_bias_aptitude_score": 87.9,
      "investment_value_score": 63.8,
      "total_investment_index": 71.3,
      "investment_rating": 1.2638577288389206,
      "stability_score": 75,
      "investment_mark": "◎"
    },
    {
      "horse_number": 12,
      "name": "ウインヘリオドール",
      "popularity": 6,
      "odds": 12.2,
      "mark": "▲",
      "score": 129.07,
      "track_aptitude": 2,
      "total_points": 85.64758360909667,
      "detail_points": {
        "score": 45.43758360909666,
        "bias": 15.0,
        "pace": 10.2,
        "3f": 9.0,
        "margin": 4.0,
        "track": 2.0100000000000002
      },
      "avg_margin": 1.3666666666666665,
      "race_name": "函館6R",
      "pred_prob_won": 0.11221398264169694,
      "pred_prob_in_top2": 0.12317479848861694,
      "pred_prob_in_top3": 0.356153792142868,
      "score_z": 0.7049851234264256,
      "上り3F平均": 36.78,
      "Ave-3F平均": 37.59,
      "PCI平均": 52.32,
      "-3F差平均": 0.83,
      "想定脚質": "先行",
      "track_bias_aptitude_score": 94.0,
      "investment_value_score": 50.2,
      "total_investment_index": 64.5,
      "investment_rating": 1.1519997191429137,
      "stability_score": 60,
      "investment_mark": "○"
    },
    {
      "horse_number": 4,
      "name": "ミクニインスパイア",
      "popularity": 1,
      "odds": 1.7,
      "mark": "◎",
      "score": 142.03,
      "track_aptitude": 2,
      "total_points": 88.21000000000001,
      "detail_points": {
        "score": 50.0,
        "bias": 9.0,
        "pace": 10.2,
        "3f": 9.0,
        "margin": 8.0,
        "track": 2.0100000000000002
      },
      "avg_margin": 0.3833333333333333,
      "race_name": "函館6R",
      "pred_prob_won": 0.2947761297225952,
      "pred_prob_in_top2": 0.195223867893219,
      "pred_prob_in_top3": 0.5934778213500976,
      "score_z": 1.7387328737119012,
      "上り3F平均": 35.3,
      "Ave-3F平均": 37.13,
      "PCI平均": 55.2,
      "-3F差平均": 0.8,
      "想定脚質": "中団",
      "track_bias_aptitude_score": 57.4,
      "investment_value_score": 100,
      "total_investment_index": 85.1,
      "investment_rating": 1.0040206623077392,
      "stability_score": 90,
      "investment_mark": "▲"
    },
    {
      "horse_number": 2,
      "name": "ラマヌジャン",
      "popularity": 2,
      "odds": 8.1,
      "mark": "△",
      "score": 131.02,
      "track_aptitude": 2,
      "total_points": 82.33405829754278,
      "detail_points": {
        "score": 46.124058297542774,
        "bias": 9.0,
        "pace": 10.2,
        "3f": 9.0,
        "margin": 6.0,
        "track": 2.0100000000000002
      },
      "avg_margin": 0.8400000000000001,
      "race_name": "函館6R",
      "pred_prob_won": 0.12962019741535186,
      "pred_prob_in_top2": 0.13187696486711503,
      "pred_prob_in_top3": 0.38277764320373536,
      "score_z": 0.8605258728906766,
      "上り3F平均": 36.12,
      "Ave-3F平均": 36.91,
      "PCI平均": 52.34,
      "-3F差平均": 0.54,
      "想定脚質": "中団",
      "track_bias_aptitude_score": 57.4,
      "investment_value_score": 73.1,
      "total_investment_index": 67.5,
      "investment_rating": 0.648332929611206,
      "stability_score": 75,
      "investment_mark": "△"
    },
    {
      "horse_number": 8,
      "name": "ターミネーター",
      "popularity": 8,
      "odds": 22.7,
      "mark": "△",
      "score": 124.47,
      "track_aptitude": 0,
      "total_points": 67.2982074209674,
      "detail_points": {
        "score": 43.8182074209674,
        "bias": 9.0,
        "pace": 6.48,
        "3f": 4.0,
        "margin": 4.0,
        "track": 0.0
      },
      "avg_margin": 1.5999999999999999,
      "race_name": "函館6R",
      "pred_prob_won": 0.06388237923383713,
      "pred_prob_in_top2": 0.0833592727780342,
      "pred_prob_in_top3": 0.22176966965198516,
      "score_z": 0.33806848366460623,
      "上り3F平均": 38.37,
      "Ave-3F平均": 37.98,
      "PCI平均": 49.33,
      "-3F差平均": 0.83,
      "想定脚質": "マクリ",
      "track_bias_aptitude_score": 38.6,
      "investment_value_score": 34.9,
      "total_investment_index": 38.1,
      "investment_rating": 0.5971489188075065,
      "stability_score": 60,
      "investment_mark": "△"
    },
    {
      "horse_number": 5,
      "name": "アスクデッドヒート",
      "popularity": 3,
      "odds": 8.1,
      "mark": "▲",
      "score": 124.74,
      "track_aptitude": 0,
      "total_points": 84.11325776244455,
      "detail_points": {
        "score": 43.91325776244455,
        "bias": 15.0,
        "pace": 10.2,
        "3f": 9.0,
        "margin": 6.0,
        "track": 0.0
      },
      "avg_margin": 0.78125,
      "race_name": "函館6R",
      "pred_prob_won": 0.08643807172775268,
      "pred_prob_in_top2": 0.09858976304531097,
      "pred_prob_in_top3": 0.2810374736785889,
      "score_z": 0.35960489512888666,
      "上り3F平均": 37.0,
      "Ave-3F平均": 38.1,
      "PCI平均": 53.29,
      "-3F差平均": 0.44,
      "想定脚質": "先行",
      "track_bias_aptitude_score": 81.9,
      "investment_value_score": 57.3,
      "total_investment_index": 64.6,
      "investment_rating": 0.44768303155899053,
      "stability_score": 75,
      "investment_mark": "☆"
    },
    {
      "horse_number": 1,
      "name": "シカレ",
      "popularity": 7,
      "odds": 16.8,
      "mark": "△",
      "score": 120.69,
      "track_aptitude": 2,
      "total_points": 74.69750264028727,
      "detail_points": {
        "score": 42.48750264028726,
        "bias": 9.0,
        "pace": 10.2,
        "3f": 7.0,
        "margin": 4.0,
        "track": 2.0100000000000002
      },
      "avg_margin": 1.72,
      "race_name": "函館6R",
      "pred_prob_won": 0.04250373244285584,
      "pred_prob_in_top2": 0.06694494262337684,
      "pred_prob_in_top3": 0.18108248710632324,
      "score_z": 0.03655872316467596,
      "上り3F平均": 36.89,
      "Ave-3F平均": 36.94,
      "PCI平均": 50.33,
      "-3F差平均": 1.03,
      "想定脚質": "中団",
      "track_bias_aptitude_score": 57.4,
      "investment_value_score": 32.7,
      "total_investment_index": 41.9,
      "investment_rating": 0.29122430086135864,
      "stability_score": 60,
      "investment_mark": "☆"
    },
    {
      "horse_number": 11,
      "name": "ディアイライザ",
      "popularity": 10,
      "odds": 53.3,
      "mark": "△",
      "score": 110.82,
      "track_aptitude": 2,
      "total_points": 65.30288460184468,
      "detail_points": {
        "score": 39.012884601844675,
        "bias": 3.0,
        "pace": 8.28,
        "3f": 9.0,
        "margin": 4.0,
        "track": 2.0100000000000002
      },
      "avg_margin": 1.6375000000000002,
      "race_name": "函館6R",
      "pred_prob_won": 0.02405281811952591,
      "pred_prob_in_top2": 0.03069729097187519,
      "pred_prob_in_top3": 0.11028669476509094,
      "score_z": -0.7507167625851421,
      "上り3F平均": 36.12,
      "Ave-3F平均": 37.17,
      "PCI平均": 53.06,
      "-3F差平均": 1.5,
      "想定脚質": "後方",
      "track_bias_aptitude_score": 13.1,
      "investment_value_score": 15.8,
      "total_investment_index": 17.2,
      "investment_rating": -0.08387845873832711,
      "stability_score": 60,
      "investment_mark": "××"
    },
    {
      "horse_number": 6,
      "name": "ハクサンミラクル",
      "popularity": 5,
      "odds": 11.7,
      "mark": "消",
      "score": 111.08,
      "track_aptitude": 0,