{
  "horses": [
    {
      "horse_number": 7,
      "name": "ヒサエノオモカゲ",
      "popularity": 3,
      "odds": 6.4,
      "mark": "◎",
      "score": 134.38,
      "track_aptitude": 2,
      "total_points": 92.21000000000001,
      "detail_points": {
        "score": 50.0,
        "bias": 15.0,
        "pace": 10.2,
        "3f": 9.0,
        "margin": 6.0,
        "track": 2.0100000000000002
      },
      "avg_margin": 0.79,
      "race_name": "函館4R",
      "pred_prob_won": 0.2763079106807709,
      "pred_prob_in_top2": 0.19392536878585814,
      "pred_prob_in_top3": 0.5980125904083252,
      "score_z": 1.7515460133816259,
      "上り3F平均": 39.67,
      "Ave-3F平均": 37.86,
      "PCI平均": 45.49,
      "-3F差平均": 0.42,
      "想定脚質": "先行",
      "track_bias_aptitude_score": 94.3,
      "investment_value_score": 86.8,
      "total_investment_index": 88.3,
      "investment_rating": 1.613143436908722,
      "stability_score": 75,
      "investment_mark": "◎"
    },
    {
      "horse_number": 1,
      "name": "ララエキリーブル",
      "popularity": 4,
      "odds": 6.8,
      "mark": "○",
      "score": 126.98,
      "track_aptitude": 2,
      "total_points": 87.45661407947613,
      "detail_points": {
        "score": 47.24661407947612,
        "bias": 15.0,
        "pace": 10.2,
        "3f": 9.0,
        "margin": 4.0,
        "track": 2.0100000000000002
      },
      "avg_margin": 1.025,
      "race_name": "函館4R",
      "pred_prob_won": 0.17195640206336976,
      "pred_prob_in_top2": 0.1654007375240326,
      "pred_prob_in_top3": 0.4869460642337799,
      "score_z": 1.1403014720459024,
      "上り3F平均": 38.52,
      "Ave-3F平均": 37.65,
      "PCI平均": 47.88,
      "-3F差平均": 0.45,
      "想定脚質": "先行",
      "track_bias_aptitude_score": 94.3,
      "investment_value_score": 72.7,
      "total_investment_index": 78.8,
      "investment_rating": 1.4477842569351198,
      "stability_score": 60,
      "investment_mark": "○"
    },
    {
      "horse_number": 6,
      "name": "ジーティートゥルー",
      "popularity": 9,
      "odds": 22.3,
      "mark": "△",
      "score": 121.06,
      "track_aptitude": 1,
      "total_points": 74.183905343057,
      "detail_points": {
        "score": 45.043905343057006,
        "bias": 4.95,
        "pace": 10.2,
        "3f": 9.0,
        "margin": 4.0,
        "track": 0.99
      },
      "avg_margin": 1.145,
      "race_name": "函館4R",
      "pred_prob_won": 0.09360083788633347,
      "pred_prob_in_top2": 0.09829783141613006,
      "pred_prob_in_top3": 0.3072665691375732,
      "score_z": 0.6513058389773227,
      "上り3F平均": 38.59,
      "Ave-3F平均": 37.94,
      "PCI平均": 48.38,
      "-3F差平均": 0.69,
      "想定脚質": "中団",
      "track_bias_aptitude_score": 31.7,
      "investment_value_score": 43.7,
      "total_investment_index": 41.8,
      "investment_rating": 1.3240493416786192,
      "stability_score": 60,
      "investment_mark": "▲"
    },
    {
      "horse_number": 13,
      "name": "メイショウナナコ",
      "popularity": 7,
      "odds": 14.9,
      "mark": "△",
      "score": 117.49,
      "track_aptitude": 2,
      "total_points": 81.92558267599345,
      "detail_points": {
        "score": 43.71558267599345,
        "bias": 15.0,
        "pace": 10.2,
        "3f": 9.0,
        "margin": 2.0,
        "track": 2.0100000000000002
      },
      "avg_margin": 2.04,
      "race_name": "函館4R",
      "pred_prob_won": 0.06634707078337669,
      "pred_prob_in_top2": 0.07502647787332535,
      "pred_prob_in_top3": 0.23869694471359254,
      "score_z": 0.35642164808968224,
      "上り3F平均": 39.86,
      "Ave-3F平均": 37.36,
      "PCI平均": 43.74,
      "-3F差平均": 0.96,
      "想定脚質": "先行",
      "track_bias_aptitude_score": 94.3,
      "investment_value_score": 42.5,
      "total_investment_index": 59.4,
      "investment_rating": 0.6986377376317978,
      "stability_score": 45,
      "investment_mark": "△"
    },
    {
      "horse_number": 3,
      "name": "タイセイバンクール",
      "popularity": 6,
      "odds": 12.0,
      "mark": "▲",
      "score": 117.22,
      "track_aptitude": 1,
      "total_points": 82.80512129781216,
      "detail_points": {
        "score": 43.61512129781217,
        "bias": 15.0,
        "pace": 10.2,
        "3f": 9.0,
        "margin": 4.0,
        "track": 0.99
      },
      "avg_margin": 1.1916666666666667,
      "race_name": "函館4R",
      "pred_prob_won": 0.08020369112491607,
      "pred_prob_in_top2": 0.0877997562289238,
      "pred_prob_in_top3": 0.2531485855579376,
      "score_z": 0.33411948239229805,
      "上り3F平均": 39.68,
      "Ave-3F平均": 38.06,
      "PCI平均": 46.23,
      "-3F差平均": 0.4,
      "想定脚質": "先行",
      "track_bias_aptitude_score": 88.7,
      "investment_value_score": 46.7,
      "total_investment_index": 60.2,
      "investment_rating": 0.6910577863454819,
      "stability_score": 60,
      "investment_mark": "△"
    },
    {
      "horse_number": 2,
      "name": "リュウジンオー",
      "popularity": 1,
      "odds": 3.4,
      "mark": "▲",
      "score": 126.31,
      "track_aptitude": 0,
      "total_points": 85.19732102991517,
      "detail_points": {
        "score": 46.99732102991517,
        "bias": 15.0,
        "pace": 10.2,
        "3f": 9.0,
        "margin": 4.0,
        "track": 0.0
      },
      "avg_margin": 1.2899999999999998,
      "race_name": "函館4R",
      "pred_prob_won": 0.1630067676305771,
      "pred_prob_in_top2": 0.14475195109844208,
      "pred_prob_in_top3": 0.4419827401638031,
      "score_z": 1.084959060870911,
      "上り3F平均": 39.4,
      "Ave-3F平均": 36.16,
      "PCI平均": 41.96,
      "-3F差平均": 0.43,
      "想定脚質": "先行",
      "track_bias_aptitude_score": 83.0,
      "investment_value_score": 100,
      "total_investment_index": 91.7,
      "investment_rating": 0.6886594393849373,
      "stability_score": 60,
      "investment_mark": "△"
    },
    {
      "horse_number": 12,
      "name": "オドラニャソンソン",
      "popularity": 13,
      "odds": 81.9,
      "mark": "⭐︎",
      "score": 113.62,
      "track_aptitude": 1,
      "total_points": 69.51563625539514,
      "detail_points": {
        "score": 42.27563625539515,
        "bias": 7.05,
        "pace": 10.2,
        "3f": 5.0,
        "margin": 4.0,
        "track": 0.99
      },
      "avg_margin": 1.855,
      "race_name": "函館4R",
      "pred_prob_won": 0.032335369288921355,
      "pred_prob_in_top2": 0.05040020942687988,
      "pred_prob_in_top3": 0.13967778384685517,
      "score_z": 0.03675727309383808,
      "上り3F平均": 39.69,
      "Ave-3F平均": 38.04,
      "PCI平均": 45.88,
      "-3F差平均": 0.67,
      "想定脚質": "逃げ",
      "track_bias_aptitude_score": 37.9,
      "investment_value_score": 18.5,
      "total_investment_index": 27.5,
      "investment_rating": 0.3001161654293538,
      "stability_score": 60,
      "investment_mark": "☆"
    },
    {
      "horse_number": 4,
      "name": "エポカリーナ",
      "popularity": 2,
      "odds": 4.2,
      "mark": "△",
      "score": 117.44,
      "track_aptitude": 2,
      "total_points": 73.856978717071,
      "detail_points": {
        "score": 43.696978717071,
        "bias": 4.95,
        "pace": 10.2,
        "3f": 9.0,
        "margin": 4.0,
        "track": 2.0100000000000002
      },
      "avg_margin": 1.29,
      "race_name": "函館4R",
      "pred_prob_won": 0.06605226919054985,
      "pred_prob_in_top2": 0.07502545863389969,
      "pred_prob_in_top3": 0.24017103612422944,
      "score_z": 0.35229161740498166,
      "上り3F平均": 36.52,
      "Ave-3F平均": 38.13,
      "PCI平均": 54.73,
      "-3F差平均": 0.96,
      "想定脚質": "中団",
      "track_bias_aptitude_score": 37.3,
      "investment_value_score": 68.3,
      "total_investment_index": 57.8,
      "investment_rating": 0.2964960047602654,
      "stability_score": 60,
      "investment_mark": "☆"
    },
    {
      "horse_number": 14,
      "name": "ホウオウチェスター",
      "popularity": 5,
      "odds": 11.3,
      "mark": "△",
      "score": 113.08,
      "track_aptitude": 2,
      "total_points": 72.23471349903261,