{
  "horses": [
    {
      "horse_number": 8,
      "name": "ビッグベルーガ",
      "popularity": 6,
      "odds": 12.7,
      "mark": "▲",
      "score": 143.53,
      "track_aptitude": 0,
      "total_points": 89.12700288941423,
      "detail_points": {
        "score": 47.127002889414236,
        "bias": 15.0,
        "pace": 12.0,
        "3f": 9.0,
        "margin": 6.0,
        "track": 0.0
      },
      "avg_margin": 0.7100000000000001,
      "race_name": "函館7R",
      "pred_prob_won": 0.13412915170192719,
      "pred_prob_in_top2": 0.1307233601808548,
      "pred_prob_in_top3": 0.3992851138114929,
      "score_z": 0.7356488255619569,
      "上り3F平均": 36.54,
      "Ave-3F平均": 37.39,
      "PCI平均": 52.37,
      "-3F差平均": 0.84,
      "想定脚質": "先行",
      "track_bias_aptitude_score": 82.5,
      "investment_value_score": 58.3,
      "total_investment_index": 66.0,
      "investment_rating": 1.3762825918197632,
      "stability_score": 75,
      "investment_mark": "◎"
    },
    {
      "horse_number": 5,
      "name": "ヤコブセン",
      "popularity": 3,
      "odds": 5.1,
      "mark": "○",
      "score": 148.54,
      "track_aptitude": 0,
      "total_points": 90.7719989493039,
      "detail_points": {
        "score": 48.771998949303914,
        "bias": 15.0,
        "pace": 12.0,
        "3f": 9.0,
        "margin": 6.0,
        "track": 0.0
      },
      "avg_margin": 0.755,
      "race_name": "函館7R",
      "pred_prob_won": 0.2310037225484848,
      "pred_prob_in_top2": 0.17106389999389648,
      "pred_prob_in_top3": 0.5327418208122253,
      "score_z": 1.257811840825059,
      "上り3F平均": 36.0,
      "Ave-3F平均": 37.07,
      "PCI平均": 53.07,
      "-3F差平均": 0.5,
      "想定脚質": "先行",
      "track_bias_aptitude_score": 82.5,
      "investment_value_score": 84.5,
      "total_investment_index": 82.5,
      "investment_rating": 1.3412334638833998,
      "stability_score": 75,
      "investment_mark": "○"
    },
    {
      "horse_number": 12,
      "name": "リギーロ",
      "popularity": 2,
      "odds": 3.7,
      "mark": "◎",
      "score": 152.28,
      "track_aptitude": 0,
      "total_points": 94.0,
      "detail_points": {
        "score": 50.0,
        "bias": 15.0,
        "pace": 12.0,
        "3f": 9.0,
        "margin": 8.0,
        "track": 0.0
      },
      "avg_margin": 0.47857142857142854,
      "race_name": "函館7R",
      "pred_prob_won": 0.30404579639434814,
      "pred_prob_in_top2": 0.18148250877857208,
      "pred_prob_in_top3": 0.6064130425453186,
      "score_z": 1.6476101795643823,
      "上り3F平均": 35.93,
      "Ave-3F平均": 37.06,
      "PCI平均": 53.24,
      "-3F差平均": 0.46,
      "想定脚質": "先行",
      "track_bias_aptitude_score": 82.5,
      "investment_value_score": 100,
      "total_investment_index": 92.5,
      "investment_rating": 1.3192391276359559,
      "stability_score": 90,
      "investment_mark": "▲"
    },
    {
      "horse_number": 2,
      "name": "マハートマーベル",
      "popularity": 4,
      "odds": 11.4,
      "mark": "×",
      "score": 145.32,
      "track_aptitude": 2,
      "total_points": 72.00473601260835,
      "detail_points": {
        "score": 47.71473601260835,
        "bias": 3.0,
        "pace": 8.28,
        "3f": 7.0,
        "margin": 4.0,
        "track": 2.0100000000000002
      },
      "avg_margin": 1.2249999999999999,
      "race_name": "函館7R",
      "pred_prob_won": 0.14065082371234894,
      "pred_prob_in_top2": 0.1149454414844513,
      "pred_prob_in_top3": 0.39346703290939333,
      "score_z": 0.9222100625521665,
      "上り3F平均": 35.67,
      "Ave-3F平均": 37.45,
      "PCI平均": 55.0,
      "-3F差平均": 0.95,
      "想定脚質": "後方",
      "track_bias_aptitude_score": 12.6,
      "investment_value_score": 68.5,
      "total_investment_index": 51.4,
      "investment_rating": 1.0132148349285126,
      "stability_score": 60,
      "investment_mark": "▲"
    },
    {
      "horse_number": 11,
      "name": "オロスコピオ",
      "popularity": 8,
      "odds": 19.3,
      "mark": "×",
      "score": 136.87,
      "track_aptitude": 1,
      "total_points": 70.21024166009981,
      "detail_points": {
        "score": 44.940241660099815,
        "bias": 3.0,
        "pace": 8.28,
        "3f": 7.0,
        "margin": 6.0,
        "track": 0.99
      },
      "avg_margin": 0.96,
      "race_name": "函館7R",
      "pred_prob_won": 0.04255470559000969,
      "pred_prob_in_top2": 0.06336188465356826,
      "pred_prob_in_top3": 0.18070016503334047,
      "score_z": 0.041515954972682595,
      "上り3F平均": 36.22,
      "Ave-3F平均": 37.53,
      "PCI平均": 53.66,
      "-3F差平均": 0.9,
      "想定脚質": "後方",
      "track_bias_aptitude_score": 6.8,
      "investment_value_score": 30.8,
      "total_investment_index": 25.6,
      "investment_rating": 0.3384110397100448,
      "stability_score": 75,
      "investment_mark": "☆"
    },
    {
      "horse_number": 1,
      "name": "カーミングライツ",
      "popularity": 1,
      "odds": 3.4,
      "mark": "△",
      "score": 142.12,
      "track_aptitude": 2,
      "total_points": 78.62403992645129,
      "detail_points": {
        "score": 46.664039926451274,
        "bias": 4.95,
        "pace": 12.0,
        "3f": 9.0,
        "margin": 4.0,
        "track": 2.0100000000000002
      },
      "avg_margin": 1.4625,
      "race_name": "函館7R",
      "pred_prob_won": 0.10267403125762939,
      "pred_prob_in_top2": 0.11460117995738983,
      "pred_prob_in_top3": 0.31625300645828247,
      "score_z": 0.5886927673741378,
      "上り3F平均": 37.35,
      "Ave-3F平均": 37.88,
      "PCI平均": 51.92,
      "-3F差平均": 0.88,
      "想定脚質": "中団",
      "track_bias_aptitude_score": 32.7,
      "investment_value_score": 93.9,
      "total_investment_index": 72.1,
      "investment_rating": 0.3248198658227921,
      "stability_score": 60,
      "investment_mark": "☆"
    },
    {
      "horse_number": 6,
      "name": "ペリプルス",
      "popularity": 5,
      "odds": 12.1,
      "mark": "△",
      "score": 131.74,
      "track_aptitude": 1,
      "total_points": 76.19584449697925,
      "detail_points": {
        "score": 43.25584449697925,
        "bias": 4.95,
        "pace": 12.0,
        "3f": 9.0,
        "margin": 6.0,
        "track": 0.99
      },
      "avg_margin": 0.9800000000000001,
      "race_name": "函館7R",
      "pred_prob_won": 0.030507104098796846,
      "pred_prob_in_top2": 0.051613999903202055,
      "pred_prob_in_top3": 0.1463763266801834,
      "score_z": -0.49315395885959606,
      "上り3F平均": 36.48,
      "Ave-3F平均": 37.64,
      "PCI平均": 53.23,
      "-3F差平均": 0.62,
      "想定脚質": "中団",
      "track_bias_aptitude_score": 26.9,
      "investment_value_score": 34.3,
      "total_investment_index": 32.8,
      "investment_rating": 0.03064991906285297,
      "stability_score": 75,
      "investment_mark": "×"
    },
    {
      "horse_number": 10,
      "name": "ピジョンポイント",
      "popularity": 10,
      "odds": 23.3,
      "mark": "▲",
      "score": 128.85,
      "track_aptitude": 1,
      "total_points": 85.29693459416863,
      "detail_points": {
        "score": 42.30693459416863,
        "bias": 15.0,
        "pace": 12.0,
        "3f": 9.0,
        "margin": 6.0,
        "track": 0.99
      },
      "avg_margin": 0.97,
      "race_name": "函館7R",
      "pred_prob_won": 0.03160231895744801,
      "pred_prob_in_top2": 0.029037732258439065,
      "pred_prob_in_top3": 0.1193297564983368,
      "score_z": -0.7943617660672558,
      "上り3F平均": 36.41,
      "Ave-3F平均": 37.61,
      "PCI平均": 53.6,
      "-3F差平均": 0.81,
      "想定脚質": "先行",
      "track_bias_aptitude_score": 88.4,
      "investment_value_score": 14.4,
      "total_investment_index": 38.8,
      "investment_rating": -0.016959801912307726,
      "stability_score": 75,
      "investment_mark": "××"
    },
    {
      "horse_number": 4,
      "name": "シェアホルダーズ",
      "popularity": 9,
      "odds": 22.1,
      "mark": "△",
      "score": 128.45,
      "track_aptitude": 0,
      "total_points": 82.175597583399,
      "detail_points": {
        "score": 42.175597583399,