{
  "horses": [
    {
      "horse_number": 9,
      "name": "スウィートリワード",
      "popularity": 2,
      "odds": 4.6,
      "mark": "○",
      "score": 112.68,
      "track_aptitude": 0,
      "total_points": 89.28018124507487,
      "detail_points": {
        "score": 49.33018124507487,
        "bias": 10.95,
        "pace": 12.0,
        "3f": 9.0,
        "margin": 8.0,
        "track": 0.0
      },
      "avg_margin": 0.31,
      "race_name": "函館7R",
      "pred_prob_won": 0.2118231773376465,
      "pred_prob_in_top2": 0.15690626502037047,
      "pred_prob_in_top3": 0.49278910756111144,
      "score_z": 1.5373056804469798,
      "上り3F平均": 35.26,
      "Ave-3F平均": 35.58,
      "PCI平均": 50.93,
      "-3F差平均": 0.62,
      "想定脚質": "中団",
      "track_bias_aptitude_score": 47.8,
      "investment_value_score": 83.6,
      "total_investment_index": 72.1,
      "investment_rating": 0.95300677806139,
      "stability_score": 90,
      "investment_mark": "◎"
    },
    {
      "horse_number": 1,
      "name": "エスペシャリー",
      "popularity": 1,
      "odds": 3.0,
      "mark": "◎",
      "score": 114.21,
      "track_aptitude": 2,
      "total_points": 94.01,
      "detail_points": {
        "score": 50.0,
        "bias": 15.0,
        "pace": 12.0,
        "3f": 9.0,
        "margin": 6.0,
        "track": 2.0100000000000002
      },
      "avg_margin": 0.7333333333333333,
      "race_name": "函館7R",
      "pred_prob_won": 0.24959460496902466,
      "pred_prob_in_top2": 0.16312632858753204,
      "pred_prob_in_top3": 0.5319093704223633,
      "score_z": 1.6896602594242645,
      "上り3F平均": 35.73,
      "Ave-3F平均": 34.8,
      "PCI平均": 47.52,
      "-3F差平均": 0.34,
      "想定脚質": "先行",
      "track_bias_aptitude_score": 92.5,
      "investment_value_score": 100,
      "total_investment_index": 95.6,
      "investment_rating": 0.8297734260559082,
      "stability_score": 75,
      "investment_mark": "○"
    },
    {
      "horse_number": 6,
      "name": "ムチャスグラシアス",
      "popularity": 10,
      "odds": 22.4,
      "mark": "▲",
      "score": 97.19,
      "track_aptitude": 3,
      "total_points": 87.54881358900272,
      "detail_points": {
        "score": 42.54881358900271,
        "bias": 15.0,
        "pace": 12.0,
        "3f": 9.0,
        "margin": 6.0,
        "track": 3.0
      },
      "avg_margin": 0.7142857142857144,
      "race_name": "函館7R",
      "pred_prob_won": 0.03637084513902664,
      "pred_prob_in_top2": 0.06505951732397079,
      "pred_prob_in_top3": 0.17727798521518706,
      "score_z": -0.005159959002796742,
      "上り3F平均": 35.39,
      "Ave-3F平均": 34.63,
      "PCI平均": 47.91,
      "-3F差平均": 0.52,
      "想定脚質": "先行",
      "track_bias_aptitude_score": 100.0,
      "investment_value_score": 27.1,
      "total_investment_index": 51.3,
      "investment_rating": 0.3707209898531437,
      "stability_score": 75,
      "investment_mark": "△"
    },
    {
      "horse_number": 5,
      "name": "グランテレーズ",
      "popularity": 5,
      "odds": 9.4,
      "mark": "▲",
      "score": 99.27,
      "track_aptitude": 2,
      "total_points": 87.46941686367218,
      "detail_points": {
        "score": 43.45941686367218,
        "bias": 15.0,
        "pace": 12.0,
        "3f": 9.0,
        "margin": 6.0,
        "track": 2.0100000000000002
      },
      "avg_margin": 0.6,
      "race_name": "函館7R",
      "pred_prob_won": 0.05258592814207077,
      "pred_prob_in_top2": 0.07771802693605423,
      "pred_prob_in_top3": 0.22206215262413026,
      "score_z": 0.2019626058813563,
      "上り3F平均": 35.59,
      "Ave-3F平均": 34.47,
      "PCI平均": 46.9,
      "-3F差平均": 0.59,
      "想定脚質": "先行",
      "track_bias_aptitude_score": 92.5,
      "investment_value_score": 44.5,
      "total_investment_index": 59.8,
      "investment_rating": 0.3436921173334122,
      "stability_score": 75,
      "investment_mark": "△"
    },
    {
      "horse_number": 4,
      "name": "ナムラエデン",
      "popularity": 4,
      "odds": 9.3,
      "mark": "△",
      "score": 96.96,
      "track_aptitude": 2,
      "total_points": 86.45812188074599,
      "detail_points": {
        "score": 42.448121880745994,
        "bias": 15.0,
        "pace": 12.0,
        "3f": 9.0,
        "margin": 6.0,
        "track": 2.0100000000000002
      },
      "avg_margin": 0.5599999999999999,
      "race_name": "函館7R",
      "pred_prob_won": 0.03154259994626045,
      "pred_prob_in_top2": 0.05049271360039711,
      "pred_prob_in_top3": 0.14212204813957213,
      "score_z": -0.028062934927487158,
      "上り3F平均": 35.3,
      "Ave-3F平均": 34.45,
      "PCI平均": 47.62,
      "-3F差平均": 0.49,
      "想定脚質": "先行",
      "track_bias_aptitude_score": 92.5,
      "investment_value_score": 39.6,
      "total_investment_index": 56.5,
      "investment_rating": -0.06019350022077552,
      "stability_score": 75,
      "investment_mark": "××"
    },
    {
      "horse_number": 3,
      "name": "デアデルマーレ",
      "popularity": 8,
      "odds": 14.5,
      "mark": "△",
      "score": 95.51,
      "track_aptitude": 2,
      "total_points": 81.77332632869276,
      "detail_points": {
        "score": 41.81332632869276,
        "bias": 10.95,
        "pace": 12.0,
        "3f": 9.0,
        "margin": 6.0,
        "track": 2.0100000000000002
      },
      "avg_margin": 0.835,
      "race_name": "函館7R",
      "pred_prob_won": 0.031492606922984126,
      "pred_prob_in_top2": 0.04160805493593216,
      "pred_prob_in_top3": 0.12241165488958358,
      "score_z": -0.17245126140922745,
      "上り3F平均": 35.71,
      "Ave-3F平均": 35.12,
      "PCI平均": 48.62,
      "-3F差平均": 0.67,
      "想定脚質": "中団",
      "track_bias_aptitude_score": 62.8,
      "investment_value_score": 24.1,
      "total_investment_index": 38.0,
      "investment_rating": -0.07268599145114418,
      "stability_score": 75,
      "investment_mark": "××"
    },
    {
      "horse_number": 2,
      "name": "プロクレイア",
      "popularity": 7,
      "odds": 12.7,
      "mark": "△",
      "score": 94.64,
      "track_aptitude": 0,
      "total_points": 79.38244899746081,
      "detail_points": {
        "score": 41.43244899746082,
        "bias": 10.95,
        "pace": 12.0,
        "3f": 9.0,
        "margin": 6.0,
        "track": 0.0
      },
      "avg_margin": 0.7666666666666666,
      "race_name": "函館7R",
      "pred_prob_won": 0.031637891009449956,
      "pred_prob_in_top2": 0.04004696831107139,
      "pred_prob_in_top3": 0.12007373124361038,
      "score_z": -0.2590842572982728,
      "上り3F平均": 34.5,
      "Ave-3F平均": 36.57,
      "PCI平均": 56.03,
      "-3F差平均": 0.72,
      "想定脚質": "中団",
      "track_bias_aptitude_score": 47.8,
      "investment_value_score": 25.8,
      "total_investment_index": 34.4,
      "investment_rating": -0.10357235878705984,
      "stability_score": 75,
      "investment_mark": "××"
    },
    {
      "horse_number": 8,
      "name": "キタノクニカラ",
      "popularity": 6,
      "odds": 9.7,
      "mark": "△",
      "score": 93.79,
      "track_aptitude": 0,
      "total_points": 79.01032746694686,
      "detail_points": {
        "score": 41.06032746694686,
        "bias": 10.95,
        "pace": 12.0,
        "3f": 9.0,
        "margin": 6.0,
        "track": 0.0
      },
      "avg_margin": 0.8111111111111111,
      "race_name": "函館7R",
      "pred_prob_won": 0.024623360112309457,
      "pred_prob_in_top2": 0.03926772400736809,
      "pred_prob_in_top3": 0.11122308075428008,
      "score_z": -0.34372569006343096,
      "上り3F平均": 34.9,
      "Ave-3F平均": 35.97,
      "PCI平均": 53.11,
      "-3F差平均": 0.69,
      "想定脚質": "中団",
      "track_bias_aptitude_score": 47.8,
      "investment_value_score": 26.9,
      "total_investment_index": 34.9,
      "investment_rating": -0.16607882604002955,
      "stability_score": 75,
      "investment_mark": "××"
    },
    {
      "horse_number": 11,
      "name": "クリノハレルヤ",
      "popularity": 3,
      "odds": 8.7,
      "mark": "×",
      "score": 95.22,
      "track_aptitude": 1,
      "total_points": 69.00636721828211,