{
  "horses": [
    {
      "horse_number": 8,
      "name": "シュヴァルノワール",
      "popularity": 2,
      "odds": 4.5,
      "mark": "○",
      "score": 133.93,
      "track_aptitude": 2,
      "total_points": 90.21053264233787,
      "detail_points": {
        "score": 48.20053264233787,
        "bias": 15.0,
        "pace": 12.0,
        "3f": 9.0,
        "margin": 4.0,
        "track": 2.0100000000000002
      },
      "avg_margin": 1.292857142857143,
      "race_name": "函館3R",
      "pred_prob_won": 0.2308149069547653,
      "pred_prob_in_top2": 0.19318221807479857,
      "pred_prob_in_top3": 0.5577461957931519,
      "score_z": 1.4892182750979193,
      "上り3F平均": 39.86,
      "Ave-3F平均": 37.79,
      "PCI平均": 45.17,
      "-3F差平均": 0.49,
      "想定脚質": "先行",
      "track_bias_aptitude_score": 94.3,
      "investment_value_score": 83.2,
      "total_investment_index": 85.7,
      "investment_rating": 1.195351277589798,
      "stability_score": 60,
      "investment_mark": "◎"
    },
    {
      "horse_number": 6,
      "name": "ナリタヒカリ",
      "popularity": 1,
      "odds": 1.6,
      "mark": "◎",
      "score": 138.93,
      "track_aptitude": 0,
      "total_points": 92.0,
      "detail_points": {
        "score": 50.0,
        "bias": 15.0,
        "pace": 12.0,
        "3f": 9.0,
        "margin": 6.0,
        "track": 0.0
      },
      "avg_margin": 0.985,
      "race_name": "函館3R",
      "pred_prob_won": 0.2964102625846863,
      "pred_prob_in_top2": 0.1881870985031128,
      "pred_prob_in_top3": 0.6035911321640015,
      "score_z": 1.841049001959275,
      "上り3F平均": 38.25,
      "Ave-3F平均": 36.5,
      "PCI平均": 45.5,
      "-3F差平均": 0.69,
      "想定脚質": "先行",
      "track_bias_aptitude_score": 83.0,
      "investment_value_score": 100,
      "total_investment_index": 93.0,
      "investment_rating": 1.0486187171936037,
      "stability_score": 75,
      "investment_mark": "○"
    },
    {
      "horse_number": 3,
      "name": "ニホンピロカスター",
      "popularity": 6,
      "odds": 19.8,
      "mark": "▲",
      "score": 115.84,
      "track_aptitude": 2,
      "total_points": 83.70005974231627,
      "detail_points": {
        "score": 41.69005974231627,
        "bias": 15.0,
        "pace": 12.0,
        "3f": 9.0,
        "margin": 4.0,
        "track": 2.0100000000000002
      },
      "avg_margin": 1.5583333333333333,
      "race_name": "函館3R",
      "pred_prob_won": 0.0678944930434227,
      "pred_prob_in_top2": 0.0852366641163826,
      "pred_prob_in_top3": 0.25319917500019073,
      "score_z": 0.21629470531353362,
      "上り3F平均": 40.14,
      "Ave-3F平均": 37.66,
      "PCI平均": 43.94,
      "-3F差平均": 0.3,
      "想定脚質": "先行",
      "track_bias_aptitude_score": 94.3,
      "investment_value_score": 42.8,
      "total_investment_index": 59.3,
      "investment_rating": 0.6539757512509823,
      "stability_score": 60,
      "investment_mark": "△"
    },
    {
      "horse_number": 2,
      "name": "オキョンピー",
      "popularity": 4,
      "odds": 10.9,
      "mark": "▲",
      "score": 118.02,
      "track_aptitude": 2,
      "total_points": 86.48462751025697,
      "detail_points": {
        "score": 42.474627510256965,
        "bias": 15.0,
        "pace": 12.0,
        "3f": 9.0,
        "margin": 6.0,
        "track": 2.0100000000000002
      },
      "avg_margin": 0.9285714285714285,
      "race_name": "函館3R",
      "pred_prob_won": 0.08262420147657394,
      "pred_prob_in_top2": 0.0876922994852066,
      "pred_prob_in_top3": 0.28264413475990297,
      "score_z": 0.3696929022250842,
      "上り3F平均": 39.57,
      "Ave-3F平均": 37.7,
      "PCI平均": 45.41,
      "-3F差平均": 0.55,
      "想定脚質": "先行",
      "track_bias_aptitude_score": 94.3,
      "investment_value_score": 52.6,
      "total_investment_index": 65.5,
      "investment_rating": 0.594708745777607,
      "stability_score": 75,
      "investment_mark": "△"
    },
    {
      "horse_number": 12,
      "name": "ドルチェリターン",
      "popularity": 3,
      "odds": 10.6,
      "mark": "△",
      "score": 120.67,
      "track_aptitude": 2,
      "total_points": 73.7683452098179,
      "detail_points": {
        "score": 43.42834520981789,
        "bias": 7.05,
        "pace": 8.28,
        "3f": 7.0,
        "margin": 6.0,
        "track": 2.0100000000000002
      },
      "avg_margin": 0.93,
      "race_name": "函館3R",
      "pred_prob_won": 0.08098264038562775,
      "pred_prob_in_top2": 0.08580881208181382,
      "pred_prob_in_top3": 0.27326821684837344,
      "score_z": 0.5561631874616032,
      "上り3F平均": 36.46,
      "Ave-3F平均": 37.08,
      "PCI平均": 51.88,
      "-3F差平均": 0.33,
      "想定脚質": "逃げ",
      "track_bias_aptitude_score": 43.5,
      "investment_value_score": 57.9,
      "total_investment_index": 53.7,
      "investment_rating": 0.456438758969307,
      "stability_score": 75,
      "investment_mark": "☆"
    },
    {
      "horse_number": 9,
      "name": "ブレイクバウンズ",
      "popularity": 5,
      "odds": 13.3,
      "mark": "△",
      "score": 116.83,
      "track_aptitude": 2,
      "total_points": 80.05635427913337,
      "detail_points": {
        "score": 42.046354279133375,
        "bias": 15.0,
        "pace": 12.0,
        "3f": 7.0,
        "margin": 2.0,
        "track": 2.0100000000000002
      },
      "avg_margin": 2.65,
      "race_name": "函館3R",
      "pred_prob_won": 0.05254101082682609,
      "pred_prob_in_top2": 0.06893225461244583,
      "pred_prob_in_top3": 0.20678916573524475,
      "score_z": 0.28595718923208174,
      "上り3F平均": 39.74,
      "Ave-3F平均": 37.54,
      "PCI平均": 44.69,
      "-3F差平均": 1.07,
      "想定脚質": "先行",
      "track_bias_aptitude_score": 94.3,
      "investment_value_score": 42.7,
      "total_investment_index": 59.4,
      "investment_rating": 0.3512301623821259,
      "stability_score": 45,
      "investment_mark": "☆"
    },
    {
      "horse_number": 10,
      "name": "ワウワウワウ",
      "popularity": 7,
      "odds": 28.5,
      "mark": "△",
      "score": 112.96,
      "track_aptitude": 1,
      "total_points": 81.64356654430289,
      "detail_points": {
        "score": 40.65356654430288,
        "bias": 15.0,
        "pace": 12.0,
        "3f": 9.0,
        "margin": 4.0,
        "track": 0.99
      },
      "avg_margin": 1.8800000000000003,
      "race_name": "函館3R",
      "pred_prob_won": 0.03775579333305359,
      "pred_prob_in_top2": 0.07100619971752167,
      "pred_prob_in_top3": 0.16793588995933534,
      "score_z": 0.013640206641392004,
      "上り3F平均": 39.8,
      "Ave-3F平均": 37.2,
      "PCI平均": 43.56,
      "-3F差平均": 0.53,
      "想定脚質": "先行",
      "track_bias_aptitude_score": 88.7,
      "investment_value_score": 32.3,
      "total_investment_index": 51.0,
      "investment_rating": 0.2572345727682114,
      "stability_score": 60,
      "investment_mark": "☆"
    },
    {
      "horse_number": 11,
      "name": "ベイビーベリッシモ",
      "popularity": 8,
      "odds": 28.7,
      "mark": "⭐︎",
      "score": 114.66,
      "track_aptitude": 2,
      "total_points": 71.22538544590802,
      "detail_points": {
        "score": 41.26538544590801,
        "bias": 4.95,
        "pace": 12.0,
        "3f": 7.0,
        "margin": 4.0,
        "track": 2.0100000000000002
      },
      "avg_margin": 1.7714285714285711,
      "race_name": "函館3R",
      "pred_prob_won": 0.03796251490712166,
      "pred_prob_in_top2": 0.04760527685284614,
      "pred_prob_in_top3": 0.1401481807231903,
      "score_z": 0.13326265377425317,
      "上り3F平均": 39.07,
      "Ave-3F平均": 38.12,
      "PCI平均": 47.59,
      "-3F差平均": 1.03,
      "想定脚質": "中団",
      "track_bias_aptitude_score": 37.3,
      "investment_value_score": 27.2,
      "total_investment_index": 32.7,
      "investment_rating": 0.12592612951993942,
      "stability_score": 60,
      "investment_mark": "×"
    },
    {
      "horse_number": 7,
      "name": "タイセイルーマー",
      "popularity": 9,
      "odds": 35.1,
      "mark": "△",
      "score": 102.48,
      "track_aptitude": 0,