{
  "horses": [
    {
      "horse_number": 1,
      "name": "チェンジオブハート",
      "popularity": 7,
      "odds": 12.5,
      "mark": "○",
      "score": 110.95,
      "track_aptitude": 0,
      "total_points": 88.45171783943637,
      "detail_points": {
        "score": 48.251717839436374,
        "bias": 15.0,
        "pace": 10.2,
        "3f": 9.0,
        "margin": 6.0,
        "track": 0.0
      },
      "avg_margin": 0.755,
      "race_name": "函館3R",
      "pred_prob_won": 0.11124057173728943,
      "pred_prob_in_top2": 0.12775963097810744,
      "pred_prob_in_top3": 0.3862302780151367,
      "score_z": 0.8961199252834846,
      "上り3F平均": 35.82,
      "Ave-3F平均": 36.42,
      "PCI平均": 51.99,
      "-3F差平均": 0.68,
      "想定脚質": "先行",
      "track_bias_aptitude_score": 79.1,
      "investment_value_score": 61.2,
      "total_investment_index": 66.9,
      "investment_rating": 1.5935780429840087,
      "stability_score": 75,
      "investment_mark": "◎"
    },
    {
      "horse_number": 3,
      "name": "フリアフロリダ",
      "popularity": 3,
      "odds": 6.6,
      "mark": "◎",
      "score": 114.97,
      "track_aptitude": 0,
      "total_points": 90.2,
      "detail_points": {
        "score": 50.0,
        "bias": 15.0,
        "pace": 10.2,
        "3f": 9.0,
        "margin": 6.0,
        "track": 0.0
      },
      "avg_margin": 0.73,
      "race_name": "函館3R",
      "pred_prob_won": 0.1690010815858841,
      "pred_prob_in_top2": 0.14462502896785737,
      "pred_prob_in_top3": 0.4466314673423767,
      "score_z": 1.1280653321013263,
      "上り3F平均": 35.48,
      "Ave-3F平均": 35.42,
      "PCI平均": 49.86,
      "-3F差平均": 0.34,
      "想定脚質": "先行",
      "track_bias_aptitude_score": 79.1,
      "investment_value_score": 84.0,
      "total_investment_index": 81.0,
      "investment_rating": 1.1462154155969617,
      "stability_score": 75,
      "investment_mark": "○"
    },
    {
      "horse_number": 7,
      "name": "フィリグラン",
      "popularity": 4,
      "odds": 7.4,
      "mark": "▲",
      "score": 112.17,
      "track_aptitude": 0,
      "total_points": 86.98229103244324,
      "detail_points": {
        "score": 48.78229103244325,
        "bias": 15.0,
        "pace": 10.2,
        "3f": 7.0,
        "margin": 6.0,
        "track": 0.0
      },
      "avg_margin": 0.8833333333333333,
      "race_name": "函館3R",
      "pred_prob_won": 0.13145568668842317,
      "pred_prob_in_top2": 0.12193600535392761,
      "pred_prob_in_top3": 0.37067084908485415,
      "score_z": 0.9665113174023321,
      "上り3F平均": 35.1,
      "Ave-3F平均": 35.2,
      "PCI平均": 50.37,
      "-3F差平均": 1.03,
      "想定脚質": "先行",
      "track_bias_aptitude_score": 79.1,
      "investment_value_score": 72.7,
      "total_investment_index": 74.0,
      "investment_rating": 1.0456163114309314,
      "stability_score": 75,
      "investment_mark": "▲"
    },
    {
      "horse_number": 9,
      "name": "エムティキング",
      "popularity": 9,
      "odds": 14.5,
      "mark": "△",
      "score": 100.18,
      "track_aptitude": 0,
      "total_points": 81.8178872749413,
      "detail_points": {
        "score": 43.56788727494129,
        "bias": 13.05,
        "pace": 10.2,
        "3f": 9.0,
        "margin": 6.0,
        "track": 0.0
      },
      "avg_margin": 0.7375,
      "race_name": "函館3R",
      "pred_prob_won": 0.04464269429445267,
      "pred_prob_in_top2": 0.06977419555187225,
      "pred_prob_in_top3": 0.1752843976020813,
      "score_z": 0.27471394731628135,
      "上り3F平均": 35.47,
      "Ave-3F平均": 35.34,
      "PCI平均": 49.67,
      "-3F差平均": 0.67,
      "想定脚質": "中団",
      "track_bias_aptitude_score": 62.7,
      "investment_value_score": 36.6,
      "total_investment_index": 46.2,
      "investment_rating": 0.5156412440538408,
      "stability_score": 75,
      "investment_mark": "△"
    },
    {
      "horse_number": 5,
      "name": "ロードステイタス",
      "popularity": 5,
      "odds": 9.0,
      "mark": "△",
      "score": 103.85,
      "track_aptitude": 0,
      "total_points": 81.41395581456032,
      "detail_points": {
        "score": 45.16395581456032,
        "bias": 13.05,
        "pace": 10.2,
        "3f": 9.0,
        "margin": 4.0,
        "track": 0.0
      },
      "avg_margin": 1.8699999999999999,
      "race_name": "函館3R",
      "pred_prob_won": 0.0573164314031601,
      "pred_prob_in_top2": 0.07407024502754211,
      "pred_prob_in_top3": 0.21661022007465364,
      "score_z": 0.4864651022967483,
      "上り3F平均": 37.6,
      "Ave-3F平均": 37.07,
      "PCI平均": 49.32,
      "-3F差平均": 0.38,
      "想定脚質": "中団",
      "track_bias_aptitude_score": 62.7,
      "investment_value_score": 54.1,
      "total_investment_index": 57.1,
      "investment_rating": 0.5139154793322087,
      "stability_score": 60,
      "investment_mark": "△"
    },
    {
      "horse_number": 8,
      "name": "ブラヴォケラトプス",
      "popularity": 1,
      "odds": 5.8,
      "mark": "▲",
      "score": 109.84,
      "track_aptitude": 0,
      "total_points": 85.9689832130121,
      "detail_points": {
        "score": 47.76898321301209,
        "bias": 15.0,
        "pace": 10.2,
        "3f": 9.0,
        "margin": 4.0,
        "track": 0.0
      },
      "avg_margin": 1.0166666666666666,
      "race_name": "函館3R",
      "pred_prob_won": 0.12072497457265854,
      "pred_prob_in_top2": 0.1148808091878891,
      "pred_prob_in_top3": 0.33608012199401854,
      "score_z": 0.8320752980278119,
      "上り3F平均": 36.15,
      "Ave-3F平均": 36.17,
      "PCI平均": 50.4,
      "-3F差平均": 0.9,
      "想定脚質": "先行",
      "track_bias_aptitude_score": 79.1,
      "investment_value_score": 100,
      "total_investment_index": 90.1,
      "investment_rating": 0.5061802744865418,
      "stability_score": 60,
      "investment_mark": "△"
    },
    {
      "horse_number": 12,
      "name": "テキサスツイスター",
      "popularity": 6,
      "odds": 9.4,
      "mark": "△",
      "score": 102.73,
      "track_aptitude": 1,
      "total_points": 81.91687222753762,
      "detail_points": {
        "score": 44.67687222753762,
        "bias": 13.05,
        "pace": 10.2,
        "3f": 9.0,
        "margin": 4.0,
        "track": 0.99
      },
      "avg_margin": 1.7666666666666666,
      "race_name": "函館3R",
      "pred_prob_won": 0.053919783979654315,
      "pred_prob_in_top2": 0.07159093767404556,
      "pred_prob_in_top3": 0.20067500472068786,
      "score_z": 0.4218434964171511,
      "上り3F平均": 36.23,
      "Ave-3F平均": 35.38,
      "PCI平均": 47.73,
      "-3F差平均": 0.73,
      "想定脚質": "中団",
      "track_bias_aptitude_score": 69.6,
      "investment_value_score": 48.4,
      "total_investment_index": 55.6,
      "investment_rating": 0.5033750236034393,
      "stability_score": 60,
      "investment_mark": "☆"
    },
    {
      "horse_number": 16,
      "name": "ルブリアン",
      "popularity": 8,
      "odds": 13.4,
      "mark": "△",
      "score": 100.05,
      "track_aptitude": 1,
      "total_points": 80.75135078716187,
      "detail_points": {
        "score": 43.51135078716187,
        "bias": 13.05,
        "pace": 10.2,
        "3f": 9.0,
        "margin": 4.0,
        "track": 0.99
      },
      "avg_margin": 1.47,
      "race_name": "函館3R",
      "pred_prob_won": 0.04623133763670921,
      "pred_prob_in_top2": 0.07358791083097457,
      "pred_prob_in_top3": 0.17937734425067903,
      "score_z": 0.26721322520525603,
      "上り3F平均": 37.44,
      "Ave-3F平均": 34.95,
      "PCI平均": 43.46,
      "-3F差平均": 0.42,
      "想定脚質": "中団",
      "track_bias_aptitude_score": 69.6,
      "investment_value_score": 39.5,
      "total_investment_index": 50.0,
      "investment_rating": 0.4942017999291421,
      "stability_score": 60,
      "investment_mark": "☆"
    },
    {
      "horse_number": 13,
      "name": "ビリオネアボーイ",
      "popularity": 2,
      "odds": 6.5,
      "mark": "⭐︎",
      "score": 106.06,
      "track_aptitude": 2,
      "total_points": 74.38507610681047,
      "detail_points": {
        "score": 46.125076106810475,
        "bias": 7.05,