{
  "horses": [
    {
      "horse_number": 9,
      "name": "ソルトクィーン",
      "popularity": 4,
      "odds": 7.1,
      "mark": "◎",
      "score": 115.65,
      "track_aptitude": 2,
      "total_points": 94.06,
      "detail_points": {
        "score": 50.0,
        "bias": 13.05,
        "pace": 12.0,
        "3f": 9.0,
        "margin": 8.0,
        "track": 2.0100000000000002
      },
      "avg_margin": 0.3,
      "race_name": "函館11R",
      "pred_prob_won": 0.2280840814113617,
      "pred_prob_in_top2": 0.1652783364057541,
      "pred_prob_in_top3": 0.5279438257217407,
      "score_z": 1.5570249139129952,
      "上り3F平均": 35.1,
      "Ave-3F平均": 35.0,
      "PCI平均": 49.73,
      "-3F差平均": 0.54,
      "想定脚質": "先行",
      "track_bias_aptitude_score": 93.0,
      "investment_value_score": 92.8,
      "total_investment_index": 91.2,
      "investment_rating": 1.6117753028869628,
      "stability_score": 90,
      "investment_mark": "◎"
    },
    {
      "horse_number": 10,
      "name": "ルーフ",
      "popularity": 11,
      "odds": 42.8,
      "mark": "▲",
      "score": 104.53,
      "track_aptitude": 1,
      "total_points": 86.23239083441418,
      "detail_points": {
        "score": 45.192390834414184,
        "bias": 13.05,
        "pace": 12.0,
        "3f": 9.0,
        "margin": 6.0,
        "track": 0.99
      },
      "avg_margin": 0.63,
      "race_name": "函館11R",
      "pred_prob_won": 0.07946272939443588,
      "pred_prob_in_top2": 0.0902855321764946,
      "pred_prob_in_top3": 0.2807285964488983,
      "score_z": 0.4773026929866019,
      "上り3F平均": 35.0,
      "Ave-3F平均": 34.08,
      "PCI平均": 47.54,
      "-3F差平均": 0.71,
      "想定脚質": "先行",
      "track_bias_aptitude_score": 86.0,
      "investment_value_score": 48.1,
      "total_investment_index": 60.5,
      "investment_rating": 1.3537194821238518,
      "stability_score": 75,
      "investment_mark": "○"
    },
    {
      "horse_number": 12,
      "name": "レオテミス",
      "popularity": 6,
      "odds": 11.1,
      "mark": "×",
      "score": 108.62,
      "track_aptitude": 1,
      "total_points": 70.23065715520967,
      "detail_points": {
        "score": 46.96065715520968,
        "bias": 3.0,
        "pace": 8.28,
        "3f": 5.0,
        "margin": 6.0,
        "track": 0.99
      },
      "avg_margin": 0.585,
      "race_name": "函館11R",
      "pred_prob_won": 0.07596120089292527,
      "pred_prob_in_top2": 0.09862270504236222,
      "pred_prob_in_top3": 0.28213620781898496,
      "score_z": 0.8744307400719392,
      "上り3F平均": 35.8,
      "Ave-3F平均": 34.79,
      "PCI平均": 47.43,
      "-3F差平均": 0.63,
      "想定脚質": "逃げ",
      "track_bias_aptitude_score": 8.0,
      "investment_value_score": 64.1,
      "total_investment_index": 47.3,
      "investment_rating": 0.8388946598768234,
      "stability_score": 75,
      "investment_mark": "▲"
    },
    {
      "horse_number": 3,
      "name": "ポエットリー",
      "popularity": 5,
      "odds": 8.4,
      "mark": "○",
      "score": 107.12,
      "track_aptitude": 0,
      "total_points": 86.36214872460009,
      "detail_points": {
        "score": 46.312148724600085,
        "bias": 13.05,
        "pace": 12.0,
        "3f": 9.0,
        "margin": 6.0,
        "track": 0.0
      },
      "avg_margin": 0.53,
      "race_name": "函館11R",
      "pred_prob_won": 0.0859810620546341,
      "pred_prob_in_top2": 0.11933882832527161,
      "pred_prob_in_top3": 0.3051077902317047,
      "score_z": 0.728784757033307,
      "上り3F平均": 34.36,
      "Ave-3F平均": 35.04,
      "PCI平均": 52.02,
      "-3F差平均": 0.87,
      "想定脚質": "先行",
      "track_bias_aptitude_score": 79.1,
      "investment_value_score": 69.5,
      "total_investment_index": 71.6,
      "investment_rating": 0.8382404455542564,
      "stability_score": 75,
      "investment_mark": "▲"
    },
    {
      "horse_number": 14,
      "name": "ソノママソノママ",
      "popularity": 7,
      "odds": 13.1,
      "mark": "▲",
      "score": 102.14,
      "track_aptitude": 2,
      "total_points": 86.11910073497623,
      "detail_points": {
        "score": 44.15910073497622,
        "bias": 10.95,
        "pace": 12.0,
        "3f": 9.0,
        "margin": 8.0,
        "track": 2.0100000000000002
      },
      "avg_margin": 0.375,
      "race_name": "函館11R",
      "pred_prob_won": 0.06198494285345078,
      "pred_prob_in_top2": 0.07339455038309098,
      "pred_prob_in_top3": 0.22826225459575653,
      "score_z": 0.2452400933450479,
      "上り3F平均": 34.97,
      "Ave-3F平均": 34.76,
      "PCI平均": 49.45,
      "-3F差平均": 0.75,
      "想定脚質": "中団",
      "track_bias_aptitude_score": 76.1,
      "investment_value_score": 52.7,
      "total_investment_index": 59.9,
      "investment_rating": 0.6396817384660245,
      "stability_score": 90,
      "investment_mark": "△"
    },
    {
      "horse_number": 2,
      "name": "シュヴェルトライテ",
      "popularity": 8,
      "odds": 15.1,
      "mark": "△",
      "score": 103.58,
      "track_aptitude": 0,
      "total_points": 80.73166882836144,
      "detail_points": {
        "score": 44.78166882836143,
        "bias": 10.95,
        "pace": 12.0,
        "3f": 7.0,
        "margin": 6.0,
        "track": 0.0
      },
      "avg_margin": 0.755,
      "race_name": "函館11R",
      "pred_prob_won": 0.05144563838839531,
      "pred_prob_in_top2": 0.06795866787433624,
      "pred_prob_in_top3": 0.19494768679142,
      "score_z": 0.38506023706213455,
      "上り3F平均": 34.59,
      "Ave-3F平均": 35.18,
      "PCI平均": 51.75,
      "-3F差平均": 1.22,
      "想定脚質": "中団",
      "track_bias_aptitude_score": 62.2,
      "investment_value_score": 46.7,
      "total_investment_index": 52.3,
      "investment_rating": 0.508675658106804,
      "stability_score": 75,
      "investment_mark": "△"
    },
    {
      "horse_number": 11,
      "name": "ゴールドサーベル",
      "popularity": 3,
      "odds": 6.4,
      "mark": "⭐︎",
      "score": 106.38,
      "track_aptitude": 0,
      "total_points": 76.32221789883269,
      "detail_points": {
        "score": 45.992217898832685,
        "bias": 7.05,
        "pace": 8.28,
        "3f": 9.0,
        "margin": 6.0,
        "track": 0.0
      },
      "avg_margin": 0.72,
      "race_name": "函館11R",
      "pred_prob_won": 0.055482470989227296,
      "pred_prob_in_top2": 0.06476999968290328,
      "pred_prob_in_top3": 0.21699973940849304,
      "score_z": 0.6569327387342476,
      "上り3F平均": 34.71,
      "Ave-3F平均": 35.25,
      "PCI平均": 51.65,
      "-3F差平均": 1.02,
      "想定脚質": "後方",
      "track_bias_aptitude_score": 22.7,
      "investment_value_score": 73.2,
      "total_investment_index": 56.8,
      "investment_rating": 0.29864910095930103,
      "stability_score": 75,
      "investment_mark": "☆"
    },
    {
      "horse_number": 4,
      "name": "エマヌエーレ",
      "popularity": 10,
      "odds": 26.5,
      "mark": "△",
      "score": 98.84,
      "track_aptitude": 2,
      "total_points": 84.79238218763511,
      "detail_points": {
        "score": 42.7323821876351,
        "bias": 13.05,
        "pace": 12.0,
        "3f": 9.0,
        "margin": 6.0,
        "track": 2.0100000000000002
      },
      "avg_margin": 0.6000000000000001,
      "race_name": "函館11R",
      "pred_prob_won": 0.03642749860882759,
      "pred_prob_in_top2": 0.0518131360411644,
      "pred_prob_in_top3": 0.14172661304473877,
      "score_z": -0.07518106933994256,
      "上り3F平均": 34.92,
      "Ave-3F平均": 34.83,
      "PCI平均": 49.78,
      "-3F差平均": 0.66,
      "想定脚質": "先行",
      "track_bias_aptitude_score": 93.0,
      "investment_value_score": 32.8,
      "total_investment_index": 52.5,
      "investment_rating": 0.234604275226593,
      "stability_score": 75,
      "investment_mark": "☆"
    },
    {
      "horse_number": 5,
      "name": "ドゥアムール",
      "popularity": 1,
      "odds": 4.1,
      "mark": "⭐︎",
      "score": 106.55,
      "track_aptitude": 2,
      "total_points": 72.35571552096845,
      "detail_points": {
        "score": 46.06571552096844,
        "bias": 3.0,