{
  "horses": [
    {
      "horse_number": 4,
      "name": "ハッピールンナ",
      "popularity": 11,
      "odds": 18.3,
      "mark": "▲",
      "score": 122.26,
      "track_aptitude": 0,
      "total_points": 81.41057468014421,
      "detail_points": {
        "score": 43.210574680144205,
        "bias": 15.0,
        "pace": 10.2,
        "3f": 9.0,
        "margin": 4.0,
        "track": 0.0
      },
      "avg_margin": 1.3699999999999999,
      "race_name": "函館6R",
      "pred_prob_won": 0.09042333364486695,
      "pred_prob_in_top2": 0.09701708406209945,
      "pred_prob_in_top3": 0.28982576727867126,
      "score_z": 0.5225393957702305,
      "上り3F平均": 38.84,
      "Ave-3F平均": 38.44,
      "PCI平均": 49.01,
      "-3F差平均": 0.76,
      "想定脚質": "先行",
      "track_bias_aptitude_score": 83.0,
      "investment_value_score": 42.4,
      "total_investment_index": 56.2,
      "investment_rating": 1.4251322731375695,
      "stability_score": 60,
      "investment_mark": "◎"
    },
    {
      "horse_number": 13,
      "name": "ザハント",
      "popularity": 2,
      "odds": 5.3,
      "mark": "◎",
      "score": 141.47,
      "track_aptitude": 3,
      "total_points": 93.2,
      "detail_points": {
        "score": 50.0,
        "bias": 15.0,
        "pace": 10.2,
        "3f": 9.0,
        "margin": 6.0,
        "track": 3.0
      },
      "avg_margin": 0.5444444444444445,
      "race_name": "函館6R",
      "pred_prob_won": 0.2829998791217804,
      "pred_prob_in_top2": 0.20117214918136597,
      "pred_prob_in_top3": 0.6076675772666931,
      "score_z": 1.702883298831254,
      "上り3F平均": 38.62,
      "Ave-3F平均": 37.48,
      "PCI平均": 47.06,
      "-3F差平均": 0.51,
      "想定脚質": "先行",
      "track_bias_aptitude_score": 100,
      "investment_value_score": 98.4,
      "total_investment_index": 96.9,
      "investment_rating": 1.36223597407341,
      "stability_score": 75,
      "investment_mark": "○"
    },
    {
      "horse_number": 7,
      "name": "エマージェンス",
      "popularity": 6,
      "odds": 14.4,
      "mark": "○",
      "score": 121.58,
      "track_aptitude": 0,
      "total_points": 83.17024104050329,
      "detail_points": {
        "score": 42.97024104050329,
        "bias": 15.0,
        "pace": 10.2,
        "3f": 9.0,
        "margin": 6.0,
        "track": 0.0
      },
      "avg_margin": 0.8666666666666667,
      "race_name": "函館6R",
      "pred_prob_won": 0.092215496301651,
      "pred_prob_in_top2": 0.10600261092185974,
      "pred_prob_in_top3": 0.30558592081069946,
      "score_z": 0.48075731070612293,
      "上り3F平均": 38.75,
      "Ave-3F平均": 38.21,
      "PCI平均": 48.6,
      "-3F差平均": 0.68,
      "想定脚質": "先行",
      "track_bias_aptitude_score": 83.0,
      "investment_value_score": 55.3,
      "total_investment_index": 63.9,
      "investment_rating": 0.9584881961345673,
      "stability_score": 75,
      "investment_mark": "▲"
    },
    {
      "horse_number": 14,
      "name": "エルフェニックス",
      "popularity": 9,
      "odds": 17.6,
      "mark": "△",
      "score": 120.34,
      "track_aptitude": 2,
      "total_points": 70.69198557998163,
      "detail_points": {
        "score": 42.53198557998162,
        "bias": 4.95,
        "pace": 10.2,
        "3f": 7.0,
        "margin": 4.0,
        "track": 2.0100000000000002
      },
      "avg_margin": 1.7,
      "race_name": "函館6R",
      "pred_prob_won": 0.06595948413014412,
      "pred_prob_in_top2": 0.0770135447382927,
      "pred_prob_in_top3": 0.23981946110725402,
      "score_z": 0.4045664497068692,
      "上り3F平均": 39.05,
      "Ave-3F平均": 37.5,
      "PCI平均": 46.0,
      "-3F差平均": 1.2,
      "想定脚質": "中団",
      "track_bias_aptitude_score": 37.3,
      "investment_value_score": 42.2,
      "total_investment_index": 42.2,
      "investment_rating": 0.8687813624739646,
      "stability_score": 60,
      "investment_mark": "▲"
    },
    {
      "horse_number": 1,
      "name": "ゴールドパートナー",
      "popularity": 5,
      "odds": 11.7,
      "mark": "⭐︎",
      "score": 125.96,
      "track_aptitude": 0,
      "total_points": 68.79827242524917,
      "detail_points": {
        "score": 44.518272425249165,
        "bias": 3.0,
        "pace": 8.28,
        "3f": 9.0,
        "margin": 4.0,
        "track": 0.0
      },
      "avg_margin": 1.7125,
      "race_name": "函館6R",
      "pred_prob_won": 0.09924703240394592,
      "pred_prob_in_top2": 0.1026685893535614,
      "pred_prob_in_top3": 0.3049502193927765,
      "score_z": 0.7498830939131651,
      "上り3F平均": 38.45,
      "Ave-3F平均": 38.66,
      "PCI平均": 50.62,
      "-3F差平均": 1.42,
      "想定脚質": "後方",
      "track_bias_aptitude_score": 1,
      "investment_value_score": 60.1,
      "total_investment_index": 42.6,
      "investment_rating": 0.837523498237133,
      "stability_score": 60,
      "investment_mark": "△"
    },
    {
      "horse_number": 9,
      "name": "ノイシュタット",
      "popularity": 7,
      "odds": 14.8,
      "mark": "▲",
      "score": 119.16,
      "track_aptitude": 1,
      "total_points": 81.30493602884003,
      "detail_points": {
        "score": 42.114936028840035,
        "bias": 15.0,
        "pace": 10.2,
        "3f": 9.0,
        "margin": 4.0,
        "track": 0.99
      },
      "avg_margin": 1.742857142857143,
      "race_name": "函館6R",
      "pred_prob_won": 0.07805259376764298,
      "pred_prob_in_top2": 0.08846347779035568,
      "pred_prob_in_top3": 0.25824598371982577,
      "score_z": 0.3320622432720948,
      "上り3F平均": 40.41,
      "Ave-3F平均": 38.18,
      "PCI平均": 44.5,
      "-3F差平均": 0.36,
      "想定脚質": "先行",
      "track_bias_aptitude_score": 88.7,
      "investment_value_score": 48.3,
      "total_investment_index": 61.1,
      "investment_rating": 0.8090898080170155,
      "stability_score": 60,
      "investment_mark": "△"
    },
    {
      "horse_number": 3,
      "name": "ヒシカリナン",
      "popularity": 1,
      "odds": 3.9,
      "mark": "△",
      "score": 129.52,
      "track_aptitude": 2,
      "total_points": 75.93648971513396,
      "detail_points": {
        "score": 45.776489715133955,
        "bias": 4.95,
        "pace": 10.2,
        "3f": 9.0,
        "margin": 4.0,
        "track": 2.0100000000000002
      },
      "avg_margin": 1.292857142857143,
      "race_name": "函館6R",
      "pred_prob_won": 0.1430335074663162,
      "pred_prob_in_top2": 0.13386390805244447,
      "pred_prob_in_top3": 0.40559070706367495,
      "score_z": 0.9686245980723148,
      "上り3F平均": 36.57,
      "Ave-3F平均": 37.67,
      "PCI平均": 53.1,
      "-3F差平均": 0.64,
      "想定脚質": "中団",
      "track_bias_aptitude_score": 37.3,
      "investment_value_score": 100,
      "total_investment_index": 77.8,
      "investment_rating": 0.6031381615996362,
      "stability_score": 60,
      "investment_mark": "☆"
    },
    {
      "horse_number": 5,
      "name": "モリノアミーゴ",
      "popularity": 8,
      "odds": 17.6,
      "mark": "⭐︎",
      "score": 117.44,
      "track_aptitude": 1,
      "total_points": 68.77703329327773,
      "detail_points": {
        "score": 41.50703329327773,
        "bias": 3.0,
        "pace": 8.28,
        "3f": 9.0,
        "margin": 6.0,
        "track": 0.99
      },
      "avg_margin": 0.7666666666666666,
      "race_name": "函館6R",
      "pred_prob_won": 0.050330781191587445,
      "pred_prob_in_top2": 0.06703081429004669,
      "pred_prob_in_top3": 0.18555876314640046,
      "score_z": 0.2263781457570006,
      "上り3F平均": 37.4,
      "Ave-3F平均": 36.45,
      "PCI平均": 47.57,
      "-3F差平均": 1.23,
      "想定脚質": "後方",
      "track_bias_aptitude_score": 6.7,
      "investment_value_score": 38.9,
      "total_investment_index": 30.7,
      "investment_rating": 0.45046433150768295,
      "stability_score": 75,
      "investment_mark": "☆"
    },
    {
      "horse_number": 10,
      "name": "エポカリーナ",
      "popularity": 4,
      "odds": 10.3,
      "mark": "△",
      "score": 117.02,
      "track_aptitude": 1,
      "total_points": 70.49859192761716,