{
  "horses": [
    {
      "horse_number": 11,
      "name": "チルカーノ",
      "popularity": 4,
      "odds": 7.0,
      "mark": "○",
      "score": 130.51,
      "track_aptitude": 3,
      "total_points": 96.08236179014668,
      "detail_points": {
        "score": 49.08236179014667,
        "bias": 15.0,
        "pace": 12.0,
        "3f": 9.0,
        "margin": 8.0,
        "track": 3.0
      },
      "avg_margin": 0.32222222222222224,
      "race_name": "函館11R",
      "pred_prob_won": 0.21167546212673188,
      "pred_prob_in_top2": 0.1725764662027359,
      "pred_prob_in_top3": 0.5189348220825195,
      "score_z": 1.290931116893622,
      "上り3F平均": 34.2,
      "Ave-3F平均": 36.83,
      "PCI平均": 57.72,
      "-3F差平均": 0.91,
      "想定脚質": "中団",
      "track_bias_aptitude_score": 100,
      "investment_value_score": 70.0,
      "total_investment_index": 79.2,
      "investment_rating": 1.575739288330078,
      "stability_score": 90,
      "investment_mark": "◎"
    },
    {
      "horse_number": 12,
      "name": "テーオーダグラス",
      "popularity": 6,
      "odds": 9.8,
      "mark": "△",
      "score": 126.72,
      "track_aptitude": 2,
      "total_points": 83.66701391500565,
      "detail_points": {
        "score": 47.65701391500565,
        "bias": 9.0,
        "pace": 12.0,
        "3f": 7.0,
        "margin": 6.0,
        "track": 2.0100000000000002
      },
      "avg_margin": 0.5349999999999999,
      "race_name": "函館11R",
      "pred_prob_won": 0.13672615289688111,
      "pred_prob_in_top2": 0.13516221344470977,
      "pred_prob_in_top3": 0.392803019285202,
      "score_z": 0.9494884915889235,
      "上り3F平均": 35.24,
      "Ave-3F平均": 36.27,
      "PCI平均": 53.0,
      "-3F差平均": 0.24,
      "想定脚質": "先行",
      "track_bias_aptitude_score": 56.2,
      "investment_value_score": 55.4,
      "total_investment_index": 56.7,
      "investment_rating": 1.4032953983545302,
      "stability_score": 75,
      "investment_mark": "○"
    },
    {
      "horse_number": 9,
      "name": "ラファドゥラ",
      "popularity": 1,
      "odds": 3.6,
      "mark": "◎",
      "score": 132.95,
      "track_aptitude": 3,
      "total_points": 98.0,
      "detail_points": {
        "score": 50.0,
        "bias": 15.0,
        "pace": 12.0,
        "3f": 9.0,
        "margin": 9.0,
        "track": 3.0
      },
      "avg_margin": 0.16,
      "race_name": "函館11R",
      "pred_prob_won": 0.2515839159488678,
      "pred_prob_in_top2": 0.1844050705432892,
      "pred_prob_in_top3": 0.5664440870285035,
      "score_z": 1.5107516988839822,
      "上り3F平均": 34.51,
      "Ave-3F平均": 36.35,
      "PCI平均": 55.47,
      "-3F差平均": 0.53,
      "想定脚質": "中団",
      "track_bias_aptitude_score": 100,
      "investment_value_score": 100,
      "total_investment_index": 97.5,
      "investment_rating": 0.9811436045169831,
      "stability_score": 90,
      "investment_mark": "▲"
    },
    {
      "horse_number": 4,
      "name": "インスタキング",
      "popularity": 7,
      "odds": 15.9,
      "mark": "×",
      "score": 123.62,
      "track_aptitude": 2,
      "total_points": 72.78116209101167,
      "detail_points": {
        "score": 46.49116209101166,
        "bias": 3.0,
        "pace": 8.28,
        "3f": 7.0,
        "margin": 6.0,
        "track": 2.0100000000000002
      },
      "avg_margin": 0.67,
      "race_name": "函館11R",
      "pred_prob_won": 0.09056159406900406,
      "pred_prob_in_top2": 0.084951351583004,
      "pred_prob_in_top3": 0.2840065240859985,
      "score_z": 0.6702082439782202,
      "上り3F平均": 34.98,
      "Ave-3F平均": 36.71,
      "PCI平均": 55.09,
      "-3F差平均": 0.89,
      "想定脚質": "後方",
      "track_bias_aptitude_score": 17.0,
      "investment_value_score": 45.3,
      "total_investment_index": 38.4,
      "investment_rating": 0.9546368610858917,
      "stability_score": 75,
      "investment_mark": "▲"
    },
    {
      "horse_number": 10,
      "name": "パレハ",
      "popularity": 5,
      "odds": 7.6,
      "mark": "▲",
      "score": 122.21,
      "track_aptitude": 3,
      "total_points": 90.96088755171118,
      "detail_points": {
        "score": 45.960887551711174,
        "bias": 15.0,
        "pace": 12.0,
        "3f": 9.0,
        "margin": 6.0,
        "track": 3.0
      },
      "avg_margin": 0.5349999999999999,
      "race_name": "函館11R",
      "pred_prob_won": 0.08911464214324952,
      "pred_prob_in_top2": 0.1028552383184433,
      "pred_prob_in_top3": 0.30445610284805297,
      "score_z": 0.5431807765165765,
      "上り3F平均": 35.58,
      "Ave-3F平均": 36.66,
      "PCI平均": 53.15,
      "-3F差平均": 0.66,
      "想定脚質": "中団",
      "track_bias_aptitude_score": 100,
      "investment_value_score": 52.3,
      "total_investment_index": 67.3,
      "investment_rating": 0.835275267958641,
      "stability_score": 75,
      "investment_mark": "△"
    },
    {
      "horse_number": 14,
      "name": "ラーンザロープス",
      "popularity": 3,
      "odds": 6.1,
      "mark": "△",
      "score": 123.21,
      "track_aptitude": 1,
      "total_points": 83.32696878525762,
      "detail_points": {
        "score": 46.33696878525762,
        "bias": 9.0,
        "pace": 12.0,
        "3f": 9.0,
        "margin": 6.0,
        "track": 0.99
      },
      "avg_margin": 0.56,
      "race_name": "函館11R",
      "pred_prob_won": 0.09732720404863357,
      "pred_prob_in_top2": 0.10605330765247345,
      "pred_prob_in_top3": 0.32233797311782836,
      "score_z": 0.6332711789716423,
      "上り3F平均": 36.01,
      "Ave-3F平均": 36.09,
      "PCI平均": 50.36,
      "-3F差平均": 0.56,
      "想定脚質": "先行",
      "track_bias_aptitude_score": 50.4,
      "investment_value_score": 63.3,
      "total_investment_index": 59.2,
      "investment_rating": 0.6620660072565079,
      "stability_score": 75,
      "investment_mark": "△"
    },
    {
      "horse_number": 13,
      "name": "スミ",
      "popularity": 8,
      "odds": 18.2,
      "mark": "△",
      "score": 116.47,
      "track_aptitude": 2,
      "total_points": 89.81218127115459,
      "detail_points": {
        "score": 43.80218127115457,
        "bias": 15.0,
        "pace": 12.0,
        "3f": 9.0,
        "margin": 8.0,
        "track": 2.0100000000000002
      },
      "avg_margin": 0.4,
      "race_name": "函館11R",
      "pred_prob_won": 0.04014910832047462,
      "pred_prob_in_top2": 0.05723258405923844,
      "pred_prob_in_top3": 0.16629596054553986,
      "score_z": 0.02606186642449959,
      "上り3F平均": 34.71,
      "Ave-3F平均": 36.3,
      "PCI平均": 54.66,
      "-3F差平均": 0.69,
      "想定脚質": "中団",
      "track_bias_aptitude_score": 94.2,
      "investment_value_score": 30.9,
      "total_investment_index": 51.8,
      "investment_rating": 0.3310349553823472,
      "stability_score": 90,
      "investment_mark": "☆"
    },
    {
      "horse_number": 5,
      "name": "エープラス",
      "popularity": 9,
      "odds": 29.3,
      "mark": "△",
      "score": 113.35,
      "track_aptitude": 3,
      "total_points": 83.62880782248966,
      "detail_points": {
        "score": 42.62880782248966,
        "bias": 9.0,
        "pace": 12.0,
        "3f": 9.0,
        "margin": 8.0,
        "track": 3.0
      },
      "avg_margin": 0.44000000000000006,
      "race_name": "函館11R",
      "pred_prob_won": 0.03309286944568157,
      "pred_prob_in_top2": 0.0494376040995121,
      "pred_prob_in_top3": 0.14039964377880096,
      "score_z": -0.25502018923530595,
      "上り3F平均": 35.38,
      "Ave-3F平均": 36.45,
      "PCI平均": 53.12,
      "-3F差平均": 0.53,
      "想定脚質": "先行",
      "track_bias_aptitude_score": 62.1,
      "investment_value_score": 25.0,
      "total_investment_index": 38.2,
      "investment_rating": 0.19769759550690646,
      "stability_score": 90,
      "investment_mark": "×"
    },
    {
      "horse_number": 6,
      "name": "エラトー",
      "popularity": 2,
      "odds": 4.8,
      "mark": "▲",
      "score": 115.56,
      "track_aptitude": 3,
      "total_points": 90.45994734862731,
      "detail_points": {
        "score": 43.45994734862731,