{
  "horses": [
    {
      "horse_number": 6,
      "name": "オキョンピー",
      "popularity": 3,
      "odds": 5.1,
      "mark": "◎",
      "score": 137.68,
      "track_aptitude": 2,
      "total_points": 94.21000000000001,
      "detail_points": {
        "score": 50.0,
        "bias": 15.0,
        "pace": 10.2,
        "3f": 9.0,
        "margin": 8.0,
        "track": 2.0100000000000002
      },
      "avg_margin": 0.45,
      "race_name": "函館6R",
      "pred_prob_won": 0.25855585336685183,
      "pred_prob_in_top2": 0.1879580110311508,
      "pred_prob_in_top3": 0.5849408507347107,
      "score_z": 1.5253180469804164,
      "上り3F平均": 39.13,
      "Ave-3F平均": 37.83,
      "PCI平均": 46.73,
      "-3F差平均": 0.56,
      "想定脚質": "先行",
      "track_bias_aptitude_score": 94.3,
      "investment_value_score": 78.9,
      "total_investment_index": 83.2,
      "investment_rating": 1.5265400201082229,
      "stability_score": 90,
      "investment_mark": "◎"
    },
    {
      "horse_number": 10,
      "name": "アスクガンバーレ",
      "popularity": 2,
      "odds": 4.5,
      "mark": "▲",
      "score": 132.49,
      "track_aptitude": 1,
      "total_points": 73.38519465427076,
      "detail_points": {
        "score": 48.11519465427077,
        "bias": 3.0,
        "pace": 8.28,
        "3f": 9.0,
        "margin": 4.0,
        "track": 0.99
      },
      "avg_margin": 1.25,
      "race_name": "函館6R",
      "pred_prob_won": 0.18053309321403505,
      "pred_prob_in_top2": 0.1725061357021332,
      "pred_prob_in_top3": 0.5053634822368622,
      "score_z": 1.20494570121642,
      "上り3F平均": 37.87,
      "Ave-3F平均": 38.19,
      "PCI平均": 50.88,
      "-3F差平均": 1.45,
      "想定脚質": "後方",
      "track_bias_aptitude_score": 6.7,
      "investment_value_score": 82.3,
      "total_investment_index": 58.4,
      "investment_rating": 1.0160904467105865,
      "stability_score": 60,
      "investment_mark": "○"
    },
    {
      "horse_number": 3,
      "name": "レズルレクティオ",
      "popularity": 1,
      "odds": 2.1,
      "mark": "○",
      "score": 137.54,
      "track_aptitude": 0,
      "total_points": 92.14915746658919,
      "detail_points": {
        "score": 49.94915746658919,
        "bias": 15.0,
        "pace": 10.2,
        "3f": 9.0,
        "margin": 8.0,
        "track": 0.0
      },
      "avg_margin": 0.2833333333333333,
      "race_name": "函館6R",
      "pred_prob_won": 0.24741043746471406,
      "pred_prob_in_top2": 0.18674594163894653,
      "pred_prob_in_top3": 0.5660127997398376,
      "score_z": 1.5166760183856256,
      "上り3F平均": 37.87,
      "Ave-3F平均": 38.79,
      "PCI平均": 52.5,
      "-3F差平均": 0.53,
      "想定脚質": "先行",
      "track_bias_aptitude_score": 83.0,
      "investment_value_score": 100,
      "total_investment_index": 92.4,
      "investment_rating": 0.9367313593626022,
      "stability_score": 90,
      "investment_mark": "▲"
    },
    {
      "horse_number": 8,
      "name": "テーオーノーベル",
      "popularity": 6,
      "odds": 16.4,
      "mark": "△",
      "score": 119.95,
      "track_aptitude": 0,
      "total_points": 71.71115630447414,
      "detail_points": {
        "score": 43.56115630447414,
        "bias": 4.95,
        "pace": 10.2,
        "3f": 9.0,
        "margin": 4.0,
        "track": 0.0
      },
      "avg_margin": 1.42,
      "race_name": "函館6R",
      "pred_prob_won": 0.06457149758934974,
      "pred_prob_in_top2": 0.080933378636837,
      "pred_prob_in_top3": 0.23225986063480378,
      "score_z": 0.430866854225954,
      "上り3F平均": 37.2,
      "Ave-3F平均": 36.42,
      "PCI平均": 48.04,
      "-3F差平均": 0.86,
      "想定脚質": "中団",
      "track_bias_aptitude_score": 26.0,
      "investment_value_score": 43.1,
      "total_investment_index": 39.4,
      "investment_rating": 0.5077512753009796,
      "stability_score": 60,
      "investment_mark": "△"
    },
    {
      "horse_number": 5,
      "name": "ララエキリーブル",
      "popularity": 4,
      "odds": 14.2,
      "mark": "△",
      "score": 118.35,
      "track_aptitude": 2,
      "total_points": 73.14009877977921,
      "detail_points": {
        "score": 42.9800987797792,
        "bias": 4.95,
        "pace": 10.2,
        "3f": 9.0,
        "margin": 4.0,
        "track": 2.0100000000000002
      },
      "avg_margin": 1.3,
      "race_name": "函館6R",
      "pred_prob_won": 0.06066117286682129,
      "pred_prob_in_top2": 0.06710569858551026,
      "pred_prob_in_top3": 0.21813154518604277,
      "score_z": 0.3321008131426405,
      "上り3F平均": 38.5,
      "Ave-3F平均": 37.85,
      "PCI平均": 48.53,
      "-3F差平均": 0.37,
      "想定脚質": "中団",
      "track_bias_aptitude_score": 37.3,
      "investment_value_score": 49.0,
      "total_investment_index": 46.1,
      "investment_rating": 0.2943393352627754,
      "stability_score": 60,
      "investment_mark": "☆"
    },
    {
      "horse_number": 1,
      "name": "ブラックレーション",
      "popularity": 7,
      "odds": 19.4,
      "mark": "▲",
      "score": 109.39,
      "track_aptitude": 2,
      "total_points": 79.9361766414875,
      "detail_points": {
        "score": 39.726176641487505,
        "bias": 15.0,
        "pace": 10.2,
        "3f": 9.0,
        "margin": 4.0,
        "track": 2.0100000000000002
      },
      "avg_margin": 1.3666666666666665,
      "race_name": "函館6R",
      "pred_prob_won": 0.041140171140432356,
      "pred_prob_in_top2": 0.056244869530200955,
      "pred_prob_in_top3": 0.17137709259986877,
      "score_z": -0.22098901692391182,
      "上り3F平均": 37.77,
      "Ave-3F平均": 37.84,
      "PCI平均": 50.2,
      "-3F差平均": 0.47,
      "想定脚質": "先行",
      "track_bias_aptitude_score": 94.3,
      "investment_value_score": 32.6,
      "total_investment_index": 52.5,
      "investment_rating": 0.23541828244924545,
      "stability_score": 60,
      "investment_mark": "☆"
    },
    {
      "horse_number": 12,
      "name": "デコピン",
      "popularity": 9,
      "odds": 34.4,
      "mark": "△",
      "score": 105.83,
      "track_aptitude": 1,
      "total_points": 67.57332364904124,
      "detail_points": {
        "score": 38.43332364904125,
        "bias": 4.95,
        "pace": 10.2,
        "3f": 9.0,
        "margin": 4.0,
        "track": 0.99
      },
      "avg_margin": 1.1,
      "race_name": "函館6R",
      "pred_prob_won": 0.02711859457194805,
      "pred_prob_in_top2": 0.049651487916707995,
      "pred_prob_in_top3": 0.12002188563346863,
      "score_z": -0.44074345833428336,
      "上り3F平均": 35.56,
      "Ave-3F平均": 35.75,
      "PCI平均": 50.54,
      "-3F差平均": 0.72,
      "想定脚質": "中団",
      "track_bias_aptitude_score": 31.7,
      "investment_value_score": 21.3,
      "total_investment_index": 26.6,
      "investment_rating": -0.0278500834107398,
      "stability_score": 60,
      "investment_mark": "××"
    },
    {
      "horse_number": 4,
      "name": "ダイハッシュウ",
      "popularity": 11,
      "odds": 46.8,
      "mark": "△",
      "score": 104.9,
      "track_aptitude": 2,
      "total_points": 66.25558396281232,
      "detail_points": {
        "score": 38.09558396281232,
        "bias": 4.95,
        "pace": 10.2,
        "3f": 7.0,
        "margin": 4.0,
        "track": 2.0100000000000002
      },
      "avg_margin": 1.8000000000000003,
      "race_name": "函館6R",
      "pred_prob_won": 0.026845658197999,
      "pred_prob_in_top2": 0.03282768800854683,
      "pred_prob_in_top3": 0.11157573163509368,
      "score_z": -0.4981512197139586,
      "上り3F平均": 37.43,
      "Ave-3F平均": 37.61,
      "PCI平均": 50.83,
      "-3F差平均": 1.16,
      "想定脚質": "中団",
      "track_bias_aptitude_score": 37.3,
      "investment_value_score": 16.6,
      "total_investment_index": 25.3,
      "investment_rating": -0.06297293350100519,
      "stability_score": 60,
      "investment_mark": "××"
    },
    {
      "horse_number": 11,
      "name": "スリーセンス",
      "popularity": 5,
      "odds": 14.6,
      "mark": "×",
      "score": 102.33,
      "track_aptitude": 2,
      "total_points": 65.32226031377107,