{
  "horses": [
    {
      "horse_number": 3,
      "name": "ムーンリットアイル",
      "popularity": 2,
      "odds": 4.1,
      "mark": "○",
      "score": 117.78,
      "track_aptitude": 2,
      "total_points": 91.03679711466711,
      "detail_points": {
        "score": 48.82679711466711,
        "bias": 15.0,
        "pace": 10.2,
        "3f": 7.0,
        "margin": 8.0,
        "track": 2.0100000000000002
      },
      "avg_margin": 0.25,
      "race_name": "函館1R",
      "pred_prob_won": 0.21643449366092682,
      "pred_prob_in_top2": 0.16278243958950042,
      "pred_prob_in_top3": 0.5113670945167541,
      "score_z": 1.4904593174020475,
      "上り3F平均": 34.3,
      "Ave-3F平均": 33.9,
      "PCI平均": 48.8,
      "-3F差平均": 0.1,
      "想定脚質": "先行",
      "track_bias_aptitude_score": 93.7,
      "investment_value_score": 82.4,
      "total_investment_index": 85.0,
      "investment_rating": 1.0341012835502625,
      "stability_score": 90,
      "investment_mark": "◎"
    },
    {
      "horse_number": 4,
      "name": "アニマレイ",
      "popularity": 1,
      "odds": 1.6,
      "mark": "◎",
      "score": 120.61,
      "track_aptitude": 0,
      "total_points": 91.2,
      "detail_points": {
        "score": 50.0,
        "bias": 15.0,
        "pace": 10.2,
        "3f": 7.0,
        "margin": 9.0,
        "track": 0.0
      },
      "avg_margin": 0.1,
      "race_name": "函館1R",
      "pred_prob_won": 0.26225232183933256,
      "pred_prob_in_top2": 0.16751168072223663,
      "pred_prob_in_top3": 0.5476889729499816,
      "score_z": 1.6884719862815307,
      "上り3F平均": 35.1,
      "Ave-3F平均": 33.5,
      "PCI平均": 45.4,
      "-3F差平均": 0.1,
      "想定脚質": "先行",
      "track_bias_aptitude_score": 81.2,
      "investment_value_score": 100,
      "total_investment_index": 92.2,
      "investment_rating": 0.891837983727455,
      "stability_score": 90,
      "investment_mark": "○"
    },
    {
      "horse_number": 1,
      "name": "ヘクセンハウス",
      "popularity": 4,
      "odds": 17.3,
      "mark": "▲",
      "score": 109.19,
      "track_aptitude": 0,
      "total_points": 83.46573252632452,
      "detail_points": {
        "score": 45.26573252632451,
        "bias": 15.0,
        "pace": 10.2,
        "3f": 9.0,
        "margin": 4.0,
        "track": 0.0
      },
      "avg_margin": 1.2,
      "race_name": "函館1R",
      "pred_prob_won": 0.11339433491230011,
      "pred_prob_in_top2": 0.120570707321167,
      "pred_prob_in_top3": 0.3421477138996124,
      "score_z": 0.8894243966689157,
      "上り3F平均": 35.6,
      "Ave-3F平均": 34.0,
      "PCI平均": 45.5,
      "-3F差平均": 0.6,
      "想定脚質": "先行",
      "track_bias_aptitude_score": 81.2,
      "investment_value_score": 56.4,
      "total_investment_index": 64.7,
      "investment_rating": 0.8028056269884107,
      "stability_score": 60,
      "investment_mark": "▲"
    },
    {
      "horse_number": 6,
      "name": "マルモリラピダス",
      "popularity": 3,
      "odds": 8.9,
      "mark": "▲",
      "score": 108.91,
      "track_aptitude": 2,
      "total_points": 87.35965591576155,
      "detail_points": {
        "score": 45.14965591576154,
        "bias": 15.0,
        "pace": 10.2,
        "3f": 9.0,
        "margin": 6.0,
        "track": 2.0100000000000002
      },
      "avg_margin": 0.6,
      "race_name": "函館1R",
      "pred_prob_won": 0.11610642224550247,
      "pred_prob_in_top2": 0.12056086510419846,
      "pred_prob_in_top3": 0.3440774083137512,
      "score_z": 0.8698330372038077,
      "上り3F平均": 34.1,
      "Ave-3F平均": 34.35,
      "PCI平均": 50.7,
      "-3F差平均": 0.4,
      "想定脚質": "先行",
      "track_bias_aptitude_score": 93.7,
      "investment_value_score": 62.3,
      "total_investment_index": 71.9,
      "investment_rating": 0.6714747995138168,
      "stability_score": 75,
      "investment_mark": "△"
    },
    {
      "horse_number": 11,
      "name": "カレンショー",
      "popularity": 6,
      "odds": 20.7,
      "mark": "△",
      "score": 95.47,
      "track_aptitude": 0,
      "total_points": 63.85797860873891,
      "detail_points": {
        "score": 39.57797860873891,
        "bias": 3.0,
        "pace": 8.28,
        "3f": 9.0,
        "margin": 4.0,
        "track": 0.0
      },
      "avg_margin": 1.2,
      "race_name": "函館1R",
      "pred_prob_won": 0.03313504830002785,
      "pred_prob_in_top2": 0.051912488788366316,
      "pred_prob_in_top3": 0.13835673034191132,
      "score_z": -0.07055221712137116,
      "上り3F平均": 35.9,
      "Ave-3F平均": 35.8,
      "PCI平均": 49.7,
      "-3F差平均": 1.3,
      "想定脚質": "後方",
      "track_bias_aptitude_score": 1,
      "investment_value_score": 26.4,
      "total_investment_index": 21.0,
      "investment_rating": 0.01945499777793891,
      "stability_score": 60,
      "investment_mark": "☆"
    },
    {
      "horse_number": 12,
      "name": "プレザントトーン",
      "popularity": 10,
      "odds": 42.5,
      "mark": "△",
      "score": 90.71,
      "track_aptitude": 1,
      "total_points": 60.874676229168394,
      "detail_points": {
        "score": 37.60467622916839,
        "bias": 3.0,
        "pace": 8.28,
        "3f": 9.0,
        "margin": 2.0,
        "track": 0.99
      },
      "avg_margin": 2.4,
      "race_name": "函館1R",
      "pred_prob_won": 0.027503252401947974,
      "pred_prob_in_top2": 0.04459472075104713,
      "pred_prob_in_top3": 0.11786915957927704,
      "score_z": -0.40360532802820576,
      "上り3F平均": 33.8,
      "Ave-3F平均": 37.5,
      "PCI平均": 60.9,
      "-3F差平均": 2.5,
      "想定脚質": "後方",
      "track_bias_aptitude_score": 7.3,
      "investment_value_score": 12.8,
      "total_investment_index": 14.2,
      "investment_rating": -0.027768219113349923,
      "stability_score": 45,
      "investment_mark": "××"
    },
    {
      "horse_number": 8,
      "name": "ステイフリー",
      "popularity": 9,
      "odds": 31.9,
      "mark": "△",
      "score": 89.3,
      "track_aptitude": 2,
      "total_points": 63.31014758311915,
      "detail_points": {
        "score": 37.02014758311915,
        "bias": 3.0,
        "pace": 8.28,
        "3f": 9.0,
        "margin": 4.0,
        "track": 2.0100000000000002
      },
      "avg_margin": 2.0,
      "race_name": "函館1R",
      "pred_prob_won": 0.028057206049561502,
      "pred_prob_in_top2": 0.03955816328525543,
      "pred_prob_in_top3": 0.10997789651155472,
      "score_z": -0.5022618167632131,
      "上り3F平均": 34.2,
      "Ave-3F平均": 36.0,
      "PCI平均": 55.3,
      "-3F差平均": 2.6,
      "想定脚質": "後方",
      "track_bias_aptitude_score": 13.6,
      "investment_value_score": 13.2,
      "total_investment_index": 16.2,
      "investment_rating": -0.09665140889585011,
      "stability_score": 60,
      "investment_mark": "××"
    },
    {
      "horse_number": 5,
      "name": "シーグルロス",
      "popularity": 8,
      "odds": 30.2,
      "mark": "△",
      "score": 89.43,
      "track_aptitude": 0,
      "total_points": 65.22404029516625,
      "detail_points": {
        "score": 37.07404029516624,
        "bias": 4.95,
        "pace": 10.2,
        "3f": 9.0,
        "margin": 4.0,
        "track": 0.0
      },
      "avg_margin": 1.4,
      "race_name": "函館1R",
      "pred_prob_won": 0.02412698231637478,
      "pred_prob_in_top2": 0.03854409754276276,
      "pred_prob_in_top3": 0.10716861188411712,
      "score_z": -0.4931658284401267,
      "上り3F平均": 35.6,
      "Ave-3F平均": 36.68,
      "PCI平均": 53.0,
      "-3F差平均": 0.9,
      "想定脚質": "中団",
      "track_bias_aptitude_score": 17.1,
      "investment_value_score": 14.9,
      "total_investment_index": 18.2,
      "investment_rating": -0.12483774513006218,
      "stability_score": 60,
      "investment_mark": "××"
    },
    {
      "horse_number": 9,
      "name": "ルーセントムーン",
      "popularity": 12,
      "odds": 87.8,
      "mark": "消",
      "score": 89.22,
      "track_aptitude": 0,
      "total_points": 59.26698283724401,
      "detail_points": {
        "score": 36.98698283724401,
        "bias": 3.0,
        "pace": 8.28,
        "3f": 9.0,