{
  "horses": [
    {
      "horse_number": 1,
      "name": "ハリウッドメモリー",
      "popularity": 1,
      "odds": 1.8,
      "mark": "◎",
      "score": 118.04,
      "track_aptitude": 2,
      "total_points": 96.01,
      "detail_points": {
        "score": 50.0,
        "bias": 15.0,
        "pace": 12.0,
        "3f": 9.0,
        "margin": 8.0,
        "track": 2.0100000000000002
      },
      "avg_margin": 0.325,
      "race_name": "函館9R",
      "pred_prob_won": 0.2231536775827408,
      "pred_prob_in_top2": 0.15987602174282073,
      "pred_prob_in_top3": 0.5251468539237976,
      "score_z": 1.3958105668457736,
      "上り3F平均": 35.48,
      "Ave-3F平均": 34.45,
      "PCI平均": 47.16,
      "-3F差平均": 0.36,
      "想定脚質": "先行",
      "track_bias_aptitude_score": 92.5,
      "investment_value_score": 100,
      "total_investment_index": 95.1,
      "investment_rating": 0.7416391628980636,
      "stability_score": 90,
      "investment_mark": "◎"
    },
    {
      "horse_number": 6,
      "name": "アジュマン",
      "popularity": 2,
      "odds": 2.9,
      "mark": "○",
      "score": 113.62,
      "track_aptitude": 0,
      "total_points": 86.07775330396476,
      "detail_points": {
        "score": 48.12775330396476,
        "bias": 10.95,
        "pace": 12.0,
        "3f": 9.0,
        "margin": 6.0,
        "track": 0.0
      },
      "avg_margin": 0.9333333333333332,
      "race_name": "函館9R",
      "pred_prob_won": 0.1547095537185669,
      "pred_prob_in_top2": 0.1558462291955948,
      "pred_prob_in_top3": 0.4390566527843475,
      "score_z": 1.1115844704238527,
      "上り3F平均": 36.08,
      "Ave-3F平均": 36.51,
      "PCI平均": 51.38,
      "-3F差平均": 0.7,
      "想定脚質": "中団",
      "track_bias_aptitude_score": 47.8,
      "investment_value_score": 77.6,
      "total_investment_index": 67.8,
      "investment_rating": 0.7049812889099122,
      "stability_score": 75,
      "investment_mark": "○"
    },
    {
      "horse_number": 7,
      "name": "ブルーアイドガール",
      "popularity": 4,
      "odds": 6.6,
      "mark": "▲",
      "score": 105.89,
      "track_aptitude": 0,
      "total_points": 80.80343951202981,
      "detail_points": {
        "score": 44.853439512029816,
        "bias": 10.95,
        "pace": 12.0,
        "3f": 9.0,
        "margin": 4.0,
        "track": 0.0
      },
      "avg_margin": 1.5750000000000002,
      "race_name": "函館9R",
      "pred_prob_won": 0.08614745140075683,
      "pred_prob_in_top2": 0.09348104596138,
      "pred_prob_in_top3": 0.27810453772544863,
      "score_z": 0.6145103244189998,
      "上り3F平均": 36.41,
      "Ave-3F平均": 35.84,
      "PCI平均": 49.27,
      "-3F差平均": 0.62,
      "想定脚質": "中団",
      "track_bias_aptitude_score": 47.8,
      "investment_value_score": 48.6,
      "total_investment_index": 49.5,
      "investment_rating": 0.3958495122194291,
      "stability_score": 60,
      "investment_mark": "△"
    },
    {
      "horse_number": 3,
      "name": "エルサトアナ",
      "popularity": 3,
      "odds": 6.0,
      "mark": "▲",
      "score": 102.87,
      "track_aptitude": 0,
      "total_points": 85.57421213148086,
      "detail_points": {
        "score": 43.574212131480856,
        "bias": 15.0,
        "pace": 12.0,
        "3f": 9.0,
        "margin": 6.0,
        "track": 0.0
      },
      "avg_margin": 0.5071428571428571,
      "race_name": "函館9R",
      "pred_prob_won": 0.07021296471357345,
      "pred_prob_in_top2": 0.08472192287445068,
      "pred_prob_in_top3": 0.24888646304607392,
      "score_z": 0.42031059337958804,
      "上り3F平均": 36.69,
      "Ave-3F平均": 35.21,
      "PCI平均": 46.09,
      "-3F差平均": 0.54,
      "想定脚質": "先行",
      "track_bias_aptitude_score": 77.5,
      "investment_value_score": 51.7,
      "total_investment_index": 60.0,
      "investment_rating": 0.18332423642277718,
      "stability_score": 75,
      "investment_mark": "△"
    },
    {
      "horse_number": 5,
      "name": "ラセーヌシュメール",
      "popularity": 5,
      "odds": 28.4,
      "mark": "△",
      "score": 85.54,
      "track_aptitude": 1,
      "total_points": 79.22348017621145,
      "detail_points": {
        "score": 36.23348017621145,
        "bias": 15.0,
        "pace": 12.0,
        "3f": 9.0,
        "margin": 6.0,
        "track": 0.99
      },
      "avg_margin": 0.99,
      "race_name": "函館9R",
      "pred_prob_won": 0.022849185019731523,
      "pred_prob_in_top2": 0.03256072700023651,
      "pred_prob_in_top3": 0.09516693651676178,
      "score_z": -0.6940872009624681,
      "上り3F平均": 36.59,
      "Ave-3F平均": 35.02,
      "PCI平均": 45.77,
      "-3F差平均": 0.59,
      "想定脚質": "先行",
      "track_bias_aptitude_score": 85.0,
      "investment_value_score": 15.8,
      "total_investment_index": 38.8,
      "investment_rating": -0.38844035789370535,
      "stability_score": 75,
      "investment_mark": "××"
    },
    {
      "horse_number": 2,
      "name": "スプリングデイ",
      "popularity": 6,
      "odds": 64.2,
      "mark": "△",
      "score": 82.77,
      "track_aptitude": 1,
      "total_points": 74.00014910199931,
      "detail_points": {
        "score": 35.060149101999315,
        "bias": 10.95,
        "pace": 12.0,
        "3f": 9.0,
        "margin": 6.0,
        "track": 0.99
      },
      "avg_margin": 0.6900000000000001,
      "race_name": "函館9R",
      "pred_prob_won": 0.021096166968345643,
      "pred_prob_in_top2": 0.030491416901350023,
      "pred_prob_in_top3": 0.09166702628135681,
      "score_z": -0.8722107953264329,
      "上り3F平均": 34.88,
      "Ave-3F平均": 35.05,
      "PCI平均": 50.57,
      "-3F差平均": 0.78,
      "想定脚質": "中団",
      "track_bias_aptitude_score": 55.3,
      "investment_value_score": 10.9,
      "total_investment_index": 26.7,
      "investment_rating": -0.40499805808067324,
      "stability_score": 75,
      "investment_mark": "××"
    },
    {
      "horse_number": 4,
      "name": "アルマロクザン",
      "popularity": 7,
      "odds": 120.1,
      "mark": "△",
      "score": 83.82,
      "track_aptitude": 1,
      "total_points": 78.49491358861401,
      "detail_points": {
        "score": 35.50491358861402,
        "bias": 15.0,
        "pace": 12.0,
        "3f": 9.0,
        "margin": 6.0,
        "track": 0.99
      },
      "avg_margin": 0.9200000000000002,
      "race_name": "函館9R",
      "pred_prob_won": 0.022863180562853812,
      "pred_prob_in_top2": 0.03228856213390827,
      "pred_prob_in_top3": 0.08920994102954864,
      "score_z": -0.8046910212895514,
      "上り3F平均": 34.9,
      "Ave-3F平均": 35.15,
      "PCI平均": 50.73,
      "-3F差平均": 1.0,
      "想定脚質": "先行",
      "track_bias_aptitude_score": 85.0,
      "investment_value_score": 7.6,
      "total_investment_index": 33.7,
      "investment_rating": -0.41920085087418557,
      "stability_score": 75,
      "investment_mark": "××"
    },
    {
      "horse_number": 8,
      "name": "フリントロック",
      "popularity": 8,
      "odds": 166.1,
      "mark": "△",
      "score": 78.12,
      "track_aptitude": 2,
      "total_points": 77.1004778041342,
      "detail_points": {
        "score": 33.090477804134196,
        "bias": 15.0,
        "pace": 12.0,
        "3f": 9.0,
        "margin": 6.0,
        "track": 2.0100000000000002
      },
      "avg_margin": 0.865,
      "race_name": "函館9R",
      "pred_prob_won": 0.016896479204297064,
      "pred_prob_in_top2": 0.02618120200932026,
      "pred_prob_in_top3": 0.07586212009191513,
      "score_z": -1.1712269374897653,
      "上り3F平均": 35.99,
      "Ave-3F平均": 34.63,
      "PCI平均": 46.3,
      "-3F差平均": 0.45,
      "想定脚質": "先行",
      "track_bias_aptitude_score": 92.5,
      "investment_value_score": 1,
      "total_investment_index": 31.4,
      "investment_rating": -0.5068962194025516,
      "stability_score": 75,
      "investment_mark": "××"
    }
  ]
}