{
  "horses": [
    {
      "horse_number": 6,
      "name": "フォレストオール",
      "popularity": 3,
      "odds": 6.4,
      "mark": "▲",
      "score": 110.9,
      "track_aptitude": 1,
      "total_points": 88.95395746981437,
      "detail_points": {
        "score": 49.96395746981438,
        "bias": 15.0,
        "pace": 12.0,
        "3f": 7.0,
        "margin": 4.0,
        "track": 0.99
      },
      "avg_margin": 1.8083333333333333,
      "race_name": "函館2R",
      "pred_prob_won": 0.17281184196472169,
      "pred_prob_in_top2": 0.140741465985775,
      "pred_prob_in_top3": 0.44414713978767395,
      "score_z": 1.3276326189366952,
      "上り3F平均": 38.83,
      "Ave-3F平均": 35.62,
      "PCI平均": 41.77,
      "-3F差平均": 0.24,
      "想定脚質": "先行",
      "track_bias_aptitude_score": 88.3,
      "investment_value_score": 76.3,
      "total_investment_index": 79.5,
      "investment_rating": 1.0267223462462425,
      "stability_score": 60,
      "investment_mark": "◎"
    },
    {
      "horse_number": 7,
      "name": "タマゴ",
      "popularity": 2,
      "odds": 3.2,
      "mark": "◎",
      "score": 107.81,
      "track_aptitude": 2,
      "total_points": 92.58181474139485,
      "detail_points": {
        "score": 48.571814741394846,
        "bias": 15.0,
        "pace": 12.0,
        "3f": 9.0,
        "margin": 6.0,
        "track": 2.0100000000000002
      },
      "avg_margin": 0.8999999999999999,
      "race_name": "函館2R",
      "pred_prob_won": 0.14828318059444429,
      "pred_prob_in_top2": 0.1412155508995056,
      "pred_prob_in_top3": 0.4272297441959381,
      "score_z": 1.112029686732549,
      "上り3F平均": 38.55,
      "Ave-3F平均": 35.27,
      "PCI平均": 41.52,
      "-3F差平均": 0.37,
      "想定脚質": "先行",
      "track_bias_aptitude_score": 94.1,
      "investment_value_score": 82.8,
      "total_investment_index": 84.8,
      "investment_rating": 0.7816892325878143,
      "stability_score": 75,
      "investment_mark": "○"
    },
    {
      "horse_number": 1,
      "name": "ハイエンドモデル",
      "popularity": 1,
      "odds": 2.5,
      "mark": "○",
      "score": 110.98,
      "track_aptitude": 0,
      "total_points": 92.0,
      "detail_points": {
        "score": 50.0,
        "bias": 15.0,
        "pace": 12.0,
        "3f": 9.0,
        "margin": 6.0,
        "track": 0.0
      },
      "avg_margin": 0.7875,
      "race_name": "函館2R",
      "pred_prob_won": 0.1789431542158127,
      "pred_prob_in_top2": 0.14435001313686371,
      "pred_prob_in_top3": 0.46089489459991456,
      "score_z": 1.3332145718740191,
      "上り3F平均": 37.77,
      "Ave-3F平均": 34.39,
      "PCI平均": 41.15,
      "-3F差平均": 0.3,
      "想定脚質": "先行",
      "track_bias_aptitude_score": 82.4,
      "investment_value_score": 100,
      "total_investment_index": 91.9,
      "investment_rating": 0.6791924917697907,
      "stability_score": 75,
      "investment_mark": "△"
    },
    {
      "horse_number": 8,
      "name": "バスキュラリティ",
      "popularity": 10,
      "odds": 53.7,
      "mark": "⭐︎",
      "score": 98.56,
      "track_aptitude": 0,
      "total_points": 74.35439718868264,
      "detail_points": {
        "score": 44.404397188682644,
        "bias": 4.95,
        "pace": 12.0,
        "3f": 9.0,
        "margin": 4.0,
        "track": 0.0
      },
      "avg_margin": 1.9,
      "race_name": "函館2R",
      "pred_prob_won": 0.04861047044396401,
      "pred_prob_in_top2": 0.055107922106981275,
      "pred_prob_in_top3": 0.17121727168560028,
      "score_z": 0.4666163783544421,
      "上り3F平均": 37.78,
      "Ave-3F平均": 37.02,
      "PCI平均": 48.12,
      "-3F差平均": 0.96,
      "想定脚質": "中団",
      "track_bias_aptitude_score": 19.6,
      "investment_value_score": 29.6,
      "total_investment_index": 29.4,
      "investment_rating": 0.367007810473442,
      "stability_score": 60,
      "investment_mark": "△"
    },
    {
      "horse_number": 5,
      "name": "プレインコート",
      "popularity": 6,
      "odds": 20.2,
      "mark": "△",
      "score": 94.55,
      "track_aptitude": 2,
      "total_points": 74.5577653631285,
      "detail_points": {
        "score": 42.59776536312849,
        "bias": 4.95,
        "pace": 12.0,
        "3f": 9.0,
        "margin": 4.0,
        "track": 2.0100000000000002
      },
      "avg_margin": 1.1714285714285713,
      "race_name": "函館2R",
      "pred_prob_won": 0.04727023765444756,
      "pred_prob_in_top2": 0.05782310143113136,
      "pred_prob_in_top3": 0.16972492635250092,
      "score_z": 0.18682098737106786,
      "上り3F平均": 35.96,
      "Ave-3F平均": 34.92,
      "PCI平均": 47.2,
      "-3F差平均": 0.87,
      "想定脚質": "中団",
      "track_bias_aptitude_score": 31.3,
      "investment_value_score": 38.3,
      "total_investment_index": 37.7,
      "investment_rating": 0.18256961703300478,
      "stability_score": 60,
      "investment_mark": "☆"
    },
    {
      "horse_number": 10,
      "name": "レストプレドゥモア",
      "popularity": 4,
      "odds": 6.5,
      "mark": "▲",
      "score": 91.69,
      "track_aptitude": 1,
      "total_points": 82.2992449089926,
      "detail_points": {
        "score": 41.30924490899261,
        "bias": 15.0,
        "pace": 12.0,
        "3f": 9.0,
        "margin": 4.0,
        "track": 0.99
      },
      "avg_margin": 1.633333333333333,
      "race_name": "函館2R",
      "pred_prob_won": 0.05131294876337052,
      "pred_prob_in_top2": 0.06553800553083419,
      "pred_prob_in_top3": 0.18547258973121644,
      "score_z": -0.012733830138271073,
      "上り3F平均": 37.5,
      "Ave-3F平均": 35.83,
      "PCI平均": 45.63,
      "-3F差平均": 0.43,
      "想定脚質": "先行",
      "track_bias_aptitude_score": 88.3,
      "investment_value_score": 47.0,
      "total_investment_index": 59.7,
      "investment_rating": 0.16043761789798744,
      "stability_score": 60,
      "investment_mark": "☆"
    },
    {
      "horse_number": 2,
      "name": "メイショウユウモウ",
      "popularity": 9,
      "odds": 37.3,
      "mark": "△",
      "score": 90.66,
      "track_aptitude": 1,
      "total_points": 79.83519733285276,
      "detail_points": {
        "score": 40.84519733285276,
        "bias": 15.0,
        "pace": 12.0,
        "3f": 7.0,
        "margin": 4.0,
        "track": 0.99
      },
      "avg_margin": 1.9749999999999999,
      "race_name": "函館2R",
      "pred_prob_won": 0.035439709573984145,
      "pred_prob_in_top2": 0.05725499764084816,
      "pred_prob_in_top3": 0.14605745077133178,
      "score_z": -0.0846014742063198,
      "上り3F平均": 38.12,
      "Ave-3F平均": 34.86,
      "PCI平均": 41.78,
      "-3F差平均": 0.27,
      "想定脚質": "先行",
      "track_bias_aptitude_score": 88.3,
      "investment_value_score": 26.9,
      "total_investment_index": 47.5,
      "investment_rating": 0.15049353778362273,
      "stability_score": 60,
      "investment_mark": "×"
    },
    {
      "horse_number": 3,
      "name": "オンサイト",
      "popularity": 7,
      "odds": 29.2,
      "mark": "△",
      "score": 89.0,
      "track_aptitude": 1,
      "total_points": 81.08731483150116,
      "detail_points": {
        "score": 40.097314831501166,
        "bias": 15.0,
        "pace": 12.0,
        "3f": 9.0,
        "margin": 4.0,
        "track": 0.99
      },
      "avg_margin": 1.6666666666666667,
      "race_name": "函館2R",
      "pred_prob_won": 0.026980958878993988,
      "pred_prob_in_top2": 0.046766863018274304,
      "pred_prob_in_top3": 0.13062913119792938,
      "score_z": -0.20042699765579602,
      "上り3F平均": 37.5,
      "Ave-3F平均": 35.71,
      "PCI平均": 45.37,
      "-3F差平均": 0.4,
      "想定脚質": "先行",
      "track_bias_aptitude_score": 88.3,
      "investment_value_score": 29.2,
      "total_investment_index": 48.7,
      "investment_rating": 0.0011175043880939928,
      "stability_score": 60,
      "investment_mark": "×"
    },
    {
      "horse_number": 12,
      "name": "フルグライト",
      "popularity": 5,
      "odds": 16.9,
      "mark": "△",
      "score": 87.65,
      "track_aptitude": 1,
      "total_points": 80.47909713461884,