{
  "horses": [
    {
      "horse_number": 11,
      "name": "サマースピリット",
      "popularity": 2,
      "odds": 3.8,
      "mark": "○",
      "score": 116.56,
      "track_aptitude": 0,
      "total_points": 87.7873394027057,
      "detail_points": {
        "score": 49.587339402705695,
        "bias": 15.0,
        "pace": 10.2,
        "3f": 7.0,
        "margin": 6.0,
        "track": 0.0
      },
      "avg_margin": 0.8875,
      "race_name": "函館3R",
      "pred_prob_won": 0.21150131821632384,
      "pred_prob_in_top2": 0.15920243859291078,
      "pred_prob_in_top3": 0.5028321325778962,
      "score_z": 1.4577245046775715,
      "上り3F平均": 35.52,
      "Ave-3F平均": 35.36,
      "PCI平均": 49.72,
      "-3F差平均": 0.23,
      "想定脚質": "先行",
      "track_bias_aptitude_score": 79.1,
      "investment_value_score": 84.1,
      "total_investment_index": 81.6,
      "investment_rating": 1.0084963977336883,
      "stability_score": 75,
      "investment_mark": "◎"
    },
    {
      "horse_number": 2,
      "name": "ペイシャアーサー",
      "popularity": 1,
      "odds": 2.7,
      "mark": "◎",
      "score": 117.53,
      "track_aptitude": 0,
      "total_points": 92.2,
      "detail_points": {
        "score": 50.0,
        "bias": 15.0,
        "pace": 10.2,
        "3f": 9.0,
        "margin": 8.0,
        "track": 0.0
      },
      "avg_margin": 0.3,
      "race_name": "函館3R",
      "pred_prob_won": 0.23854790329933168,
      "pred_prob_in_top2": 0.16256671845912934,
      "pred_prob_in_top3": 0.5350721597671508,
      "score_z": 1.5257648977902787,
      "上り3F平均": 34.74,
      "Ave-3F平均": 35.27,
      "PCI平均": 51.56,
      "-3F差平均": 0.7,
      "想定脚質": "先行",
      "track_bias_aptitude_score": 79.1,
      "investment_value_score": 100,
      "total_investment_index": 91.3,
      "investment_rating": 0.8609267914295196,
      "stability_score": 90,
      "investment_mark": "○"
    },
    {
      "horse_number": 5,
      "name": "タッカーバリアント",
      "popularity": 3,
      "odds": 5.0,
      "mark": "▲",
      "score": 109.01,
      "track_aptitude": 0,
      "total_points": 84.62539351654897,
      "detail_points": {
        "score": 46.37539351654897,
        "bias": 13.05,
        "pace": 10.2,
        "3f": 9.0,
        "margin": 6.0,
        "track": 0.0
      },
      "avg_margin": 0.7937500000000001,
      "race_name": "函館3R",
      "pred_prob_won": 0.1200279250741005,
      "pred_prob_in_top2": 0.12225469946861267,
      "pred_prob_in_top3": 0.3513394474983215,
      "score_z": 0.9281317541611395,
      "上り3F平均": 37.56,
      "Ave-3F平均": 35.4,
      "PCI平均": 44.38,
      "-3F差平均": 0.54,
      "想定脚質": "中団",
      "track_bias_aptitude_score": 62.7,
      "investment_value_score": 66.0,
      "total_investment_index": 65.0,
      "investment_rating": 0.6972550386190414,
      "stability_score": 75,
      "investment_mark": "△"
    },
    {
      "horse_number": 6,
      "name": "アンビシャスヨシノ",
      "popularity": 4,
      "odds": 5.8,
      "mark": "△",
      "score": 108.3,
      "track_aptitude": 2,
      "total_points": 74.36334297626139,
      "detail_points": {
        "score": 46.07334297626138,
        "bias": 3.0,
        "pace": 8.28,
        "3f": 7.0,
        "margin": 8.0,
        "track": 2.0100000000000002
      },
      "avg_margin": 0.4375,
      "race_name": "函館3R",
      "pred_prob_won": 0.09639290571212769,
      "pred_prob_in_top2": 0.0963525041937828,
      "pred_prob_in_top3": 0.29582527875900266,
      "score_z": 0.878328992192044,
      "上り3F平均": 34.75,
      "Ave-3F平均": 34.82,
      "PCI平均": 50.22,
      "-3F差平均": 0.98,
      "想定脚質": "後方",
      "track_bias_aptitude_score": 14.9,
      "investment_value_score": 56.6,
      "total_investment_index": 44.9,
      "investment_rating": 0.6128836429119109,
      "stability_score": 90,
      "investment_mark": "△"
    },
    {
      "horse_number": 9,
      "name": "ブラヴォケラトプス",
      "popularity": 5,
      "odds": 11.5,
      "mark": "▲",
      "score": 100.51,
      "track_aptitude": 0,
      "total_points": 80.95929549902152,
      "detail_points": {
        "score": 42.759295499021526,
        "bias": 15.0,
        "pace": 10.2,
        "3f": 9.0,
        "margin": 4.0,
        "track": 0.0
      },
      "avg_margin": 1.1800000000000002,
      "race_name": "函館3R",
      "pred_prob_won": 0.0674927569925785,
      "pred_prob_in_top2": 0.08066312223672867,
      "pred_prob_in_top3": 0.22192973494529725,
      "score_z": 0.33190150523535467,
      "上り3F平均": 36.58,
      "Ave-3F平均": 36.3,
      "PCI平均": 49.6,
      "-3F差平均": 0.84,
      "想定脚質": "先行",
      "track_bias_aptitude_score": 79.1,
      "investment_value_score": 44.5,
      "total_investment_index": 56.0,
      "investment_rating": 0.3819732674956322,
      "stability_score": 60,
      "investment_mark": "☆"
    },
    {
      "horse_number": 7,
      "name": "ヒロノエクスカリバ",
      "popularity": 6,
      "odds": 23.0,
      "mark": "△",
      "score": 94.96,
      "track_aptitude": 0,
      "total_points": 74.6481962052242,
      "detail_points": {
        "score": 40.398196205224195,
        "bias": 13.05,
        "pace": 10.2,
        "3f": 7.0,
        "margin": 4.0,
        "track": 0.0
      },
      "avg_margin": 1.65,
      "race_name": "函館3R",
      "pred_prob_won": 0.03423295840620995,
      "pred_prob_in_top2": 0.05100679323077202,
      "pred_prob_in_top3": 0.13692229092121125,
      "score_z": -0.05740177494559969,
      "上り3F平均": 36.19,
      "Ave-3F平均": 35.86,
      "PCI平均": 49.25,
      "-3F差平均": 1.04,
      "想定脚質": "中団",
      "track_bias_aptitude_score": 62.7,
      "investment_value_score": 30.6,
      "total_investment_index": 42.1,
      "investment_rating": 0.011995912790298546,
      "stability_score": 60,
      "investment_mark": "☆"
    },
    {
      "horse_number": 1,
      "name": "ルナティックアイ",
      "popularity": 9,
      "odds": 40.8,
      "mark": "△",
      "score": 90.31,
      "track_aptitude": 0,
      "total_points": 74.6699778779886,
      "detail_points": {
        "score": 38.4199778779886,
        "bias": 13.05,
        "pace": 10.2,
        "3f": 9.0,
        "margin": 4.0,
        "track": 0.0
      },
      "avg_margin": 1.7785714285714287,
      "race_name": "函館3R",
      "pred_prob_won": 0.02637823261320591,
      "pred_prob_in_top2": 0.0416633740067482,
      "pred_prob_in_top3": 0.11335823088884353,
      "score_z": -0.3835747934755872,
      "上り3F平均": 36.47,
      "Ave-3F平均": 36.24,
      "PCI平均": 49.76,
      "-3F差平均": 0.81,
      "想定脚質": "中団",
      "track_bias_aptitude_score": 62.7,
      "investment_value_score": 18.9,
      "total_investment_index": 34.5,
      "investment_rating": -0.07349611841142178,
      "stability_score": 60,
      "investment_mark": "××"
    },
    {
      "horse_number": 10,
      "name": "ロードステイタス",
      "popularity": 8,
      "odds": 31.3,
      "mark": "△",
      "score": 85.53,
      "track_aptitude": 0,
      "total_points": 72.58645452224964,
      "detail_points": {
        "score": 36.386454522249636,
        "bias": 15.0,
        "pace": 10.2,
        "3f": 9.0,
        "margin": 2.0,
        "track": 0.0
      },
      "avg_margin": 2.2125,
      "race_name": "函館3R",
      "pred_prob_won": 0.021043042838573455,
      "pred_prob_in_top2": 0.0326907929033041,
      "pred_prob_in_top3": 0.09157593846321106,
      "score_z": -0.7188666275773815,
      "上り3F平均": 38.3,
      "Ave-3F平均": 37.64,
      "PCI平均": 49.15,
      "-3F差平均": 0.35,
      "想定脚質": "先行",
      "track_bias_aptitude_score": 79.1,
      "investment_value_score": 16.4,
      "total_investment_index": 37.4,
      "investment_rating": -0.22307158768177027,
      "stability_score": 45,
      "investment_mark": "××"
    },
    {
      "horse_number": 3,
      "name": "ファリア",
      "popularity": 7,
      "odds": 29.9,
      "mark": "消",
      "score": 87.34,
      "track_aptitude": 0,
      "total_points": 61.43647068833489,
      "detail_points": {
        "score": 37.15647068833489,