{
  "horses": [
    {
      "horse_number": 6,
      "name": "ヤマニンパルフェ",
      "popularity": 4,
      "odds": 5.9,
      "mark": "○",
      "score": 132.93,
      "track_aptitude": 0,
      "total_points": 90.6459781892703,
      "detail_points": {
        "score": 48.645978189270295,
        "bias": 15.0,
        "pace": 12.0,
        "3f": 9.0,
        "margin": 6.0,
        "track": 0.0
      },
      "avg_margin": 0.64,
      "race_name": "函館3R",
      "pred_prob_won": 0.1718778967857361,
      "pred_prob_in_top2": 0.16468145847320556,
      "pred_prob_in_top3": 0.48291715383529665,
      "score_z": 1.1249799521253312,
      "上り3F平均": 37.04,
      "Ave-3F平均": 36.17,
      "PCI平均": 47.84,
      "-3F差平均": 0.7,
      "想定脚質": "先行",
      "track_bias_aptitude_score": 81.1,
      "investment_value_score": 79.8,
      "total_investment_index": 79.1,
      "investment_rating": 1.4058144730329514,
      "stability_score": 75,
      "investment_mark": "◎"
    },
    {
      "horse_number": 3,
      "name": "パーフェクトパール",
      "popularity": 3,
      "odds": 4.3,
      "mark": "▲",
      "score": 136.63,
      "track_aptitude": 2,
      "total_points": 88.01,
      "detail_points": {
        "score": 50.0,
        "bias": 9.0,
        "pace": 12.0,
        "3f": 9.0,
        "margin": 6.0,
        "track": 2.0100000000000002
      },
      "avg_margin": 0.6,
      "race_name": "函館3R",
      "pred_prob_won": 0.219393727183342,
      "pred_prob_in_top2": 0.17660753130912782,
      "pred_prob_in_top3": 0.5347142875194549,
      "score_z": 1.376182476136418,
      "上り3F平均": 35.3,
      "Ave-3F平均": 35.92,
      "PCI平均": 51.77,
      "-3F差平均": 0.6,
      "想定脚質": "中団",
      "track_bias_aptitude_score": 57.5,
      "investment_value_score": 90.1,
      "total_investment_index": 78.6,
      "investment_rating": 1.3715000063180922,
      "stability_score": 75,
      "investment_mark": "○"
    },
    {
      "horse_number": 8,
      "name": "ヴァルチャースター",
      "popularity": 5,
      "odds": 9.4,
      "mark": "◎",
      "score": 126.47,
      "track_aptitude": 3,
      "total_points": 91.28192929810436,
      "detail_points": {
        "score": 46.281929298104366,
        "bias": 15.0,
        "pace": 12.0,
        "3f": 9.0,
        "margin": 6.0,
        "track": 3.0
      },
      "avg_margin": 0.9,
      "race_name": "函館3R",
      "pred_prob_won": 0.1195778101682663,
      "pred_prob_in_top2": 0.13319533467292785,
      "pred_prob_in_top3": 0.3837630569934845,
      "score_z": 0.6863939237167829,
      "上り3F平均": 36.1,
      "Ave-3F平均": 36.78,
      "PCI平均": 51.9,
      "-3F差平均": 0.77,
      "想定脚質": "先行",
      "track_bias_aptitude_score": 100,
      "investment_value_score": 67.5,
      "total_investment_index": 76.6,
      "investment_rating": 1.1653100621700287,
      "stability_score": 75,
      "investment_mark": "▲"
    },
    {
      "horse_number": 9,
      "name": "セリオヴェローチェ",
      "popularity": 2,
      "odds": 3.9,
      "mark": "△",
      "score": 130.36,
      "track_aptitude": 0,
      "total_points": 85.70548195857427,
      "detail_points": {
        "score": 47.70548195857426,
        "bias": 15.0,
        "pace": 12.0,
        "3f": 7.0,
        "margin": 4.0,
        "track": 0.0
      },
      "avg_margin": 1.025,
      "race_name": "函館3R",
      "pred_prob_won": 0.13783382773399352,
      "pred_prob_in_top2": 0.13671879470348358,
      "pred_prob_in_top3": 0.389328271150589,
      "score_z": 0.9504960367987112,
      "上り3F平均": 36.05,
      "Ave-3F平均": 35.7,
      "PCI平均": 49.05,
      "-3F差平均": 0.25,
      "想定脚質": "先行",
      "track_bias_aptitude_score": 81.1,
      "investment_value_score": 89.5,
      "total_investment_index": 84.6,
      "investment_rating": 0.6985183998942375,
      "stability_score": 60,
      "investment_mark": "△"
    },
    {
      "horse_number": 7,
      "name": "セレニティ",
      "popularity": 8,
      "odds": 36.0,
      "mark": "△",
      "score": 118.72,
      "track_aptitude": 2,
      "total_points": 81.45580253238676,
      "detail_points": {
        "score": 43.44580253238674,
        "bias": 9.0,
        "pace": 12.0,
        "3f": 9.0,
        "margin": 6.0,
        "track": 2.0100000000000002
      },
      "avg_margin": 0.62,
      "race_name": "函館3R",
      "pred_prob_won": 0.051238305121660235,
      "pred_prob_in_top2": 0.06132367178797722,
      "pred_prob_in_top3": 0.19212160408496856,
      "score_z": 0.1602264747746397,
      "上り3F平均": 35.48,
      "Ave-3F平均": 36.97,
      "PCI平均": 54.34,
      "-3F差平均": 0.78,
      "想定脚質": "中団",
      "track_bias_aptitude_score": 57.5,
      "investment_value_score": 40.2,
      "total_investment_index": 46.6,
      "investment_rating": 0.45076002553105354,
      "stability_score": 75,
      "investment_mark": "☆"
    },
    {
      "horse_number": 4,
      "name": "コンドゥイア",
      "popularity": 1,
      "odds": 3.2,
      "mark": "▲",
      "score": 125.8,
      "track_aptitude": 2,
      "total_points": 88.04674156481008,
      "detail_points": {
        "score": 46.03674156481007,
        "bias": 15.0,
        "pace": 12.0,
        "3f": 9.0,
        "margin": 4.0,
        "track": 2.0100000000000002
      },
      "avg_margin": 1.23125,
      "race_name": "函館3R",
      "pred_prob_won": 0.10416614711284637,
      "pred_prob_in_top2": 0.11544772386550903,
      "pred_prob_in_top3": 0.3400683343410492,
      "score_z": 0.6409058990985588,
      "上り3F平均": 37.58,
      "Ave-3F平均": 36.72,
      "PCI平均": 48.04,
      "-3F差平均": 0.41,
      "想定脚質": "先行",
      "track_bias_aptitude_score": 93.7,
      "investment_value_score": 100,
      "total_investment_index": 94.2,
      "investment_rating": 0.4161640024185182,
      "stability_score": 60,
      "investment_mark": "☆"
    },
    {
      "horse_number": 5,
      "name": "ウィットビーアビー",
      "popularity": 10,
      "odds": 64.3,
      "mark": "△",
      "score": 112.89,
      "track_aptitude": 0,
      "total_points": 79.3123033008856,
      "detail_points": {
        "score": 41.3123033008856,
        "bias": 15.0,
        "pace": 12.0,
        "3f": 7.0,
        "margin": 4.0,
        "track": 0.0
      },
      "avg_margin": 1.0499999999999998,
      "race_name": "函館3R",
      "pred_prob_won": 0.029716182872653006,
      "pred_prob_in_top2": 0.047918827086687085,
      "pred_prob_in_top3": 0.12802035808563234,
      "score_z": -0.23558723197796597,
      "上り3F平均": 36.25,
      "Ave-3F平均": 37.68,
      "PCI平均": 53.95,
      "-3F差平均": 0.2,
      "想定脚質": "先行",
      "track_bias_aptitude_score": 81.1,
      "investment_value_score": 26.0,
      "total_investment_index": 44.5,
      "investment_rating": 0.09094963192939765,
      "stability_score": 60,
      "investment_mark": "×"
    },
    {
      "horse_number": 2,
      "name": "ウインキララ",
      "popularity": 6,
      "odds": 16.3,
      "mark": "消",
      "score": 112.08,
      "track_aptitude": 0,
      "total_points": 66.24588230988803,
      "detail_points": {
        "score": 41.01588230988802,
        "bias": 4.95,
        "pace": 8.28,
        "3f": 4.0,
        "margin": 8.0,
        "track": 0.0
      },
      "avg_margin": 0.3,
      "race_name": "函館3R",
      "pred_prob_won": 0.022159444540739058,
      "pred_prob_in_top2": 0.03690148890018463,
      "pred_prob_in_top3": 0.09804445505142212,
      "score_z": -0.2905802169641772,
      "上り3F平均": 36.56,
      "Ave-3F平均": 36.31,
      "PCI平均": 49.4,
      "-3F差平均": 0.8,
      "想定脚質": "逃げ",
      "track_bias_aptitude_score": 17.3,
      "investment_value_score": 30.7,
      "total_investment_index": 28.1,
      "investment_rating": -0.14507105648517604,
      "stability_score": 90,
      "investment_mark": "××"
    },
    {
      "horse_number": 12,
      "name": "レディオンステージ",
      "popularity": 9,
      "odds": 60.0,
      "mark": "消",
      "score": 103.49,
      "track_aptitude": 1,
      "total_points": 63.092355997950676,
      "detail_points": {
        "score": 37.87235599795067,
        "bias": 4.95,