{
  "horses": [
    {
      "horse_number": 11,
      "name": "ソルトクィーン",
      "popularity": 5,
      "odds": 8.4,
      "mark": "◎",
      "score": 110.02,
      "track_aptitude": 2,
      "total_points": 94.06,
      "detail_points": {
        "score": 50.0,
        "bias": 13.05,
        "pace": 12.0,
        "3f": 9.0,
        "margin": 8.0,
        "track": 2.0100000000000002
      },
      "avg_margin": 0.29,
      "race_name": "函館11R",
      "pred_prob_won": 0.22401507198810577,
      "pred_prob_in_top2": 0.1570211708545685,
      "pred_prob_in_top3": 0.5135218501091003,
      "score_z": 1.5490037071738318,
      "上り3F平均": 35.29,
      "Ave-3F平均": 35.04,
      "PCI平均": 49.32,
      "-3F差平均": 0.4,
      "想定脚質": "先行",
      "track_bias_aptitude_score": 93.0,
      "investment_value_score": 85.7,
      "total_investment_index": 86.9,
      "investment_rating": 1.8108483254909515,
      "stability_score": 90,
      "investment_mark": "◎"
    },
    {
      "horse_number": 3,
      "name": "オーサムストローク",
      "popularity": 8,
      "odds": 17.5,
      "mark": "▲",
      "score": 106.46,
      "track_aptitude": 0,
      "total_points": 88.43211234321032,
      "detail_points": {
        "score": 48.38211234321032,
        "bias": 13.05,
        "pace": 12.0,
        "3f": 9.0,
        "margin": 6.0,
        "track": 0.0
      },
      "avg_margin": 0.6,
      "race_name": "函館11R",
      "pred_prob_won": 0.12201101779937744,
      "pred_prob_in_top2": 0.1183832660317421,
      "pred_prob_in_top3": 0.34068737626075746,
      "score_z": 1.0578404866816824,
      "上り3F平均": 35.1,
      "Ave-3F平均": 35.37,
      "PCI平均": 50.84,
      "-3F差平均": 0.58,
      "想定脚質": "先行",
      "track_bias_aptitude_score": 79.1,
      "investment_value_score": 60.8,
      "total_investment_index": 67.0,
      "investment_rating": 1.4452273640036584,
      "stability_score": 75,
      "investment_mark": "○"
    },
    {
      "horse_number": 7,
      "name": "エマヌエーレ",
      "popularity": 3,
      "odds": 6.7,
      "mark": "○",
      "score": 105.4,
      "track_aptitude": 2,
      "total_points": 89.96038174877296,
      "detail_points": {
        "score": 47.90038174877295,
        "bias": 13.05,
        "pace": 12.0,
        "3f": 9.0,
        "margin": 6.0,
        "track": 2.0100000000000002
      },
      "avg_margin": 0.8099999999999999,
      "race_name": "函館11R",
      "pred_prob_won": 0.1280110314488411,
      "pred_prob_in_top2": 0.12520872801542282,
      "pred_prob_in_top3": 0.3713949978351593,
      "score_z": 0.911595258108179,
      "上り3F平均": 35.43,
      "Ave-3F平均": 35.19,
      "PCI平均": 49.38,
      "-3F差平均": 0.68,
      "想定脚質": "先行",
      "track_bias_aptitude_score": 93.0,
      "investment_value_score": 86.5,
      "total_investment_index": 86.3,
      "investment_rating": 0.8627429926395416,
      "stability_score": 75,
      "investment_mark": "▲"
    },
    {
      "horse_number": 2,
      "name": "ポエットリー",
      "popularity": 4,
      "odds": 8.2,
      "mark": "▲",
      "score": 104.68,
      "track_aptitude": 0,
      "total_points": 87.62316851481549,
      "detail_points": {
        "score": 47.57316851481549,
        "bias": 13.05,
        "pace": 12.0,
        "3f": 9.0,
        "margin": 6.0,
        "track": 0.0
      },
      "avg_margin": 0.5499999999999999,
      "race_name": "函館11R",
      "pred_prob_won": 0.11748766601085663,
      "pred_prob_in_top2": 0.1017758697271347,
      "pred_prob_in_top3": 0.3275217294692993,
      "score_z": 0.8122588764356097,
      "上り3F平均": 34.49,
      "Ave-3F平均": 35.08,
      "PCI平均": 51.75,
      "-3F差平均": 0.73,
      "想定脚質": "先行",
      "track_bias_aptitude_score": 79.1,
      "investment_value_score": 75.7,
      "total_investment_index": 75.5,
      "investment_rating": 0.8437108314037324,
      "stability_score": 75,
      "investment_mark": "▲"
    },
    {
      "horse_number": 13,
      "name": "レオテミス",
      "popularity": 2,
      "odds": 6.6,
      "mark": "×",
      "score": 109.2,
      "track_aptitude": 0,
      "total_points": 71.90734048354845,
      "detail_points": {
        "score": 49.62734048354845,
        "bias": 3.0,
        "pace": 8.28,
        "3f": 5.0,
        "margin": 6.0,
        "track": 0.0
      },
      "avg_margin": 0.805,
      "race_name": "函館11R",
      "pred_prob_won": 0.14704467356204987,
      "pred_prob_in_top2": 0.10474953353404999,
      "pred_prob_in_top3": 0.37057832479476926,
      "score_z": 1.4358706058245174,
      "上り3F平均": 36.19,
      "Ave-3F平均": 35.1,
      "PCI平均": 47.24,
      "-3F差平均": 0.72,
      "想定脚質": "逃げ",
      "track_bias_aptitude_score": 1,
      "investment_value_score": 100,
      "total_investment_index": 67.7,
      "investment_rating": 0.7061482256650925,
      "stability_score": 75,
      "investment_mark": "△"
    },
    {
      "horse_number": 6,
      "name": "エコロレジーナ",
      "popularity": 7,
      "odds": 16.2,
      "mark": "△",
      "score": 102.9,
      "track_aptitude": 2,
      "total_points": 86.72422468642065,
      "detail_points": {
        "score": 46.764224686420654,
        "bias": 10.95,
        "pace": 12.0,
        "3f": 9.0,
        "margin": 6.0,
        "track": 2.0100000000000002
      },
      "avg_margin": 0.665,
      "race_name": "函館11R",
      "pred_prob_won": 0.07039552032947541,
      "pred_prob_in_top2": 0.0739131212234497,
      "pred_prob_in_top3": 0.23218054175376893,
      "score_z": 0.566677266189535,
      "上り3F平均": 34.19,
      "Ave-3F平均": 34.28,
      "PCI平均": 50.36,
      "-3F差平均": 0.84,
      "想定脚質": "中団",
      "track_bias_aptitude_score": 76.1,
      "investment_value_score": 52.4,
      "total_investment_index": 60.2,
      "investment_rating": 0.7002110338211059,
      "stability_score": 75,
      "investment_mark": "△"
    },
    {
      "horse_number": 12,
      "name": "ルーフ",
      "popularity": 14,
      "odds": 48.4,
      "mark": "△",
      "score": 98.22,
      "track_aptitude": 1,
      "total_points": 85.67733866569714,
      "detail_points": {
        "score": 44.63733866569714,
        "bias": 13.05,
        "pace": 12.0,
        "3f": 9.0,
        "margin": 6.0,
        "track": 0.99
      },
      "avg_margin": 0.5900000000000001,
      "race_name": "函館11R",
      "pred_prob_won": 0.03520589917898178,
      "pred_prob_in_top2": 0.05659442842006683,
      "pred_prob_in_top3": 0.14505581855773925,
      "score_z": -0.07900921468216748,
      "上り3F平均": 35.03,
      "Ave-3F平均": 34.01,
      "PCI平均": 47.25,
      "-3F差平均": 0.68,
      "想定脚質": "先行",
      "track_bias_aptitude_score": 86.0,
      "investment_value_score": 22.7,
      "total_investment_index": 44.3,
      "investment_rating": 0.42077748537063586,
      "stability_score": 75,
      "investment_mark": "☆"
    },
    {
      "horse_number": 14,
      "name": "オードゥメール",
      "popularity": 15,
      "odds": 48.5,
      "mark": "△",
      "score": 97.75,
      "track_aptitude": 2,
      "total_points": 84.38374113797492,
      "detail_points": {
        "score": 44.423741137974915,
        "bias": 10.95,
        "pace": 12.0,
        "3f": 9.0,
        "margin": 6.0,
        "track": 2.0100000000000002
      },
      "avg_margin": 0.535,
      "race_name": "函館11R",
      "pred_prob_won": 0.028193466365337372,
      "pred_prob_in_top2": 0.04652340635657311,
      "pred_prob_in_top3": 0.1297810271382332,
      "score_z": -0.1438537971628724,
      "上り3F平均": 34.72,
      "Ave-3F平均": 34.24,
      "PCI平均": 48.73,
      "-3F差平均": 0.93,
      "想定脚質": "中団",
      "track_bias_aptitude_score": 76.1,
      "investment_value_score": 18.5,
      "total_investment_index": 38.7,
      "investment_rating": 0.29781027138233185,
      "stability_score": 75,
      "investment_mark": "☆"
    },
    {
      "horse_number": 10,
      "name": "ナムラローズマリー",
      "popularity": 1,
      "odds": 3.1,
      "mark": "×",
      "score": 97.62,
      "track_aptitude": 1,
      "total_points": 72.6346609707326,