{
  "horses": [
    {
      "horse_number": 13,
      "name": "ザハント",
      "popularity": 2,
      "odds": 4.2,
      "mark": "◎",
      "score": 141.6,
      "track_aptitude": 3,
      "total_points": 93.2,
      "detail_points": {
        "score": 50.0,
        "bias": 15.0,
        "pace": 10.2,
        "3f": 9.0,
        "margin": 6.0,
        "track": 3.0
      },
      "avg_margin": 0.5444444444444445,
      "race_name": "函館6R",
      "pred_prob_won": 0.282549124956131,
      "pred_prob_in_top2": 0.20117214918136597,
      "pred_prob_in_top3": 0.6080262303352356,
      "score_z": 1.7218761852692621,
      "上り3F平均": 38.62,
      "Ave-3F平均": 37.48,
      "PCI平均": 47.06,
      "-3F差平均": 0.51,
      "想定脚質": "先行",
      "track_bias_aptitude_score": 100,
      "investment_value_score": 99.4,
      "total_investment_index": 97.5,
      "investment_rating": 1.3632760679721834,
      "stability_score": 75,
      "investment_mark": "◎"
    },
    {
      "horse_number": 4,
      "name": "ハッピールンナ",
      "popularity": 8,
      "odds": 15.2,
      "mark": "▲",
      "score": 122.83,
      "track_aptitude": 0,
      "total_points": 81.57217514124294,
      "detail_points": {
        "score": 43.37217514124294,
        "bias": 15.0,
        "pace": 10.2,
        "3f": 9.0,
        "margin": 4.0,
        "track": 0.0
      },
      "avg_margin": 1.3699999999999999,
      "race_name": "函館6R",
      "pred_prob_won": 0.08880943357944489,
      "pred_prob_in_top2": 0.10630651265382766,
      "pred_prob_in_top3": 0.30643401145935056,
      "score_z": 0.5617443357101192,
      "上り3F平均": 38.84,
      "Ave-3F平均": 38.44,
      "PCI平均": 49.01,
      "-3F差平均": 0.76,
      "想定脚質": "先行",
      "track_bias_aptitude_score": 83.0,
      "investment_value_score": 50.3,
      "total_investment_index": 61.0,
      "investment_rating": 1.1998908710479734,
      "stability_score": 60,
      "investment_mark": "○"
    },
    {
      "horse_number": 1,
      "name": "ゴールドパートナー",
      "popularity": 9,
      "odds": 16.5,
      "mark": "⭐︎",
      "score": 125.26,
      "track_aptitude": 0,
      "total_points": 68.51022598870057,
      "detail_points": {
        "score": 44.23022598870057,
        "bias": 3.0,
        "pace": 8.28,
        "3f": 9.0,
        "margin": 4.0,
        "track": 0.0
      },
      "avg_margin": 1.7125,
      "race_name": "函館6R",
      "pred_prob_won": 0.09418473839759826,
      "pred_prob_in_top2": 0.09536132514476776,
      "pred_prob_in_top3": 0.2841985642910004,
      "score_z": 0.711937217672225,
      "上り3F平均": 38.45,
      "Ave-3F平均": 38.66,
      "PCI平均": 50.62,
      "-3F差平均": 1.42,
      "想定脚質": "後方",
      "track_bias_aptitude_score": 1,
      "investment_value_score": 47.0,
      "total_investment_index": 34.7,
      "investment_rating": 1.1683403089642526,
      "stability_score": 60,
      "investment_mark": "▲"
    },
    {
      "horse_number": 9,
      "name": "ノイシュタット",
      "popularity": 7,
      "odds": 12.3,
      "mark": "▲",
      "score": 118.54,
      "track_aptitude": 1,
      "total_points": 81.04734463276836,
      "detail_points": {
        "score": 41.85734463276837,
        "bias": 15.0,
        "pace": 10.2,
        "3f": 9.0,
        "margin": 4.0,
        "track": 0.99
      },
      "avg_margin": 1.742857142857143,
      "race_name": "函館6R",
      "pred_prob_won": 0.07540124058723449,
      "pred_prob_in_top2": 0.08825946897268296,
      "pred_prob_in_top3": 0.2650372564792633,
      "score_z": 0.29658900088813117,
      "上り3F平均": 40.41,
      "Ave-3F平均": 38.18,
      "PCI平均": 44.5,
      "-3F差平均": 0.36,
      "想定脚質": "先行",
      "track_bias_aptitude_score": 88.7,
      "investment_value_score": 49.0,
      "total_investment_index": 61.5,
      "investment_rating": 0.8474604991078378,
      "stability_score": 60,
      "investment_mark": "▲"
    },
    {
      "horse_number": 7,
      "name": "エマージェンス",
      "popularity": 4,
      "odds": 10.2,
      "mark": "○",
      "score": 121.57,
      "track_aptitude": 0,
      "total_points": 83.12725988700565,
      "detail_points": {
        "score": 42.92725988700565,
        "bias": 15.0,
        "pace": 10.2,
        "3f": 9.0,
        "margin": 6.0,
        "track": 0.0
      },
      "avg_margin": 0.8666666666666667,
      "race_name": "函館6R",
      "pred_prob_won": 0.092215496301651,
      "pred_prob_in_top2": 0.10814653187990189,
      "pred_prob_in_top3": 0.3027839303016663,
      "score_z": 0.4838665450631013,
      "上り3F平均": 38.75,
      "Ave-3F平均": 38.21,
      "PCI平均": 48.6,
      "-3F差平均": 0.68,
      "想定脚質": "先行",
      "track_bias_aptitude_score": 83.0,
      "investment_value_score": 63.7,
      "total_investment_index": 68.9,
      "investment_rating": 0.7111357212066651,
      "stability_score": 75,
      "investment_mark": "△"
    },
    {
      "horse_number": 5,
      "name": "モリノアミーゴ",
      "popularity": 10,
      "odds": 18.8,
      "mark": "⭐︎",
      "score": 117.91,
      "track_aptitude": 1,
      "total_points": 68.90488700564971,
      "detail_points": {
        "score": 41.634887005649716,
        "bias": 3.0,
        "pace": 8.28,
        "3f": 9.0,
        "margin": 6.0,
        "track": 0.99
      },
      "avg_margin": 0.7666666666666666,
      "race_name": "函館6R",
      "pred_prob_won": 0.054144935309886934,
      "pred_prob_in_top2": 0.06615801602602005,
      "pred_prob_in_top3": 0.1894352912902832,
      "score_z": 0.2576501055646218,
      "上り3F平均": 37.4,
      "Ave-3F平均": 36.45,
      "PCI平均": 47.57,
      "-3F差平均": 1.23,
      "想定脚質": "後方",
      "track_bias_aptitude_score": 6.7,
      "investment_value_score": 35.3,
      "total_investment_index": 28.6,
      "investment_rating": 0.5828776264190674,
      "stability_score": 75,
      "investment_mark": "△"
    },
    {
      "horse_number": 3,
      "name": "ヒシカリナン",
      "popularity": 1,
      "odds": 3.5,
      "mark": "△",
      "score": 128.41,
      "track_aptitude": 2,
      "total_points": 75.5025141242938,
      "detail_points": {
        "score": 45.342514124293785,
        "bias": 4.95,
        "pace": 10.2,
        "3f": 9.0,
        "margin": 4.0,
        "track": 2.0100000000000002
      },
      "avg_margin": 1.292857142857143,
      "race_name": "函館6R",
      "pred_prob_won": 0.14106545150279998,
      "pred_prob_in_top2": 0.13649557828903197,
      "pred_prob_in_top3": 0.39594677090644836,
      "score_z": 0.9066316942897684,
      "上り3F平均": 36.57,
      "Ave-3F平均": 37.67,
      "PCI平均": 53.1,
      "-3F差平均": 0.64,
      "想定脚質": "中団",
      "track_bias_aptitude_score": 37.3,
      "investment_value_score": 100,
      "total_investment_index": 77.7,
      "investment_rating": 0.5804749116301536,
      "stability_score": 60,
      "investment_mark": "☆"
    },
    {
      "horse_number": 10,
      "name": "エポカリーナ",
      "popularity": 5,
      "odds": 10.6,
      "mark": "△",
      "score": 116.94,
      "track_aptitude": 1,
      "total_points": 70.43237288135593,
      "detail_points": {
        "score": 41.29237288135593,
        "bias": 4.95,
        "pace": 10.2,
        "3f": 9.0,
        "margin": 4.0,
        "track": 0.99
      },
      "avg_margin": 1.135,
      "race_name": "函館6R",
      "pred_prob_won": 0.054014626890420914,
      "pred_prob_in_top2": 0.07063226401805878,
      "pred_prob_in_top3": 0.2071233570575714,
      "score_z": 0.19769656832048926,
      "上り3F平均": 36.93,
      "Ave-3F平均": 38.07,
      "PCI平均": 53.4,
      "-3F差平均": 0.92,
      "想定脚質": "中団",
      "track_bias_aptitude_score": 31.7,
      "investment_value_score": 50.4,
      "total_investment_index": 45.1,
      "investment_rating": 0.39241127461194986,
      "stability_score": 60,
      "investment_mark": "☆"
    },
    {
      "horse_number": 14,
      "name": "エルフェニックス",
      "popularity": 3,
      "odds": 9.5,
      "mark": "△",
      "score": 120.31,
      "track_aptitude": 2,
      "total_points": 70.64234463276837,
      "detail_points": {
        "score": 42.48234463276837,