{
  "horses": [
    {
      "horse_number": 12,
      "name": "ビッグフラワー",
      "popularity": 7,
      "odds": 15.2,
      "mark": "△",
      "score": 110.5,
      "track_aptitude": 0,
      "total_points": 83.10334409790092,
      "detail_points": {
        "score": 46.95334409790091,
        "bias": 10.95,
        "pace": 10.2,
        "3f": 9.0,
        "margin": 6.0,
        "track": 0.0
      },
      "avg_margin": 0.7350000000000001,
      "race_name": "函館12R",
      "pred_prob_won": 0.1494606614112854,
      "pred_prob_in_top2": 0.12460746318101883,
      "pred_prob_in_top3": 0.3961964428424835,
      "score_z": 1.1856242080653345,
      "上り3F平均": 35.51,
      "Ave-3F平均": 36.22,
      "PCI平均": 52.06,
      "-3F差平均": 0.85,
      "想定脚質": "中団",
      "track_bias_aptitude_score": 47.8,
      "investment_value_score": 66.2,
      "total_investment_index": 61.0,
      "investment_rating": 1.6488902577757836,
      "stability_score": 75,
      "investment_mark": "◎"
    },
    {
      "horse_number": 9,
      "name": "ミクストベリーズ",
      "popularity": 3,
      "odds": 7.5,
      "mark": "◎",
      "score": 117.67,
      "track_aptitude": 2,
      "total_points": 90.16000000000001,
      "detail_points": {
        "score": 50.0,
        "bias": 10.95,
        "pace": 10.2,
        "3f": 9.0,
        "margin": 8.0,
        "track": 2.0100000000000002
      },
      "avg_margin": 0.2928571428571428,
      "race_name": "函館12R",
      "pred_prob_won": 0.24806016385555268,
      "pred_prob_in_top2": 0.163813254237175,
      "pred_prob_in_top3": 0.5471559405326843,
      "score_z": 1.823233476531747,
      "上り3F平均": 34.76,
      "Ave-3F平均": 34.69,
      "PCI平均": 49.94,
      "-3F差平均": 0.77,
      "想定脚質": "中団",
      "track_bias_aptitude_score": 62.8,
      "investment_value_score": 96.5,
      "total_investment_index": 84.8,
      "investment_rating": 1.4829724007844927,
      "stability_score": 90,
      "investment_mark": "○"
    },
    {
      "horse_number": 16,
      "name": "ドランクマン",
      "popularity": 9,
      "odds": 21.6,
      "mark": "▲",
      "score": 104.79,
      "track_aptitude": 2,
      "total_points": 86.73706722189173,
      "detail_points": {
        "score": 44.527067221891734,
        "bias": 15.0,
        "pace": 10.2,
        "3f": 9.0,
        "margin": 6.0,
        "track": 2.0100000000000002
      },
      "avg_margin": 0.7,
      "race_name": "函館12R",
      "pred_prob_won": 0.09193090796470642,
      "pred_prob_in_top2": 0.09797535389661789,
      "pred_prob_in_top3": 0.29223949909210206,
      "score_z": 0.6778489050049148,
      "上り3F平均": 35.49,
      "Ave-3F平均": 34.58,
      "PCI平均": 47.66,
      "-3F差平均": 0.49,
      "想定脚質": "先行",
      "track_bias_aptitude_score": 92.5,
      "investment_value_score": 51.5,
      "total_investment_index": 64.8,
      "investment_rating": 1.2933926689624788,
      "stability_score": 75,
      "investment_mark": "▲"
    },
    {
      "horse_number": 2,
      "name": "ラセーヌシュメール",
      "popularity": 6,
      "odds": 10.9,
      "mark": "○",
      "score": 106.05,
      "track_aptitude": 2,
      "total_points": 87.27246281975016,
      "detail_points": {
        "score": 45.06246281975015,
        "bias": 15.0,
        "pace": 10.2,
        "3f": 9.0,
        "margin": 6.0,
        "track": 2.0100000000000002
      },
      "avg_margin": 0.79,
      "race_name": "函館12R",
      "pred_prob_won": 0.10528185665607452,
      "pred_prob_in_top2": 0.12043031305074692,
      "pred_prob_in_top3": 0.3454026460647583,
      "score_z": 0.7898973956977563,
      "上り3F平均": 36.09,
      "Ave-3F平均": 34.84,
      "PCI平均": 46.62,
      "-3F差平均": 0.61,
      "想定脚質": "先行",
      "track_bias_aptitude_score": 92.5,
      "investment_value_score": 64.6,
      "total_investment_index": 72.8,
      "investment_rating": 1.2270132303237915,
      "stability_score": 75,
      "investment_mark": "▲"
    },
    {
      "horse_number": 15,
      "name": "スマッシュアウト",
      "popularity": 4,
      "odds": 7.7,
      "mark": "△",
      "score": 104.61,
      "track_aptitude": 0,
      "total_points": 82.65058213648338,
      "detail_points": {
        "score": 44.45058213648338,
        "bias": 15.0,
        "pace": 10.2,
        "3f": 9.0,
        "margin": 4.0,
        "track": 0.0
      },
      "avg_margin": 1.2083333333333333,
      "race_name": "函館12R",
      "pred_prob_won": 0.07492784857749939,
      "pred_prob_in_top2": 0.0770856574177742,
      "pred_prob_in_top3": 0.24456250667572021,
      "score_z": 0.6618419777630795,
      "上り3F平均": 35.2,
      "Ave-3F平均": 35.97,
      "PCI平均": 52.52,
      "-3F差平均": 0.48,
      "想定脚質": "先行",
      "track_bias_aptitude_score": 77.5,
      "investment_value_score": 65.3,
      "total_investment_index": 68.5,
      "investment_rating": 0.5537937760353089,
      "stability_score": 60,
      "investment_mark": "△"
    },
    {
      "horse_number": 4,
      "name": "マジカルフェアリー",
      "popularity": 2,
      "odds": 5.7,
      "mark": "▲",
      "score": 101.76,
      "track_aptitude": 0,
      "total_points": 83.43956828418459,
      "detail_points": {
        "score": 43.239568284184585,
        "bias": 15.0,
        "pace": 10.2,
        "3f": 9.0,
        "margin": 6.0,
        "track": 0.0
      },
      "avg_margin": 0.9666666666666668,
      "race_name": "函館12R",
      "pred_prob_won": 0.06780958324670791,
      "pred_prob_in_top2": 0.07676827311515808,
      "pred_prob_in_top3": 0.24699183106422423,
      "score_z": 0.40839896310069856,
      "上り3F平均": 35.72,
      "Ave-3F平均": 37.1,
      "PCI平均": 54.12,
      "-3F差平均": 0.52,
      "想定脚質": "先行",
      "track_bias_aptitude_score": 77.5,
      "investment_value_score": 79.4,
      "total_investment_index": 76.6,
      "investment_rating": 0.39157712697982794,
      "stability_score": 75,
      "investment_mark": "☆"
    },
    {
      "horse_number": 6,
      "name": "マジカルシャイン",
      "popularity": 1,
      "odds": 3.5,
      "mark": "△",
      "score": 106.11,
      "track_aptitude": 1,
      "total_points": 82.22795784821959,
      "detail_points": {
        "score": 45.087957848219595,
        "bias": 10.95,
        "pace": 10.2,
        "3f": 9.0,
        "margin": 6.0,
        "track": 0.99
      },
      "avg_margin": 0.72,
      "race_name": "函館12R",
      "pred_prob_won": 0.08326956033706664,
      "pred_prob_in_top2": 0.10378892123699188,
      "pred_prob_in_top3": 0.2822493612766266,
      "score_z": 0.7952330381117013,
      "上り3F平均": 36.54,
      "Ave-3F平均": 35.6,
      "PCI平均": 47.68,
      "-3F差平均": 0.52,
      "想定脚質": "中団",
      "track_bias_aptitude_score": 55.3,
      "investment_value_score": 100,
      "total_investment_index": 82.9,
      "investment_rating": 0.3850610628724098,
      "stability_score": 75,
      "investment_mark": "☆"
    },
    {
      "horse_number": 14,
      "name": "エスペラント",
      "popularity": 11,
      "odds": 26.2,
      "mark": "△",
      "score": 96.4,
      "track_aptitude": 0,
      "total_points": 81.16201240758052,
      "detail_points": {
        "score": 40.962012407580524,
        "bias": 15.0,
        "pace": 10.2,
        "3f": 9.0,
        "margin": 6.0,
        "track": 0.0
      },
      "avg_margin": 0.9400000000000001,
      "race_name": "函館12R",
      "pred_prob_won": 0.03241013884544373,
      "pred_prob_in_top2": 0.056293954700231554,
      "pred_prob_in_top3": 0.13876767456531525,
      "score_z": -0.06825175921171009,
      "上り3F平均": 35.71,
      "Ave-3F平均": 35.32,
      "PCI平均": 49.07,
      "-3F差平均": 0.81,
      "想定脚質": "先行",
      "track_bias_aptitude_score": 77.5,
      "investment_value_score": 28.7,
      "total_investment_index": 45.4,
      "investment_rating": 0.32544947788119316,
      "stability_score": 75,
      "investment_mark": "☆"
    },
    {
      "horse_number": 11,
      "name": "オベイユアマスター",
      "popularity": 8,
      "odds": 19.2,
      "mark": "⭐︎",
      "score": 100.06,
      "track_aptitude": 1,
      "total_points": 79.65720914421688,