{
  "horses": [
    {
      "horse_number": 2,
      "name": "ドゥラリス",
      "popularity": 2,
      "odds": 4.5,
      "mark": "◎",
      "score": 124.62,
      "track_aptitude": 0,
      "total_points": 94.0,
      "detail_points": {
        "score": 50.0,
        "bias": 15.0,
        "pace": 12.0,
        "3f": 9.0,
        "margin": 8.0,
        "track": 0.0
      },
      "avg_margin": 0.38,
      "race_name": "函館8R",
      "pred_prob_won": 0.1825659304857254,
      "pred_prob_in_top2": 0.15950010120868682,
      "pred_prob_in_top3": 0.49329581260681155,
      "score_z": 1.2125608584414216,
      "上り3F平均": 37.1,
      "Ave-3F平均": 38.07,
      "PCI平均": 52.96,
      "-3F差平均": 0.55,
      "想定脚質": "先行",
      "track_bias_aptitude_score": 82.8,
      "investment_value_score": 100,
      "total_investment_index": 91.9,
      "investment_rating": 0.9545522284507751,
      "stability_score": 90,
      "investment_mark": "◎"
    },
    {
      "horse_number": 10,
      "name": "アレーティア",
      "popularity": 4,
      "odds": 8.7,
      "mark": "○",
      "score": 120.75,
      "track_aptitude": 0,
      "total_points": 91.44727973038036,
      "detail_points": {
        "score": 48.44727973038035,
        "bias": 15.0,
        "pace": 12.0,
        "3f": 7.0,
        "margin": 9.0,
        "track": 0.0
      },
      "avg_margin": 0.15000000000000002,
      "race_name": "函館8R",
      "pred_prob_won": 0.12465259432792664,
      "pred_prob_in_top2": 0.12908179461956024,
      "pred_prob_in_top3": 0.3780630826950073,
      "score_z": 0.7702031950268076,
      "上り3F平均": 38.98,
      "Ave-3F平均": 37.98,
      "PCI平均": 47.42,
      "-3F差平均": 0.17,
      "想定脚質": "先行",
      "track_bias_aptitude_score": 82.8,
      "investment_value_score": 74.8,
      "total_investment_index": 76.0,
      "investment_rating": 0.9189617931842804,
      "stability_score": 90,
      "investment_mark": "○"
    },
    {
      "horse_number": 9,
      "name": "ライフゲート",
      "popularity": 5,
      "odds": 14.1,
      "mark": "△",
      "score": 120.55,
      "track_aptitude": 1,
      "total_points": 75.68703578879793,
      "detail_points": {
        "score": 48.36703578879794,
        "bias": 7.05,
        "pace": 8.28,
        "3f": 7.0,
        "margin": 4.0,
        "track": 0.99
      },
      "avg_margin": 1.25,
      "race_name": "函館8R",
      "pred_prob_won": 0.10556354969739914,
      "pred_prob_in_top2": 0.11763100177049637,
      "pred_prob_in_top3": 0.3322738230228424,
      "score_z": 0.7473423338684293,
      "上り3F平均": 39.7,
      "Ave-3F平均": 37.6,
      "PCI平均": 44.88,
      "-3F差平均": 0.47,
      "想定脚質": "逃げ",
      "track_bias_aptitude_score": 34.1,
      "investment_value_score": 66.5,
      "total_investment_index": 56.4,
      "investment_rating": 0.8616869682073593,
      "stability_score": 60,
      "investment_mark": "▲"
    },
    {
      "horse_number": 3,
      "name": "コスモシェルベット",
      "popularity": 3,
      "odds": 8.5,
      "mark": "▲",
      "score": 121.67,
      "track_aptitude": 0,
      "total_points": 78.76640186165945,
      "detail_points": {
        "score": 48.81640186165944,
        "bias": 4.95,
        "pace": 12.0,
        "3f": 9.0,
        "margin": 4.0,
        "track": 0.0
      },
      "avg_margin": 1.8055555555555556,
      "race_name": "函館8R",
      "pred_prob_won": 0.13152077794075012,
      "pred_prob_in_top2": 0.12326580733060837,
      "pred_prob_in_top3": 0.37146101593971254,
      "score_z": 0.8753631563553463,
      "上り3F平均": 40.2,
      "Ave-3F平均": 37.87,
      "PCI平均": 44.32,
      "-3F差平均": 0.68,
      "想定脚質": "中団",
      "track_bias_aptitude_score": 24.2,
      "investment_value_score": 81.6,
      "total_investment_index": 62.7,
      "investment_rating": 0.7372596573829652,
      "stability_score": 60,
      "investment_mark": "△"
    },
    {
      "horse_number": 7,
      "name": "レイズトワイライト",
      "popularity": 8,
      "odds": 41.0,
      "mark": "▲",
      "score": 115.91,
      "track_aptitude": 2,
      "total_points": 88.51537634408602,
      "detail_points": {
        "score": 46.50537634408602,
        "bias": 15.0,
        "pace": 12.0,
        "3f": 9.0,
        "margin": 4.0,
        "track": 2.0100000000000002
      },
      "avg_margin": 1.3800000000000001,
      "race_name": "函館8R",
      "pred_prob_won": 0.0658475212752819,
      "pred_prob_in_top2": 0.08279317915439606,
      "pred_prob_in_top3": 0.2487269014120102,
      "score_z": 0.2169703549940607,
      "上り3F平均": 37.86,
      "Ave-3F平均": 37.56,
      "PCI平均": 49.2,
      "-3F差平均": 0.85,
      "想定脚質": "先行",
      "track_bias_aptitude_score": 94.3,
      "investment_value_score": 46.8,
      "total_investment_index": 61.7,
      "investment_rating": 0.7294158239662648,
      "stability_score": 60,
      "investment_mark": "△"
    },
    {
      "horse_number": 8,
      "name": "ブルーカミング",
      "popularity": 7,
      "odds": 27.3,
      "mark": "△",
      "score": 116.14,
      "track_aptitude": 1,
      "total_points": 71.86765687690578,
      "detail_points": {
        "score": 46.59765687690579,
        "bias": 3.0,
        "pace": 8.28,
        "3f": 9.0,
        "margin": 4.0,
        "track": 0.99
      },
      "avg_margin": 1.3333333333333333,
      "race_name": "函館8R",
      "pred_prob_won": 0.05261933282017708,
      "pred_prob_in_top2": 0.07155781984329224,
      "pred_prob_in_top3": 0.20076853632926941,
      "score_z": 0.24326034532619578,
      "上り3F平均": 38.67,
      "Ave-3F平均": 37.02,
      "PCI平均": 45.83,
      "-3F差平均": 1.12,
      "想定脚質": "後方",
      "track_bias_aptitude_score": 6.7,
      "investment_value_score": 45.1,
      "total_investment_index": 34.5,
      "investment_rating": 0.3644575107097625,
      "stability_score": 60,
      "investment_mark": "☆"
    },
    {
      "horse_number": 11,
      "name": "チュウワクリスエス",
      "popularity": 1,
      "odds": 1.7,
      "mark": "△",
      "score": 115.83,
      "track_aptitude": 0,
      "total_points": 72.80327876745305,
      "detail_points": {
        "score": 46.47327876745305,
        "bias": 7.05,
        "pace": 8.28,
        "3f": 5.0,
        "margin": 6.0,
        "track": 0.0
      },
      "avg_margin": 0.86,
      "race_name": "函館8R",
      "pred_prob_won": 0.05223310813307762,
      "pred_prob_in_top2": 0.06828861683607101,
      "pred_prob_in_top3": 0.1959892123937607,
      "score_z": 0.2078260105307097,
      "上り3F平均": 39.06,
      "Ave-3F平均": 37.91,
      "PCI平均": 47.14,
      "-3F差平均": 0.5,
      "想定脚質": "逃げ",
      "track_bias_aptitude_score": 28.3,
      "investment_value_score": 88.4,
      "total_investment_index": 66.9,
      "investment_rating": -0.010026969015598297,
      "stability_score": 75,
      "investment_mark": "××"
    },
    {
      "horse_number": 1,
      "name": "ルルシュシュ",
      "popularity": 6,
      "odds": 24.2,
      "mark": "△",
      "score": 109.48,
      "track_aptitude": 2,
      "total_points": 75.88553362221153,
      "detail_points": {
        "score": 43.92553362221152,
        "bias": 4.95,
        "pace": 12.0,
        "3f": 9.0,
        "margin": 4.0,
        "track": 2.0100000000000002
      },
      "avg_margin": 1.03,
      "race_name": "函館8R",
      "pred_prob_won": 0.02639070488512516,
      "pred_prob_in_top2": 0.03805561289191246,
      "pred_prob_in_top3": 0.12137988954782486,
      "score_z": -0.5180063312477897,
      "上り3F平均": 38.46,
      "Ave-3F平均": 37.36,
      "PCI平均": 47.2,
      "-3F差平均": 0.91,
      "想定脚質": "中団",
      "track_bias_aptitude_score": 35.7,
      "investment_value_score": 34.7,
      "total_investment_index": 35.7,
      "investment_rating": -0.11275557987391949,
      "stability_score": 60,
      "investment_mark": "××"
    },
    {
      "horse_number": 5,
      "name": "ショウナンアトレ",
      "popularity": 11,
      "odds": 77.4,
      "mark": "×",
      "score": 108.99,
      "track_aptitude": 0,
      "total_points": 66.00893596533462,
      "detail_points": {
        "score": 43.728935965334614,