{
  "horses": [
    {
      "horse_number": 12,
      "name": "ビッグフラワー",
      "popularity": 7,
      "odds": 12.5,
      "mark": "△",
      "score": 110.58,
      "track_aptitude": 0,
      "total_points": 83.1413309535951,
      "detail_points": {
        "score": 46.9913309535951,
        "bias": 10.95,
        "pace": 10.2,
        "3f": 9.0,
        "margin": 6.0,
        "track": 0.0
      },
      "avg_margin": 0.7350000000000001,
      "race_name": "函館12R",
      "pred_prob_won": 0.15298280119895935,
      "pred_prob_in_top2": 0.13129401952028275,
      "pred_prob_in_top3": 0.40027000308036803,
      "score_z": 1.1895070758310764,
      "上り3F平均": 35.51,
      "Ave-3F平均": 36.22,
      "PCI平均": 52.06,
      "-3F差平均": 0.85,
      "想定脚質": "中団",
      "track_bias_aptitude_score": 47.8,
      "investment_value_score": 65.7,
      "total_investment_index": 60.7,
      "investment_rating": 1.6714985170960426,
      "stability_score": 75,
      "investment_mark": "◎"
    },
    {
      "horse_number": 9,
      "name": "ミクストベリーズ",
      "popularity": 3,
      "odds": 7.1,
      "mark": "◎",
      "score": 117.66,
      "track_aptitude": 2,
      "total_points": 90.16000000000001,
      "detail_points": {
        "score": 50.0,
        "bias": 10.95,
        "pace": 10.2,
        "3f": 9.0,
        "margin": 8.0,
        "track": 2.0100000000000002
      },
      "avg_margin": 0.2928571428571428,
      "race_name": "函館12R",
      "pred_prob_won": 0.25442053079605104,
      "pred_prob_in_top2": 0.163813254237175,
      "pred_prob_in_top3": 0.5369657754898072,
      "score_z": 1.8174949657977277,
      "上り3F平均": 34.76,
      "Ave-3F平均": 34.69,
      "PCI平均": 49.94,
      "-3F差平均": 0.77,
      "想定脚質": "中団",
      "track_bias_aptitude_score": 62.8,
      "investment_value_score": 95.1,
      "total_investment_index": 83.9,
      "investment_rating": 1.448835347890854,
      "stability_score": 90,
      "investment_mark": "○"
    },
    {
      "horse_number": 16,
      "name": "ドランクマン",
      "popularity": 9,
      "odds": 22.9,
      "mark": "▲",
      "score": 104.44,
      "track_aptitude": 2,
      "total_points": 86.59211796702363,
      "detail_points": {
        "score": 44.382117967023625,
        "bias": 15.0,
        "pace": 10.2,
        "3f": 9.0,
        "margin": 6.0,
        "track": 2.0100000000000002
      },
      "avg_margin": 0.7,
      "race_name": "函館12R",
      "pred_prob_won": 0.09242628663778304,
      "pred_prob_in_top2": 0.09217365086078644,
      "pred_prob_in_top3": 0.2872287392616272,
      "score_z": 0.644896109108585,
      "上り3F平均": 35.49,
      "Ave-3F平均": 34.58,
      "PCI平均": 47.66,
      "-3F差平均": 0.49,
      "想定脚質": "先行",
      "track_bias_aptitude_score": 92.5,
      "investment_value_score": 50.3,
      "total_investment_index": 64.0,
      "investment_rating": 1.2600711160898208,
      "stability_score": 75,
      "investment_mark": "▲"
    },
    {
      "horse_number": 2,
      "name": "ラセーヌシュメール",
      "popularity": 6,
      "odds": 10.6,
      "mark": "○",
      "score": 105.97,
      "track_aptitude": 2,
      "total_points": 87.2422964473908,
      "detail_points": {
        "score": 45.03229644739079,
        "bias": 15.0,
        "pace": 10.2,
        "3f": 9.0,
        "margin": 6.0,
        "track": 2.0100000000000002
      },
      "avg_margin": 0.79,
      "race_name": "函館12R",
      "pred_prob_won": 0.10396396964788437,
      "pred_prob_in_top2": 0.12239985913038254,
      "pred_prob_in_top3": 0.34628852605819704,
      "score_z": 0.7806053565166327,
      "上り3F平均": 36.09,
      "Ave-3F平均": 34.84,
      "PCI平均": 46.62,
      "-3F差平均": 0.61,
      "想定脚質": "先行",
      "track_bias_aptitude_score": 92.5,
      "investment_value_score": 63.9,
      "total_investment_index": 72.4,
      "investment_rating": 1.231442630290985,
      "stability_score": 75,
      "investment_mark": "▲"
    },
    {
      "horse_number": 15,
      "name": "スマッシュアウト",
      "popularity": 4,
      "odds": 7.4,
      "mark": "△",
      "score": 104.79,
      "track_aptitude": 0,
      "total_points": 82.73085160632331,
      "detail_points": {
        "score": 44.53085160632331,
        "bias": 15.0,
        "pace": 10.2,
        "3f": 9.0,
        "margin": 4.0,
        "track": 0.0
      },
      "avg_margin": 1.2083333333333333,
      "race_name": "函館12R",
      "pred_prob_won": 0.07725779861211776,
      "pred_prob_in_top2": 0.08493267744779587,
      "pred_prob_in_top3": 0.24870056211948394,
      "score_z": 0.6759407081888581,
      "上り3F平均": 35.2,
      "Ave-3F平均": 35.97,
      "PCI平均": 52.52,
      "-3F差平均": 0.48,
      "想定脚質": "先行",
      "track_bias_aptitude_score": 77.5,
      "investment_value_score": 65.0,
      "total_investment_index": 68.4,
      "investment_rating": 0.5699321922659875,
      "stability_score": 60,
      "investment_mark": "△"
    },
    {
      "horse_number": 6,
      "name": "マジカルシャイン",
      "popularity": 1,
      "odds": 3.6,
      "mark": "△",
      "score": 106.61,
      "track_aptitude": 1,
      "total_points": 82.44426653068162,
      "detail_points": {
        "score": 45.30426653068162,
        "bias": 10.95,
        "pace": 10.2,
        "3f": 9.0,
        "margin": 6.0,
        "track": 0.99
      },
      "avg_margin": 0.72,
      "race_name": "函館12R",
      "pred_prob_won": 0.09327146261930466,
      "pred_prob_in_top2": 0.10809784978628159,
      "pred_prob_in_top3": 0.2908785879611969,
      "score_z": 0.8373726234062735,
      "上り3F平均": 36.54,
      "Ave-3F平均": 35.6,
      "PCI平均": 47.68,
      "-3F差平均": 0.52,
      "想定脚質": "中団",
      "track_bias_aptitude_score": 55.3,
      "investment_value_score": 100,
      "total_investment_index": 83.0,
      "investment_rating": 0.40447682291269305,
      "stability_score": 75,
      "investment_mark": "☆"
    },
    {
      "horse_number": 4,
      "name": "マジカルフェアリー",
      "popularity": 2,
      "odds": 5.9,
      "mark": "▲",
      "score": 101.9,
      "track_aptitude": 0,
      "total_points": 83.50273669896312,
      "detail_points": {
        "score": 43.302736698963116,
        "bias": 15.0,
        "pace": 10.2,
        "3f": 9.0,
        "margin": 6.0,
        "track": 0.0
      },
      "avg_margin": 0.9666666666666668,
      "race_name": "函館12R",
      "pred_prob_won": 0.07063042372465134,
      "pred_prob_in_top2": 0.07786268442869186,
      "pred_prob_in_top3": 0.2469383418560028,
      "score_z": 0.4196010186403238,
      "上り3F平均": 35.72,
      "Ave-3F平均": 37.1,
      "PCI平均": 54.12,
      "-3F差平均": 0.52,
      "想定脚質": "先行",
      "track_bias_aptitude_score": 77.5,
      "investment_value_score": 78.6,
      "total_investment_index": 76.1,
      "investment_rating": 0.3914273571968079,
      "stability_score": 75,
      "investment_mark": "☆"
    },
    {
      "horse_number": 14,
      "name": "エスペラント",
      "popularity": 10,
      "odds": 27.0,
      "mark": "△",
      "score": 96.31,
      "track_aptitude": 0,
      "total_points": 81.1272480027197,
      "detail_points": {
        "score": 40.9272480027197,
        "bias": 15.0,
        "pace": 10.2,
        "3f": 9.0,
        "margin": 6.0,
        "track": 0.0
      },
      "avg_margin": 0.9400000000000001,
      "race_name": "函館12R",
      "pred_prob_won": 0.0334976926445961,
      "pred_prob_in_top2": 0.05532446801662445,
      "pred_prob_in_top3": 0.13942016363143922,
      "score_z": -0.07622557809888292,
      "上り3F平均": 35.71,
      "Ave-3F平均": 35.32,
      "PCI平均": 49.07,
      "-3F差平均": 0.81,
      "想定脚質": "先行",
      "track_bias_aptitude_score": 77.5,
      "investment_value_score": 30.2,
      "total_investment_index": 46.2,
      "investment_rating": 0.30382517814636234,
      "stability_score": 75,
      "investment_mark": "☆"
    },
    {
      "horse_number": 11,
      "name": "オベイユアマスター",
      "popularity": 8,
      "odds": 19.1,
      "mark": "⭐︎",
      "score": 100.02,
      "track_aptitude": 1,
      "total_points": 79.64382457929628,