{
  "horses": [
    {
      "horse_number": 5,
      "name": "ハリウッドメモリー",
      "popularity": 3,
      "odds": 4.8,
      "mark": "◎",
      "score": 118.68,
      "track_aptitude": 2,
      "total_points": 96.01,
      "detail_points": {
        "score": 50.0,
        "bias": 15.0,
        "pace": 12.0,
        "3f": 9.0,
        "margin": 8.0,
        "track": 2.0100000000000002
      },
      "avg_margin": 0.33333333333333326,
      "race_name": "函館12R",
      "pred_prob_won": 0.23573955595493318,
      "pred_prob_in_top2": 0.16125881671905518,
      "pred_prob_in_top3": 0.5297484874725342,
      "score_z": 1.5287315915627648,
      "上り3F平均": 35.4,
      "Ave-3F平均": 34.42,
      "PCI平均": 47.29,
      "-3F差平均": 0.36,
      "想定脚質": "先行",
      "track_bias_aptitude_score": 92.5,
      "investment_value_score": 100,
      "total_investment_index": 95.3,
      "investment_rating": 1.2365568280220034,
      "stability_score": 90,
      "investment_mark": "◎"
    },
    {
      "horse_number": 1,
      "name": "パッシングシャワー",
      "popularity": 4,
      "odds": 5.6,
      "mark": "○",
      "score": 109.02,
      "track_aptitude": 2,
      "total_points": 91.94023255813954,
      "detail_points": {
        "score": 45.93023255813954,
        "bias": 15.0,
        "pace": 12.0,
        "3f": 9.0,
        "margin": 8.0,
        "track": 2.0100000000000002
      },
      "avg_margin": 0.475,
      "race_name": "函館12R",
      "pred_prob_won": 0.0974199891090393,
      "pred_prob_in_top2": 0.11851125806570054,
      "pred_prob_in_top3": 0.3326276898384094,
      "score_z": 0.7270733341428659,
      "上り3F平均": 35.73,
      "Ave-3F平均": 35.0,
      "PCI平均": 48.08,
      "-3F差平均": 0.65,
      "想定脚質": "先行",
      "track_bias_aptitude_score": 92.5,
      "investment_value_score": 71.3,
      "total_investment_index": 76.7,
      "investment_rating": 0.6302990663051603,
      "stability_score": 90,
      "investment_mark": "○"
    },
    {
      "horse_number": 6,
      "name": "オーケーダイナ",
      "popularity": 5,
      "odds": 5.7,
      "mark": "▲",
      "score": 108.11,
      "track_aptitude": 0,
      "total_points": 87.54684866868891,
      "detail_points": {
        "score": 45.54684866868891,
        "bias": 15.0,
        "pace": 12.0,
        "3f": 9.0,
        "margin": 6.0,
        "track": 0.0
      },
      "avg_margin": 0.642857142857143,
      "race_name": "函館12R",
      "pred_prob_won": 0.08579118549823761,
      "pred_prob_in_top2": 0.0992515429854393,
      "pred_prob_in_top3": 0.29174075126647947,
      "score_z": 0.6515548026467889,
      "上り3F平均": 35.01,
      "Ave-3F平均": 36.07,
      "PCI平均": 53.14,
      "-3F差平均": 0.71,
      "想定脚質": "先行",
      "track_bias_aptitude_score": 77.5,
      "investment_value_score": 60.2,
      "total_investment_index": 65.5,
      "investment_rating": 0.5649426436424254,
      "stability_score": 75,
      "investment_mark": "△"
    },
    {
      "horse_number": 2,
      "name": "マキシマムドライブ",
      "popularity": 2,
      "odds": 4.3,
      "mark": "▲",
      "score": 105.19,
      "track_aptitude": 2,
      "total_points": 88.32664981462757,
      "detail_points": {
        "score": 44.31664981462757,
        "bias": 15.0,
        "pace": 12.0,
        "3f": 9.0,
        "margin": 6.0,
        "track": 2.0100000000000002
      },
      "avg_margin": 0.8949999999999999,
      "race_name": "函館12R",
      "pred_prob_won": 0.07218503803014756,
      "pred_prob_in_top2": 0.07581797093153,
      "pred_prob_in_top3": 0.24841125309467316,
      "score_z": 0.4092316026813537,
      "上り3F平均": 34.98,
      "Ave-3F平均": 34.22,
      "PCI平均": 47.88,
      "-3F差平均": 0.73,
      "想定脚質": "先行",
      "track_bias_aptitude_score": 92.5,
      "investment_value_score": 81.3,
      "total_investment_index": 82.2,
      "investment_rating": 0.09491600990295412,
      "stability_score": 75,
      "investment_mark": "△"
    },
    {
      "horse_number": 8,
      "name": "ブライティアダイヤ",
      "popularity": 6,
      "odds": 16.7,
      "mark": "△",
      "score": 98.0,
      "track_aptitude": 0,
      "total_points": 79.23749578699022,
      "detail_points": {
        "score": 41.28749578699023,
        "bias": 10.95,
        "pace": 12.0,
        "3f": 9.0,
        "margin": 6.0,
        "track": 0.0
      },
      "avg_margin": 0.89,
      "race_name": "函館12R",
      "pred_prob_won": 0.027582934498786925,
      "pred_prob_in_top2": 0.05154705047607422,
      "pred_prob_in_top3": 0.12522046267986298,
      "score_z": -0.18744778353490563,
      "上り3F平均": 35.79,
      "Ave-3F平均": 35.36,
      "PCI平均": 48.92,
      "-3F差平均": 0.84,
      "想定脚質": "中団",
      "track_bias_aptitude_score": 47.8,
      "investment_value_score": 26.5,
      "total_investment_index": 34.9,
      "investment_rating": -0.2238095015287399,
      "stability_score": 75,
      "investment_mark": "××"
    },
    {
      "horse_number": 3,
      "name": "ジャスパーディビネ",
      "popularity": 1,
      "odds": 3.0,
      "mark": "△",
      "score": 91.41,
      "track_aptitude": 1,
      "total_points": 63.83112234580384,
      "detail_points": {
        "score": 38.51112234580384,
        "bias": 7.05,
        "pace": 8.28,
        "3f": 5.0,
        "margin": 4.0,
        "track": 0.99
      },
      "avg_margin": 1.1,
      "race_name": "函館12R",
      "pred_prob_won": 0.022855272889137267,
      "pred_prob_in_top2": 0.033566012233495715,
      "pred_prob_in_top3": 0.10267716497182847,
      "score_z": -0.7343347314021035,
      "上り3F平均": 36.3,
      "Ave-3F平均": 34.4,
      "PCI平均": 44.98,
      "-3F差平均": 0.6,
      "想定脚質": "逃げ",
      "track_bias_aptitude_score": 24.2,
      "investment_value_score": 68.2,
      "total_investment_index": 52.0,
      "investment_rating": -0.3779055128246545,
      "stability_score": 60,
      "investment_mark": "××"
    },
    {
      "horse_number": 4,
      "name": "スプリングデイ",
      "popularity": 7,
      "odds": 18.7,
      "mark": "△",
      "score": 88.53,
      "track_aptitude": 1,
      "total_points": 76.23777553083922,
      "detail_points": {
        "score": 37.297775530839225,
        "bias": 10.95,
        "pace": 12.0,
        "3f": 9.0,
        "margin": 6.0,
        "track": 0.99
      },
      "avg_margin": 0.71,
      "race_name": "函館12R",
      "pred_prob_won": 0.01844930574297905,
      "pred_prob_in_top2": 0.030146696045994757,
      "pred_prob_in_top3": 0.08815457969903946,
      "score_z": -0.9733384354776007,
      "上り3F平均": 34.91,
      "Ave-3F平均": 34.98,
      "PCI平均": 50.26,
      "-3F差平均": 0.74,
      "想定脚質": "中団",
      "track_bias_aptitude_score": 55.3,
      "investment_value_score": 10.0,
      "total_investment_index": 26.0,
      "investment_rating": -0.42548025079071516,
      "stability_score": 75,
      "investment_mark": "××"
    },
    {
      "horse_number": 7,
      "name": "アスクアメージモア",
      "popularity": 8,
      "odds": 40.7,
      "mark": "△",
      "score": 83.13,
      "track_aptitude": 0,
      "total_points": 61.35275025278058,
      "detail_points": {
        "score": 35.02275025278058,
        "bias": 7.05,
        "pace": 8.28,
        "3f": 7.0,
        "margin": 4.0,
        "track": 0.0
      },
      "avg_margin": 1.4000000000000001,
      "race_name": "函館12R",
      "pred_prob_won": 0.01434736754745245,
      "pred_prob_in_top2": 0.021995704621076584,
      "pred_prob_in_top3": 0.07468105554580688,
      "score_z": -1.421470380619159,
      "上り3F平均": 38.15,
      "Ave-3F平均": 36.82,
      "PCI平均": 46.7,
      "-3F差平均": 0.38,
      "想定脚質": "逃げ",
      "track_bias_aptitude_score": 16.7,
      "investment_value_score": 1,
      "total_investment_index": 8.2,
      "investment_rating": -0.5145731389522553,
      "stability_score": 60,
      "investment_mark": "××"
    }
  ]
}