{
  "horses": [
    {
      "horse_number": 9,
      "name": "スマートプリエール",
      "popularity": 1,
      "odds": 1.1,
      "mark": "○",
      "score": 139.66,
      "track_aptitude": 2,
      "total_points": 81.29,
      "detail_points": {
        "score": 50.0,
        "bias": 3.0,
        "pace": 8.28,
        "3f": 9.0,
        "margin": 9.0,
        "track": 2.0100000000000002
      },
      "avg_margin": 0.2,
      "race_name": "函館1R",
      "pred_prob_won": 0.2756301939487457,
      "pred_prob_in_top2": 0.1987488806247711,
      "pred_prob_in_top3": 0.5978129148483277,
      "score_z": 1.7533544212824144,
      "上り3F平均": 33.9,
      "Ave-3F平均": 37.9,
      "PCI平均": 61.8,
      "-3F差平均": 0.5,
      "想定脚質": "中団",
      "track_bias_aptitude_score": 30.2,
      "investment_value_score": 100,
      "total_investment_index": 77.0,
      "investment_rating": 0.9945322871208191,
      "stability_score": 90,
      "investment_mark": "◎"
    },
    {
      "horse_number": 10,
      "name": "ティブロン",
      "popularity": 2,
      "odds": 13.0,
      "mark": "◎",
      "score": 130.08,
      "track_aptitude": 1,
      "total_points": 89.56024201632536,
      "detail_points": {
        "score": 46.570242016325366,
        "bias": 15.0,
        "pace": 12.0,
        "3f": 9.0,
        "margin": 6.0,
        "track": 0.99
      },
      "avg_margin": 0.75,
      "race_name": "函館1R",
      "pred_prob_won": 0.18892309963703155,
      "pred_prob_in_top2": 0.1609585702419281,
      "pred_prob_in_top3": 0.4900769293308258,
      "score_z": 1.0957685115566669,
      "上り3F平均": 36.3,
      "Ave-3F平均": 38.15,
      "PCI平均": 55.1,
      "-3F差平均": 0.7,
      "想定脚質": "先行",
      "track_bias_aptitude_score": 88.8,
      "investment_value_score": 78.7,
      "total_investment_index": 80.7,
      "investment_rating": 0.9447346344590186,
      "stability_score": 75,
      "investment_mark": "○"
    },
    {
      "horse_number": 2,
      "name": "ジャストビート",
      "popularity": 3,
      "odds": 15.0,
      "mark": "▲",
      "score": 127.49,
      "track_aptitude": 0,
      "total_points": 69.9229901188601,
      "detail_points": {
        "score": 45.64299011886009,
        "bias": 3.0,
        "pace": 8.28,
        "3f": 9.0,
        "margin": 4.0,
        "track": 0.0
      },
      "avg_margin": 1.2,
      "race_name": "函館1R",
      "pred_prob_won": 0.14572550356388092,
      "pred_prob_in_top2": 0.1354374960064888,
      "pred_prob_in_top3": 0.41445228457450867,
      "score_z": 0.9179869347101429,
      "上り3F平均": 34.15,
      "Ave-3F平均": 36.42,
      "PCI平均": 56.75,
      "-3F差平均": 1.7,
      "想定脚質": "後方",
      "track_bias_aptitude_score": 1,
      "investment_value_score": 66.8,
      "total_investment_index": 46.9,
      "investment_rating": 0.8920282244682312,
      "stability_score": 60,
      "investment_mark": "▲"
    },
    {
      "horse_number": 11,
      "name": "シャインヴィーラ",
      "popularity": 6,
      "odds": 43.4,
      "mark": "△",
      "score": 116.31,
      "track_aptitude": 1,
      "total_points": 62.910412430187606,
      "detail_points": {
        "score": 41.6404124301876,
        "bias": 3.0,
        "pace": 8.28,
        "3f": 7.0,
        "margin": 2.0,
        "track": 0.99
      },
      "avg_margin": 2.3,
      "race_name": "函館1R",
      "pred_prob_won": 0.04892217218875885,
      "pred_prob_in_top2": 0.06443726867437363,
      "pred_prob_in_top3": 0.18137361705303193,
      "score_z": 0.15057456824523033,
      "上り3F平均": 37.0,
      "Ave-3F平均": 38.2,
      "PCI平均": 53.2,
      "-3F差平均": 0.8,
      "想定脚質": "後方",
      "track_bias_aptitude_score": 6.6,
      "investment_value_score": 35.4,
      "total_investment_index": 28.5,
      "investment_rating": 0.2022114895284176,
      "stability_score": 45,
      "investment_mark": "△"
    },
    {
      "horse_number": 7,
      "name": "セレーノ",
      "popularity": 5,
      "odds": 31.1,
      "mark": "△",
      "score": 117.13,
      "track_aptitude": 0,
      "total_points": 64.213982528999,
      "detail_points": {
        "score": 41.933982528998996,
        "bias": 3.0,
        "pace": 8.28,
        "3f": 9.0,
        "margin": 2.0,
        "track": 0.0
      },
      "avg_margin": 2.1,
      "race_name": "函館1R",
      "pred_prob_won": 0.05263065248727798,
      "pred_prob_in_top2": 0.06749057620763779,
      "pred_prob_in_top3": 0.18852881491184234,
      "score_z": 0.20686062732405175,
      "上り3F平均": 34.6,
      "Ave-3F平均": 35.7,
      "PCI平均": 53.2,
      "-3F差平均": 2.3,
      "想定脚質": "後方",
      "track_bias_aptitude_score": 1,
      "investment_value_score": 39.6,
      "total_investment_index": 29.4,
      "investment_rating": 0.18608543008565903,
      "stability_score": 45,
      "investment_mark": "☆"
    },
    {
      "horse_number": 3,
      "name": "チェンドル",
      "popularity": 4,
      "odds": 27.6,
      "mark": "▲",
      "score": 114.38,
      "track_aptitude": 2,
      "total_points": 69.23944866103395,
      "detail_points": {
        "score": 40.94944866103394,
        "bias": 3.0,
        "pace": 8.28,
        "3f": 9.0,
        "margin": 6.0,
        "track": 2.0100000000000002
      },
      "avg_margin": 0.9,
      "race_name": "函館1R",
      "pred_prob_won": 0.05028358846902847,
      "pred_prob_in_top2": 0.06880425661802292,
      "pred_prob_in_top3": 0.19473675787448883,
      "score_z": 0.018096404803612482,
      "上り3F平均": 35.5,
      "Ave-3F平均": 35.5,
      "PCI平均": 50.0,
      "-3F差平均": 1.1,
      "想定脚質": "後方",
      "track_bias_aptitude_score": 12.2,
      "investment_value_score": 43.6,
      "total_investment_index": 34.9,
      "investment_rating": 0.15815754517912872,
      "stability_score": 75,
      "investment_mark": "☆"
    },
    {
      "horse_number": 8,
      "name": "ラシッド",
      "popularity": 8,
      "odds": 62.5,
      "mark": "△",
      "score": 112.25,
      "track_aptitude": 1,
      "total_points": 65.45688242875555,
      "detail_points": {
        "score": 40.18688242875555,
        "bias": 3.0,
        "pace": 8.28,
        "3f": 9.0,
        "margin": 4.0,
        "track": 0.99
      },
      "avg_margin": 1.9,
      "race_name": "函館1R",
      "pred_prob_won": 0.031108780205249785,
      "pred_prob_in_top2": 0.05907295197248459,
      "pred_prob_in_top3": 0.14295894503593445,
      "score_z": -0.12811006573040015,
      "上り3F平均": 34.7,
      "Ave-3F平均": 35.6,
      "PCI平均": 52.6,
      "-3F差平均": 2.2,
      "想定脚質": "後方",
      "track_bias_aptitude_score": 6.6,
      "investment_value_score": 25.2,
      "total_investment_index": 21.9,
      "investment_rating": 0.0577893009781838,
      "stability_score": 60,
      "investment_mark": "×"
    },
    {
      "horse_number": 4,
      "name": "ブルームオブピース",
      "popularity": 11,
      "odds": 101.2,
      "mark": "△",
      "score": 100.15,
      "track_aptitude": 2,
      "total_points": 62.144933409709296,
      "detail_points": {
        "score": 35.8549334097093,
        "bias": 3.0,
        "pace": 8.28,
        "3f": 9.0,
        "margin": 4.0,
        "track": 2.0100000000000002
      },
      "avg_margin": 1.9,
      "race_name": "函館1R",
      "pred_prob_won": 0.01779925972223282,
      "pred_prob_in_top2": 0.029082721471786498,
      "pred_prob_in_top3": 0.08583737015724183,
      "score_z": -0.9586726448203325,
      "上り3F平均": 35.2,
      "Ave-3F平均": 36.8,
      "PCI平均": 54.5,
      "-3F差平均": 2.4,
      "想定脚質": "後方",
      "track_bias_aptitude_score": 12.2,
      "investment_value_score": 9.4,
      "total_investment_index": 12.7,
      "investment_rating": -0.3133010387420654,
      "stability_score": 60,
      "investment_mark": "××"
    },
    {
      "horse_number": 1,
      "name": "ロイヤルタイム",
      "popularity": 9,
      "odds": 73.6,
      "mark": "⭐︎",
      "score": 106.52,
      "track_aptitude": 2,
      "total_points": 60.42547186023199,
      "detail_points": {
        "score": 38.13547186023199,
        "bias": 3.0,
        "pace": 8.28,
        "3f": 7.0,