{
  "horses": [
    {
      "horse_number": 8,
      "name": "ビップレオン",
      "popularity": 10,
      "odds": 40.6,
      "mark": "▲",
      "score": 59.57,
      "track_aptitude": 0,
      "total_points": 74.86320889836965,
      "detail_points": {
        "score": 45.38320889836965,
        "bias": 9.0,
        "pace": 6.48,
        "3f": 4.0,
        "margin": 10.0,
        "track": 0.0
      },
      "avg_margin": 0.0,
      "race_name": "函館5R",
      "pred_prob_won": 0.10545165538787842,
      "pred_prob_in_top2": 0.11416547894477844,
      "pred_prob_in_top3": 0.3293983280658722,
      "score_z": 0.8862691705283254,
      "上り3F平均": 0,
      "Ave-3F平均": 0,
      "PCI平均": 0,
      "-3F差平均": 0,
      "想定脚質": "不明",
      "track_bias_aptitude_score": null,
      "investment_value_score": 32.2,
      "total_investment_index": null,
      "investment_rating": 1.5375476276874545,
      "stability_score": 90,
      "investment_mark": "◎"
    },
    {
      "horse_number": 2,
      "name": "スピネルテソーロ",
      "popularity": 6,
      "odds": 19.0,
      "mark": "○",
      "score": 60.4,
      "track_aptitude": 0,
      "total_points": 75.4955416730154,
      "detail_points": {
        "score": 46.01554167301539,
        "bias": 9.0,
        "pace": 6.48,
        "3f": 4.0,
        "margin": 10.0,
        "track": 0.0
      },
      "avg_margin": 0.0,
      "race_name": "函館5R",
      "pred_prob_won": 0.13520515710115433,
      "pred_prob_in_top2": 0.11456153243780136,
      "pred_prob_in_top3": 0.3782422661781311,
      "score_z": 0.9887327914042641,
      "上り3F平均": 0,
      "Ave-3F平均": 0,
      "PCI平均": 0,
      "-3F差平均": 0,
      "想定脚質": "不明",
      "track_bias_aptitude_score": null,
      "investment_value_score": 47.5,
      "total_investment_index": null,
      "investment_rating": 1.2668597841262819,
      "stability_score": 90,
      "investment_mark": "○"
    },
    {
      "horse_number": 3,
      "name": "マジッククッキー",
      "popularity": 8,
      "odds": 32.5,
      "mark": "▲",
      "score": 57.37,
      "track_aptitude": 0,
      "total_points": 73.18714612220022,
      "detail_points": {
        "score": 43.707146122200214,
        "bias": 9.0,
        "pace": 6.48,
        "3f": 4.0,
        "margin": 10.0,
        "track": 0.0
      },
      "avg_margin": 0.0,
      "race_name": "函館5R",
      "pred_prob_won": 0.10533916354179382,
      "pred_prob_in_top2": 0.11905268579721451,
      "pred_prob_in_top3": 0.3193683743476868,
      "score_z": 0.6146788501342704,
      "上り3F平均": 0,
      "Ave-3F平均": 0,
      "PCI平均": 0,
      "-3F差平均": 0,
      "想定脚質": "不明",
      "track_bias_aptitude_score": null,
      "investment_value_score": 35.4,
      "total_investment_index": null,
      "investment_rating": 1.2120207583904268,
      "stability_score": 90,
      "investment_mark": "▲"
    },
    {
      "horse_number": 10,
      "name": "セイウンダイフク",
      "popularity": 1,
      "odds": 2.8,
      "mark": "◎",
      "score": 65.63,
      "track_aptitude": 0,
      "total_points": 79.48,
      "detail_points": {
        "score": 50.0,
        "bias": 9.0,
        "pace": 6.48,
        "3f": 4.0,
        "margin": 10.0,
        "track": 0.0
      },
      "avg_margin": 0.0,
      "race_name": "函館5R",
      "pred_prob_won": 0.2072986513376236,
      "pred_prob_in_top2": 0.15652048885822295,
      "pred_prob_in_top3": 0.500239497423172,
      "score_z": 1.634377053068312,
      "上り3F平均": 0,
      "Ave-3F平均": 0,
      "PCI平均": 0,
      "-3F差平均": 0,
      "想定脚質": "不明",
      "track_bias_aptitude_score": null,
      "investment_value_score": 100,
      "total_investment_index": null,
      "investment_rating": 0.7755867686867713,
      "stability_score": 90,
      "investment_mark": "△"
    },
    {
      "horse_number": 7,
      "name": "クレインヴォイス",
      "popularity": 12,
      "odds": 43.6,
      "mark": "△",
      "score": 50.61,
      "track_aptitude": 0,
      "total_points": 68.0370623190614,
      "detail_points": {
        "score": 38.55706231906141,
        "bias": 9.0,
        "pace": 6.48,
        "3f": 4.0,
        "margin": 10.0,
        "track": 0.0
      },
      "avg_margin": 0.0,
      "race_name": "函館5R",
      "pred_prob_won": 0.06859776377677917,
      "pred_prob_in_top2": 0.042042285203933716,
      "pred_prob_in_top3": 0.1878840684890747,
      "score_z": -0.2198441343492793,
      "上り3F平均": 0,
      "Ave-3F平均": 0,
      "PCI平均": 0,
      "-3F差平均": 0,
      "想定脚質": "不明",
      "track_bias_aptitude_score": null,
      "investment_value_score": 12.0,
      "total_investment_index": null,
      "investment_rating": 0.597014582157135,
      "stability_score": 90,
      "investment_mark": "△"
    },
    {
      "horse_number": 5,
      "name": "タヤスロレンヌ",
      "popularity": 2,
      "odds": 3.4,
      "mark": "△",
      "score": 56.7,
      "track_aptitude": 0,
      "total_points": 72.67670882218498,
      "detail_points": {
        "score": 43.19670882218498,
        "bias": 9.0,
        "pace": 6.48,
        "3f": 4.0,
        "margin": 10.0,
        "track": 0.0
      },
      "avg_margin": 0.0,
      "race_name": "函館5R",
      "pred_prob_won": 0.08806639909744263,
      "pred_prob_in_top2": 0.08647273406386376,
      "pred_prob_in_top3": 0.26603272259235383,
      "score_z": 0.531967252559718,
      "上り3F平均": 0,
      "Ave-3F平均": 0,
      "PCI平均": 0,
      "-3F差平均": 0,
      "想定脚質": "不明",
      "track_bias_aptitude_score": null,
      "investment_value_score": 62.1,
      "total_investment_index": null,
      "investment_rating": 0.29809816777706144,
      "stability_score": 90,
      "investment_mark": "☆"
    },
    {
      "horse_number": 11,
      "name": "エスカレイト",
      "popularity": 4,
      "odds": 7.3,
      "mark": "△",
      "score": 52.15,
      "track_aptitude": 0,
      "total_points": 69.21030626238002,
      "detail_points": {
        "score": 39.73030626238001,
        "bias": 9.0,
        "pace": 6.48,
        "3f": 4.0,
        "margin": 10.0,
        "track": 0.0
      },
      "avg_margin": 0.0,
      "race_name": "函館5R",
      "pred_prob_won": 0.04843846783041954,
      "pred_prob_in_top2": 0.050899633765220643,
      "pred_prob_in_top3": 0.18591683506965637,
      "score_z": -0.02973091007344111,
      "上り3F平均": 0,
      "Ave-3F平均": 0,
      "PCI平均": 0,
      "-3F差平均": 0,
      "想定脚質": "不明",
      "track_bias_aptitude_score": null,
      "investment_value_score": 35.9,
      "total_investment_index": null,
      "investment_rating": 0.1622590237855912,
      "stability_score": 90,
      "investment_mark": "×"
    },
    {
      "horse_number": 1,
      "name": "スミッコディスコ",
      "popularity": 3,
      "odds": 5.2,
      "mark": "△",
      "score": 50.5,
      "track_aptitude": 0,
      "total_points": 67.95325918025293,
      "detail_points": {
        "score": 38.47325918025293,
        "bias": 9.0,
        "pace": 6.48,
        "3f": 4.0,
        "margin": 10.0,
        "track": 0.0
      },
      "avg_margin": 0.0,
      "race_name": "函館5R",
      "pred_prob_won": 0.059673546254634856,
      "pred_prob_in_top2": 0.03853689432144165,
      "pred_prob_in_top3": 0.19817758202552796,
      "score_z": -0.23342365036898197,
      "上り3F平均": 0,
      "Ave-3F平均": 0,
      "PCI平均": 0,
      "-3F差平均": 0,
      "想定脚質": "不明",
      "track_bias_aptitude_score": null,
      "investment_value_score": 42.6,
      "total_investment_index": null,
      "investment_rating": 0.15353041619062424,
      "stability_score": 90,
      "investment_mark": "×"
    },
    {
      "horse_number": 9,
      "name": "ライフイズ",
      "popularity": 9,
      "odds": 36.6,
      "mark": "×",
      "score": 39.6,
      "track_aptitude": 0,
      "total_points": 59.64912997104983,
      "detail_points": {
        "score": 30.16912997104983,
        "bias": 9.0,
        "pace": 6.48,
        "3f": 4.0,
        "margin": 10.0,
        "track": 0.0
      },
      "avg_margin": 0.0,
      "race_name": "函館5R",
      "pred_prob_won": 0.05793262906372547,