{
  "horses": [
    {
      "horse_number": 13,
      "name": "ヘクセンハウス",
      "popularity": 8,
      "odds": 16.2,
      "mark": "▲",
      "score": 114.16,
      "track_aptitude": 2,
      "total_points": 93.4727383015598,
      "detail_points": {
        "score": 49.46273830155979,
        "bias": 15.0,
        "pace": 12.0,
        "3f": 9.0,
        "margin": 6.0,
        "track": 2.0100000000000002
      },
      "avg_margin": 0.65,
      "race_name": "函館1R",
      "pred_prob_won": 0.14883616864681243,
      "pred_prob_in_top2": 0.1310487136244774,
      "pred_prob_in_top3": 0.4073890924453735,
      "score_z": 1.0747706919602766,
      "上り3F平均": 35.45,
      "Ave-3F平均": 34.4,
      "PCI平均": 47.05,
      "-3F差平均": 0.45,
      "想定脚質": "先行",
      "track_bias_aptitude_score": 93.7,
      "investment_value_score": 59.8,
      "total_investment_index": 70.8,
      "investment_rating": 1.8850734639167785,
      "stability_score": 75,
      "investment_mark": "◎"
    },
    {
      "horse_number": 11,
      "name": "ケイベエ",
      "popularity": 7,
      "odds": 11.1,
      "mark": "○",
      "score": 110.89,
      "track_aptitude": 1,
      "total_points": 94.03592720970536,
      "detail_points": {
        "score": 48.04592720970537,
        "bias": 15.0,
        "pace": 12.0,
        "3f": 9.0,
        "margin": 9.0,
        "track": 0.99
      },
      "avg_margin": 0.2,
      "race_name": "函館1R",
      "pred_prob_won": 0.12614987939596176,
      "pred_prob_in_top2": 0.13059210777282715,
      "pred_prob_in_top3": 0.3904931128025055,
      "score_z": 0.8632290374445831,
      "上り3F平均": 35.5,
      "Ave-3F平均": 34.8,
      "PCI平均": 48.0,
      "-3F差平均": 0.4,
      "想定脚質": "先行",
      "track_bias_aptitude_score": 87.4,
      "investment_value_score": 60.8,
      "total_investment_index": 69.1,
      "investment_rating": 1.6172367760539055,
      "stability_score": 90,
      "investment_mark": "○"
    },
    {
      "horse_number": 4,
      "name": "コルテオソレイユ",
      "popularity": 4,
      "odds": 6.1,
      "mark": "△",
      "score": 115.4,
      "track_aptitude": 1,
      "total_points": 85.94,
      "detail_points": {
        "score": 50.0,
        "bias": 4.95,
        "pace": 12.0,
        "3f": 9.0,
        "margin": 9.0,
        "track": 0.99
      },
      "avg_margin": 0.15,
      "race_name": "函館1R",
      "pred_prob_won": 0.15066466331481934,
      "pred_prob_in_top2": 0.1329805240035057,
      "pred_prob_in_top3": 0.4250197231769562,
      "score_z": 1.1549883224188275,
      "上り3F平均": 34.5,
      "Ave-3F平均": 36.5,
      "PCI平均": 55.8,
      "-3F差平均": 0.7,
      "想定脚質": "中団",
      "track_bias_aptitude_score": 23.3,
      "investment_value_score": 75.7,
      "total_investment_index": 59.3,
      "investment_rating": 1.257576920390129,
      "stability_score": 90,
      "investment_mark": "▲"
    },
    {
      "horse_number": 2,
      "name": "クワイエットアイ",
      "popularity": 3,
      "odds": 6.1,
      "mark": "◎",
      "score": 112.09,
      "track_aptitude": 2,
      "total_points": 95.57585788561526,
      "detail_points": {
        "score": 48.56585788561525,
        "bias": 15.0,
        "pace": 12.0,
        "3f": 9.0,
        "margin": 9.0,
        "track": 2.0100000000000002
      },
      "avg_margin": 0.075,
      "race_name": "函館1R",
      "pred_prob_won": 0.14716899394989014,
      "pred_prob_in_top2": 0.13604292571544646,
      "pred_prob_in_top3": 0.4265378475189209,
      "score_z": 0.940859002404471,
      "上り3F平均": 35.45,
      "Ave-3F平均": 35.05,
      "PCI平均": 48.9,
      "-3F差平均": 0.7,
      "想定脚質": "先行",
      "track_bias_aptitude_score": 93.7,
      "investment_value_score": 80.7,
      "total_investment_index": 83.1,
      "investment_rating": 1.0789017891883848,
      "stability_score": 90,
      "investment_mark": "▲"
    },
    {
      "horse_number": 7,
      "name": "ロンドンオービタル",
      "popularity": 5,
      "odds": 9.5,
      "mark": "△",
      "score": 111.12,
      "track_aptitude": 1,
      "total_points": 92.13558058925476,
      "detail_points": {
        "score": 48.14558058925476,
        "bias": 15.0,
        "pace": 12.0,
        "3f": 7.0,
        "margin": 9.0,
        "track": 0.99
      },
      "avg_margin": 0.2,
      "race_name": "函館1R",
      "pred_prob_won": 0.10876585394144059,
      "pred_prob_in_top2": 0.11816461682319641,
      "pred_prob_in_top3": 0.32175770998001096,
      "score_z": 0.8781081140618953,
      "上り3F平均": 35.8,
      "Ave-3F平均": 34.5,
      "PCI平均": 46.4,
      "-3F差平均": 0.1,
      "想定脚質": "先行",
      "track_bias_aptitude_score": 87.4,
      "investment_value_score": 63.8,
      "total_investment_index": 71.0,
      "investment_rating": 0.9818218094110488,
      "stability_score": 90,
      "investment_mark": "△"
    },
    {
      "horse_number": 16,
      "name": "ワイズギャング",
      "popularity": 1,
      "odds": 4.5,
      "mark": "▲",
      "score": 110.57,
      "track_aptitude": 1,
      "total_points": 92.89727902946272,
      "detail_points": {
        "score": 47.907279029462735,
        "bias": 15.0,
        "pace": 12.0,
        "3f": 9.0,
        "margin": 8.0,
        "track": 0.99
      },
      "avg_margin": 0.5,
      "race_name": "函館1R",
      "pred_prob_won": 0.1334712415933609,
      "pred_prob_in_top2": 0.118666510283947,
      "pred_prob_in_top3": 0.36891708374023435,
      "score_z": 0.8425277134552793,
      "上り3F平均": 35.55,
      "Ave-3F平均": 34.3,
      "PCI平均": 46.55,
      "-3F差平均": 0.55,
      "想定脚質": "先行",
      "track_bias_aptitude_score": 87.4,
      "investment_value_score": 100,
      "total_investment_index": 92.6,
      "investment_rating": 0.5800634384155273,
      "stability_score": 90,
      "investment_mark": "△"
    },
    {
      "horse_number": 9,
      "name": "エミフルソウタ",
      "popularity": 6,
      "odds": 9.9,
      "mark": "△",
      "score": 102.72,
      "track_aptitude": 1,
      "total_points": 79.44606585788561,
      "detail_points": {
        "score": 44.506065857885616,
        "bias": 4.95,
        "pace": 12.0,
        "3f": 9.0,
        "margin": 8.0,
        "track": 0.99
      },
      "avg_margin": 0.4,
      "race_name": "函館1R",
      "pred_prob_won": 0.052714484930038455,
      "pred_prob_in_top2": 0.06469918191432952,
      "pred_prob_in_top3": 0.18540437519550323,
      "score_z": 0.33469835934268183,
      "上り3F平均": 35.5,
      "Ave-3F平均": 35.4,
      "PCI平均": 49.7,
      "-3F差平均": 0.9,
      "想定脚質": "中団",
      "track_bias_aptitude_score": 23.3,
      "investment_value_score": 46.5,
      "total_investment_index": 40.4,
      "investment_rating": 0.4270218759775162,
      "stability_score": 90,
      "investment_mark": "☆"
    },
    {
      "horse_number": 1,
      "name": "ストームサンダー",
      "popularity": 2,
      "odds": 5.7,
      "mark": "△",
      "score": 106.49,
      "track_aptitude": 0,
      "total_points": 81.41951473136915,
      "detail_points": {
        "score": 46.13951473136915,
        "bias": 9.0,
        "pace": 8.28,
        "3f": 9.0,
        "margin": 9.0,
        "track": 0.0
      },
      "avg_margin": 0.1,
      "race_name": "函館1R",
      "pred_prob_won": 0.062490230053663255,
      "pred_prob_in_top2": 0.07525401264429092,
      "pred_prob_in_top3": 0.22341289222240449,
      "score_z": 0.5785858325916617,
      "上り3F平均": 34.9,
      "Ave-3F平均": 36.0,
      "PCI平均": 53.2,
      "-3F差平均": 0,
      "想定脚質": "逃げ",
      "track_bias_aptitude_score": 37.1,
      "investment_value_score": 73.7,
      "total_investment_index": 61.3,
      "investment_rating": 0.32555609822273257,
      "stability_score": 90,
      "investment_mark": "☆"
    },
    {
      "horse_number": 12,
      "name": "ヨッシーリオ",
      "popularity": 10,
      "odds": 26.9,
      "mark": "×",
      "score": 97.59,
      "track_aptitude": 1,
      "total_points": 75.22336221837088,
      "detail_points": {
        "score": 42.28336221837088,
        "bias": 4.95,
        "pace": 12.0,
        "3f": 9.0,
        "margin": 6.0,