{
  "horses": [
    {
      "horse_number": 2,
      "name": "カウスリップ",
      "popularity": 7,
      "odds": 22.3,
      "mark": "○",
      "score": 108.58,
      "track_aptitude": 1,
      "total_points": 90.24149088430737,
      "detail_points": {
        "score": 46.25149088430738,
        "bias": 15.0,
        "pace": 12.0,
        "3f": 7.0,
        "margin": 9.0,
        "track": 0.99
      },
      "avg_margin": 0.14,
      "race_name": "函館9R",
      "pred_prob_won": 0.09672627747058868,
      "pred_prob_in_top2": 0.13544985353946687,
      "pred_prob_in_top3": 0.35838409066200255,
      "score_z": 0.750195623537556,
      "上り3F平均": 36.72,
      "Ave-3F平均": 34.14,
      "PCI平均": 43.16,
      "-3F差平均": 0.1,
      "想定脚質": "先行",
      "track_bias_aptitude_score": 86.0,
      "investment_value_score": 46.3,
      "total_investment_index": 59.8,
      "investment_rating": 1.2786277258396148,
      "stability_score": 90,
      "investment_mark": "◎"
    },
    {
      "horse_number": 3,
      "name": "ゴキゲンサン",
      "popularity": 5,
      "odds": 19.3,
      "mark": "△",
      "score": 112.01,
      "track_aptitude": 0,
      "total_points": 83.66255750553758,
      "detail_points": {
        "score": 47.712557505537575,
        "bias": 10.95,
        "pace": 12.0,
        "3f": 7.0,
        "margin": 6.0,
        "track": 0.0
      },
      "avg_margin": 0.6333333333333333,
      "race_name": "函館9R",
      "pred_prob_won": 0.13455690145492555,
      "pred_prob_in_top2": 0.12304831743240356,
      "pred_prob_in_top3": 0.38197741508483884,
      "score_z": 1.076401465142628,
      "上り3F平均": 34.97,
      "Ave-3F平均": 35.41,
      "PCI平均": 51.29,
      "-3F差平均": 1.1,
      "想定脚質": "中団",
      "track_bias_aptitude_score": 50.7,
      "investment_value_score": 56.0,
      "total_investment_index": 55.6,
      "investment_rating": 1.0952938508987426,
      "stability_score": 75,
      "investment_mark": "○"
    },
    {
      "horse_number": 1,
      "name": "ラパンチュール",
      "popularity": 1,
      "odds": 2.6,
      "mark": "◎",
      "score": 117.38,
      "track_aptitude": 0,
      "total_points": 95.0,
      "detail_points": {
        "score": 50.0,
        "bias": 15.0,
        "pace": 12.0,
        "3f": 9.0,
        "margin": 9.0,
        "track": 0.0
      },
      "avg_margin": 0.15,
      "race_name": "函館9R",
      "pred_prob_won": 0.24408823847770691,
      "pred_prob_in_top2": 0.1603055089712143,
      "pred_prob_in_top3": 0.535914421081543,
      "score_z": 1.5871085699295753,
      "上り3F平均": 33.87,
      "Ave-3F平均": 35.66,
      "PCI平均": 55.3,
      "-3F差平均": 0.97,
      "想定脚質": "先行",
      "track_bias_aptitude_score": 79.0,
      "investment_value_score": 100,
      "total_investment_index": 91.3,
      "investment_rating": 0.8397860527038574,
      "stability_score": 90,
      "investment_mark": "▲"
    },
    {
      "horse_number": 7,
      "name": "ルージュラナキラ",
      "popularity": 3,
      "odds": 4.2,
      "mark": "×",
      "score": 107.86,
      "track_aptitude": 0,
      "total_points": 72.17479468393253,
      "detail_points": {
        "score": 45.94479468393253,
        "bias": 4.95,
        "pace": 8.28,
        "3f": 5.0,
        "margin": 8.0,
        "track": 0.0
      },
      "avg_margin": 0.45,
      "race_name": "函館9R",
      "pred_prob_won": 0.06591978594660759,
      "pred_prob_in_top2": 0.06905717253684998,
      "pred_prob_in_top3": 0.22693165242671967,
      "score_z": 0.6817209279236636,
      "上り3F平均": 35.02,
      "Ave-3F平均": 35.28,
      "PCI平均": 50.88,
      "-3F差平均": 0.67,
      "想定脚質": "逃げ",
      "track_bias_aptitude_score": 12.0,
      "investment_value_score": 54.0,
      "total_investment_index": 42.1,
      "investment_rating": 0.21695394873619084,
      "stability_score": 90,
      "investment_mark": "△"
    },
    {
      "horse_number": 5,
      "name": "シアター",
      "popularity": 6,
      "odds": 20.3,
      "mark": "▲",
      "score": 100.58,
      "track_aptitude": 1,
      "total_points": 87.83375532458682,
      "detail_points": {
        "score": 42.843755324586816,
        "bias": 15.0,
        "pace": 12.0,
        "3f": 9.0,
        "margin": 8.0,
        "track": 0.99
      },
      "avg_margin": 0.29499999999999993,
      "race_name": "函館9R",
      "pred_prob_won": 0.04619719237089157,
      "pred_prob_in_top2": 0.06866391003131866,
      "pred_prob_in_top3": 0.18057737052440642,
      "score_z": -0.010634327727916263,
      "上り3F平均": 35.2,
      "Ave-3F平均": 34.3,
      "PCI平均": 47.49,
      "-3F差平均": 0.43,
      "想定脚質": "先行",
      "track_bias_aptitude_score": 86.0,
      "investment_value_score": 32.9,
      "total_investment_index": 50.5,
      "investment_rating": 0.19803119525313384,
      "stability_score": 90,
      "investment_mark": "☆"
    },
    {
      "horse_number": 11,
      "name": "スクルプトーリス",
      "popularity": 9,
      "odds": 32.3,
      "mark": "▲",
      "score": 95.66,
      "track_aptitude": 3,
      "total_points": 85.74799795535867,
      "detail_points": {
        "score": 40.74799795535867,
        "bias": 15.0,
        "pace": 12.0,
        "3f": 9.0,
        "margin": 6.0,
        "track": 3.0
      },
      "avg_margin": 0.865,
      "race_name": "函館9R",
      "pred_prob_won": 0.02249683365225792,
      "pred_prob_in_top2": 0.04814393520355224,
      "pred_prob_in_top3": 0.1230665996670723,
      "score_z": -0.47854474775618183,
      "上り3F平均": 35.18,
      "Ave-3F平均": 34.7,
      "PCI平均": 48.73,
      "-3F差平均": 0.7,
      "想定脚質": "先行",
      "track_bias_aptitude_score": 100,
      "investment_value_score": 16.5,
      "total_investment_index": 44.1,
      "investment_rating": -0.05084046229720107,
      "stability_score": 75,
      "investment_mark": "××"
    },
    {
      "horse_number": 9,
      "name": "リリーフィールド",
      "popularity": 2,
      "odds": 3.8,
      "mark": "⭐︎",
      "score": 103.78,
      "track_aptitude": 3,
      "total_points": 72.43684954847504,
      "detail_points": {
        "score": 44.20684954847504,
        "bias": 4.95,
        "pace": 8.28,
        "3f": 4.0,
        "margin": 8.0,
        "track": 3.0
      },
      "avg_margin": 0.42857142857142855,
      "race_name": "函館9R",
      "pred_prob_won": 0.0378961268812418,
      "pred_prob_in_top2": 0.05031161606311798,
      "pred_prob_in_top3": 0.1442391097545624,
      "score_z": 0.2936976527782729,
      "上り3F平均": 35.35,
      "Ave-3F平均": 34.83,
      "PCI平均": 48.57,
      "-3F差平均": 0.9,
      "想定脚質": "逃げ",
      "track_bias_aptitude_score": 33.1,
      "investment_value_score": 51.3,
      "total_investment_index": 46.2,
      "investment_rating": -0.1100707152485848,
      "stability_score": 90,
      "investment_mark": "××"
    },
    {
      "horse_number": 6,
      "name": "カワキタマナレア",
      "popularity": 4,
      "odds": 7.9,
      "mark": "消",
      "score": 99.59,
      "track_aptitude": 0,
      "total_points": 66.7020480490714,
      "detail_points": {
        "score": 42.42204804907139,
        "bias": 3.0,
        "pace": 8.28,
        "3f": 7.0,
        "margin": 6.0,
        "track": 0.0
      },
      "avg_margin": 0.6333333333333334,
      "race_name": "函館9R",
      "pred_prob_won": 0.021817899867892267,
      "pred_prob_in_top2": 0.03950270935893059,
      "pred_prob_in_top3": 0.1030772164463997,
      "score_z": -0.10478703419701797,
      "上り3F平均": 34.53,
      "Ave-3F平均": 35.67,
      "PCI平均": 53.45,
      "-3F差平均": 0.97,
      "想定脚質": "後方",
      "track_bias_aptitude_score": 1,
      "investment_value_score": 29.6,
      "total_investment_index": 22.9,
      "investment_rating": -0.22222955174744125,
      "stability_score": 75,
      "investment_mark": "××"
    },
    {
      "horse_number": 8,
      "name": "オルフェスト",
      "popularity": 8,
      "odds": 27.1,
      "mark": "△",
      "score": 90.9,
      "track_aptitude": 2,
      "total_points": 84.73039529732493,
      "detail_points": {
        "score": 38.720395297324934,
        "bias": 15.0,