{
  "horses": [
    {
      "horse_number": 4,
      "name": "サトノビエント",
      "popularity": 4,
      "odds": 10.3,
      "mark": "○",
      "score": 128.2,
      "track_aptitude": 0,
      "total_points": 86.39548349739432,
      "detail_points": {
        "score": 46.39548349739432,
        "bias": 15.0,
        "pace": 12.0,
        "3f": 9.0,
        "margin": 4.0,
        "track": 0.0
      },
      "avg_margin": 1.0666666666666667,
      "race_name": "函館4R",
      "pred_prob_won": 0.13177832663059236,
      "pred_prob_in_top2": 0.1297813281416893,
      "pred_prob_in_top3": 0.4028112292289734,
      "score_z": 0.7664351858501943,
      "上り3F平均": 35.97,
      "Ave-3F平均": 36.32,
      "PCI平均": 51.0,
      "-3F差平均": 0.53,
      "想定脚質": "先行",
      "track_bias_aptitude_score": 81.1,
      "investment_value_score": 61.3,
      "total_investment_index": 67.4,
      "investment_rating": 0.9619477242231369,
      "stability_score": 60,
      "investment_mark": "◎"
    },
    {
      "horse_number": 1,
      "name": "スティーヴバローズ",
      "popularity": 2,
      "odds": 3.2,
      "mark": "△",
      "score": 135.88,
      "track_aptitude": 1,
      "total_points": 76.39486971627099,
      "detail_points": {
        "score": 49.17486971627099,
        "bias": 4.95,
        "pace": 8.28,
        "3f": 7.0,
        "margin": 6.0,
        "track": 0.99
      },
      "avg_margin": 0.7277777777777777,
      "race_name": "函館4R",
      "pred_prob_won": 0.18533552587032318,
      "pred_prob_in_top2": 0.17836354970932006,
      "pred_prob_in_top3": 0.49066160917282103,
      "score_z": 1.2251415677530908,
      "上り3F平均": 37.88,
      "Ave-3F平均": 37.43,
      "PCI平均": 49.06,
      "-3F差平均": 0.43,
      "想定脚質": "逃げ",
      "track_bias_aptitude_score": 23.6,
      "investment_value_score": 81.7,
      "total_investment_index": 63.1,
      "investment_rating": 0.8955840688943864,
      "stability_score": 75,
      "investment_mark": "○"
    },
    {
      "horse_number": 2,
      "name": "マイネルアレス",
      "popularity": 1,
      "odds": 1.9,
      "mark": "◎",
      "score": 138.16,
      "track_aptitude": 2,
      "total_points": 96.01,
      "detail_points": {
        "score": 50.0,
        "bias": 15.0,
        "pace": 12.0,
        "3f": 9.0,
        "margin": 8.0,
        "track": 2.0100000000000002
      },
      "avg_margin": 0.37,
      "race_name": "函館4R",
      "pred_prob_won": 0.23685713112354279,
      "pred_prob_in_top2": 0.19740237891674042,
      "pred_prob_in_top3": 0.5713137030601502,
      "score_z": 1.361320024880513,
      "上り3F平均": 34.99,
      "Ave-3F平均": 37.08,
      "PCI平均": 56.01,
      "-3F差平均": 0.64,
      "想定脚質": "先行",
      "track_bias_aptitude_score": 93.7,
      "investment_value_score": 100,
      "total_investment_index": 95.4,
      "investment_rating": 0.8854156279563905,
      "stability_score": 90,
      "investment_mark": "▲"
    },
    {
      "horse_number": 9,
      "name": "シュエットアムール",
      "popularity": 3,
      "odds": 5.2,
      "mark": "△",
      "score": 119.77,
      "track_aptitude": 2,
      "total_points": 69.63467284308048,
      "detail_points": {
        "score": 43.34467284308048,
        "bias": 3.0,
        "pace": 8.28,
        "3f": 9.0,
        "margin": 4.0,
        "track": 2.0100000000000002
      },
      "avg_margin": 1.3,
      "race_name": "函館4R",
      "pred_prob_won": 0.056090987473726275,
      "pred_prob_in_top2": 0.07501740753650665,
      "pred_prob_in_top3": 0.21634742617607117,
      "score_z": 0.262933258839594,
      "上り3F平均": 35.84,
      "Ave-3F平均": 36.68,
      "PCI平均": 52.44,
      "-3F差平均": 1.4,
      "想定脚質": "後方",
      "track_bias_aptitude_score": 13.6,
      "investment_value_score": 52.5,
      "total_investment_index": 41.0,
      "investment_rating": 0.10048547685146336,
      "stability_score": 60,
      "investment_mark": "△"
    },
    {
      "horse_number": 8,
      "name": "オニムシャ",
      "popularity": 5,
      "odds": 15.2,
      "mark": "▲",
      "score": 109.03,
      "track_aptitude": 1,
      "total_points": 78.44787492762015,
      "detail_points": {
        "score": 39.45787492762015,
        "bias": 15.0,
        "pace": 12.0,
        "3f": 9.0,
        "margin": 2.0,
        "track": 0.99
      },
      "avg_margin": 2.233333333333333,
      "race_name": "函館4R",
      "pred_prob_won": 0.03212276920676231,
      "pred_prob_in_top2": 0.05640890300273895,
      "pred_prob_in_top3": 0.16191960573196412,
      "score_z": -0.3785389471027369,
      "上り3F平均": 37.28,
      "Ave-3F平均": 36.38,
      "PCI平均": 47.73,
      "-3F差平均": 0.96,
      "想定脚質": "先行",
      "track_bias_aptitude_score": 87.4,
      "investment_value_score": 34.9,
      "total_investment_index": 51.5,
      "investment_rating": -0.022785892486572257,
      "stability_score": 45,
      "investment_mark": "××"
    },
    {
      "horse_number": 7,
      "name": "スイッチビスケット",
      "popularity": 6,
      "odds": 29.0,
      "mark": "▲",
      "score": 106.9,
      "track_aptitude": 0,
      "total_points": 78.68702953097858,
      "detail_points": {
        "score": 38.68702953097858,
        "bias": 15.0,
        "pace": 12.0,
        "3f": 9.0,
        "margin": 4.0,
        "track": 0.0
      },
      "avg_margin": 1.3000000000000003,
      "race_name": "函館4R",
      "pred_prob_won": 0.03038271367549896,
      "pred_prob_in_top2": 0.04236704483628273,
      "pred_prob_in_top3": 0.13183894157409667,
      "score_z": -0.5057582952086179,
      "上り3F平均": 35.93,
      "Ave-3F平均": 37.55,
      "PCI平均": 54.62,
      "-3F差平均": 0.53,
      "想定脚質": "先行",
      "track_bias_aptitude_score": 81.1,
      "investment_value_score": 27.4,
      "total_investment_index": 44.9,
      "investment_rating": -0.14466166257858282,
      "stability_score": 60,
      "investment_mark": "××"
    },
    {
      "horse_number": 5,
      "name": "スペシャルバニー",
      "popularity": 7,
      "odds": 49.9,
      "mark": "△",
      "score": 110.84,
      "track_aptitude": 0,
      "total_points": 76.11291256514187,
      "detail_points": {
        "score": 40.11291256514187,
        "bias": 9.0,
        "pace": 12.0,
        "3f": 9.0,
        "margin": 6.0,
        "track": 0.0
      },
      "avg_margin": 0.7928571428571429,
      "race_name": "函館4R",
      "pred_prob_won": 0.027837350964546204,
      "pred_prob_in_top2": 0.04612489640712738,
      "pred_prob_in_top3": 0.12466046959161758,
      "score_z": -0.2704323649094761,
      "上り3F平均": 36.4,
      "Ave-3F平均": 35.59,
      "PCI平均": 47.94,
      "-3F差平均": 0.7,
      "想定脚質": "中団",
      "track_bias_aptitude_score": 44.9,
      "investment_value_score": 24.2,
      "total_investment_index": 32.5,
      "investment_rating": -0.16450322940945628,
      "stability_score": 75,
      "investment_mark": "××"
    },
    {
      "horse_number": 3,
      "name": "シヴァールバーニ",
      "popularity": 8,
      "odds": 51.1,
      "mark": "△",
      "score": 103.04,
      "track_aptitude": 0,
      "total_points": 58.57009843659525,
      "detail_points": {
        "score": 37.29009843659525,
        "bias": 3.0,
        "pace": 8.28,
        "3f": 9.0,
        "margin": 1.0,
        "track": 0.0
      },
      "avg_margin": 3.2,
      "race_name": "函館4R",
      "pred_prob_won": 0.02102223373949528,
      "pred_prob_in_top2": 0.03043472468852997,
      "pred_prob_in_top3": 0.10008966773748398,
      "score_z": -0.7363060340296048,
      "上り3F平均": 36.6,
      "Ave-3F平均": 38.33,
      "PCI平均": 54.7,
      "-3F差平均": 1.2,
      "想定脚質": "後方",
      "track_bias_aptitude_score": 1,
      "investment_value_score": 16.7,
      "total_investment_index": 14.1,
      "investment_rating": -0.3044216430932283,
      "stability_score": 30,
      "investment_mark": "××"
    },
    {
      "horse_number": 6,
      "name": "ロコモーション",
      "popularity": 9,
      "odds": 93.4,
      "mark": "消",
      "score": 86.49,
      "track_aptitude": 0,
      "total_points": 52.58066589461494,