{
  "horses": [
    {
      "horse_number": 2,
      "name": "ペイシャアーサー",
      "popularity": 2,
      "odds": 3.3,
      "mark": "◎",
      "score": 117.28,
      "track_aptitude": 0,
      "total_points": 92.2,
      "detail_points": {
        "score": 50.0,
        "bias": 15.0,
        "pace": 10.2,
        "3f": 9.0,
        "margin": 8.0,
        "track": 0.0
      },
      "avg_margin": 0.3,
      "race_name": "函館3R",
      "pred_prob_won": 0.2279270589351654,
      "pred_prob_in_top2": 0.16032808423042297,
      "pred_prob_in_top3": 0.5275922417640686,
      "score_z": 1.4998105746406254,
      "上り3F平均": 34.74,
      "Ave-3F平均": 35.27,
      "PCI平均": 51.56,
      "-3F差平均": 0.7,
      "想定脚質": "先行",
      "track_bias_aptitude_score": 79.1,
      "investment_value_score": 86.8,
      "total_investment_index": 83.3,
      "investment_rating": 1.0827767252922058,
      "stability_score": 90,
      "investment_mark": "◎"
    },
    {
      "horse_number": 5,
      "name": "タッカーバリアント",
      "popularity": 4,
      "odds": 9.6,
      "mark": "▲",
      "score": 108.97,
      "track_aptitude": 0,
      "total_points": 84.70719645293316,
      "detail_points": {
        "score": 46.457196452933154,
        "bias": 13.05,
        "pace": 10.2,
        "3f": 9.0,
        "margin": 6.0,
        "track": 0.0
      },
      "avg_margin": 0.7937500000000001,
      "race_name": "函館3R",
      "pred_prob_won": 0.11713439673185348,
      "pred_prob_in_top2": 0.12225469946861267,
      "pred_prob_in_top3": 0.3508677244186401,
      "score_z": 0.9196216131107814,
      "上り3F平均": 37.56,
      "Ave-3F平均": 35.4,
      "PCI平均": 44.38,
      "-3F差平均": 0.54,
      "想定脚質": "中団",
      "track_bias_aptitude_score": 62.7,
      "investment_value_score": 61.2,
      "total_investment_index": 62.1,
      "investment_rating": 0.8385576701164243,
      "stability_score": 75,
      "investment_mark": "○"
    },
    {
      "horse_number": 11,
      "name": "サマースピリット",
      "popularity": 1,
      "odds": 2.0,
      "mark": "○",
      "score": 116.62,
      "track_aptitude": 0,
      "total_points": 87.91862210095498,
      "detail_points": {
        "score": 49.71862210095498,
        "bias": 15.0,
        "pace": 10.2,
        "3f": 7.0,
        "margin": 6.0,
        "track": 0.0
      },
      "avg_margin": 0.8875,
      "race_name": "函館3R",
      "pred_prob_won": 0.21121125817298889,
      "pred_prob_in_top2": 0.15799319744110107,
      "pred_prob_in_top3": 0.5020192801952362,
      "score_z": 1.4537305849162339,
      "上り3F平均": 35.52,
      "Ave-3F平均": 35.36,
      "PCI平均": 49.72,
      "-3F差平均": 0.23,
      "想定脚質": "先行",
      "track_bias_aptitude_score": 79.1,
      "investment_value_score": 100,
      "total_investment_index": 91.2,
      "investment_rating": 0.7799472364783288,
      "stability_score": 75,
      "investment_mark": "△"
    },
    {
      "horse_number": 6,
      "name": "アンビシャスヨシノ",
      "popularity": 3,
      "odds": 5.9,
      "mark": "△",
      "score": 108.44,
      "track_aptitude": 2,
      "total_points": 74.521241473397,
      "detail_points": {
        "score": 46.23124147339699,
        "bias": 3.0,
        "pace": 8.28,
        "3f": 7.0,
        "margin": 8.0,
        "track": 2.0100000000000002
      },
      "avg_margin": 0.4375,
      "race_name": "函館3R",
      "pred_prob_won": 0.08902136236429214,
      "pred_prob_in_top2": 0.10370093435049058,
      "pred_prob_in_top3": 0.2989161491394043,
      "score_z": 0.8826179849987696,
      "上り3F平均": 34.75,
      "Ave-3F平均": 34.82,
      "PCI平均": 50.22,
      "-3F差平均": 0.98,
      "想定脚質": "後方",
      "track_bias_aptitude_score": 14.9,
      "investment_value_score": 63.6,
      "total_investment_index": 49.1,
      "investment_rating": 0.5111523294448852,
      "stability_score": 90,
      "investment_mark": "△"
    },
    {
      "horse_number": 9,
      "name": "ブラヴォケラトプス",
      "popularity": 5,
      "odds": 11.5,
      "mark": "▲",
      "score": 102.04,
      "track_aptitude": 0,
      "total_points": 81.70272851296043,
      "detail_points": {
        "score": 43.50272851296044,
        "bias": 15.0,
        "pace": 10.2,
        "3f": 9.0,
        "margin": 4.0,
        "track": 0.0
      },
      "avg_margin": 1.1800000000000002,
      "race_name": "函館3R",
      "pred_prob_won": 0.07106022238731384,
      "pred_prob_in_top2": 0.08114301860332489,
      "pred_prob_in_top3": 0.24854356348514556,
      "score_z": 0.43578172100466667,
      "上り3F平均": 36.58,
      "Ave-3F平均": 36.3,
      "PCI平均": 49.6,
      "-3F差平均": 0.84,
      "想定脚質": "先行",
      "track_bias_aptitude_score": 79.1,
      "investment_value_score": 47.8,
      "total_investment_index": 58.1,
      "investment_rating": 0.505727570205927,
      "stability_score": 60,
      "investment_mark": "△"
    },
    {
      "horse_number": 7,
      "name": "ヒロノエクスカリバ",
      "popularity": 7,
      "odds": 39.5,
      "mark": "△",
      "score": 94.61,
      "track_aptitude": 0,
      "total_points": 74.58509549795362,
      "detail_points": {
        "score": 40.33509549795362,
        "bias": 13.05,
        "pace": 10.2,
        "3f": 7.0,
        "margin": 4.0,
        "track": 0.0
      },
      "avg_margin": 1.65,
      "race_name": "函館3R",
      "pred_prob_won": 0.03484470210969448,
      "pred_prob_in_top2": 0.048997481167316434,
      "pred_prob_in_top3": 0.13634759485721587,
      "score_z": -0.08296725422598845,
      "上り3F平均": 36.19,
      "Ave-3F平均": 35.86,
      "PCI平均": 49.25,
      "-3F差平均": 1.04,
      "想定脚質": "中団",
      "track_bias_aptitude_score": 62.7,
      "investment_value_score": 28.0,
      "total_investment_index": 40.5,
      "investment_rating": 0.03399867042899141,
      "stability_score": 60,
      "investment_mark": "☆"
    },
    {
      "horse_number": 1,
      "name": "ルナティックアイ",
      "popularity": 9,
      "odds": 88.7,
      "mark": "△",
      "score": 89.16,
      "track_aptitude": 0,
      "total_points": 74.26159618008185,
      "detail_points": {
        "score": 38.01159618008185,
        "bias": 13.05,
        "pace": 10.2,
        "3f": 9.0,
        "margin": 4.0,
        "track": 0.0
      },
      "avg_margin": 1.7785714285714287,
      "race_name": "函館3R",
      "pred_prob_won": 0.028377540037035943,
      "pred_prob_in_top2": 0.035704287514090535,
      "pred_prob_in_top3": 0.10970480293035507,
      "score_z": -0.4634762602834675,
      "上り3F平均": 36.47,
      "Ave-3F平均": 36.24,
      "PCI平均": 49.76,
      "-3F差平均": 0.81,
      "想定脚質": "中団",
      "track_bias_aptitude_score": 62.7,
      "investment_value_score": 18.4,
      "total_investment_index": 34.1,
      "investment_rating": -0.09852209992706762,
      "stability_score": 60,
      "investment_mark": "××"
    },
    {
      "horse_number": 10,
      "name": "ロードステイタス",
      "popularity": 6,
      "odds": 22.1,
      "mark": "△",
      "score": 85.06,
      "track_aptitude": 0,
      "total_points": 72.46364256480219,
      "detail_points": {
        "score": 36.26364256480218,
        "bias": 15.0,
        "pace": 10.2,
        "3f": 9.0,
        "margin": 2.0,
        "track": 0.0
      },
      "avg_margin": 2.2125,
      "race_name": "函館3R",
      "pred_prob_won": 0.01928158588707447,
      "pred_prob_in_top2": 0.02854842469096184,
      "pred_prob_in_top3": 0.08704861402511596,
      "score_z": -0.7497307419046897,
      "上り3F平均": 38.3,
      "Ave-3F平均": 37.64,
      "PCI平均": 49.15,
      "-3F差平均": 0.35,
      "想定脚質": "先行",
      "track_bias_aptitude_score": 79.1,
      "investment_value_score": 20.7,
      "total_investment_index": 39.9,
      "investment_rating": -0.2473472070693969,
      "stability_score": 45,
      "investment_mark": "××"
    },
    {
      "horse_number": 3,
      "name": "ファリア",
      "popularity": 8,
      "odds": 74.7,
      "mark": "消",
      "score": 87.98,
      "track_aptitude": 0,
      "total_points": 61.788526603001365,
      "detail_points": {
        "score": 37.508526603001364,