{
  "horses": [
    {
      "horse_number": 3,
      "name": "ミッキーコンドル",
      "popularity": 5,
      "odds": 8.9,
      "mark": "◎",
      "score": 124.38,
      "track_aptitude": 2,
      "total_points": 93.57168313675486,
      "detail_points": {
        "score": 49.56168313675486,
        "bias": 15.0,
        "pace": 12.0,
        "3f": 9.0,
        "margin": 6.0,
        "track": 2.0100000000000002
      },
      "avg_margin": 0.6833333333333332,
      "race_name": "函館12R",
      "pred_prob_won": 0.19242294430732726,
      "pred_prob_in_top2": 0.15874438881874084,
      "pred_prob_in_top3": 0.49524071216583254,
      "score_z": 1.1816048482007808,
      "上り3F平均": 37.3,
      "Ave-3F平均": 37.48,
      "PCI平均": 50.5,
      "-3F差平均": 0.4,
      "想定脚質": "先行",
      "track_bias_aptitude_score": 94.3,
      "investment_value_score": 80.5,
      "total_investment_index": 83.6,
      "investment_rating": 1.6781072759628297,
      "stability_score": 75,
      "investment_mark": "◎"
    },
    {
      "horse_number": 9,
      "name": "ブルーカミング",
      "popularity": 10,
      "odds": 18.1,
      "mark": "△",
      "score": 119.84,
      "track_aptitude": 1,
      "total_points": 76.69262990117947,
      "detail_points": {
        "score": 47.752629901179475,
        "bias": 4.95,
        "pace": 12.0,
        "3f": 7.0,
        "margin": 4.0,
        "track": 0.99
      },
      "avg_margin": 1.3000000000000003,
      "race_name": "函館12R",
      "pred_prob_won": 0.10557073801755905,
      "pred_prob_in_top2": 0.11341862827539444,
      "pred_prob_in_top3": 0.33490108251571654,
      "score_z": 0.7448942330037743,
      "上り3F平均": 38.87,
      "Ave-3F平均": 36.88,
      "PCI平均": 44.99,
      "-3F差平均": 1.13,
      "想定脚質": "中団",
      "track_bias_aptitude_score": 30.0,
      "investment_value_score": 53.6,
      "total_investment_index": 47.4,
      "investment_rating": 1.6115229564905165,
      "stability_score": 60,
      "investment_mark": "○"
    },
    {
      "horse_number": 13,
      "name": "オカメノコイ",
      "popularity": 4,
      "odds": 8.0,
      "mark": "△",
      "score": 125.48,
      "track_aptitude": 2,
      "total_points": 79.96000000000001,
      "detail_points": {
        "score": 50.0,
        "bias": 4.95,
        "pace": 12.0,
        "3f": 7.0,
        "margin": 4.0,
        "track": 2.0100000000000002
      },
      "avg_margin": 1.41,
      "race_name": "函館12R",
      "pred_prob_won": 0.2002851665019989,
      "pred_prob_in_top2": 0.15427121222019197,
      "pred_prob_in_top3": 0.4756119787693024,
      "score_z": 1.287415790208867,
      "上り3F平均": 36.81,
      "Ave-3F平均": 36.02,
      "PCI平均": 47.94,
      "-3F差平均": 1.16,
      "想定脚質": "中団",
      "track_bias_aptitude_score": 35.7,
      "investment_value_score": 85.4,
      "total_investment_index": 69.1,
      "investment_rating": 1.3762285140156747,
      "stability_score": 60,
      "investment_mark": "▲"
    },
    {
      "horse_number": 11,
      "name": "ホウオウバローロ",
      "popularity": 7,
      "odds": 10.4,
      "mark": "△",
      "score": 116.91,
      "track_aptitude": 2,
      "total_points": 80.5451131654447,
      "detail_points": {
        "score": 46.58511316544469,
        "bias": 4.95,
        "pace": 12.0,
        "3f": 9.0,
        "margin": 6.0,
        "track": 2.0100000000000002
      },
      "avg_margin": 0.915,
      "race_name": "函館12R",
      "pred_prob_won": 0.07212463021278381,
      "pred_prob_in_top2": 0.07496639341115952,
      "pred_prob_in_top3": 0.24367791712284087,
      "score_z": 0.4630523602004189,
      "上り3F平均": 38.5,
      "Ave-3F平均": 37.24,
      "PCI平均": 46.86,
      "-3F差平均": 0.54,
      "想定脚質": "中団",
      "track_bias_aptitude_score": 35.7,
      "investment_value_score": 53.2,
      "total_investment_index": 48.4,
      "investment_rating": 0.6889641276001931,
      "stability_score": 75,
      "investment_mark": "△"
    },
    {
      "horse_number": 8,
      "name": "メイショウアイナ",
      "popularity": 6,
      "odds": 10.4,
      "mark": "⭐︎",
      "score": 118.37,
      "track_aptitude": 1,
      "total_points": 72.48687918393368,
      "detail_points": {
        "score": 47.166879183933695,
        "bias": 7.05,
        "pace": 8.28,
        "3f": 5.0,
        "margin": 4.0,
        "track": 0.99
      },
      "avg_margin": 1.6199999999999999,
      "race_name": "函館12R",
      "pred_prob_won": 0.08551994860172271,
      "pred_prob_in_top2": 0.08377040326595306,
      "pred_prob_in_top3": 0.2554495811462402,
      "score_z": 0.6034923377747876,
      "上り3F平均": 38.48,
      "Ave-3F平均": 38.07,
      "PCI平均": 48.94,
      "-3F差平均": 0.57,
      "想定脚質": "逃げ",
      "track_bias_aptitude_score": 34.1,
      "investment_value_score": 58.3,
      "total_investment_index": 51.2,
      "investment_rating": 0.6655653429031372,
      "stability_score": 60,
      "investment_mark": "△"
    },
    {
      "horse_number": 2,
      "name": "ジョセフィーナ",
      "popularity": 9,
      "odds": 15.4,
      "mark": "▲",
      "score": 113.74,
      "track_aptitude": 0,
      "total_points": 87.32196365954734,
      "detail_points": {
        "score": 45.321963659547336,
        "bias": 15.0,
        "pace": 12.0,
        "3f": 9.0,
        "margin": 6.0,
        "track": 0.0
      },
      "avg_margin": 0.9149999999999998,
      "race_name": "函館12R",
      "pred_prob_won": 0.0590914823114872,
      "pred_prob_in_top2": 0.06954346299171447,
      "pred_prob_in_top3": 0.20078684091567994,
      "score_z": 0.15812446368620892,
      "上り3F平均": 36.51,
      "Ave-3F平均": 36.7,
      "PCI平均": 50.66,
      "-3F差平均": 0.53,
      "想定脚質": "先行",
      "track_bias_aptitude_score": 82.8,
      "investment_value_score": 42.3,
      "total_investment_index": 55.5,
      "investment_rating": 0.5653505182266236,
      "stability_score": 75,
      "investment_mark": "△"
    },
    {
      "horse_number": 1,
      "name": "マシュー",
      "popularity": 1,
      "odds": 4.1,
      "mark": "○",
      "score": 115.67,
      "track_aptitude": 2,
      "total_points": 88.10101051960473,
      "detail_points": {
        "score": 46.09101051960472,
        "bias": 15.0,
        "pace": 12.0,
        "3f": 9.0,
        "margin": 4.0,
        "track": 2.0100000000000002
      },
      "avg_margin": 1.4749999999999999,
      "race_name": "函館12R",
      "pred_prob_won": 0.08028303980827331,
      "pred_prob_in_top2": 0.09956731647253036,
      "pred_prob_in_top3": 0.2886790633201599,
      "score_z": 0.34377457102766856,
      "上り3F平均": 35.75,
      "Ave-3F平均": 37.8,
      "PCI平均": 47.13,
      "-3F差平均": 0.95,
      "想定脚質": "先行",
      "track_bias_aptitude_score": 94.3,
      "investment_value_score": 100,
      "total_investment_index": 93.9,
      "investment_rating": 0.29282975196838384,
      "stability_score": 60,
      "investment_mark": "☆"
    },
    {
      "horse_number": 5,
      "name": "ブルーゴールド",
      "popularity": 11,
      "odds": 24.6,
      "mark": "⭐︎",
      "score": 112.09,
      "track_aptitude": 3,
      "total_points": 75.61448836467963,
      "detail_points": {
        "score": 44.66448836467963,
        "bias": 4.95,
        "pace": 12.0,
        "3f": 7.0,
        "margin": 4.0,
        "track": 3.0
      },
      "avg_margin": 1.28,
      "race_name": "函館12R",
      "pred_prob_won": 0.030935898423194885,
      "pred_prob_in_top2": 0.0479970283806324,
      "pred_prob_in_top3": 0.1360964596271515,
      "score_z": -0.0005919493259184,
      "上り3F平均": 37.99,
      "Ave-3F平均": 37.44,
      "PCI平均": 48.57,
      "-3F差平均": 1.26,
      "想定脚質": "中団",
      "track_bias_aptitude_score": 41.4,
      "investment_value_score": 29.2,
      "total_investment_index": 34.9,
      "investment_rating": 0.1751620310544968,
      "stability_score": 60,
      "investment_mark": "×"
    },
    {
      "horse_number": 7,
      "name": "アーロンイメル",
      "popularity": 3,
      "odds": 7.9,
      "mark": "▲",
      "score": 109.25,
      "track_aptitude": 1,