{
  "horses": [
    {
      "horse_number": 4,
      "name": "ケープウィッカム",
      "popularity": 3,
      "odds": 7.2,
      "mark": "◎",
      "score": 129.23,
      "track_aptitude": 2,
      "total_points": 96.01,
      "detail_points": {
        "score": 50.0,
        "bias": 15.0,
        "pace": 12.0,
        "3f": 9.0,
        "margin": 8.0,
        "track": 2.0100000000000002
      },
      "avg_margin": 0.465,
      "race_name": "函館12R",
      "pred_prob_won": 0.26315268874168396,
      "pred_prob_in_top2": 0.17111711502075194,
      "pred_prob_in_top3": 0.5634052753448486,
      "score_z": 1.6356266444458611,
      "上り3F平均": 38.44,
      "Ave-3F平均": 37.07,
      "PCI平均": 46.47,
      "-3F差平均": 0.4,
      "想定脚質": "先行",
      "track_bias_aptitude_score": 94.3,
      "investment_value_score": 100,
      "total_investment_index": 96.0,
      "investment_rating": 1.4719184637069702,
      "stability_score": 90,
      "investment_mark": "◎"
    },
    {
      "horse_number": 8,
      "name": "ローマンレイク",
      "popularity": 8,
      "odds": 13.4,
      "mark": "○",
      "score": 119.22,
      "track_aptitude": 3,
      "total_points": 91.12706028012072,
      "detail_points": {
        "score": 46.127060280120716,
        "bias": 15.0,
        "pace": 12.0,
        "3f": 9.0,
        "margin": 6.0,
        "track": 3.0
      },
      "avg_margin": 0.95,
      "race_name": "函館12R",
      "pred_prob_won": 0.11162141114473342,
      "pred_prob_in_top2": 0.11674519777297973,
      "pred_prob_in_top3": 0.33660784363746643,
      "score_z": 0.596906741845988,
      "上り3F平均": 38.1,
      "Ave-3F平均": 37.31,
      "PCI平均": 48.15,
      "-3F差平均": 0.37,
      "想定脚質": "先行",
      "track_bias_aptitude_score": 100,
      "investment_value_score": 58.9,
      "total_investment_index": 71.3,
      "investment_rating": 1.3537990227341652,
      "stability_score": 75,
      "investment_mark": "○"
    },
    {
      "horse_number": 11,
      "name": "ランスノーブル",
      "popularity": 7,
      "odds": 12.0,
      "mark": "△",
      "score": 121.72,
      "track_aptitude": 2,
      "total_points": 81.05432794242823,
      "detail_points": {
        "score": 47.09432794242823,
        "bias": 4.95,
        "pace": 12.0,
        "3f": 9.0,
        "margin": 6.0,
        "track": 2.0100000000000002
      },
      "avg_margin": 0.6000000000000001,
      "race_name": "函館12R",
      "pred_prob_won": 0.12594996839761735,
      "pred_prob_in_top2": 0.11838753968477249,
      "pred_prob_in_top3": 0.3508269190788269,
      "score_z": 0.8563272969408616,
      "上り3F平均": 38.26,
      "Ave-3F平均": 37.69,
      "PCI平均": 48.56,
      "-3F差平均": 0.86,
      "想定脚質": "中団",
      "track_bias_aptitude_score": 35.7,
      "investment_value_score": 64.2,
      "total_investment_index": 55.7,
      "investment_rating": 1.2997134387493134,
      "stability_score": 75,
      "investment_mark": "▲"
    },
    {
      "horse_number": 9,
      "name": "オンザスクエア",
      "popularity": 4,
      "odds": 7.9,
      "mark": "△",
      "score": 123.38,
      "track_aptitude": 1,
      "total_points": 79.05659367020041,
      "detail_points": {
        "score": 47.73659367020042,
        "bias": 7.05,
        "pace": 8.28,
        "3f": 7.0,
        "margin": 8.0,
        "track": 0.99
      },
      "avg_margin": 0.2333333333333333,
      "race_name": "函館12R",
      "pred_prob_won": 0.1541998118162155,
      "pred_prob_in_top2": 0.14801579117774963,
      "pred_prob_in_top3": 0.4371714055538177,
      "score_z": 1.0285825455238573,
      "上り3F平均": 37.77,
      "Ave-3F平均": 37.67,
      "PCI平均": 49.9,
      "-3F差平均": 0.4,
      "想定脚質": "逃げ",
      "track_bias_aptitude_score": 34.1,
      "investment_value_score": 83.4,
      "total_investment_index": 67.0,
      "investment_rating": 1.2205441924929616,
      "stability_score": 90,
      "investment_mark": "▲"
    },
    {
      "horse_number": 2,
      "name": "マジカルフェアリー",
      "popularity": 9,
      "odds": 14.2,
      "mark": "▲",
      "score": 117.14,
      "track_aptitude": 2,
      "total_points": 89.33229358508088,
      "detail_points": {
        "score": 45.32229358508087,
        "bias": 15.0,
        "pace": 12.0,
        "3f": 9.0,
        "margin": 6.0,
        "track": 2.0100000000000002
      },
      "avg_margin": 0.8400000000000001,
      "race_name": "函館12R",
      "pred_prob_won": 0.07959394305944442,
      "pred_prob_in_top2": 0.08784245997667313,
      "pred_prob_in_top3": 0.2667465627193451,
      "score_z": 0.3810688400070534,
      "上り3F平均": 35.06,
      "Ave-3F平均": 37.11,
      "PCI平均": 55.92,
      "-3F差平均": 0.52,
      "想定脚質": "先行",
      "track_bias_aptitude_score": 94.3,
      "investment_value_score": 50.0,
      "total_investment_index": 63.9,
      "investment_rating": 1.0138766264915469,
      "stability_score": 75,
      "investment_mark": "△"
    },
    {
      "horse_number": 12,
      "name": "デルマサクラサク",
      "popularity": 5,
      "odds": 9.6,
      "mark": "⭐︎",
      "score": 115.62,
      "track_aptitude": 1,
      "total_points": 75.6741948463979,
      "detail_points": {
        "score": 44.7341948463979,
        "bias": 4.95,
        "pace": 12.0,
        "3f": 7.0,
        "margin": 6.0,
        "track": 0.99
      },
      "avg_margin": 0.8583333333333331,
      "race_name": "函館12R",
      "pred_prob_won": 0.04239199981093407,
      "pred_prob_in_top2": 0.06453575640916824,
      "pred_prob_in_top3": 0.17296828627586364,
      "score_z": 0.22334114250937065,
      "上り3F平均": 39.08,
      "Ave-3F平均": 38.15,
      "PCI平均": 47.72,
      "-3F差平均": 1.24,
      "想定脚質": "中団",
      "track_bias_aptitude_score": 30.0,
      "investment_value_score": 52.8,
      "total_investment_index": 46.1,
      "investment_rating": 0.19565411686897277,
      "stability_score": 75,
      "investment_mark": "☆"
    },
    {
      "horse_number": 6,
      "name": "レーヴドレフォン",
      "popularity": 1,
      "odds": 3.3,
      "mark": "△",
      "score": 116.72,
      "track_aptitude": 2,
      "total_points": 79.11979261781322,
      "detail_points": {
        "score": 45.1597926178132,
        "bias": 4.95,
        "pace": 12.0,
        "3f": 9.0,
        "margin": 6.0,
        "track": 2.0100000000000002
      },
      "avg_margin": 0.8399999999999999,
      "race_name": "函館12R",
      "pred_prob_won": 0.05959065780043602,
      "pred_prob_in_top2": 0.06817766875028611,
      "pred_prob_in_top3": 0.19890698790550232,
      "score_z": 0.33748618675111447,
      "上り3F平均": 38.49,
      "Ave-3F平均": 37.21,
      "PCI平均": 46.75,
      "-3F差平均": 1.0,
      "想定脚質": "中団",
      "track_bias_aptitude_score": 35.7,
      "investment_value_score": 93.2,
      "total_investment_index": 72.2,
      "investment_rating": 0.07737677097320561,
      "stability_score": 75,
      "investment_mark": "×"
    },
    {
      "horse_number": 1,
      "name": "ジョセフィーナ",
      "popularity": 2,
      "odds": 5.5,
      "mark": "△",
      "score": 113.59,
      "track_aptitude": 0,
      "total_points": 85.94877350460419,
      "detail_points": {
        "score": 43.9487735046042,
        "bias": 15.0,
        "pace": 12.0,
        "3f": 9.0,
        "margin": 6.0,
        "track": 0.0
      },
      "avg_margin": 0.8949999999999999,
      "race_name": "函館12R",
      "pred_prob_won": 0.03709916844964027,
      "pred_prob_in_top2": 0.059726659953594205,
      "pred_prob_in_top3": 0.15948098599910737,
      "score_z": 0.012691651772333163,
      "上り3F平均": 36.26,
      "Ave-3F平均": 36.54,
      "PCI平均": 50.92,
      "-3F差平均": 0.44,
      "想定脚質": "先行",
      "track_bias_aptitude_score": 82.8,
      "investment_value_score": 70.6,
      "total_investment_index": 72.2,
      "investment_rating": 0.020468908697366728,
      "stability_score": 75,
      "investment_mark": "×"
    },
    {
      "horse_number": 13,
      "name": "コルヴィル",
      "popularity": 10,
      "odds": 26.0,
      "mark": "▲",
      "score": 104.91,
      "track_aptitude": 2,