{
  "horses": [
    {
      "horse_number": 1,
      "name": "エスペシャリー",
      "popularity": 4,
      "odds": 9.6,
      "mark": "◎",
      "score": 115.29,
      "track_aptitude": 2,
      "total_points": 94.01,
      "detail_points": {
        "score": 50.0,
        "bias": 15.0,
        "pace": 12.0,
        "3f": 9.0,
        "margin": 6.0,
        "track": 2.0100000000000002
      },
      "avg_margin": 0.6857142857142857,
      "race_name": "函館7R",
      "pred_prob_won": 0.2244065523147583,
      "pred_prob_in_top2": 0.16080117523670195,
      "pred_prob_in_top3": 0.5123986303806305,
      "score_z": 1.5889161959941327,
      "上り3F平均": 35.69,
      "Ave-3F平均": 34.67,
      "PCI平均": 47.27,
      "-3F差平均": 0.33,
      "想定脚質": "先行",
      "track_bias_aptitude_score": 92.5,
      "investment_value_score": 74.4,
      "total_investment_index": 80.0,
      "investment_rating": 1.598354658484459,
      "stability_score": 75,
      "investment_mark": "◎"
    },
    {
      "horse_number": 13,
      "name": "グランテレーズ",
      "popularity": 11,
      "odds": 20.6,
      "mark": "▲",
      "score": 104.27,
      "track_aptitude": 2,
      "total_points": 89.23074767976406,
      "detail_points": {
        "score": 45.22074767976407,
        "bias": 15.0,
        "pace": 12.0,
        "3f": 9.0,
        "margin": 6.0,
        "track": 2.0100000000000002
      },
      "avg_margin": 0.59,
      "race_name": "函館7R",
      "pred_prob_won": 0.08527067452669143,
      "pred_prob_in_top2": 0.0797016903758049,
      "pred_prob_in_top3": 0.2548423409461975,
      "score_z": 0.5050920493049552,
      "上り3F平均": 35.43,
      "Ave-3F平均": 34.42,
      "PCI平均": 47.21,
      "-3F差平均": 0.63,
      "想定脚質": "先行",
      "track_bias_aptitude_score": 92.5,
      "investment_value_score": 38.3,
      "total_investment_index": 56.6,
      "investment_rating": 1.2250281423330307,
      "stability_score": 75,
      "investment_mark": "○"
    },
    {
      "horse_number": 2,
      "name": "ブルーアイドガール",
      "popularity": 1,
      "odds": 3.9,
      "mark": "○",
      "score": 114.11,
      "track_aptitude": 1,
      "total_points": 90.47824702923062,
      "detail_points": {
        "score": 49.48824702923063,
        "bias": 15.0,
        "pace": 12.0,
        "3f": 9.0,
        "margin": 4.0,
        "track": 0.99
      },
      "avg_margin": 1.5750000000000002,
      "race_name": "函館7R",
      "pred_prob_won": 0.20940490961074829,
      "pred_prob_in_top2": 0.16665991246700287,
      "pred_prob_in_top3": 0.49991445541381835,
      "score_z": 1.472862430740663,
      "上り3F平均": 36.33,
      "Ave-3F平均": 35.6,
      "PCI平均": 48.82,
      "-3F差平均": 0.59,
      "想定脚質": "先行",
      "track_bias_aptitude_score": 85.0,
      "investment_value_score": 100,
      "total_investment_index": 93.0,
      "investment_rating": 0.8748075246810914,
      "stability_score": 60,
      "investment_mark": "▲"
    },
    {
      "horse_number": 3,
      "name": "イリュージョン",
      "popularity": 8,
      "odds": 18.3,
      "mark": "△",
      "score": 104.86,
      "track_aptitude": 1,
      "total_points": 88.46662416514876,
      "detail_points": {
        "score": 45.476624165148756,
        "bias": 15.0,
        "pace": 12.0,
        "3f": 9.0,
        "margin": 6.0,
        "track": 0.99
      },
      "avg_margin": 0.78,
      "race_name": "函館7R",
      "pred_prob_won": 0.07128784209489822,
      "pred_prob_in_top2": 0.07833525389432908,
      "pred_prob_in_top3": 0.23849394917488098,
      "score_z": 0.56311893193169,
      "上り3F平均": 37.42,
      "Ave-3F平均": 35.1,
      "PCI平均": 43.85,
      "-3F差平均": 0.55,
      "想定脚質": "先行",
      "track_bias_aptitude_score": 85.0,
      "investment_value_score": 43.0,
      "total_investment_index": 57.2,
      "investment_rating": 0.8548130899667741,
      "stability_score": 75,
      "investment_mark": "▲"
    },
    {
      "horse_number": 11,
      "name": "イリスアスール",
      "popularity": 3,
      "odds": 6.9,
      "mark": "▲",
      "score": 106.56,
      "track_aptitude": 1,
      "total_points": 89.20389539422325,
      "detail_points": {
        "score": 46.21389539422326,
        "bias": 15.0,
        "pace": 12.0,
        "3f": 9.0,
        "margin": 6.0,
        "track": 0.99
      },
      "avg_margin": 0.5599999999999999,
      "race_name": "函館7R",
      "pred_prob_won": 0.08591465204954148,
      "pred_prob_in_top2": 0.1142742708325386,
      "pred_prob_in_top3": 0.3176757752895355,
      "score_z": 0.7303150344155016,
      "上り3F平均": 36.02,
      "Ave-3F平均": 35.02,
      "PCI平均": 47.36,
      "-3F差平均": 0.39,
      "想定脚質": "先行",
      "track_bias_aptitude_score": 85.0,
      "investment_value_score": 66.8,
      "total_investment_index": 71.8,
      "investment_rating": 0.714213847219944,
      "stability_score": 75,
      "investment_mark": "△"
    },
    {
      "horse_number": 5,
      "name": "サンポーニャ",
      "popularity": 12,
      "odds": 20.9,
      "mark": "⭐︎",
      "score": 103.58,
      "track_aptitude": 1,
      "total_points": 74.24150229855147,
      "detail_points": {
        "score": 44.921502298551474,
        "bias": 7.05,
        "pace": 8.28,
        "3f": 7.0,
        "margin": 6.0,
        "track": 0.99
      },
      "avg_margin": 0.59,
      "race_name": "函館7R",
      "pred_prob_won": 0.04554121866822243,
      "pred_prob_in_top2": 0.05862908810377121,
      "pred_prob_in_top3": 0.17265763878822327,
      "score_z": 0.43723010182623206,
      "上り3F平均": 35.93,
      "Ave-3F平均": 34.39,
      "PCI平均": 45.8,
      "-3F差平均": 0.38,
      "想定脚質": "逃げ",
      "track_bias_aptitude_score": 24.2,
      "investment_value_score": 29.6,
      "total_investment_index": 30.7,
      "investment_rating": 0.633058401942253,
      "stability_score": 75,
      "investment_mark": "△"
    },
    {
      "horse_number": 7,
      "name": "グッバイウェーブ",
      "popularity": 5,
      "odds": 9.6,
      "mark": "△",
      "score": 104.64,
      "track_aptitude": 2,
      "total_points": 85.34121259432735,
      "detail_points": {
        "score": 45.381212594327344,
        "bias": 10.95,
        "pace": 12.0,
        "3f": 9.0,
        "margin": 6.0,
        "track": 2.0100000000000002
      },
      "avg_margin": 0.9214285714285714,
      "race_name": "函館7R",
      "pred_prob_won": 0.07055440992116928,
      "pred_prob_in_top2": 0.07430697083473206,
      "pred_prob_in_top3": 0.23003420233726501,
      "score_z": 0.5414817892573146,
      "上り3F平均": 35.74,
      "Ave-3F平均": 35.08,
      "PCI平均": 48.31,
      "-3F差平均": 0.48,
      "想定脚質": "中団",
      "track_bias_aptitude_score": 62.8,
      "investment_value_score": 50.8,
      "total_investment_index": 55.2,
      "investment_rating": 0.5736522004008293,
      "stability_score": 75,
      "investment_mark": "☆"
    },
    {
      "horse_number": 12,
      "name": "クインズスピカ",
      "popularity": 2,
      "odds": 6.6,
      "mark": "×",
      "score": 106.1,
      "track_aptitude": 0,
      "total_points": 70.29439847341487,
      "detail_points": {
        "score": 46.014398473414865,
        "bias": 3.0,
        "pace": 8.28,
        "3f": 7.0,
        "margin": 6.0,
        "track": 0.0
      },
      "avg_margin": 0.8749999999999998,
      "race_name": "函館7R",
      "pred_prob_won": 0.058176199346780776,
      "pred_prob_in_top2": 0.07377720922231674,
      "pred_prob_in_top3": 0.2184256434440613,
      "score_z": 0.6850737360963519,
      "上り3F平均": 36.06,
      "Ave-3F平均": 36.21,
      "PCI平均": 50.63,
      "-3F差平均": 0.81,
      "想定脚質": "後方",
      "track_bias_aptitude_score": 1,
      "investment_value_score": 67.2,
      "total_investment_index": 46.8,
      "investment_rating": 0.31159180164337164,
      "stability_score": 75,
      "investment_mark": "☆"
    },
    {
      "horse_number": 8,
      "name": "キタノクニカラ",
      "popularity": 6,
      "odds": 10.6,
      "mark": "△",
      "score": 100.91,
      "track_aptitude": 0,
      "total_points": 81.71355277994621,