{
  "horses": [
    {
      "horse_number": 15,
      "name": "ウインイルネージュ",
      "popularity": 13,
      "odds": 19.4,
      "mark": "▲",
      "score": 147.56,
      "track_aptitude": 2,
      "total_points": 81.63511592169439,
      "detail_points": {
        "score": 49.295115921694396,
        "bias": 7.05,
        "pace": 8.28,
        "3f": 9.0,
        "margin": 6.0,
        "track": 2.0100000000000002
      },
      "avg_margin": 0.8500000000000001,
      "race_name": "函館6R",
      "pred_prob_won": 0.15957733392715454,
      "pred_prob_in_top2": 0.13731657564640046,
      "pred_prob_in_top3": 0.40060725808143616,
      "score_z": 0.8175529919155673,
      "上り3F平均": 36.05,
      "Ave-3F平均": 37.6,
      "PCI平均": 54.35,
      "-3F差平均": 0.8,
      "想定脚質": "中団",
      "track_bias_aptitude_score": 45.5,
      "investment_value_score": 44.5,
      "total_investment_index": 46.7,
      "investment_rating": 2.69537423402071,
      "stability_score": 75,
      "investment_mark": "◎"
    },
    {
      "horse_number": 1,
      "name": "バルデラマ",
      "popularity": 6,
      "odds": 9.9,
      "mark": "◎",
      "score": 149.67,
      "track_aptitude": 2,
      "total_points": 94.01,
      "detail_points": {
        "score": 50.0,
        "bias": 15.0,
        "pace": 12.0,
        "3f": 9.0,
        "margin": 6.0,
        "track": 2.0100000000000002
      },
      "avg_margin": 0.625,
      "race_name": "函館6R",
      "pred_prob_won": 0.22600748538970947,
      "pred_prob_in_top2": 0.1647068291902542,
      "pred_prob_in_top3": 0.5490454077720642,
      "score_z": 1.0941120000024342,
      "上り3F平均": 35.28,
      "Ave-3F平均": 37.87,
      "PCI平均": 57.48,
      "-3F差平均": 0.53,
      "想定脚質": "先行",
      "track_bias_aptitude_score": 94.5,
      "investment_value_score": 66.9,
      "total_investment_index": 75.3,
      "investment_rating": 2.2452270388603215,
      "stability_score": 75,
      "investment_mark": "◎"
    },
    {
      "horse_number": 14,
      "name": "ブライトメール",
      "popularity": 11,
      "odds": 16.5,
      "mark": "▲",
      "score": 144.64,
      "track_aptitude": 0,
      "total_points": 88.3196365337075,
      "detail_points": {
        "score": 48.31963653370749,
        "bias": 15.0,
        "pace": 12.0,
        "3f": 9.0,
        "margin": 4.0,
        "track": 0.0
      },
      "avg_margin": 1.0666666666666667,
      "race_name": "函館6R",
      "pred_prob_won": 0.09621402323246002,
      "pred_prob_in_top2": 0.10773115009069442,
      "pred_prob_in_top3": 0.3113162159919739,
      "score_z": 0.434826781672126,
      "上り3F平均": 36.92,
      "Ave-3F平均": 37.58,
      "PCI平均": 51.95,
      "-3F差平均": 0.52,
      "想定脚質": "先行",
      "track_bias_aptitude_score": 83.5,
      "investment_value_score": 41.5,
      "total_investment_index": 55.7,
      "investment_rating": 1.6627006739377979,
      "stability_score": 60,
      "investment_mark": "○"
    },
    {
      "horse_number": 11,
      "name": "ヤマニンヒストリア",
      "popularity": 5,
      "odds": 9.8,
      "mark": "⭐︎",
      "score": 148.51,
      "track_aptitude": 2,
      "total_points": 75.9024807910737,
      "detail_points": {
        "score": 49.6124807910737,
        "bias": 3.0,
        "pace": 8.28,
        "3f": 9.0,
        "margin": 4.0,
        "track": 2.0100000000000002
      },
      "avg_margin": 1.5833333333333333,
      "race_name": "函館6R",
      "pred_prob_won": 0.15402436554431914,
      "pred_prob_in_top2": 0.11550836861133576,
      "pred_prob_in_top3": 0.4059425413608551,
      "score_z": 0.94207008086463,
      "上り3F平均": 37.35,
      "Ave-3F平均": 38.02,
      "PCI平均": 52.03,
      "-3F差平均": 1.15,
      "想定脚質": "後方",
      "track_bias_aptitude_score": 12.0,
      "investment_value_score": 63.8,
      "total_investment_index": 48.5,
      "investment_rating": 1.3564443090558052,
      "stability_score": 60,
      "investment_mark": "▲"
    },
    {
      "horse_number": 2,
      "name": "レッドヴァリアート",
      "popularity": 9,
      "odds": 13.6,
      "mark": "○",
      "score": 141.16,
      "track_aptitude": 2,
      "total_points": 89.16707890692858,
      "detail_points": {
        "score": 47.15707890692858,
        "bias": 15.0,
        "pace": 12.0,
        "3f": 9.0,
        "margin": 4.0,
        "track": 2.0100000000000002
      },
      "avg_margin": 1.23,
      "race_name": "函館6R",
      "pred_prob_won": 0.06836193054914474,
      "pred_prob_in_top2": 0.09274782836437226,
      "pred_prob_in_top3": 0.24565077126026152,
      "score_z": -0.02129897574128654,
      "上り3F平均": 36.28,
      "Ave-3F平均": 37.71,
      "PCI平均": 54.22,
      "-3F差平均": 0.51,
      "想定脚質": "先行",
      "track_bias_aptitude_score": 94.5,
      "investment_value_score": 39.1,
      "total_investment_index": 56.8,
      "investment_rating": 0.9835776288807392,
      "stability_score": 60,
      "investment_mark": "△"
    },
    {
      "horse_number": 16,
      "name": "アレグリーニ",
      "popularity": 1,
      "odds": 6.5,
      "mark": "△",
      "score": 149.51,
      "track_aptitude": 0,
      "total_points": 78.27654907463085,
      "detail_points": {
        "score": 49.94654907463086,
        "bias": 7.05,
        "pace": 8.28,
        "3f": 9.0,
        "margin": 4.0,
        "track": 0.0
      },
      "avg_margin": 1.3499999999999999,
      "race_name": "函館6R",
      "pred_prob_won": 0.19785829484462739,
      "pred_prob_in_top2": 0.14862190783023835,
      "pred_prob_in_top3": 0.4883707404136658,
      "score_z": 1.0731407008110132,
      "上り3F平均": 36.46,
      "Ave-3F平均": 37.38,
      "PCI平均": 52.54,
      "-3F差平均": 0.74,
      "想定脚質": "中団",
      "track_bias_aptitude_score": 34.5,
      "investment_value_score": 100,
      "total_investment_index": 77.1,
      "investment_rating": 0.848834165930748,
      "stability_score": 60,
      "investment_mark": "△"
    },
    {
      "horse_number": 3,
      "name": "ジーティートシオー",
      "popularity": 2,
      "odds": 6.6,
      "mark": "△",
      "score": 146.86,
      "track_aptitude": 1,
      "total_points": 78.38126812320438,
      "detail_points": {
        "score": 49.06126812320439,
        "bias": 7.05,
        "pace": 8.28,
        "3f": 9.0,
        "margin": 4.0,
        "track": 0.99
      },
      "avg_margin": 1.3625,
      "race_name": "函館6R",
      "pred_prob_won": 0.11699722409248352,
      "pred_prob_in_top2": 0.1162708044052124,
      "pred_prob_in_top3": 0.3595117747783661,
      "score_z": 0.7258035579531005,
      "上り3F平均": 36.47,
      "Ave-3F平均": 37.68,
      "PCI平均": 53.38,
      "-3F差平均": 0.65,
      "想定脚質": "中団",
      "track_bias_aptitude_score": 40.0,
      "investment_value_score": 78.3,
      "total_investment_index": 65.2,
      "investment_rating": 0.7066329693794251,
      "stability_score": 60,
      "investment_mark": "☆"
    },
    {
      "horse_number": 12,
      "name": "キロノヴァ",
      "popularity": 3,
      "odds": 8.3,
      "mark": "⭐︎",
      "score": 146.65,
      "track_aptitude": 0,
      "total_points": 73.27111378365738,
      "detail_points": {
        "score": 48.99111378365738,
        "bias": 3.0,
        "pace": 8.28,
        "3f": 9.0,
        "margin": 4.0,
        "track": 0.0
      },
      "avg_margin": 1.32,
      "race_name": "函館6R",
      "pred_prob_won": 0.0976951077580452,
      "pred_prob_in_top2": 0.0905354380607605,
      "pred_prob_in_top3": 0.3014423191547394,
      "score_z": 0.698278727764359,
      "上り3F平均": 36.38,
      "Ave-3F平均": 37.12,
      "PCI平均": 52.46,
      "-3F差平均": 1.34,
      "想定脚質": "後方",
      "track_bias_aptitude_score": 1,
      "investment_value_score": 66.9,
      "total_investment_index": 46.6,
      "investment_rating": 0.659831769168377,
      "stability_score": 60,
      "investment_mark": "☆"
    },
    {
      "horse_number": 6,
      "name": "ドラギニャン",
      "popularity": 4,
      "odds": 9.5,
      "mark": "△",
      "score": 144.1,
      "track_aptitude": 2,
      "total_points": 78.47923966058663,