{
  "horses": [
    {
      "horse_number": 14,
      "name": "ドバイブルース",
      "popularity": 7,
      "odds": 12.8,
      "mark": "○",
      "score": 129.1,
      "track_aptitude": 2,
      "total_points": 94.98200515894091,
      "detail_points": {
        "score": 48.972005158940895,
        "bias": 15.0,
        "pace": 12.0,
        "3f": 9.0,
        "margin": 8.0,
        "track": 2.0100000000000002
      },
      "avg_margin": 0.385,
      "race_name": "函館10R",
      "pred_prob_won": 0.20522430241107942,
      "pred_prob_in_top2": 0.16298738718032837,
      "pred_prob_in_top3": 0.49832271933555605,
      "score_z": 1.2526176535608684,
      "上り3F平均": 37.81,
      "Ave-3F平均": 37.47,
      "PCI平均": 49.27,
      "-3F差平均": 0.55,
      "想定脚質": "先行",
      "track_bias_aptitude_score": 94.3,
      "investment_value_score": 60.8,
      "total_investment_index": 71.9,
      "investment_rating": 2.1655233642458915,
      "stability_score": 90,
      "investment_mark": "◎"
    },
    {
      "horse_number": 13,
      "name": "パフ",
      "popularity": 2,
      "odds": 6.2,
      "mark": "◎",
      "score": 130.38,
      "track_aptitude": 2,
      "total_points": 95.46755253774373,
      "detail_points": {
        "score": 49.45755253774372,
        "bias": 15.0,
        "pace": 12.0,
        "3f": 9.0,
        "margin": 8.0,
        "track": 2.0100000000000002
      },
      "avg_margin": 0.39499999999999996,
      "race_name": "函館10R",
      "pred_prob_won": 0.22768596708774566,
      "pred_prob_in_top2": 0.17200714349746704,
      "pred_prob_in_top3": 0.5357677698135376,
      "score_z": 1.3768396145559474,
      "上り3F平均": 37.6,
      "Ave-3F平均": 37.3,
      "PCI平均": 49.24,
      "-3F差平均": 0.56,
      "想定脚質": "先行",
      "track_bias_aptitude_score": 94.3,
      "investment_value_score": 88.1,
      "total_investment_index": 88.4,
      "investment_rating": 1.1537265324592592,
      "stability_score": 90,
      "investment_mark": "○"
    },
    {
      "horse_number": 5,
      "name": "ワイドブリザード",
      "popularity": 5,
      "odds": 10.6,
      "mark": "⭐︎",
      "score": 124.08,
      "track_aptitude": 2,
      "total_points": 75.40774903269859,
      "detail_points": {
        "score": 47.06774903269858,
        "bias": 7.05,
        "pace": 8.28,
        "3f": 5.0,
        "margin": 6.0,
        "track": 2.0100000000000002
      },
      "avg_margin": 0.71,
      "race_name": "函館10R",
      "pred_prob_won": 0.106291563808918,
      "pred_prob_in_top2": 0.10061012953519821,
      "pred_prob_in_top3": 0.3192379236221313,
      "score_z": 0.7654346502832936,
      "上り3F平均": 38.09,
      "Ave-3F平均": 36.94,
      "PCI平均": 47.08,
      "-3F差平均": 0.54,
      "想定脚質": "逃げ",
      "track_bias_aptitude_score": 43.2,
      "investment_value_score": 56.6,
      "total_investment_index": 53.2,
      "investment_rating": 0.9025325524806975,
      "stability_score": 75,
      "investment_mark": "▲"
    },
    {
      "horse_number": 4,
      "name": "サムシャイン",
      "popularity": 1,
      "odds": 2.3,
      "mark": "⭐︎",
      "score": 131.81,
      "track_aptitude": 0,
      "total_points": 77.33,
      "detail_points": {
        "score": 50.0,
        "bias": 7.05,
        "pace": 8.28,
        "3f": 4.0,
        "margin": 8.0,
        "track": 0.0
      },
      "avg_margin": 0.225,
      "race_name": "函館10R",
      "pred_prob_won": 0.2119889348745346,
      "pred_prob_in_top2": 0.11843947917222977,
      "pred_prob_in_top3": 0.4630743324756622,
      "score_z": 1.5156188366051377,
      "上り3F平均": 37.11,
      "Ave-3F平均": 37.88,
      "PCI平均": 52.21,
      "-3F差平均": 1.06,
      "想定脚質": "逃げ",
      "track_bias_aptitude_score": 31.8,
      "investment_value_score": 100,
      "total_investment_index": 77.1,
      "investment_rating": 0.7382246813178062,
      "stability_score": 90,
      "investment_mark": "△"
    },
    {
      "horse_number": 3,
      "name": "グレイテストソング",
      "popularity": 4,
      "odds": 10.4,
      "mark": "▲",
      "score": 122.04,
      "track_aptitude": 0,
      "total_points": 91.29390789773159,
      "detail_points": {
        "score": 46.293907897731586,
        "bias": 15.0,
        "pace": 12.0,
        "3f": 9.0,
        "margin": 9.0,
        "track": 0.0
      },
      "avg_margin": 0.1875,
      "race_name": "函館10R",
      "pred_prob_won": 0.08931596577167511,
      "pred_prob_in_top2": 0.09872126281261444,
      "pred_prob_in_top3": 0.3034310042858124,
      "score_z": 0.5674558999473874,
      "上り3F平均": 37.8,
      "Ave-3F平均": 38.34,
      "PCI平均": 51.45,
      "-3F差平均": 0.5,
      "想定脚質": "先行",
      "track_bias_aptitude_score": 82.9,
      "investment_value_score": 59.1,
      "total_investment_index": 66.3,
      "investment_rating": 0.7137240171432495,
      "stability_score": 90,
      "investment_mark": "△"
    },
    {
      "horse_number": 12,
      "name": "アセレラシオン",
      "popularity": 6,
      "odds": 12.2,
      "mark": "▲",
      "score": 115.98,
      "track_aptitude": 1,
      "total_points": 86.98514452621197,
      "detail_points": {
        "score": 43.99514452621197,
        "bias": 15.0,
        "pace": 12.0,
        "3f": 9.0,
        "margin": 6.0,
        "track": 0.99
      },
      "avg_margin": 0.5700000000000001,
      "race_name": "函館10R",
      "pred_prob_won": 0.055876071006059645,
      "pred_prob_in_top2": 0.06648705527186394,
      "pred_prob_in_top3": 0.2022068202495575,
      "score_z": -0.02065744663868952,
      "上り3F平均": 38.14,
      "Ave-3F平均": 37.25,
      "PCI平均": 47.73,
      "-3F差平均": 0.8,
      "想定脚質": "先行",
      "track_bias_aptitude_score": 88.6,
      "investment_value_score": 41.3,
      "total_investment_index": 56.3,
      "investment_rating": 0.43125478327274325,
      "stability_score": 75,
      "investment_mark": "☆"
    },
    {
      "horse_number": 11,
      "name": "サパテアール",
      "popularity": 10,
      "odds": 36.1,
      "mark": "⭐︎",
      "score": 117.66,
      "track_aptitude": 0,
      "total_points": 76.58242546089068,
      "detail_points": {
        "score": 44.63242546089067,
        "bias": 4.95,
        "pace": 12.0,
        "3f": 9.0,
        "margin": 6.0,
        "track": 0.0
      },
      "avg_margin": 0.7400000000000001,
      "race_name": "函館10R",
      "pred_prob_won": 0.04468644931912422,
      "pred_prob_in_top2": 0.05189192518591881,
      "pred_prob_in_top3": 0.15413470566272736,
      "score_z": 0.14238387716735082,
      "上り3F平均": 37.98,
      "Ave-3F平均": 37.86,
      "PCI平均": 49.77,
      "-3F差平均": 0.81,
      "想定脚質": "中団",
      "track_bias_aptitude_score": 24.5,
      "investment_value_score": 27.5,
      "total_investment_index": 29.1,
      "investment_rating": 0.32518335133790965,
      "stability_score": 75,
      "investment_mark": "☆"
    },
    {
      "horse_number": 6,
      "name": "イモータルバード",
      "popularity": 13,
      "odds": 51.7,
      "mark": "△",
      "score": 110.04,
      "track_aptitude": 0,
      "total_points": 83.74190122145512,
      "detail_points": {
        "score": 41.74190122145512,
        "bias": 15.0,
        "pace": 12.0,
        "3f": 9.0,
        "margin": 6.0,
        "track": 0.0
      },
      "avg_margin": 0.915,
      "race_name": "函館10R",
      "pred_prob_won": 0.021419311314821242,
      "pred_prob_in_top2": 0.04170885160565376,
      "pred_prob_in_top3": 0.1143955335021019,
      "score_z": -0.5971249843814773,
      "上り3F平均": 38.53,
      "Ave-3F平均": 37.55,
      "PCI平均": 47.62,
      "-3F差平均": 0.41,
      "想定脚質": "先行",
      "track_bias_aptitude_score": 82.9,
      "investment_value_score": 15.6,
      "total_investment_index": 38.2,
      "investment_rating": 0.07384002484381191,
      "stability_score": 75,
      "investment_mark": "×"
    },
    {
      "horse_number": 7,
      "name": "リアド",
      "popularity": 3,
      "odds": 9.4,
      "mark": "△",
      "score": 113.2,
      "track_aptitude": 2,
      "total_points": 84.9505963128746,