{
  "horses": [
    {
      "horse_number": 4,
      "name": "エンジェルラダー",
      "popularity": 1,
      "odds": 2.8,
      "mark": "○",
      "score": 117.37,
      "track_aptitude": 2,
      "total_points": 80.29,
      "detail_points": {
        "score": 50.0,
        "bias": 9.0,
        "pace": 8.28,
        "3f": 5.0,
        "margin": 6.0,
        "track": 2.0100000000000002
      },
      "avg_margin": 0.65,
      "race_name": "函館2R",
      "pred_prob_won": 0.23582522571086884,
      "pred_prob_in_top2": 0.16333069205284118,
      "pred_prob_in_top3": 0.5258445382118225,
      "score_z": 1.629611537097144,
      "上り3F平均": 37.05,
      "Ave-3F平均": 35.92,
      "PCI平均": 46.95,
      "-3F差平均": 0.75,
      "想定脚質": "逃げ",
      "track_bias_aptitude_score": 55.7,
      "investment_value_score": 100,
      "total_investment_index": 84.4,
      "investment_rating": 0.8383191186189652,
      "stability_score": 75,
      "investment_mark": "◎"
    },
    {
      "horse_number": 3,
      "name": "バースフラワー",
      "popularity": 3,
      "odds": 6.5,
      "mark": "◎",
      "score": 104.8,
      "track_aptitude": 2,
      "total_points": 88.6551393030587,
      "detail_points": {
        "score": 44.6451393030587,
        "bias": 15.0,
        "pace": 12.0,
        "3f": 9.0,
        "margin": 6.0,
        "track": 2.0100000000000002
      },
      "avg_margin": 0.8250000000000001,
      "race_name": "函館2R",
      "pred_prob_won": 0.13403455317020416,
      "pred_prob_in_top2": 0.12187374830245971,
      "pred_prob_in_top3": 0.3905654430389404,
      "score_z": 0.856038386745516,
      "上り3F平均": 37.27,
      "Ave-3F平均": 35.08,
      "PCI平均": 44.25,
      "-3F差平均": 0.7,
      "想定脚質": "先行",
      "track_bias_aptitude_score": 94.1,
      "investment_value_score": 68.0,
      "total_investment_index": 75.5,
      "investment_rating": 0.8365073227882385,
      "stability_score": 75,
      "investment_mark": "○"
    },
    {
      "horse_number": 12,
      "name": "ミッキーマカパ",
      "popularity": 2,
      "odds": 3.5,
      "mark": "△",
      "score": 106.92,
      "track_aptitude": 1,
      "total_points": 73.81826616682285,
      "detail_points": {
        "score": 45.54826616682286,
        "bias": 9.0,
        "pace": 8.28,
        "3f": 4.0,
        "margin": 6.0,
        "track": 0.99
      },
      "avg_margin": 0.9166666666666666,
      "race_name": "函館2R",
      "pred_prob_won": 0.10955852568149567,
      "pred_prob_in_top2": 0.11417770981788636,
      "pred_prob_in_top3": 0.31967307925224303,
      "score_z": 0.9865057756671909,
      "上り3F平均": 36.6,
      "Ave-3F平均": 35.71,
      "PCI平均": 47.9,
      "-3F差平均": 1.05,
      "想定脚質": "逃げ",
      "track_bias_aptitude_score": 49.9,
      "investment_value_score": 72.7,
      "total_investment_index": 65.2,
      "investment_rating": 0.45901923775672915,
      "stability_score": 75,
      "investment_mark": "△"
    },
    {
      "horse_number": 11,
      "name": "カービスベイ",
      "popularity": 5,
      "odds": 10.8,
      "mark": "△",
      "score": 99.07,
      "track_aptitude": 1,
      "total_points": 73.14414075146969,
      "detail_points": {
        "score": 42.2041407514697,
        "bias": 4.95,
        "pace": 12.0,
        "3f": 9.0,
        "margin": 4.0,
        "track": 0.99
      },
      "avg_margin": 1.5999999999999999,
      "race_name": "函館2R",
      "pred_prob_won": 0.0799847349524498,
      "pred_prob_in_top2": 0.07895430326461791,
      "pred_prob_in_top3": 0.23046362698078154,
      "score_z": 0.5034071893298574,
      "上り3F平均": 37.66,
      "Ave-3F平均": 35.64,
      "PCI平均": 44.66,
      "-3F差平均": 0.74,
      "想定脚質": "中団",
      "track_bias_aptitude_score": 25.4,
      "investment_value_score": 46.6,
      "total_investment_index": 41.4,
      "investment_rating": 0.42165586546063427,
      "stability_score": 60,
      "investment_mark": "△"
    },
    {
      "horse_number": 9,
      "name": "サファリ",
      "popularity": 6,
      "odds": 13.8,
      "mark": "▲",
      "score": 91.84,
      "track_aptitude": 1,
      "total_points": 80.1141373434438,
      "detail_points": {
        "score": 39.12413734344381,
        "bias": 15.0,
        "pace": 12.0,
        "3f": 9.0,
        "margin": 4.0,
        "track": 0.99
      },
      "avg_margin": 1.6437499999999998,
      "race_name": "函館2R",
      "pred_prob_won": 0.05759404376149178,
      "pred_prob_in_top2": 0.06715406775474549,
      "pred_prob_in_top3": 0.20007552802562714,
      "score_z": 0.05846416012999589,
      "上り3F平均": 37.71,
      "Ave-3F平均": 35.68,
      "PCI平均": 44.81,
      "-3F差平均": 0.7,
      "想定脚質": "先行",
      "track_bias_aptitude_score": 88.3,
      "investment_value_score": 38.9,
      "total_investment_index": 54.9,
      "investment_rating": 0.34039274573326117,
      "stability_score": 60,
      "investment_mark": "☆"
    },
    {
      "horse_number": 1,
      "name": "タイセイアビリティ",
      "popularity": 4,
      "odds": 7.4,
      "mark": "▲",
      "score": 92.47,
      "track_aptitude": 0,
      "total_points": 79.39251938314732,
      "detail_points": {
        "score": 39.39251938314731,
        "bias": 15.0,
        "pace": 12.0,
        "3f": 9.0,
        "margin": 4.0,
        "track": 0.0
      },
      "avg_margin": 1.6428571428571428,
      "race_name": "函館2R",
      "pred_prob_won": 0.059845340251922605,
      "pred_prob_in_top2": 0.0639441192150116,
      "pred_prob_in_top3": 0.19453462958335876,
      "score_z": 0.0972351294793612,
      "上り3F平均": 39.4,
      "Ave-3F平均": 37.13,
      "PCI平均": 44.37,
      "-3F差平均": 0.8,
      "想定脚質": "先行",
      "track_bias_aptitude_score": 82.4,
      "investment_value_score": 46.0,
      "total_investment_index": 57.5,
      "investment_rating": 0.19759198129177097,
      "stability_score": 60,
      "investment_mark": "☆"
    },
    {
      "horse_number": 10,
      "name": "グルナルーフス",
      "popularity": 7,
      "odds": 18.5,
      "mark": "△",
      "score": 89.98,
      "track_aptitude": 0,
      "total_points": 78.33177132146204,
      "detail_points": {
        "score": 38.33177132146204,
        "bias": 15.0,
        "pace": 12.0,
        "3f": 9.0,
        "margin": 4.0,
        "track": 0.0
      },
      "avg_margin": 1.785714285714286,
      "race_name": "函館2R",
      "pred_prob_won": 0.03327920250594616,
      "pred_prob_in_top2": 0.05051813200116158,
      "pred_prob_in_top3": 0.13856033086776734,
      "score_z": -0.056002511282416734,
      "上り3F平均": 38.64,
      "Ave-3F平均": 36.51,
      "PCI平均": 44.51,
      "-3F差平均": 0.92,
      "想定脚質": "先行",
      "track_bias_aptitude_score": 82.4,
      "investment_value_score": 29.1,
      "total_investment_index": 47.1,
      "investment_rating": 0.046721902489662126,
      "stability_score": 60,
      "investment_mark": "×"
    },
    {
      "horse_number": 7,
      "name": "ダブルシルバー",
      "popularity": 9,
      "odds": 37.0,
      "mark": "⭐︎",
      "score": 92.33,
      "track_aptitude": 2,
      "total_points": 71.29287892987988,
      "detail_points": {
        "score": 39.33287892987987,
        "bias": 4.95,
        "pace": 12.0,
        "3f": 9.0,
        "margin": 4.0,
        "track": 2.0100000000000002
      },
      "avg_margin": 1.29,
      "race_name": "函館2R",
      "pred_prob_won": 0.03631027638912201,
      "pred_prob_in_top2": 0.035154754668474196,
      "pred_prob_in_top3": 0.11619817763566971,
      "score_z": 0.08861935851283546,
      "上り3F平均": 37.12,
      "Ave-3F平均": 35.96,
      "PCI平均": 47.21,
      "-3F差平均": 0.78,
      "想定脚質": "中団",
      "track_bias_aptitude_score": 31.3,
      "investment_value_score": 21.8,
      "total_investment_index": 27.6,
      "investment_rating": -0.054042483195662405,
      "stability_score": 60,
      "investment_mark": "××"
    },
    {
      "horse_number": 8,
      "name": "メイショウユウモウ",
      "popularity": 8,
      "odds": 29.1,
      "mark": "△",
      "score": 85.75,
      "track_aptitude": 1,
      "total_points": 73.51977762630996,