{
  "horses": [
    {
      "horse_number": 1,
      "name": "ハリウッドメモリー",
      "popularity": 1,
      "odds": 1.9,
      "mark": "◎",
      "score": 117.9,
      "track_aptitude": 2,
      "total_points": 96.01,
      "detail_points": {
        "score": 50.0,
        "bias": 15.0,
        "pace": 12.0,
        "3f": 9.0,
        "margin": 8.0,
        "track": 2.0100000000000002
      },
      "avg_margin": 0.325,
      "race_name": "函館9R",
      "pred_prob_won": 0.2231536775827408,
      "pred_prob_in_top2": 0.16253799796104432,
      "pred_prob_in_top3": 0.5275123476982116,
      "score_z": 1.3922781766560584,
      "上り3F平均": 35.48,
      "Ave-3F平均": 34.45,
      "PCI平均": 47.16,
      "-3F差平均": 0.36,
      "想定脚質": "先行",
      "track_bias_aptitude_score": 92.5,
      "investment_value_score": 100,
      "total_investment_index": 95.1,
      "investment_rating": 0.747907721400261,
      "stability_score": 90,
      "investment_mark": "◎"
    },
    {
      "horse_number": 6,
      "name": "アジュマン",
      "popularity": 2,
      "odds": 3.6,
      "mark": "○",
      "score": 113.44,
      "track_aptitude": 0,
      "total_points": 86.05856658184902,
      "detail_points": {
        "score": 48.10856658184902,
        "bias": 10.95,
        "pace": 12.0,
        "3f": 9.0,
        "margin": 6.0,
        "track": 0.0
      },
      "avg_margin": 0.9333333333333332,
      "race_name": "函館9R",
      "pred_prob_won": 0.15535291135311127,
      "pred_prob_in_top2": 0.15021644830703734,
      "pred_prob_in_top3": 0.43816266655921937,
      "score_z": 1.104398683476363,
      "上り3F平均": 36.08,
      "Ave-3F平均": 36.51,
      "PCI平均": 51.38,
      "-3F差平均": 0.7,
      "想定脚質": "中団",
      "track_bias_aptitude_score": 47.8,
      "investment_value_score": 77.4,
      "total_investment_index": 67.6,
      "investment_rating": 0.7021205329895019,
      "stability_score": 75,
      "investment_mark": "○"
    },
    {
      "horse_number": 7,
      "name": "ブルーアイドガール",
      "popularity": 3,
      "odds": 4.6,
      "mark": "▲",
      "score": 106.07,
      "track_aptitude": 0,
      "total_points": 80.93303647158608,
      "detail_points": {
        "score": 44.98303647158608,
        "bias": 10.95,
        "pace": 12.0,
        "3f": 9.0,
        "margin": 4.0,
        "track": 0.0
      },
      "avg_margin": 1.5750000000000002,
      "race_name": "函館9R",
      "pred_prob_won": 0.08789611756801605,
      "pred_prob_in_top2": 0.09322169721126557,
      "pred_prob_in_top3": 0.27762781977653506,
      "score_z": 0.6286875030426518,
      "上り3F平均": 36.41,
      "Ave-3F平均": 35.84,
      "PCI平均": 49.27,
      "-3F差平均": 0.62,
      "想定脚質": "中団",
      "track_bias_aptitude_score": 47.8,
      "investment_value_score": 54.9,
      "total_investment_index": 53.3,
      "investment_rating": 0.2911043241620065,
      "stability_score": 60,
      "investment_mark": "△"
    },
    {
      "horse_number": 3,
      "name": "エルサトアナ",
      "popularity": 4,
      "odds": 8.1,
      "mark": "▲",
      "score": 102.92,
      "track_aptitude": 0,
      "total_points": 85.64715860899067,
      "detail_points": {
        "score": 43.647158608990665,
        "bias": 15.0,
        "pace": 12.0,
        "3f": 9.0,
        "margin": 6.0,
        "track": 0.0
      },
      "avg_margin": 0.5071428571428571,
      "race_name": "函館9R",
      "pred_prob_won": 0.06568167954683304,
      "pred_prob_in_top2": 0.08413283079862595,
      "pred_prob_in_top3": 0.24601913690567018,
      "score_z": 0.4253645426130471,
      "上り3F平均": 36.69,
      "Ave-3F平均": 35.21,
      "PCI平均": 46.09,
      "-3F差平均": 0.54,
      "想定脚質": "先行",
      "track_bias_aptitude_score": 77.5,
      "investment_value_score": 44.7,
      "total_investment_index": 55.8,
      "investment_rating": 0.2578822886943817,
      "stability_score": 75,
      "investment_mark": "△"
    },
    {
      "horse_number": 5,
      "name": "ラセーヌシュメール",
      "popularity": 5,
      "odds": 20.5,
      "mark": "△",
      "score": 85.21,
      "track_aptitude": 1,
      "total_points": 79.12655640373197,
      "detail_points": {
        "score": 36.13655640373197,
        "bias": 15.0,
        "pace": 12.0,
        "3f": 9.0,
        "margin": 6.0,
        "track": 0.99
      },
      "avg_margin": 0.99,
      "race_name": "函館9R",
      "pred_prob_won": 0.02053889222443104,
      "pred_prob_in_top2": 0.03289172947406769,
      "pred_prob_in_top3": 0.09581719487905502,
      "score_z": -0.7177623238022889,
      "上り3F平均": 36.59,
      "Ave-3F平均": 35.02,
      "PCI平均": 45.77,
      "-3F差平均": 0.59,
      "想定脚質": "先行",
      "track_bias_aptitude_score": 85.0,
      "investment_value_score": 15.5,
      "total_investment_index": 38.6,
      "investment_rating": -0.38528660483658317,
      "stability_score": 75,
      "investment_mark": "××"
    },
    {
      "horse_number": 4,
      "name": "アルマロクザン",
      "popularity": 7,
      "odds": 41.4,
      "mark": "△",
      "score": 83.39,
      "track_aptitude": 1,
      "total_points": 78.35471586089906,
      "detail_points": {
        "score": 35.36471586089907,
        "bias": 15.0,
        "pace": 12.0,
        "3f": 9.0,
        "margin": 6.0,
        "track": 0.99
      },
      "avg_margin": 0.9200000000000002,
      "race_name": "函館9R",
      "pred_prob_won": 0.025000834837555885,
      "pred_prob_in_top2": 0.033093346282839775,
      "pred_prob_in_top3": 0.09294853061437607,
      "score_z": -0.8352378120505047,
      "上り3F平均": 34.9,
      "Ave-3F平均": 35.15,
      "PCI平均": 50.73,
      "-3F差平均": 1.0,
      "想定脚質": "先行",
      "track_bias_aptitude_score": 85.0,
      "investment_value_score": 7.8,
      "total_investment_index": 33.8,
      "investment_rating": -0.3969562428444624,
      "stability_score": 75,
      "investment_mark": "××"
    },
    {
      "horse_number": 2,
      "name": "スプリングデイ",
      "popularity": 6,
      "odds": 28.9,
      "mark": "△",
      "score": 83.48,
      "track_aptitude": 1,
      "total_points": 74.34288379983036,
      "detail_points": {
        "score": 35.40288379983036,
        "bias": 10.95,
        "pace": 12.0,
        "3f": 9.0,
        "margin": 6.0,
        "track": 0.99
      },
      "avg_margin": 0.6900000000000001,
      "race_name": "函館9R",
      "pred_prob_won": 0.026191158592700957,
      "pred_prob_in_top2": 0.033259439095854756,
      "pred_prob_in_top3": 0.0929337978363037,
      "score_z": -0.8294285846096586,
      "上り3F平均": 34.88,
      "Ave-3F平均": 35.05,
      "PCI平均": 50.57,
      "-3F差平均": 0.78,
      "想定脚質": "中団",
      "track_bias_aptitude_score": 55.3,
      "investment_value_score": 10.9,
      "total_investment_index": 26.7,
      "investment_rating": -0.3981574916839599,
      "stability_score": 75,
      "investment_mark": "××"
    },
    {
      "horse_number": 8,
      "name": "フリントロック",
      "popularity": 8,
      "odds": 46.2,
      "mark": "△",
      "score": 78.23,
      "track_aptitude": 2,
      "total_points": 77.18642069550468,
      "detail_points": {
        "score": 33.17642069550467,
        "bias": 15.0,
        "pace": 12.0,
        "3f": 9.0,
        "margin": 6.0,
        "track": 2.0100000000000002
      },
      "avg_margin": 0.865,
      "race_name": "函館9R",
      "pred_prob_won": 0.01751867737621069,
      "pred_prob_in_top2": 0.02585323192179203,
      "pred_prob_in_top3": 0.07791358530521393,
      "score_z": -1.1683001853256672,
      "上り3F平均": 35.99,
      "Ave-3F平均": 34.63,
      "PCI平均": 46.3,
      "-3F差平均": 0.45,
      "想定脚質": "先行",
      "track_bias_aptitude_score": 92.5,
      "investment_value_score": 1,
      "total_investment_index": 31.4,
      "investment_rating": -0.4935616955161094,
      "stability_score": 75,
      "investment_mark": "××"
    }
  ]
}