{
  "horses": [
    {
      "horse_number": 8,
      "name": "ブラヴォケラトプス",
      "popularity": 5,
      "odds": 10.1,
      "mark": "▲",
      "score": 110.75,
      "track_aptitude": 0,
      "total_points": 86.22688638334779,
      "detail_points": {
        "score": 48.02688638334779,
        "bias": 15.0,
        "pace": 10.2,
        "3f": 9.0,
        "margin": 4.0,
        "track": 0.0
      },
      "avg_margin": 1.0166666666666666,
      "race_name": "函館3R",
      "pred_prob_won": 0.12809540033340455,
      "pred_prob_in_top2": 0.11765075623989105,
      "pred_prob_in_top3": 0.35348395705223085,
      "score_z": 0.8844642723167017,
      "上り3F平均": 36.15,
      "Ave-3F平均": 36.17,
      "PCI平均": 50.4,
      "-3F差平均": 0.9,
      "想定脚質": "先行",
      "track_bias_aptitude_score": 79.1,
      "investment_value_score": 70.6,
      "total_investment_index": 72.6,
      "investment_rating": 1.1230036088824273,
      "stability_score": 60,
      "investment_mark": "◎"
    },
    {
      "horse_number": 3,
      "name": "フリアフロリダ",
      "popularity": 2,
      "odds": 4.9,
      "mark": "◎",
      "score": 115.3,
      "track_aptitude": 0,
      "total_points": 90.2,
      "detail_points": {
        "score": 50.0,
        "bias": 15.0,
        "pace": 10.2,
        "3f": 9.0,
        "margin": 6.0,
        "track": 0.0
      },
      "avg_margin": 0.73,
      "race_name": "函館3R",
      "pred_prob_won": 0.18106124699115753,
      "pred_prob_in_top2": 0.15475830137729646,
      "pred_prob_in_top3": 0.46669716835021974,
      "score_z": 1.1469443955267455,
      "上り3F平均": 35.48,
      "Ave-3F平均": 35.42,
      "PCI平均": 49.86,
      "-3F差平均": 0.34,
      "想定脚質": "先行",
      "track_bias_aptitude_score": 79.1,
      "investment_value_score": 100,
      "total_investment_index": 90.6,
      "investment_rating": 1.0067520713806153,
      "stability_score": 75,
      "investment_mark": "○"
    },
    {
      "horse_number": 7,
      "name": "フィリグラン",
      "popularity": 4,
      "odds": 8.7,
      "mark": "▲",
      "score": 110.4,
      "track_aptitude": 0,
      "total_points": 86.07510841283609,
      "detail_points": {
        "score": 47.875108412836084,
        "bias": 15.0,
        "pace": 10.2,
        "3f": 7.0,
        "margin": 6.0,
        "track": 0.0
      },
      "avg_margin": 0.8833333333333333,
      "race_name": "函館3R",
      "pred_prob_won": 0.12432029843330383,
      "pred_prob_in_top2": 0.11483835130929947,
      "pred_prob_in_top3": 0.35789557099342345,
      "score_z": 0.8642734936082371,
      "上り3F平均": 35.1,
      "Ave-3F平均": 35.2,
      "PCI平均": 50.37,
      "-3F差平均": 1.03,
      "想定脚質": "先行",
      "track_bias_aptitude_score": 79.1,
      "investment_value_score": 75.9,
      "total_investment_index": 75.7,
      "investment_rating": 0.9957927268743516,
      "stability_score": 75,
      "investment_mark": "▲"
    },
    {
      "horse_number": 1,
      "name": "チェンジオブハート",
      "popularity": 3,
      "odds": 5.8,
      "mark": "○",
      "score": 111.47,
      "track_aptitude": 0,
      "total_points": 88.53911535125759,
      "detail_points": {
        "score": 48.33911535125759,
        "bias": 15.0,
        "pace": 10.2,
        "3f": 9.0,
        "margin": 6.0,
        "track": 0.0
      },
      "avg_margin": 0.755,
      "race_name": "函館3R",
      "pred_prob_won": 0.13287994414567947,
      "pred_prob_in_top2": 0.13482546508312226,
      "pred_prob_in_top3": 0.3929419755935669,
      "score_z": 0.9259995885169723,
      "上り3F平均": 35.82,
      "Ave-3F平均": 36.42,
      "PCI平均": 51.99,
      "-3F差平均": 0.68,
      "想定脚質": "先行",
      "track_bias_aptitude_score": 79.1,
      "investment_value_score": 85.1,
      "total_investment_index": 81.3,
      "investment_rating": 0.9663556182384493,
      "stability_score": 75,
      "investment_mark": "▲"
    },
    {
      "horse_number": 16,
      "name": "ルブリアン",
      "popularity": 9,
      "odds": 18.6,
      "mark": "△",
      "score": 101.23,
      "track_aptitude": 1,
      "total_points": 81.13852558542932,
      "detail_points": {
        "score": 43.89852558542932,
        "bias": 13.05,
        "pace": 10.2,
        "3f": 9.0,
        "margin": 4.0,
        "track": 0.99
      },
      "avg_margin": 1.47,
      "race_name": "函館3R",
      "pred_prob_won": 0.05424676835536957,
      "pred_prob_in_top2": 0.07130578458309174,
      "pred_prob_in_top3": 0.1868387222290039,
      "score_z": 0.335275091446456,
      "上り3F平均": 37.44,
      "Ave-3F平均": 34.95,
      "PCI平均": 43.46,
      "-3F差平均": 0.42,
      "想定脚質": "中団",
      "track_bias_aptitude_score": 69.6,
      "investment_value_score": 40.3,
      "total_investment_index": 50.6,
      "investment_rating": 0.5924775028228761,
      "stability_score": 60,
      "investment_mark": "△"
    },
    {
      "horse_number": 12,
      "name": "テキサスツイスター",
      "popularity": 6,
      "odds": 11.1,
      "mark": "△",
      "score": 103.4,
      "track_aptitude": 1,
      "total_points": 82.07954900260191,
      "detail_points": {
        "score": 44.83954900260191,
        "bias": 13.05,
        "pace": 10.2,
        "3f": 9.0,
        "margin": 4.0,
        "track": 0.99
      },
      "avg_margin": 1.7666666666666666,
      "race_name": "函館3R",
      "pred_prob_won": 0.059911477565765384,
      "pred_prob_in_top2": 0.0733825221657753,
      "pred_prob_in_top3": 0.21277147829532622,
      "score_z": 0.4604579194389386,
      "上り3F平均": 36.23,
      "Ave-3F平均": 35.38,
      "PCI平均": 47.73,
      "-3F差平均": 0.73,
      "想定脚質": "中団",
      "track_bias_aptitude_score": 69.6,
      "investment_value_score": 52.7,
      "total_investment_index": 58.3,
      "investment_rating": 0.5638573914766312,
      "stability_score": 60,
      "investment_mark": "△"
    },
    {
      "horse_number": 5,
      "name": "ロードステイタス",
      "popularity": 7,
      "odds": 15.2,
      "mark": "△",
      "score": 103.68,
      "track_aptitude": 0,
      "total_points": 81.21097137901128,
      "detail_points": {
        "score": 44.960971379011276,
        "bias": 13.05,
        "pace": 10.2,
        "3f": 9.0,
        "margin": 4.0,
        "track": 0.0
      },
      "avg_margin": 1.8699999999999999,
      "race_name": "函館3R",
      "pred_prob_won": 0.056668848544359204,
      "pred_prob_in_top2": 0.0718042492866516,
      "pred_prob_in_top3": 0.20038259029388428,
      "score_z": 0.4766105424057106,
      "上り3F平均": 37.6,
      "Ave-3F平均": 37.07,
      "PCI平均": 49.32,
      "-3F差平均": 0.38,
      "想定脚質": "中団",
      "track_bias_aptitude_score": 62.7,
      "investment_value_score": 48.0,
      "total_investment_index": 53.4,
      "investment_rating": 0.5621233761310578,
      "stability_score": 60,
      "investment_mark": "☆"
    },
    {
      "horse_number": 9,
      "name": "エムティキング",
      "popularity": 8,
      "odds": 18.6,
      "mark": "△",
      "score": 99.37,
      "track_aptitude": 0,
      "total_points": 81.34193408499567,
      "detail_points": {
        "score": 43.091934084995664,
        "bias": 13.05,
        "pace": 10.2,
        "3f": 9.0,
        "margin": 6.0,
        "track": 0.0
      },
      "avg_margin": 0.7375,
      "race_name": "函館3R",
      "pred_prob_won": 0.042612218856811525,
      "pred_prob_in_top2": 0.07140993177890778,
      "pred_prob_in_top3": 0.17580950558185576,
      "score_z": 0.2279755245957567,
      "上り3F平均": 35.47,
      "Ave-3F平均": 35.34,
      "PCI平均": 49.67,
      "-3F差平均": 0.67,
      "想定脚質": "中団",
      "track_bias_aptitude_score": 62.7,
      "investment_value_score": 41.1,
      "total_investment_index": 48.9,
      "investment_rating": 0.4724379840493202,
      "stability_score": 75,
      "investment_mark": "☆"
    },
    {
      "horse_number": 13,
      "name": "ビリオネアボーイ",
      "popularity": 1,
      "odds": 4.7,
      "mark": "⭐︎",
      "score": 106.27,
      "track_aptitude": 2,
      "total_points": 74.34412836079792,
      "detail_points": {
        "score": 46.08412836079792,
        "bias": 7.05,