{
  "horses": [
    {
      "horse_number": 2,
      "name": "ダンテバローズ",
      "popularity": 2,
      "odds": 5.3,
      "mark": "◎",
      "score": 131.3,
      "track_aptitude": 1,
      "total_points": 94.99,
      "detail_points": {
        "score": 50.0,
        "bias": 15.0,
        "pace": 12.0,
        "3f": 9.0,
        "margin": 8.0,
        "track": 0.99
      },
      "avg_margin": 0.48888888888888893,
      "race_name": "函館11R",
      "pred_prob_won": 0.267294579744339,
      "pred_prob_in_top2": 0.17938174903392792,
      "pred_prob_in_top3": 0.5708483934402466,
      "score_z": 1.6199079034785289,
      "上り3F平均": 37.87,
      "Ave-3F平均": 37.12,
      "PCI平均": 48.1,
      "-3F差平均": 0.36,
      "想定脚質": "先行",
      "track_bias_aptitude_score": 88.6,
      "investment_value_score": 93.1,
      "total_investment_index": 90.1,
      "investment_rating": 1.1696300196647644,
      "stability_score": 90,
      "investment_mark": "◎"
    },
    {
      "horse_number": 9,
      "name": "サンライズアリオン",
      "popularity": 4,
      "odds": 6.5,
      "mark": "▲",
      "score": 126.3,
      "track_aptitude": 1,
      "total_points": 91.08596344249808,
      "detail_points": {
        "score": 48.09596344249809,
        "bias": 15.0,
        "pace": 12.0,
        "3f": 9.0,
        "margin": 6.0,
        "track": 0.99
      },
      "avg_margin": 0.8,
      "race_name": "函館11R",
      "pred_prob_won": 0.14600195586681367,
      "pred_prob_in_top2": 0.14153121113777162,
      "pred_prob_in_top3": 0.4168164670467377,
      "score_z": 0.9522350391315939,
      "上り3F平均": 37.76,
      "Ave-3F平均": 36.79,
      "PCI平均": 47.48,
      "-3F差平均": 0.45,
      "想定脚質": "先行",
      "track_bias_aptitude_score": 88.6,
      "investment_value_score": 67.2,
      "total_investment_index": 73.5,
      "investment_rating": 1.0506291615962984,
      "stability_score": 75,
      "investment_mark": "○"
    },
    {
      "horse_number": 5,
      "name": "ジャスティンアース",
      "popularity": 1,
      "odds": 2.8,
      "mark": "○",
      "score": 126.77,
      "track_aptitude": 2,
      "total_points": 94.28494287890327,
      "detail_points": {
        "score": 48.27494287890327,
        "bias": 15.0,
        "pace": 12.0,
        "3f": 9.0,
        "margin": 8.0,
        "track": 2.0100000000000002
      },
      "avg_margin": 0.31500000000000006,
      "race_name": "函館11R",
      "pred_prob_won": 0.16211108565330506,
      "pred_prob_in_top2": 0.14960374236106871,
      "pred_prob_in_top3": 0.4593710064888,
      "score_z": 1.0149962883802055,
      "上り3F平均": 35.22,
      "Ave-3F平均": 36.06,
      "PCI平均": 52.46,
      "-3F差平均": 0.51,
      "想定脚質": "先行",
      "track_bias_aptitude_score": 94.3,
      "investment_value_score": 100,
      "total_investment_index": 95.0,
      "investment_rating": 0.62139606654644,
      "stability_score": 90,
      "investment_mark": "△"
    },
    {
      "horse_number": 6,
      "name": "ペリエール",
      "popularity": 5,
      "odds": 7.3,
      "mark": "▲",
      "score": 118.66,
      "track_aptitude": 1,
      "total_points": 90.17659558263517,
      "detail_points": {
        "score": 45.18659558263518,
        "bias": 15.0,
        "pace": 12.0,
        "3f": 9.0,
        "margin": 8.0,
        "track": 0.99
      },
      "avg_margin": 0.461111111111111,
      "race_name": "函館11R",
      "pred_prob_won": 0.05298635810613632,
      "pred_prob_in_top2": 0.06790351644158363,
      "pred_prob_in_top3": 0.21754828095436096,
      "score_z": -0.06796909759051972,
      "上り3F平均": 36.38,
      "Ave-3F平均": 35.62,
      "PCI平均": 47.93,
      "-3F差平均": 0.74,
      "想定脚質": "先行",
      "track_bias_aptitude_score": 88.6,
      "investment_value_score": 44.3,
      "total_investment_index": 58.0,
      "investment_rating": 0.28335433453321457,
      "stability_score": 90,
      "investment_mark": "△"
    },
    {
      "horse_number": 4,
      "name": "テーオードレフォン",
      "popularity": 3,
      "odds": 5.6,
      "mark": "△",
      "score": 121.26,
      "track_aptitude": 2,
      "total_points": 76.51669459253618,
      "detail_points": {
        "score": 46.17669459253618,
        "bias": 7.05,
        "pace": 8.28,
        "3f": 7.0,
        "margin": 6.0,
        "track": 2.0100000000000002
      },
      "avg_margin": 0.5900000000000001,
      "race_name": "函館11R",
      "pred_prob_won": 0.056052574515342714,
      "pred_prob_in_top2": 0.07421641945838928,
      "pred_prob_in_top3": 0.218400177359581,
      "score_z": 0.2792207918698866,
      "上り3F平均": 37.44,
      "Ave-3F平均": 36.97,
      "PCI平均": 48.89,
      "-3F差平均": 0.4,
      "想定脚質": "逃げ",
      "track_bias_aptitude_score": 42.4,
      "investment_value_score": 56.4,
      "total_investment_index": 52.0,
      "investment_rating": 0.1471606473624708,
      "stability_score": 75,
      "investment_mark": "☆"
    },
    {
      "horse_number": 8,
      "name": "マリアナトレンチ",
      "popularity": 7,
      "odds": 17.0,
      "mark": "△",
      "score": 117.87,
      "track_aptitude": 1,
      "total_points": 87.87575780654988,
      "detail_points": {
        "score": 44.88575780654989,
        "bias": 15.0,
        "pace": 12.0,
        "3f": 9.0,
        "margin": 6.0,
        "track": 0.99
      },
      "avg_margin": 0.74,
      "race_name": "函館11R",
      "pred_prob_won": 0.037078752368688586,
      "pred_prob_in_top2": 0.05183237865567207,
      "pred_prob_in_top3": 0.15863212049007416,
      "score_z": -0.17346141015733407,
      "上り3F平均": 37.55,
      "Ave-3F平均": 37.12,
      "PCI平均": 48.9,
      "-3F差平均": 0.52,
      "想定脚質": "先行",
      "track_bias_aptitude_score": 88.6,
      "investment_value_score": 30.7,
      "total_investment_index": 49.7,
      "investment_rating": 0.07799790486693381,
      "stability_score": 75,
      "investment_mark": "☆"
    },
    {
      "horse_number": 1,
      "name": "ボルザコフスキー",
      "popularity": 9,
      "odds": 25.5,
      "mark": "△",
      "score": 114.35,
      "track_aptitude": 0,
      "total_points": 77.59531607006853,
      "detail_points": {
        "score": 43.54531607006854,
        "bias": 7.05,
        "pace": 12.0,
        "3f": 9.0,
        "margin": 6.0,
        "track": 0.0
      },
      "avg_margin": 0.61,
      "race_name": "函館11R",
      "pred_prob_won": 0.023958388715982437,
      "pred_prob_in_top2": 0.0375211950391531,
      "pred_prob_in_top3": 0.11459462344646454,
      "score_z": -0.6435031066575763,
      "上り3F平均": 34.29,
      "Ave-3F平均": 35.65,
      "PCI平均": 54.14,
      "-3F差平均": 0.95,
      "想定脚質": "中団",
      "track_bias_aptitude_score": 35.6,
      "investment_value_score": 18.2,
      "total_investment_index": 25.5,
      "investment_rating": -0.1535673670470714,
      "stability_score": 75,
      "investment_mark": "××"
    },
    {
      "horse_number": 7,
      "name": "ショウナンライシン",
      "popularity": 6,
      "odds": 12.7,
      "mark": "消",
      "score": 114.77,
      "track_aptitude": 2,
      "total_points": 67.9952551408987,
      "detail_points": {
        "score": 43.7052551408987,
        "bias": 3.0,
        "pace": 8.28,
        "3f": 7.0,
        "margin": 4.0,
        "track": 2.0100000000000002
      },
      "avg_margin": 1.2349999999999999,
      "race_name": "函館11R",
      "pred_prob_won": 0.01891115363687277,
      "pred_prob_in_top2": 0.03018517680466175,
      "pred_prob_in_top3": 0.09487642943859101,
      "score_z": -0.5874185860524337,
      "上り3F平均": 37.54,
      "Ave-3F平均": 36.42,
      "PCI平均": 47.15,
      "-3F差平均": 0.86,
      "想定脚質": "後方",
      "track_bias_aptitude_score": 12.4,
      "investment_value_score": 22.4,
      "total_investment_index": 21.2,
      "investment_rating": -0.2971549239754678,
      "stability_score": 60,
      "investment_mark": "××"
    },
    {
      "horse_number": 10,
      "name": "ジャスパーゴールド",
      "popularity": 8,
      "odds": 22.4,
      "mark": "消",
      "score": 114.64,
      "track_aptitude": 0,
      "total_points": 65.93575019040365,