{
  "horses": [
    {
      "horse_number": 8,
      "name": "レディントン",
      "popularity": 4,
      "odds": 6.1,
      "mark": "△",
      "score": 125.25,
      "track_aptitude": 0,
      "total_points": 83.7970265324794,
      "detail_points": {
        "score": 47.74702653247942,
        "bias": 7.05,
        "pace": 12.0,
        "3f": 9.0,
        "margin": 8.0,
        "track": 0.0
      },
      "avg_margin": 0.325,
      "race_name": "函館11R",
      "pred_prob_won": 0.16016561388969422,
      "pred_prob_in_top2": 0.13288035690784455,
      "pred_prob_in_top3": 0.41093738079071046,
      "score_z": 1.0035768736518431,
      "上り3F平均": 34.7,
      "Ave-3F平均": 35.73,
      "PCI平均": 53.07,
      "-3F差平均": 0.66,
      "想定脚質": "中団",
      "track_bias_aptitude_score": 35.6,
      "investment_value_score": 64.6,
      "total_investment_index": 56.1,
      "investment_rating": 1.1437495231628416,
      "stability_score": 90,
      "investment_mark": "◎"
    },
    {
      "horse_number": 13,
      "name": "ダンテバローズ",
      "popularity": 1,
      "odds": 3.7,
      "mark": "◎",
      "score": 131.16,
      "track_aptitude": 2,
      "total_points": 96.01,
      "detail_points": {
        "score": 50.0,
        "bias": 15.0,
        "pace": 12.0,
        "3f": 9.0,
        "margin": 8.0,
        "track": 2.0100000000000002
      },
      "avg_margin": 0.5,
      "race_name": "函館11R",
      "pred_prob_won": 0.2651849389076233,
      "pred_prob_in_top2": 0.17515844106674194,
      "pred_prob_in_top3": 0.565034019947052,
      "score_z": 1.6241744112150245,
      "上り3F平均": 37.72,
      "Ave-3F平均": 36.96,
      "PCI平均": 48.07,
      "-3F差平均": 0.43,
      "想定脚質": "先行",
      "track_bias_aptitude_score": 94.3,
      "investment_value_score": 100,
      "total_investment_index": 96.0,
      "investment_rating": 0.9778299468755723,
      "stability_score": 90,
      "investment_mark": "○"
    },
    {
      "horse_number": 6,
      "name": "ハビレ",
      "popularity": 2,
      "odds": 4.9,
      "mark": "△",
      "score": 127.21,
      "track_aptitude": 0,
      "total_points": 84.5442055504727,
      "detail_points": {
        "score": 48.4942055504727,
        "bias": 7.05,
        "pace": 12.0,
        "3f": 9.0,
        "margin": 8.0,
        "track": 0.0
      },
      "avg_margin": 0.4800000000000001,
      "race_name": "函館11R",
      "pred_prob_won": 0.16966090500354766,
      "pred_prob_in_top2": 0.1585311472415924,
      "pred_prob_in_top3": 0.46619359254837034,
      "score_z": 1.2093926390704273,
      "上り3F平均": 36.92,
      "Ave-3F平均": 37.1,
      "PCI平均": 50.5,
      "-3F差平均": 0.89,
      "想定脚質": "中団",
      "track_bias_aptitude_score": 35.6,
      "investment_value_score": 80.9,
      "total_investment_index": 66.2,
      "investment_rating": 0.951961418390274,
      "stability_score": 90,
      "investment_mark": "▲"
    },
    {
      "horse_number": 5,
      "name": "ショウナンライシン",
      "popularity": 10,
      "odds": 37.9,
      "mark": "▲",
      "score": 115.22,
      "track_aptitude": 2,
      "total_points": 85.93345227203416,
      "detail_points": {
        "score": 43.923452272034154,
        "bias": 15.0,
        "pace": 12.0,
        "3f": 9.0,
        "margin": 4.0,
        "track": 2.0100000000000002
      },
      "avg_margin": 1.145,
      "race_name": "函館11R",
      "pred_prob_won": 0.046331432461738584,
      "pred_prob_in_top2": 0.06313360333442689,
      "pred_prob_in_top3": 0.1888076812028885,
      "score_z": -0.0496538034646901,
      "上り3F平均": 37.47,
      "Ave-3F平均": 36.27,
      "PCI平均": 46.95,
      "-3F差平均": 0.79,
      "想定脚質": "先行",
      "track_bias_aptitude_score": 94.3,
      "investment_value_score": 30.4,
      "total_investment_index": 51.4,
      "investment_rating": 0.578296072781086,
      "stability_score": 60,
      "investment_mark": "△"
    },
    {
      "horse_number": 2,
      "name": "テーオードレフォン",
      "popularity": 5,
      "odds": 6.6,
      "mark": "⭐︎",
      "score": 119.9,
      "track_aptitude": 2,
      "total_points": 76.0475327843855,
      "detail_points": {
        "score": 45.707532784385485,
        "bias": 7.05,
        "pace": 8.28,
        "3f": 7.0,
        "margin": 6.0,
        "track": 2.0100000000000002
      },
      "avg_margin": 0.64,
      "race_name": "函館11R",
      "pred_prob_won": 0.06108754500746727,
      "pred_prob_in_top2": 0.07107560038566589,
      "pred_prob_in_top3": 0.2027863472700119,
      "score_z": 0.4417838404939722,
      "上り3F平均": 37.37,
      "Ave-3F平均": 36.85,
      "PCI平均": 48.76,
      "-3F差平均": 0.48,
      "想定脚質": "逃げ",
      "track_bias_aptitude_score": 42.4,
      "investment_value_score": 45.4,
      "total_investment_index": 45.7,
      "investment_rating": 0.3726778800785541,
      "stability_score": 75,
      "investment_mark": "☆"
    },
    {
      "horse_number": 4,
      "name": "ワールドタキオン",
      "popularity": 6,
      "odds": 12.7,
      "mark": "○",
      "score": 113.37,
      "track_aptitude": 2,
      "total_points": 89.22820677035683,
      "detail_points": {
        "score": 43.21820677035682,
        "bias": 15.0,
        "pace": 12.0,
        "3f": 9.0,
        "margin": 8.0,
        "track": 2.0100000000000002
      },
      "avg_margin": 0.29999999999999993,
      "race_name": "函館11R",
      "pred_prob_won": 0.04309711456298828,
      "pred_prob_in_top2": 0.06565443128347397,
      "pred_prob_in_top3": 0.1891686052083969,
      "score_z": -0.2439186840893741,
      "上り3F平均": 37.33,
      "Ave-3F平均": 36.29,
      "PCI平均": 47.29,
      "-3F差平均": 0.34,
      "想定脚質": "先行",
      "track_bias_aptitude_score": 94.3,
      "investment_value_score": 38.5,
      "total_investment_index": 56.0,
      "investment_rating": 0.36475988656282426,
      "stability_score": 90,
      "investment_mark": "☆"
    },
    {
      "horse_number": 10,
      "name": "マリアナトレンチ",
      "popularity": 12,
      "odds": 49.8,
      "mark": "▲",
      "score": 109.89,
      "track_aptitude": 2,
      "total_points": 85.90158279963404,
      "detail_points": {
        "score": 41.89158279963404,
        "bias": 15.0,
        "pace": 12.0,
        "3f": 9.0,
        "margin": 6.0,
        "track": 2.0100000000000002
      },
      "avg_margin": 0.9099999999999999,
      "race_name": "函館11R",
      "pred_prob_won": 0.02831614464521408,
      "pred_prob_in_top2": 0.04886961579322815,
      "pred_prob_in_top3": 0.14358659982681274,
      "score_z": -0.6093466757509434,
      "上り3F平均": 37.55,
      "Ave-3F平均": 37.04,
      "PCI平均": 48.69,
      "-3F差平均": 0.55,
      "想定脚質": "先行",
      "track_bias_aptitude_score": 94.3,
      "investment_value_score": 21.2,
      "total_investment_index": 45.0,
      "investment_rating": 0.30612743854522706,
      "stability_score": 75,
      "investment_mark": "☆"
    },
    {
      "horse_number": 14,
      "name": "ナチュラルハイ",
      "popularity": 7,
      "odds": 16.4,
      "mark": "△",
      "score": 115.97,
      "track_aptitude": 2,
      "total_points": 80.269362610552,
      "detail_points": {
        "score": 44.209362610552,
        "bias": 7.05,
        "pace": 12.0,
        "3f": 9.0,
        "margin": 6.0,
        "track": 2.0100000000000002
      },
      "avg_margin": 0.9650000000000001,
      "race_name": "函館11R",
      "pred_prob_won": 0.04022741094231606,
      "pred_prob_in_top2": 0.056299662590026854,
      "pred_prob_in_top3": 0.16318571269512178,
      "score_z": 0.029102229220992842,
      "上り3F平均": 37.52,
      "Ave-3F平均": 36.61,
      "PCI平均": 47.65,
      "-3F差平均": 0.77,
      "想定脚質": "中団",
      "track_bias_aptitude_score": 47.0,
      "investment_value_score": 34.2,
      "total_investment_index": 39.7,
      "investment_rating": 0.27199927672743807,
      "stability_score": 75,
      "investment_mark": "☆"
    },
    {
      "horse_number": 7,
      "name": "ペプチドソレイユ",
      "popularity": 8,
      "odds": 24.9,
      "mark": "△",
      "score": 114.93,
      "track_aptitude": 2,