{
  "horses": [
    {
      "horse_number": 6,
      "name": "リーゼノアール",
      "popularity": 10,
      "odds": 41.6,
      "mark": "⭐︎",
      "score": 122.86,
      "track_aptitude": 2,
      "total_points": 81.66150644510019,
      "detail_points": {
        "score": 47.70150644510017,
        "bias": 4.95,
        "pace": 12.0,
        "3f": 9.0,
        "margin": 6.0,
        "track": 2.0100000000000002
      },
      "avg_margin": 0.825,
      "race_name": "函館8R",
      "pred_prob_won": 0.13910214006900787,
      "pred_prob_in_top2": 0.11410846561193466,
      "pred_prob_in_top3": 0.3763720214366913,
      "score_z": 1.0103181412415272,
      "上り3F平均": 38.27,
      "Ave-3F平均": 37.43,
      "PCI平均": 47.87,
      "-3F差平均": 0.7,
      "想定脚質": "中団",
      "track_bias_aptitude_score": 35.7,
      "investment_value_score": 56.7,
      "total_investment_index": 51.4,
      "investment_rating": 1.9163343575596812,
      "stability_score": 75,
      "investment_mark": "◎"
    },
    {
      "horse_number": 3,
      "name": "ブリスキー",
      "popularity": 5,
      "odds": 18.6,
      "mark": "○",
      "score": 124.35,
      "track_aptitude": 2,
      "total_points": 90.29001242428949,
      "detail_points": {
        "score": 48.28001242428948,
        "bias": 15.0,
        "pace": 12.0,
        "3f": 7.0,
        "margin": 6.0,
        "track": 2.0100000000000002
      },
      "avg_margin": 0.84375,
      "race_name": "函館8R",
      "pred_prob_won": 0.1818545788526535,
      "pred_prob_in_top2": 0.159602090716362,
      "pred_prob_in_top3": 0.47645010352134703,
      "score_z": 1.1815480160848935,
      "上り3F平均": 37.64,
      "Ave-3F平均": 36.87,
      "PCI平均": 47.99,
      "-3F差平均": 0.28,
      "想定脚質": "先行",
      "track_bias_aptitude_score": 94.3,
      "investment_value_score": 80.3,
      "total_investment_index": 83.4,
      "investment_rating": 1.5916704761981963,
      "stability_score": 75,
      "investment_mark": "○"
    },
    {
      "horse_number": 13,
      "name": "ロングウェイホーム",
      "popularity": 3,
      "odds": 5.2,
      "mark": "◎",
      "score": 128.78,
      "track_aptitude": 0,
      "total_points": 94.0,
      "detail_points": {
        "score": 50.0,
        "bias": 15.0,
        "pace": 12.0,
        "3f": 9.0,
        "margin": 8.0,
        "track": 0.0
      },
      "avg_margin": 0.43333333333333335,
      "race_name": "函館8R",
      "pred_prob_won": 0.2665122985839844,
      "pred_prob_in_top2": 0.16649037301540376,
      "pred_prob_in_top3": 0.5554638266563415,
      "score_z": 1.6906408654514147,
      "上り3F平均": 38.18,
      "Ave-3F平均": 38.17,
      "PCI平均": 50.03,
      "-3F差平均": 0.36,
      "想定脚質": "先行",
      "track_bias_aptitude_score": 82.8,
      "investment_value_score": 100,
      "total_investment_index": 92.7,
      "investment_rating": 1.4441233932971953,
      "stability_score": 90,
      "investment_mark": "▲"
    },
    {
      "horse_number": 7,
      "name": "トモジャザーン",
      "popularity": 9,
      "odds": 41.0,
      "mark": "▲",
      "score": 119.46,
      "track_aptitude": 1,
      "total_points": 89.3714256872185,
      "detail_points": {
        "score": 46.38142568721851,
        "bias": 15.0,
        "pace": 12.0,
        "3f": 9.0,
        "margin": 6.0,
        "track": 0.99
      },
      "avg_margin": 0.6857142857142857,
      "race_name": "函館8R",
      "pred_prob_won": 0.09762909412384033,
      "pred_prob_in_top2": 0.1081804096698761,
      "pred_prob_in_top3": 0.32053186893463137,
      "score_z": 0.6195922523371994,
      "上り3F平均": 38.0,
      "Ave-3F平均": 37.66,
      "PCI平均": 49.14,
      "-3F差平均": 0.6,
      "想定脚質": "先行",
      "track_bias_aptitude_score": 88.5,
      "investment_value_score": 53.6,
      "total_investment_index": 64.7,
      "investment_rating": 1.3796167087554934,
      "stability_score": 75,
      "investment_mark": "▲"
    },
    {
      "horse_number": 9,
      "name": "レッドライトニング",
      "popularity": 2,
      "odds": 3.4,
      "mark": "▲",
      "score": 119.01,
      "track_aptitude": 2,
      "total_points": 90.21670911632242,
      "detail_points": {
        "score": 46.206709116322415,
        "bias": 15.0,
        "pace": 12.0,
        "3f": 9.0,
        "margin": 6.0,
        "track": 2.0100000000000002
      },
      "avg_margin": 0.7150000000000001,
      "race_name": "函館8R",
      "pred_prob_won": 0.08873047232627869,
      "pred_prob_in_top2": 0.0948894664645195,
      "pred_prob_in_top3": 0.29847785234451296,
      "score_z": 0.567878531746922,
      "上り3F平均": 38.18,
      "Ave-3F平均": 37.16,
      "PCI平均": 47.39,
      "-3F差平均": 0.5,
      "想定脚質": "先行",
      "track_bias_aptitude_score": 94.3,
      "investment_value_score": 87.6,
      "total_investment_index": 86.8,
      "investment_rating": 0.4305096644163132,
      "stability_score": 75,
      "investment_mark": "☆"
    },
    {
      "horse_number": 8,
      "name": "サンダーロード",
      "popularity": 4,
      "odds": 18.3,
      "mark": "△",
      "score": 116.46,
      "track_aptitude": 1,
      "total_points": 88.20664854791116,
      "detail_points": {
        "score": 45.21664854791116,
        "bias": 15.0,
        "pace": 12.0,
        "3f": 9.0,
        "margin": 6.0,
        "track": 0.99
      },
      "avg_margin": 0.9611111111111111,
      "race_name": "函館8R",
      "pred_prob_won": 0.05593416467308998,
      "pred_prob_in_top2": 0.07307522743940353,
      "pred_prob_in_top3": 0.21041280925273895,
      "score_z": 0.27483411506867533,
      "上り3F平均": 38.18,
      "Ave-3F平均": 37.78,
      "PCI平均": 49.08,
      "-3F差平均": 0.66,
      "想定脚質": "先行",
      "track_bias_aptitude_score": 88.5,
      "investment_value_score": 61.1,
      "total_investment_index": 68.7,
      "investment_rating": 0.30217187747359275,
      "stability_score": 75,
      "investment_mark": "☆"
    },
    {
      "horse_number": 10,
      "name": "ガラスノブルース",
      "popularity": 6,
      "odds": 22.9,
      "mark": "△",
      "score": 113.54,
      "track_aptitude": 1,
      "total_points": 87.07293213231868,
      "detail_points": {
        "score": 44.08293213231869,
        "bias": 15.0,
        "pace": 12.0,
        "3f": 9.0,
        "margin": 6.0,
        "track": 0.99
      },
      "avg_margin": 0.9200000000000002,
      "race_name": "函館8R",
      "pred_prob_won": 0.039147062599658965,
      "pred_prob_in_top2": 0.05995692163705826,
      "pred_prob_in_top3": 0.1644108474254608,
      "score_z": -0.06073047187268657,
      "上り3F平均": 37.6,
      "Ave-3F平均": 36.72,
      "PCI平均": 47.65,
      "-3F差平均": 0.75,
      "想定脚質": "先行",
      "track_bias_aptitude_score": 88.5,
      "investment_value_score": 44.5,
      "total_investment_index": 58.1,
      "investment_rating": 0.1967158642411233,
      "stability_score": 75,
      "investment_mark": "×"
    },
    {
      "horse_number": 11,
      "name": "ローズマイスター",
      "popularity": 1,
      "odds": 2.1,
      "mark": "△",
      "score": 114.3,
      "track_aptitude": 2,
      "total_points": 84.38800900760988,
      "detail_points": {
        "score": 44.378009007609876,
        "bias": 15.0,
        "pace": 12.0,
        "3f": 7.0,
        "margin": 4.0,
        "track": 2.0100000000000002
      },
      "avg_margin": 1.2166666666666668,
      "race_name": "函館8R",
      "pred_prob_won": 0.03797300010919571,
      "pred_prob_in_top2": 0.05727065280079842,
      "pred_prob_in_top3": 0.15443868637084962,
      "score_z": 0.026608256235338468,
      "上り3F平均": 37.87,
      "Ave-3F平均": 37.44,
      "PCI平均": 49.02,
      "-3F差平均": 1.36,
      "想定脚質": "先行",
      "track_bias_aptitude_score": 94.3,
      "investment_value_score": 85.0,
      "total_investment_index": 84.3,
      "investment_rating": -0.029347152709960855,
      "stability_score": 60,
      "investment_mark": "××"
    },
    {
      "horse_number": 4,
      "name": "ニシノルアノーヴァ",
      "popularity": 7,
      "odds": 29.8,
      "mark": "△",
      "score": 105.93,
      "track_aptitude": 2,