{
  "horses": [
    {
      "horse_number": 11,
      "name": "テリオスサラ",
      "popularity": 7,
      "odds": 14.1,
      "mark": "◎",
      "score": 136.11,
      "track_aptitude": 1,
      "total_points": 94.99,
      "detail_points": {
        "score": 50.0,
        "bias": 15.0,
        "pace": 12.0,
        "3f": 9.0,
        "margin": 8.0,
        "track": 0.99
      },
      "avg_margin": 0.43,
      "race_name": "函館10R",
      "pred_prob_won": 0.28137831687927245,
      "pred_prob_in_top2": 0.19075993597507476,
      "pred_prob_in_top3": 0.5928558111190796,
      "score_z": 1.7377796299541803,
      "上り3F平均": 35.3,
      "Ave-3F平均": 36.26,
      "PCI平均": 52.74,
      "-3F差平均": 0.48,
      "想定脚質": "先行",
      "track_bias_aptitude_score": 88.1,
      "investment_value_score": 70.8,
      "total_investment_index": 76.8,
      "investment_rating": 2.6996353328227998,
      "stability_score": 90,
      "investment_mark": "◎"
    },
    {
      "horse_number": 7,
      "name": "リラボニート",
      "popularity": 3,
      "odds": 8.6,
      "mark": "○",
      "score": 131.84,
      "track_aptitude": 2,
      "total_points": 94.44141576665932,
      "detail_points": {
        "score": 48.43141576665931,
        "bias": 15.0,
        "pace": 12.0,
        "3f": 9.0,
        "margin": 8.0,
        "track": 2.0100000000000002
      },
      "avg_margin": 0.265,
      "race_name": "函館10R",
      "pred_prob_won": 0.20625475347042083,
      "pred_prob_in_top2": 0.17239494621753693,
      "pred_prob_in_top3": 0.5275791347026825,
      "score_z": 1.35200791069739,
      "上り3F平均": 35.04,
      "Ave-3F平均": 36.21,
      "PCI平均": 53.35,
      "-3F差平均": 0.49,
      "想定脚質": "先行",
      "track_bias_aptitude_score": 94.0,
      "investment_value_score": 84.7,
      "total_investment_index": 86.3,
      "investment_rating": 1.3701480147242544,
      "stability_score": 90,
      "investment_mark": "○"
    },
    {
      "horse_number": 14,
      "name": "カテリーナ",
      "popularity": 2,
      "odds": 7.4,
      "mark": "△",
      "score": 129.81,
      "track_aptitude": 3,
      "total_points": 82.63569539343177,
      "detail_points": {
        "score": 47.68569539343178,
        "bias": 4.95,
        "pace": 12.0,
        "3f": 9.0,
        "margin": 6.0,
        "track": 3.0
      },
      "avg_margin": 0.50625,
      "race_name": "函館10R",
      "pred_prob_won": 0.16925235092639923,
      "pred_prob_in_top2": 0.15905829071998595,
      "pred_prob_in_top3": 0.4685127973556519,
      "score_z": 1.168608240886785,
      "上り3F平均": 35.74,
      "Ave-3F平均": 36.92,
      "PCI平均": 53.4,
      "-3F差平均": 0.57,
      "想定脚質": "中団",
      "track_bias_aptitude_score": 38.7,
      "investment_value_score": 89.9,
      "total_investment_index": 72.5,
      "investment_rating": 0.9586871123313905,
      "stability_score": 75,
      "investment_mark": "▲"
    },
    {
      "horse_number": 3,
      "name": "ジョイフルニュース",
      "popularity": 1,
      "odds": 2.0,
      "mark": "▲",
      "score": 126.86,
      "track_aptitude": 0,
      "total_points": 91.60201307765777,
      "detail_points": {
        "score": 46.60201307765777,
        "bias": 15.0,
        "pace": 12.0,
        "3f": 9.0,
        "margin": 9.0,
        "track": 0.0
      },
      "avg_margin": 0.016666666666666666,
      "race_name": "函館10R",
      "pred_prob_won": 0.13966045677661895,
      "pred_prob_in_top2": 0.13624520897865294,
      "pred_prob_in_top3": 0.4070085108280182,
      "score_z": 0.9020914793393542,
      "上り3F平均": 34.3,
      "Ave-3F平均": 35.96,
      "PCI平均": 54.9,
      "-3F差平均": 0.35,
      "想定脚質": "先行",
      "track_bias_aptitude_score": 82.1,
      "investment_value_score": 100,
      "total_investment_index": 91.1,
      "investment_rating": 0.6064700004458428,
      "stability_score": 90,
      "investment_mark": "△"
    },
    {
      "horse_number": 9,
      "name": "レイピカケ",
      "popularity": 4,
      "odds": 9.5,
      "mark": "△",
      "score": 121.76,
      "track_aptitude": 2,
      "total_points": 76.68852839615018,
      "detail_points": {
        "score": 44.72852839615017,
        "bias": 4.95,
        "pace": 12.0,
        "3f": 7.0,
        "margin": 6.0,
        "track": 2.0100000000000002
      },
      "avg_margin": 0.8,
      "race_name": "函館10R",
      "pred_prob_won": 0.06977138817310333,
      "pred_prob_in_top2": 0.07811557948589325,
      "pred_prob_in_top3": 0.2400425523519516,
      "score_z": 0.4413336881895593,
      "上り3F平均": 36.23,
      "Ave-3F平均": 37.19,
      "PCI平均": 52.86,
      "-3F差平均": 1.03,
      "想定脚質": "中団",
      "track_bias_aptitude_score": 32.7,
      "investment_value_score": 57.5,
      "total_investment_index": 50.0,
      "investment_rating": 0.4601702094078064,
      "stability_score": 75,
      "investment_mark": "☆"
    },
    {
      "horse_number": 4,
      "name": "サクソンジェンヌ",
      "popularity": 6,
      "odds": 13.8,
      "mark": "▲",
      "score": 115.5,
      "track_aptitude": 1,
      "total_points": 87.41891778708397,
      "detail_points": {
        "score": 42.42891778708397,
        "bias": 15.0,
        "pace": 12.0,
        "3f": 9.0,
        "margin": 8.0,
        "track": 0.99
      },
      "avg_margin": 0.42000000000000004,
      "race_name": "函館10R",
      "pred_prob_won": 0.04175369739532471,
      "pred_prob_in_top2": 0.06926584988832474,
      "pred_prob_in_top3": 0.17856076657772063,
      "score_z": -0.12422391428058208,
      "上り3F平均": 37.33,
      "Ave-3F平均": 37.41,
      "PCI平均": 50.43,
      "-3F差平均": 0.41,
      "想定脚質": "先行",
      "track_bias_aptitude_score": 88.1,
      "investment_value_score": 41.0,
      "total_investment_index": 55.8,
      "investment_rating": 0.3106599095463753,
      "stability_score": 90,
      "investment_mark": "☆"
    },
    {
      "horse_number": 5,
      "name": "オルノア",
      "popularity": 5,
      "odds": 13.3,
      "mark": "消",
      "score": 119.36,
      "track_aptitude": 0,
      "total_points": 69.07688854602895,
      "detail_points": {
        "score": 43.84688854602894,
        "bias": 4.95,
        "pace": 8.28,
        "3f": 4.0,
        "margin": 8.0,
        "track": 0.0
      },
      "avg_margin": 0.33000000000000007,
      "race_name": "函館10R",
      "pred_prob_won": 0.047663765400648116,
      "pred_prob_in_top2": 0.06602545604109764,
      "pred_prob_in_top3": 0.17216143012046814,
      "score_z": 0.22450649235436101,
      "上り3F平均": 35.26,
      "Ave-3F平均": 36.11,
      "PCI平均": 52.42,
      "-3F差平均": 0.94,
      "想定脚質": "逃げ",
      "track_bias_aptitude_score": 23.4,
      "investment_value_score": 45.2,
      "total_investment_index": 39.5,
      "investment_rating": 0.23333450704813002,
      "stability_score": 90,
      "investment_mark": "☆"
    },
    {
      "horse_number": 10,
      "name": "ウインルピナス",
      "popularity": 9,
      "odds": 24.5,
      "mark": "△",
      "score": 110.42,
      "track_aptitude": 2,
      "total_points": 84.57278010432738,
      "detail_points": {
        "score": 40.56278010432738,
        "bias": 15.0,
        "pace": 12.0,
        "3f": 9.0,
        "margin": 6.0,
        "track": 2.0100000000000002
      },
      "avg_margin": 0.6,
      "race_name": "函館10R",
      "pred_prob_won": 0.023450690507888793,
      "pred_prob_in_top2": 0.04117635115981102,
      "pred_prob_in_top3": 0.11475699990987778,
      "score_z": -0.5831748121317506,
      "上り3F平均": 36.02,
      "Ave-3F平均": 36.66,
      "PCI平均": 51.89,
      "-3F差平均": 0.56,
      "想定脚質": "先行",
      "track_bias_aptitude_score": 94.0,
      "investment_value_score": 23.1,
      "total_investment_index": 46.1,
      "investment_rating": 0.02460974939167504,
      "stability_score": 75,
      "investment_mark": "×"
    },
    {
      "horse_number": 12,
      "name": "ルーチェロッサ",
      "popularity": 8,
      "odds": 21.7,
      "mark": "△",
      "score": 109.22,
      "track_aptitude": 3,
      "total_points": 83.12196017926676,