{
  "horses": [
    {
      "horse_number": 12,
      "name": "テイデ",
      "popularity": 9,
      "odds": 21.2,
      "mark": "△",
      "score": 130.52,
      "track_aptitude": 2,
      "total_points": 82.4810445559162,
      "detail_points": {
        "score": 48.1410445559162,
        "bias": 7.05,
        "pace": 8.28,
        "3f": 9.0,
        "margin": 8.0,
        "track": 2.0100000000000002
      },
      "avg_margin": 0.37499999999999994,
      "race_name": "函館10R",
      "pred_prob_won": 0.12855555564165116,
      "pred_prob_in_top2": 0.12787409424781798,
      "pred_prob_in_top3": 0.39133509397506716,
      "score_z": 0.872657611364679,
      "上り3F平均": 34.81,
      "Ave-3F平均": 36.7,
      "PCI平均": 55.59,
      "-3F差平均": 0.8,
      "想定脚質": "中団",
      "track_bias_aptitude_score": 47.4,
      "investment_value_score": 51.4,
      "total_investment_index": 51.5,
      "investment_rating": 1.952378374934197,
      "stability_score": 90,
      "investment_mark": "◎"
    },
    {
      "horse_number": 3,
      "name": "テリオスサラ",
      "popularity": 4,
      "odds": 9.3,
      "mark": "◎",
      "score": 135.56,
      "track_aptitude": 2,
      "total_points": 96.01,
      "detail_points": {
        "score": 50.0,
        "bias": 15.0,
        "pace": 12.0,
        "3f": 9.0,
        "margin": 8.0,
        "track": 2.0100000000000002
      },
      "avg_margin": 0.41000000000000003,
      "race_name": "函館10R",
      "pred_prob_won": 0.22848278284072876,
      "pred_prob_in_top2": 0.18712749183177949,
      "pred_prob_in_top3": 0.551576805114746,
      "score_z": 1.3486526721090482,
      "上り3F平均": 35.39,
      "Ave-3F平均": 36.24,
      "PCI平均": 52.43,
      "-3F差平均": 0.44,
      "想定脚質": "先行",
      "track_bias_aptitude_score": 93.9,
      "investment_value_score": 75.4,
      "total_investment_index": 80.7,
      "investment_rating": 1.7511495399475094,
      "stability_score": 90,
      "investment_mark": "○"
    },
    {
      "horse_number": 16,
      "name": "マイネルフランツ",
      "popularity": 6,
      "odds": 12.7,
      "mark": "▲",
      "score": 130.64,
      "track_aptitude": 2,
      "total_points": 94.19530539982296,
      "detail_points": {
        "score": 48.18530539982295,
        "bias": 15.0,
        "pace": 12.0,
        "3f": 9.0,
        "margin": 8.0,
        "track": 2.0100000000000002
      },
      "avg_margin": 0.34500000000000003,
      "race_name": "函館10R",
      "pred_prob_won": 0.14321515262126921,
      "pred_prob_in_top2": 0.1385646343231201,
      "pred_prob_in_top3": 0.4241412043571472,
      "score_z": 0.8839908270966855,
      "上り3F平均": 35.87,
      "Ave-3F平均": 36.55,
      "PCI平均": 51.98,
      "-3F差平均": 0.36,
      "想定脚質": "先行",
      "track_bias_aptitude_score": 93.9,
      "investment_value_score": 60.6,
      "total_investment_index": 71.0,
      "investment_rating": 1.620706021785736,
      "stability_score": 90,
      "investment_mark": "○"
    },
    {
      "horse_number": 14,
      "name": "トーアライデン",
      "popularity": 8,
      "odds": 18.5,
      "mark": "▲",
      "score": 125.37,
      "track_aptitude": 2,
      "total_points": 90.25151667158454,
      "detail_points": {
        "score": 46.241516671584534,
        "bias": 15.0,
        "pace": 12.0,
        "3f": 9.0,
        "margin": 6.0,
        "track": 2.0100000000000002
      },
      "avg_margin": 0.845,
      "race_name": "函館10R",
      "pred_prob_won": 0.09088998287916183,
      "pred_prob_in_top2": 0.09861793518066406,
      "pred_prob_in_top3": 0.30229554772377015,
      "score_z": 0.3862737695326338,
      "上り3F平均": 37.21,
      "Ave-3F平均": 36.81,
      "PCI平均": 49.1,
      "-3F差平均": 0.37,
      "想定脚質": "先行",
      "track_bias_aptitude_score": 93.9,
      "investment_value_score": 47.0,
      "total_investment_index": 62.0,
      "investment_rating": 1.244002841114998,
      "stability_score": 75,
      "investment_mark": "▲"
    },
    {
      "horse_number": 8,
      "name": "ウインアクトゥール",
      "popularity": 5,
      "odds": 9.9,
      "mark": "△",
      "score": 128.98,
      "track_aptitude": 2,
      "total_points": 81.91303039244615,
      "detail_points": {
        "score": 47.57303039244615,
        "bias": 7.05,
        "pace": 8.28,
        "3f": 9.0,
        "margin": 8.0,
        "track": 2.0100000000000002
      },
      "avg_margin": 0.38,
      "race_name": "函館10R",
      "pred_prob_won": 0.10288133770227433,
      "pred_prob_in_top2": 0.11152591109275818,
      "pred_prob_in_top3": 0.32596140503883364,
      "score_z": 0.7272146761372307,
      "上り3F平均": 36.06,
      "Ave-3F平均": 36.64,
      "PCI平均": 51.67,
      "-3F差平均": 0.66,
      "想定脚質": "中団",
      "track_bias_aptitude_score": 47.4,
      "investment_value_score": 58.4,
      "total_investment_index": 55.5,
      "investment_rating": 1.0005282524228098,
      "stability_score": 90,
      "investment_mark": "△"
    },
    {
      "horse_number": 7,
      "name": "カネラフィーナ",
      "popularity": 1,
      "odds": 2.8,
      "mark": "○",
      "score": 134.14,
      "track_aptitude": 2,
      "total_points": 94.48624668043671,
      "detail_points": {
        "score": 49.4762466804367,
        "bias": 15.0,
        "pace": 12.0,
        "3f": 7.0,
        "margin": 9.0,
        "track": 2.0100000000000002
      },
      "avg_margin": 0.07500000000000001,
      "race_name": "函館10R",
      "pred_prob_won": 0.17591574788093567,
      "pred_prob_in_top2": 0.18969560861587526,
      "pred_prob_in_top3": 0.5132696151733398,
      "score_z": 1.2145429526136091,
      "上り3F平均": 34.45,
      "Ave-3F平均": 36.95,
      "PCI平均": 57.42,
      "-3F差平均": 0.28,
      "想定脚質": "先行",
      "track_bias_aptitude_score": 93.9,
      "investment_value_score": 100,
      "total_investment_index": 95.2,
      "investment_rating": 0.9048566341400146,
      "stability_score": 90,
      "investment_mark": "△"
    },
    {
      "horse_number": 15,
      "name": "マイノワール",
      "popularity": 2,
      "odds": 5.4,
      "mark": "△",
      "score": 131.94,
      "track_aptitude": 3,
      "total_points": 77.9447978754795,
      "detail_points": {
        "score": 48.66479787547949,
        "bias": 3.0,
        "pace": 8.28,
        "3f": 9.0,
        "margin": 6.0,
        "track": 3.0
      },
      "avg_margin": 0.7150000000000001,
      "race_name": "函館10R",
      "pred_prob_won": 0.15001129508018493,
      "pred_prob_in_top2": 0.14215531945228577,
      "pred_prob_in_top3": 0.4209836542606354,
      "score_z": 1.0067673308601153,
      "上り3F平均": 35.73,
      "Ave-3F平均": 36.68,
      "PCI平均": 52.7,
      "-3F差平均": 1.2,
      "想定脚質": "後方",
      "track_bias_aptitude_score": 19.3,
      "investment_value_score": 81.8,
      "total_investment_index": 61.5,
      "investment_rating": 0.8787542319297791,
      "stability_score": 75,
      "investment_mark": "☆"
    },
    {
      "horse_number": 2,
      "name": "タイキラフター",
      "popularity": 3,
      "odds": 8.6,
      "mark": "△",
      "score": 125.21,
      "track_aptitude": 2,
      "total_points": 80.52250221304219,
      "detail_points": {
        "score": 46.18250221304219,
        "bias": 7.05,
        "pace": 8.28,
        "3f": 9.0,
        "margin": 8.0,
        "track": 2.0100000000000002
      },
      "avg_margin": 0.31999999999999995,
      "race_name": "函館10R",
      "pred_prob_won": 0.07166766822338104,
      "pred_prob_in_top2": 0.08351498544216156,
      "pred_prob_in_top3": 0.2594169318675995,
      "score_z": 0.3711628152232877,
      "上り3F平均": 34.84,
      "Ave-3F平均": 36.7,
      "PCI平均": 55.43,
      "-3F差平均": 0.58,
      "想定脚質": "中団",
      "track_bias_aptitude_score": 47.4,
      "investment_value_score": 62.1,
      "total_investment_index": 57.1,
      "investment_rating": 0.5190467217564584,
      "stability_score": 90,
      "investment_mark": "☆"
    },
    {
      "horse_number": 4,
      "name": "オメガインペリアル",
      "popularity": 12,
      "odds": 33.2,
      "mark": "⭐︎",
      "score": 121.61,
      "track_aptitude": 2,