{
  "horses": [
    {
      "horse_number": 3,
      "name": "ベールドインパクト",
      "popularity": 8,
      "odds": 24.2,
      "mark": "○",
      "score": 125.17,
      "track_aptitude": 2,
      "total_points": 89.11122901678658,
      "detail_points": {
        "score": 46.90122901678657,
        "bias": 15.0,
        "pace": 10.2,
        "3f": 9.0,
        "margin": 6.0,
        "track": 2.0100000000000002
      },
      "avg_margin": 0.8099999999999999,
      "race_name": "函館6R",
      "pred_prob_won": 0.14526641964912415,
      "pred_prob_in_top2": 0.1325318142771721,
      "pred_prob_in_top3": 0.4147975742816925,
      "score_z": 0.8524282156398089,
      "上り3F平均": 36.11,
      "Ave-3F平均": 37.09,
      "PCI平均": 52.95,
      "-3F差平均": 0.72,
      "想定脚質": "先行",
      "track_bias_aptitude_score": 93.7,
      "investment_value_score": 51.3,
      "total_investment_index": 65.3,
      "investment_rating": 1.9302652031183243,
      "stability_score": 75,
      "investment_mark": "◎"
    },
    {
      "horse_number": 5,
      "name": "キントラダンサー",
      "popularity": 4,
      "odds": 8.0,
      "mark": "◎",
      "score": 130.56,
      "track_aptitude": 0,
      "total_points": 89.12086330935252,
      "detail_points": {
        "score": 48.92086330935252,
        "bias": 15.0,
        "pace": 10.2,
        "3f": 9.0,
        "margin": 6.0,
        "track": 0.0
      },
      "avg_margin": 0.6333333333333333,
      "race_name": "函館6R",
      "pred_prob_won": 0.2293757051229477,
      "pred_prob_in_top2": 0.1608371376991272,
      "pred_prob_in_top3": 0.5273686528205872,
      "score_z": 1.3367062743801064,
      "上り3F平均": 36.32,
      "Ave-3F平均": 35.99,
      "PCI平均": 49.23,
      "-3F差平均": 0.42,
      "想定脚質": "先行",
      "track_bias_aptitude_score": 81.1,
      "investment_value_score": 70.9,
      "total_investment_index": 74.1,
      "investment_rating": 1.6567377460002903,
      "stability_score": 75,
      "investment_mark": "○"
    },
    {
      "horse_number": 8,
      "name": "サクラアドリア",
      "popularity": 1,
      "odds": 2.2,
      "mark": "▲",
      "score": 133.44,
      "track_aptitude": 0,
      "total_points": 86.2,
      "detail_points": {
        "score": 50.0,
        "bias": 9.0,
        "pace": 10.2,
        "3f": 9.0,
        "margin": 8.0,
        "track": 0.0
      },
      "avg_margin": 0.4000000000000001,
      "race_name": "函館6R",
      "pred_prob_won": 0.2432153820991516,
      "pred_prob_in_top2": 0.1740101933479309,
      "pred_prob_in_top3": 0.5585452675819397,
      "score_z": 1.5954670924083167,
      "上り3F平均": 35.14,
      "Ave-3F平均": 36.25,
      "PCI平均": 53.2,
      "-3F差平均": 0.98,
      "想定脚質": "中団",
      "track_bias_aptitude_score": 44.9,
      "investment_value_score": 100,
      "total_investment_index": 81.1,
      "investment_rating": 1.0067268520593642,
      "stability_score": 90,
      "investment_mark": "▲"
    },
    {
      "horse_number": 15,
      "name": "レディオンステージ",
      "popularity": 6,
      "odds": 15.2,
      "mark": "⭐︎",
      "score": 123.3,
      "track_aptitude": 1,
      "total_points": 73.34053956834532,
      "detail_points": {
        "score": 46.20053956834532,
        "bias": 4.95,
        "pace": 10.2,
        "3f": 7.0,
        "margin": 4.0,
        "track": 0.99
      },
      "avg_margin": 1.057142857142857,
      "race_name": "函館6R",
      "pred_prob_won": 0.09480930268764495,
      "pred_prob_in_top2": 0.09858509302139282,
      "pred_prob_in_top3": 0.2986073911190033,
      "score_z": 0.684413378933991,
      "上り3F平均": 37.14,
      "Ave-3F平均": 36.42,
      "PCI平均": 48.4,
      "-3F差平均": 0.27,
      "想定脚質": "逃げ",
      "track_bias_aptitude_score": 23.6,
      "investment_value_score": 49.9,
      "total_investment_index": 43.2,
      "investment_rating": 0.9930369555950166,
      "stability_score": 60,
      "investment_mark": "▲"
    },
    {
      "horse_number": 4,
      "name": "ファンタズマ",
      "popularity": 2,
      "odds": 5.2,
      "mark": "△",
      "score": 127.66,
      "track_aptitude": 2,
      "total_points": 82.04423261390887,
      "detail_points": {
        "score": 47.834232613908874,
        "bias": 9.0,
        "pace": 10.2,
        "3f": 9.0,
        "margin": 4.0,
        "track": 2.0100000000000002
      },
      "avg_margin": 1.0062499999999999,
      "race_name": "函館6R",
      "pred_prob_won": 0.15976860225200654,
      "pred_prob_in_top2": 0.14946261644363404,
      "pred_prob_in_top3": 0.4462599217891693,
      "score_z": 1.076148506226699,
      "上り3F平均": 37.11,
      "Ave-3F平均": 37.05,
      "PCI平均": 49.91,
      "-3F差平均": 0.83,
      "想定脚質": "中団",
      "track_bias_aptitude_score": 57.5,
      "investment_value_score": 79.5,
      "total_investment_index": 71.7,
      "investment_rating": 0.949527781009674,
      "stability_score": 60,
      "investment_mark": "△"
    },
    {
      "horse_number": 7,
      "name": "ドバイミッション",
      "popularity": 5,
      "odds": 14.0,
      "mark": "△",
      "score": 123.79,
      "track_aptitude": 0,
      "total_points": 78.58414268585132,
      "detail_points": {
        "score": 46.38414268585132,
        "bias": 9.0,
        "pace": 10.2,
        "3f": 9.0,
        "margin": 4.0,
        "track": 0.0
      },
      "avg_margin": 1.1333333333333333,
      "race_name": "函館6R",
      "pred_prob_won": 0.09430694282054901,
      "pred_prob_in_top2": 0.1113335907459259,
      "pred_prob_in_top3": 0.30830761790275574,
      "score_z": 0.7284386570012916,
      "上り3F平均": 37.33,
      "Ave-3F平均": 36.2,
      "PCI平均": 47.07,
      "-3F差平均": 0.62,
      "想定脚質": "中団",
      "track_bias_aptitude_score": 44.9,
      "investment_value_score": 54.0,
      "total_investment_index": 52.1,
      "investment_rating": 0.921968899667263,
      "stability_score": 60,
      "investment_mark": "△"
    },
    {
      "horse_number": 12,
      "name": "コスモマガラニカ",
      "popularity": 3,
      "odds": 7.8,
      "mark": "△",
      "score": 122.18,
      "track_aptitude": 2,
      "total_points": 83.99087529976019,
      "detail_points": {
        "score": 45.78087529976019,
        "bias": 9.0,
        "pace": 10.2,
        "3f": 9.0,
        "margin": 8.0,
        "track": 2.0100000000000002
      },
      "avg_margin": 0.36,
      "race_name": "函館6R",
      "pred_prob_won": 0.08235594928264618,
      "pred_prob_in_top2": 0.08804732263088226,
      "pred_prob_in_top3": 0.2790153920650482,
      "score_z": 0.583784171923021,
      "上り3F平均": 35.72,
      "Ave-3F平均": 36.97,
      "PCI平均": 53.58,
      "-3F差平均": 0.74,
      "想定脚質": "中団",
      "track_bias_aptitude_score": 57.5,
      "investment_value_score": 60.9,
      "total_investment_index": 59.8,
      "investment_rating": 0.5847015634179116,
      "stability_score": 90,
      "investment_mark": "☆"
    },
    {
      "horse_number": 14,
      "name": "ヴァルチャースター",
      "popularity": 7,
      "odds": 16.9,
      "mark": "▲",
      "score": 115.73,
      "track_aptitude": 3,
      "total_points": 84.5640587529976,
      "detail_points": {
        "score": 43.3640587529976,
        "bias": 15.0,
        "pace": 10.2,
        "3f": 9.0,
        "margin": 4.0,
        "track": 3.0
      },
      "avg_margin": 1.15,
      "race_name": "函館6R",
      "pred_prob_won": 0.04807634949684143,
      "pred_prob_in_top2": 0.07012182474136353,
      "pred_prob_in_top3": 0.20324666798114777,
      "score_z": 0.0042677565473402315,
      "上り3F平均": 36.35,
      "Ave-3F平均": 36.97,
      "PCI平均": 51.75,
      "-3F差平均": 0.4,
      "想定脚質": "先行",
      "track_bias_aptitude_score": 100,
      "investment_value_score": 37.7,
      "total_investment_index": 57.6,
      "investment_rating": 0.5780190072953701,
      "stability_score": 60,
      "investment_mark": "☆"
    },
    {
      "horse_number": 9,
      "name": "ヤマノインパクト",
      "popularity": 9,
      "odds": 29.9,
      "mark": "⭐︎",
      "score": 114.15,
      "track_aptitude": 2,
      "total_points": 76.98203237410073,