{
  "horses": [
    {
      "horse_number": 7,
      "name": "ローマンレイク",
      "popularity": 8,
      "odds": 11.6,
      "mark": "○",
      "score": 121.57,
      "track_aptitude": 2,
      "total_points": 90.64214422708095,
      "detail_points": {
        "score": 46.632144227080936,
        "bias": 15.0,
        "pace": 12.0,
        "3f": 9.0,
        "margin": 6.0,
        "track": 2.0100000000000002
      },
      "avg_margin": 0.9333333333333333,
      "race_name": "函館12R",
      "pred_prob_won": 0.12108136415481567,
      "pred_prob_in_top2": 0.12925057709217072,
      "pred_prob_in_top3": 0.3726215064525604,
      "score_z": 0.7593291695969548,
      "上り3F平均": 37.96,
      "Ave-3F平均": 37.37,
      "PCI平均": 48.7,
      "-3F差平均": 0.37,
      "想定脚質": "先行",
      "track_bias_aptitude_score": 94.3,
      "investment_value_score": 52.0,
      "total_investment_index": 65.8,
      "investment_rating": 1.5475154906511306,
      "stability_score": 75,
      "investment_mark": "◎"
    },
    {
      "horse_number": 2,
      "name": "ケープウィッカム",
      "popularity": 2,
      "odds": 6.0,
      "mark": "◎",
      "score": 130.35,
      "track_aptitude": 2,
      "total_points": 94.01,
      "detail_points": {
        "score": 50.0,
        "bias": 15.0,
        "pace": 12.0,
        "3f": 9.0,
        "margin": 6.0,
        "track": 2.0100000000000002
      },
      "avg_margin": 0.575,
      "race_name": "函館12R",
      "pred_prob_won": 0.2676351487636566,
      "pred_prob_in_top2": 0.17839753925800322,
      "pred_prob_in_top3": 0.5574030876159668,
      "score_z": 1.7140179680305487,
      "上り3F平均": 38.43,
      "Ave-3F平均": 37.29,
      "PCI平均": 47.07,
      "-3F差平均": 0.53,
      "想定脚質": "先行",
      "track_bias_aptitude_score": 94.3,
      "investment_value_score": 92.6,
      "total_investment_index": 91.7,
      "investment_rating": 1.1722092628479004,
      "stability_score": 75,
      "investment_mark": "○"
    },
    {
      "horse_number": 9,
      "name": "ネクストダンサー",
      "popularity": 1,
      "odds": 5.3,
      "mark": "△",
      "score": 125.21,
      "track_aptitude": 1,
      "total_points": 75.3483851169927,
      "detail_points": {
        "score": 48.02838511699271,
        "bias": 7.05,
        "pace": 8.28,
        "3f": 5.0,
        "margin": 6.0,
        "track": 0.99
      },
      "avg_margin": 0.7071428571428571,
      "race_name": "函館12R",
      "pred_prob_won": 0.18036991655826567,
      "pred_prob_in_top2": 0.15722897350788118,
      "pred_prob_in_top3": 0.4681715786457062,
      "score_z": 1.1551227033439118,
      "上り3F平均": 38.84,
      "Ave-3F平均": 37.68,
      "PCI平均": 47.24,
      "-3F差平均": 0.67,
      "想定脚質": "逃げ",
      "track_bias_aptitude_score": 34.1,
      "investment_value_score": 100,
      "total_investment_index": 77.2,
      "investment_rating": 0.6970203676819802,
      "stability_score": 75,
      "investment_mark": "△"
    },
    {
      "horse_number": 3,
      "name": "ヒヒーン",
      "popularity": 4,
      "odds": 8.9,
      "mark": "▲",
      "score": 116.53,
      "track_aptitude": 1,
      "total_points": 85.68888761028002,
      "detail_points": {
        "score": 44.69888761028002,
        "bias": 15.0,
        "pace": 12.0,
        "3f": 9.0,
        "margin": 4.0,
        "track": 0.99
      },
      "avg_margin": 1.025,
      "race_name": "函館12R",
      "pred_prob_won": 0.06671221107244492,
      "pred_prob_in_top2": 0.08955475389957428,
      "pred_prob_in_top3": 0.25007685720920564,
      "score_z": 0.21130735363963085,
      "上り3F平均": 38.73,
      "Ave-3F平均": 37.66,
      "PCI平均": 47.31,
      "-3F差平均": 0.45,
      "想定脚質": "先行",
      "track_bias_aptitude_score": 88.5,
      "investment_value_score": 55.5,
      "total_investment_index": 65.2,
      "investment_rating": 0.4253151145577431,
      "stability_score": 60,
      "investment_mark": "△"
    },
    {
      "horse_number": 8,
      "name": "プレゼンティーア",
      "popularity": 6,
      "odds": 9.5,
      "mark": "⭐︎",
      "score": 118.48,
      "track_aptitude": 2,
      "total_points": 72.7868738013042,
      "detail_points": {
        "score": 45.446873801304186,
        "bias": 7.05,
        "pace": 8.28,
        "3f": 4.0,
        "margin": 6.0,
        "track": 2.0100000000000002
      },
      "avg_margin": 0.9125,
      "race_name": "函館12R",
      "pred_prob_won": 0.05803501605987549,
      "pred_prob_in_top2": 0.06767469495534897,
      "pred_prob_in_top3": 0.20234926044940948,
      "score_z": 0.42333960386121516,
      "上り3F平均": 38.55,
      "Ave-3F平均": 37.6,
      "PCI平均": 47.52,
      "-3F差平均": 1.3,
      "想定脚質": "逃げ",
      "track_bias_aptitude_score": 39.8,
      "investment_value_score": 44.5,
      "total_investment_index": 44.3,
      "investment_rating": 0.3522161543369293,
      "stability_score": 75,
      "investment_mark": "☆"
    },
    {
      "horse_number": 11,
      "name": "デルマサクラサク",
      "popularity": 11,
      "odds": 20.6,
      "mark": "△",
      "score": 115.01,
      "track_aptitude": 1,
      "total_points": 75.05584196394324,
      "detail_points": {
        "score": 44.11584196394324,
        "bias": 4.95,
        "pace": 12.0,
        "3f": 7.0,
        "margin": 6.0,
        "track": 0.99
      },
      "avg_margin": 0.9299999999999999,
      "race_name": "函館12R",
      "pred_prob_won": 0.03864523619413376,
      "pred_prob_in_top2": 0.06088783368468285,
      "pred_prob_in_top3": 0.16187750697135925,
      "score_z": 0.046030932954088874,
      "上り3F平均": 39.06,
      "Ave-3F平均": 38.48,
      "PCI平均": 48.64,
      "-3F差平均": 1.24,
      "想定脚質": "中団",
      "track_bias_aptitude_score": 30.0,
      "investment_value_score": 27.8,
      "total_investment_index": 30.8,
      "investment_rating": 0.33692618042230615,
      "stability_score": 75,
      "investment_mark": "☆"
    },
    {
      "horse_number": 10,
      "name": "ランスノーブル",
      "popularity": 9,
      "odds": 12.6,
      "mark": "△",
      "score": 115.03,
      "track_aptitude": 0,
      "total_points": 76.07351361718452,
      "detail_points": {
        "score": 44.12351361718451,
        "bias": 4.95,
        "pace": 12.0,
        "3f": 9.0,
        "margin": 6.0,
        "track": 0.0
      },
      "avg_margin": 0.6150000000000001,
      "race_name": "函館12R",
      "pred_prob_won": 0.03592982366681099,
      "pred_prob_in_top2": 0.05709729865193367,
      "pred_prob_in_top3": 0.15227642357349397,
      "score_z": 0.04820562269995084,
      "上り3F平均": 38.23,
      "Ave-3F平均": 37.88,
      "PCI平均": 49.16,
      "-3F差平均": 0.87,
      "想定脚質": "中団",
      "track_bias_aptitude_score": 24.2,
      "investment_value_score": 30.3,
      "total_investment_index": 30.5,
      "investment_rating": 0.19309350147843363,
      "stability_score": 75,
      "investment_mark": "×"
    },
    {
      "horse_number": 6,
      "name": "コルヴィル",
      "popularity": 3,
      "odds": 6.3,
      "mark": "▲",
      "score": 110.78,
      "track_aptitude": 1,
      "total_points": 87.48328730341389,
      "detail_points": {
        "score": 42.493287303413894,
        "bias": 15.0,
        "pace": 12.0,
        "3f": 9.0,
        "margin": 8.0,
        "track": 0.99
      },
      "avg_margin": 0.35,
      "race_name": "函館12R",
      "pred_prob_won": 0.03694198094308376,
      "pred_prob_in_top2": 0.05124572142958641,
      "pred_prob_in_top3": 0.13976532816886902,
      "score_z": -0.4139159482958092,
      "上り3F平均": 39.0,
      "Ave-3F平均": 37.59,
      "PCI平均": 46.4,
      "-3F差平均": 0.75,
      "想定脚質": "先行",
      "track_bias_aptitude_score": 88.5,
      "investment_value_score": 47.4,
      "total_investment_index": 59.3,
      "investment_rating": -0.05383308500051498,
      "stability_score": 90,
      "investment_mark": "××"
    },
    {
      "horse_number": 1,
      "name": "エルバステラ",
      "popularity": 5,
      "odds": 9.1,
      "mark": "△",
      "score": 110.01,
      "track_aptitude": 1,
      "total_points": 83.18792865362487,