{
  "horses": [
    {
      "horse_number": 7,
      "name": "ヒサエノオモカゲ",
      "popularity": 3,
      "odds": 7.4,
      "mark": "◎",
      "score": 133.89,
      "track_aptitude": 2,
      "total_points": 92.21000000000001,
      "detail_points": {
        "score": 50.0,
        "bias": 15.0,
        "pace": 10.2,
        "3f": 9.0,
        "margin": 6.0,
        "track": 2.0100000000000002
      },
      "avg_margin": 0.79,
      "race_name": "函館4R",
      "pred_prob_won": 0.27220240235328674,
      "pred_prob_in_top2": 0.18726129233837127,
      "pred_prob_in_top3": 0.5915210008621216,
      "score_z": 1.7007936437373068,
      "上り3F平均": 39.67,
      "Ave-3F平均": 37.86,
      "PCI平均": 45.49,
      "-3F差平均": 0.42,
      "想定脚質": "先行",
      "track_bias_aptitude_score": 94.3,
      "investment_value_score": 86.8,
      "total_investment_index": 88.2,
      "investment_rating": 1.5907474529743193,
      "stability_score": 75,
      "investment_mark": "◎"
    },
    {
      "horse_number": 1,
      "name": "ララエキリーブル",
      "popularity": 4,
      "odds": 8.5,
      "mark": "○",
      "score": 127.77,
      "track_aptitude": 2,
      "total_points": 87.92454178803496,
      "detail_points": {
        "score": 47.71454178803496,
        "bias": 15.0,
        "pace": 10.2,
        "3f": 9.0,
        "margin": 4.0,
        "track": 2.0100000000000002
      },
      "avg_margin": 1.025,
      "race_name": "函館4R",
      "pred_prob_won": 0.18047162592411042,
      "pred_prob_in_top2": 0.17168567478656768,
      "pred_prob_in_top3": 0.49897964000701905,
      "score_z": 1.1983663944082052,
      "上り3F平均": 38.52,
      "Ave-3F平均": 37.65,
      "PCI平均": 47.88,
      "-3F差平均": 0.45,
      "想定脚質": "先行",
      "track_bias_aptitude_score": 94.3,
      "investment_value_score": 74.5,
      "total_investment_index": 80.0,
      "investment_rating": 1.495918560028076,
      "stability_score": 60,
      "investment_mark": "○"
    },
    {
      "horse_number": 6,
      "name": "ジーティートゥルー",
      "popularity": 10,
      "odds": 26.9,
      "mark": "△",
      "score": 121.79,
      "track_aptitude": 1,
      "total_points": 74.62136529987303,
      "detail_points": {
        "score": 45.48136529987304,
        "bias": 4.95,
        "pace": 10.2,
        "3f": 9.0,
        "margin": 4.0,
        "track": 0.99
      },
      "avg_margin": 1.145,
      "race_name": "函館4R",
      "pred_prob_won": 0.0963217332959175,
      "pred_prob_in_top2": 0.11186565458774567,
      "pred_prob_in_top3": 0.3097065806388855,
      "score_z": 0.707432578887286,
      "上り3F平均": 38.59,
      "Ave-3F平均": 37.94,
      "PCI平均": 48.38,
      "-3F差平均": 0.69,
      "想定脚質": "中団",
      "track_bias_aptitude_score": 31.7,
      "investment_value_score": 43.7,
      "total_investment_index": 41.9,
      "investment_rating": 1.4608580386638643,
      "stability_score": 60,
      "investment_mark": "▲"
    },
    {
      "horse_number": 3,
      "name": "タイセイバンクール",
      "popularity": 6,
      "odds": 13.5,
      "mark": "▲",
      "score": 118.03,
      "track_aptitude": 1,
      "total_points": 83.2672275748749,
      "detail_points": {
        "score": 44.0772275748749,
        "bias": 15.0,
        "pace": 10.2,
        "3f": 9.0,
        "margin": 4.0,
        "track": 0.99
      },
      "avg_margin": 1.1916666666666667,
      "race_name": "函館4R",
      "pred_prob_won": 0.08434325754642487,
      "pred_prob_in_top2": 0.09247153401374816,
      "pred_prob_in_top3": 0.29477598071098327,
      "score_z": 0.398751785181824,
      "上り3F平均": 39.68,
      "Ave-3F平均": 38.06,
      "PCI平均": 46.23,
      "-3F差平均": 0.4,
      "想定脚質": "先行",
      "track_bias_aptitude_score": 88.7,
      "investment_value_score": 51.7,
      "total_investment_index": 63.3,
      "investment_rating": 0.9033575016260147,
      "stability_score": 60,
      "investment_mark": "▲"
    },
    {
      "horse_number": 2,
      "name": "リュウジンオー",
      "popularity": 1,
      "odds": 3.5,
      "mark": "▲",
      "score": 126.27,
      "track_aptitude": 0,
      "total_points": 85.35438046157293,
      "detail_points": {
        "score": 47.154380461572934,
        "bias": 15.0,
        "pace": 10.2,
        "3f": 9.0,
        "margin": 4.0,
        "track": 0.0
      },
      "avg_margin": 1.2899999999999998,
      "race_name": "函館4R",
      "pred_prob_won": 0.16404543519020082,
      "pred_prob_in_top2": 0.14440247416496277,
      "pred_prob_in_top3": 0.43827380537986754,
      "score_z": 1.0752224607491117,
      "上り3F平均": 39.4,
      "Ave-3F平均": 36.16,
      "PCI平均": 41.96,
      "-3F差平均": 0.43,
      "想定脚質": "先行",
      "track_bias_aptitude_score": 83.0,
      "investment_value_score": 100,
      "total_investment_index": 91.7,
      "investment_rating": 0.6799434426426887,
      "stability_score": 60,
      "investment_mark": "△"
    },
    {
      "horse_number": 13,
      "name": "メイショウナナコ",
      "popularity": 7,
      "odds": 14.6,
      "mark": "△",
      "score": 116.65,
      "track_aptitude": 2,
      "total_points": 81.77187915452984,
      "detail_points": {
        "score": 43.56187915452984,
        "bias": 15.0,
        "pace": 10.2,
        "3f": 9.0,
        "margin": 2.0,
        "track": 2.0100000000000002
      },
      "avg_margin": 2.04,
      "race_name": "函館4R",
      "pred_prob_won": 0.051488155871629714,
      "pred_prob_in_top2": 0.06864847987890244,
      "pred_prob_in_top3": 0.20074118673801422,
      "score_z": 0.2854593662154582,
      "上り3F平均": 39.86,
      "Ave-3F平均": 37.36,
      "PCI平均": 43.74,
      "-3F差平均": 0.96,
      "想定脚質": "先行",
      "track_bias_aptitude_score": 94.3,
      "investment_value_score": 40.6,
      "total_investment_index": 58.1,
      "investment_rating": 0.48418770506978037,
      "stability_score": 45,
      "investment_mark": "☆"
    },
    {
      "horse_number": 12,
      "name": "オドラニャソンソン",
      "popularity": 14,
      "odds": 51.7,
      "mark": "⭐︎",
      "score": 112.88,
      "track_aptitude": 1,
      "total_points": 69.39400702068862,
      "detail_points": {
        "score": 42.154007020688624,
        "bias": 7.05,
        "pace": 10.2,
        "3f": 5.0,
        "margin": 4.0,
        "track": 0.99
      },
      "avg_margin": 1.855,
      "race_name": "函館4R",
      "pred_prob_won": 0.031404095515608785,
      "pred_prob_in_top2": 0.05180199444293976,
      "pred_prob_in_top3": 0.13909886479377748,
      "score_z": -0.02404238704773145,
      "上り3F平均": 39.69,
      "Ave-3F平均": 38.04,
      "PCI平均": 45.88,
      "-3F差平均": 0.67,
      "想定脚質": "逃げ",
      "track_bias_aptitude_score": 37.9,
      "investment_value_score": 19.4,
      "total_investment_index": 28.0,
      "investment_rating": 0.32143921554088606,
      "stability_score": 60,
      "investment_mark": "☆"
    },
    {
      "horse_number": 4,
      "name": "エポカリーナ",
      "popularity": 2,
      "odds": 4.2,
      "mark": "△",
      "score": 116.96,
      "track_aptitude": 2,
      "total_points": 73.83764582866533,
      "detail_points": {
        "score": 43.67764582866533,
        "bias": 4.95,
        "pace": 10.2,
        "3f": 9.0,
        "margin": 4.0,
        "track": 2.0100000000000002
      },
      "avg_margin": 1.29,
      "race_name": "函館4R",
      "pred_prob_won": 0.05795380175113678,
      "pred_prob_in_top2": 0.07121188044548035,
      "pred_prob_in_top3": 0.22054291963577272,
      "score_z": 0.31090911250500325,
      "上り3F平均": 36.52,
      "Ave-3F平均": 38.13,
      "PCI平均": 54.73,
      "-3F差平均": 0.96,
      "想定脚質": "中団",
      "track_bias_aptitude_score": 37.3,
      "investment_value_score": 67.5,
      "total_investment_index": 57.2,
      "investment_rating": 0.2395744669437409,
      "stability_score": 60,
      "investment_mark": "☆"
    },
    {
      "horse_number": 14,
      "name": "ホウオウチェスター",
      "popularity": 5,
      "odds": 8.9,
      "mark": "△",
      "score": 113.63,
      "track_aptitude": 2,
      "total_points": 72.59408768391964,