{
  "horses": [
    {
      "horse_number": 3,
      "name": "イリュージョン",
      "popularity": 12,
      "odds": 25.2,
      "mark": "△",
      "score": 105.11,
      "track_aptitude": 1,
      "total_points": 88.53948864621252,
      "detail_points": {
        "score": 45.54948864621252,
        "bias": 15.0,
        "pace": 12.0,
        "3f": 9.0,
        "margin": 6.0,
        "track": 0.99
      },
      "avg_margin": 0.78,
      "race_name": "函館7R",
      "pred_prob_won": 0.07593850493431091,
      "pred_prob_in_top2": 0.08018204271793365,
      "pred_prob_in_top3": 0.23919769525527954,
      "score_z": 0.5848725755253749,
      "上り3F平均": 37.42,
      "Ave-3F平均": 35.1,
      "PCI平均": 43.85,
      "-3F差平均": 0.55,
      "想定脚質": "先行",
      "track_bias_aptitude_score": 85.0,
      "investment_value_score": 35.9,
      "total_investment_index": 53.0,
      "investment_rating": 1.1853408706188202,
      "stability_score": 75,
      "investment_mark": "◎"
    },
    {
      "horse_number": 1,
      "name": "エスペシャリー",
      "popularity": 2,
      "odds": 6.5,
      "mark": "◎",
      "score": 115.38,
      "track_aptitude": 2,
      "total_points": 94.01,
      "detail_points": {
        "score": 50.0,
        "bias": 15.0,
        "pace": 12.0,
        "3f": 9.0,
        "margin": 6.0,
        "track": 2.0100000000000002
      },
      "avg_margin": 0.6857142857142857,
      "race_name": "函館7R",
      "pred_prob_won": 0.22171463072299957,
      "pred_prob_in_top2": 0.16162045896053315,
      "pred_prob_in_top3": 0.5264432072639466,
      "score_z": 1.589432642529971,
      "上り3F平均": 35.69,
      "Ave-3F平均": 34.67,
      "PCI平均": 47.27,
      "-3F差平均": 0.33,
      "想定脚質": "先行",
      "track_bias_aptitude_score": 92.5,
      "investment_value_score": 88.4,
      "total_investment_index": 88.4,
      "investment_rating": 1.1740409803390504,
      "stability_score": 75,
      "investment_mark": "○"
    },
    {
      "horse_number": 13,
      "name": "グランテレーズ",
      "popularity": 9,
      "odds": 17.0,
      "mark": "▲",
      "score": 104.32,
      "track_aptitude": 2,
      "total_points": 89.2171416189981,
      "detail_points": {
        "score": 45.207141618998094,
        "bias": 15.0,
        "pace": 12.0,
        "3f": 9.0,
        "margin": 6.0,
        "track": 2.0100000000000002
      },
      "avg_margin": 0.59,
      "race_name": "函館7R",
      "pred_prob_won": 0.08527067452669143,
      "pred_prob_in_top2": 0.08162166178226471,
      "pred_prob_in_top3": 0.2620288014411926,
      "score_z": 0.5075987242173283,
      "上り3F平均": 35.43,
      "Ave-3F平均": 34.42,
      "PCI平均": 47.21,
      "-3F差平均": 0.63,
      "想定脚質": "先行",
      "track_bias_aptitude_score": 92.5,
      "investment_value_score": 42.4,
      "total_investment_index": 59.0,
      "investment_rating": 1.0924915295839308,
      "stability_score": 75,
      "investment_mark": "▲"
    },
    {
      "horse_number": 2,
      "name": "ブルーアイドガール",
      "popularity": 1,
      "odds": 4.7,
      "mark": "○",
      "score": 113.94,
      "track_aptitude": 1,
      "total_points": 90.36597503900155,
      "detail_points": {
        "score": 49.37597503900156,
        "bias": 15.0,
        "pace": 12.0,
        "3f": 9.0,
        "margin": 4.0,
        "track": 0.99
      },
      "avg_margin": 1.5750000000000002,
      "race_name": "函館7R",
      "pred_prob_won": 0.20616672337055206,
      "pred_prob_in_top2": 0.16703588664531707,
      "pred_prob_in_top3": 0.5011013984680176,
      "score_z": 1.448579040145685,
      "上り3F平均": 36.33,
      "Ave-3F平均": 35.6,
      "PCI平均": 48.82,
      "-3F差平均": 0.59,
      "想定脚質": "先行",
      "track_bias_aptitude_score": 85.0,
      "investment_value_score": 100,
      "total_investment_index": 92.9,
      "investment_rating": 0.8774781465530396,
      "stability_score": 60,
      "investment_mark": "▲"
    },
    {
      "horse_number": 11,
      "name": "イリスアスール",
      "popularity": 4,
      "odds": 8.0,
      "mark": "▲",
      "score": 106.83,
      "track_aptitude": 1,
      "total_points": 89.28485179407176,
      "detail_points": {
        "score": 46.29485179407176,
        "bias": 15.0,
        "pace": 12.0,
        "3f": 9.0,
        "margin": 6.0,
        "track": 0.99
      },
      "avg_margin": 0.5599999999999999,
      "race_name": "函館7R",
      "pred_prob_won": 0.09695906043052674,
      "pred_prob_in_top2": 0.11927507817745209,
      "pred_prob_in_top3": 0.3207665205001831,
      "score_z": 0.7531143783732721,
      "上り3F平均": 36.02,
      "Ave-3F平均": 35.02,
      "PCI平均": 47.36,
      "-3F差平均": 0.39,
      "想定脚質": "先行",
      "track_bias_aptitude_score": 85.0,
      "investment_value_score": 61.9,
      "total_investment_index": 68.9,
      "investment_rating": 0.8509894299507141,
      "stability_score": 75,
      "investment_mark": "△"
    },
    {
      "horse_number": 7,
      "name": "グッバイウェーブ",
      "popularity": 6,
      "odds": 11.9,
      "mark": "△",
      "score": 104.76,
      "track_aptitude": 2,
      "total_points": 85.35781591263651,
      "detail_points": {
        "score": 45.39781591263651,
        "bias": 10.95,
        "pace": 12.0,
        "3f": 9.0,
        "margin": 6.0,
        "track": 2.0100000000000002
      },
      "avg_margin": 0.9214285714285714,
      "race_name": "函館7R",
      "pred_prob_won": 0.072019924223423,
      "pred_prob_in_top2": 0.07490951716899871,
      "pred_prob_in_top3": 0.2326744318008423,
      "score_z": 0.5506373249458614,
      "上り3F平均": 35.74,
      "Ave-3F平均": 35.08,
      "PCI平均": 48.31,
      "-3F差平均": 0.48,
      "想定脚質": "中団",
      "track_bias_aptitude_score": 62.8,
      "investment_value_score": 47.8,
      "total_investment_index": 53.4,
      "investment_rating": 0.6633721590042115,
      "stability_score": 75,
      "investment_mark": "△"
    },
    {
      "horse_number": 5,
      "name": "サンポーニャ",
      "popularity": 11,
      "odds": 23.9,
      "mark": "⭐︎",
      "score": 103.54,
      "track_aptitude": 1,
      "total_points": 74.18912809845727,
      "detail_points": {
        "score": 44.86912809845728,
        "bias": 7.05,
        "pace": 8.28,
        "3f": 7.0,
        "margin": 6.0,
        "track": 0.99
      },
      "avg_margin": 0.59,
      "race_name": "函館7R",
      "pred_prob_won": 0.04541838392615318,
      "pred_prob_in_top2": 0.05937549397349358,
      "pred_prob_in_top3": 0.17591697573661805,
      "score_z": 0.4313030229258413,
      "上り3F平均": 35.93,
      "Ave-3F平均": 34.39,
      "PCI平均": 45.8,
      "-3F差平均": 0.38,
      "想定脚質": "逃げ",
      "track_bias_aptitude_score": 24.2,
      "investment_value_score": 31.5,
      "total_investment_index": 31.9,
      "investment_rating": 0.6133565619587897,
      "stability_score": 75,
      "investment_mark": "☆"
    },
    {
      "horse_number": 12,
      "name": "クインズスピカ",
      "popularity": 3,
      "odds": 7.6,
      "mark": "×",
      "score": 106.54,
      "track_aptitude": 0,
      "total_points": 70.44918010053736,
      "detail_points": {
        "score": 46.16918010053736,
        "bias": 3.0,
        "pace": 8.28,
        "3f": 7.0,
        "margin": 6.0,
        "track": 0.0
      },
      "avg_margin": 0.8749999999999998,
      "race_name": "函館7R",
      "pred_prob_won": 0.05047237649559975,
      "pred_prob_in_top2": 0.07222943156957626,
      "pred_prob_in_top3": 0.2172750473022461,
      "score_z": 0.7247480278931041,
      "上り3F平均": 36.06,
      "Ave-3F平均": 36.21,
      "PCI平均": 50.63,
      "-3F差平均": 0.81,
      "想定脚質": "後方",
      "track_bias_aptitude_score": 1,
      "investment_value_score": 59.9,
      "total_investment_index": 42.4,
      "investment_rating": 0.37787140846252437,
      "stability_score": 75,
      "investment_mark": "☆"
    },
    {
      "horse_number": 8,
      "name": "キタノクニカラ",
      "popularity": 7,
      "odds": 11.9,
      "mark": "△",
      "score": 100.12,
      "track_aptitude": 0,
      "total_points": 81.33706881608599,