{
  "horses": [
    {
      "horse_number": 2,
      "name": "アレグランサ",
      "popularity": 10,
      "odds": 25.0,
      "mark": "○",
      "score": 126.6,
      "track_aptitude": 2,
      "total_points": 86.18306350314026,
      "detail_points": {
        "score": 44.173063503140256,
        "bias": 15.0,
        "pace": 12.0,
        "3f": 9.0,
        "margin": 4.0,
        "track": 2.0100000000000002
      },
      "avg_margin": 1.672222222222222,
      "race_name": "函館5R",
      "pred_prob_won": 0.08865156769752502,
      "pred_prob_in_top2": 0.11201181709766388,
      "pred_prob_in_top3": 0.33631176352500913,
      "score_z": 0.4884574818534215,
      "上り3F平均": 37.4,
      "Ave-3F平均": 37.3,
      "PCI平均": 49.88,
      "-3F差平均": 0.7,
      "想定脚質": "先行",
      "track_bias_aptitude_score": 94.0,
      "investment_value_score": 40.3,
      "total_investment_index": 58.2,
      "investment_rating": 1.721444697380066,
      "stability_score": 60,
      "investment_mark": "◎"
    },
    {
      "horse_number": 14,
      "name": "ホウオウアーネスト",
      "popularity": 8,
      "odds": 14.9,
      "mark": "⭐︎",
      "score": 130.99,
      "track_aptitude": 0,
      "total_points": 69.70481507327285,
      "detail_points": {
        "score": 45.704815073272854,
        "bias": 3.0,
        "pace": 12.0,
        "3f": 5.0,
        "margin": 4.0,
        "track": 0.0
      },
      "avg_margin": 1.2,
      "race_name": "函館5R",
      "pred_prob_won": 0.11975622624158859,
      "pred_prob_in_top2": 0.10762906819581985,
      "pred_prob_in_top3": 0.34295456409454345,
      "score_z": 0.8762202929450177,
      "上り3F平均": 37.14,
      "Ave-3F平均": 38.17,
      "PCI平均": 53.12,
      "-3F差平均": 0.74,
      "想定脚質": "逃げ",
      "track_bias_aptitude_score": 11.1,
      "investment_value_score": 45.9,
      "total_investment_index": 37.3,
      "investment_rating": 1.4920228409767151,
      "stability_score": 60,
      "investment_mark": "○"
    },
    {
      "horse_number": 13,
      "name": "クックパイン",
      "popularity": 3,
      "odds": 6.5,
      "mark": "◎",
      "score": 134.96,
      "track_aptitude": 0,
      "total_points": 87.0900209351012,
      "detail_points": {
        "score": 47.09002093510119,
        "bias": 15.0,
        "pace": 12.0,
        "3f": 9.0,
        "margin": 4.0,
        "track": 0.0
      },
      "avg_margin": 1.35,
      "race_name": "函館5R",
      "pred_prob_won": 0.20245417654514314,
      "pred_prob_in_top2": 0.18293856978416442,
      "pred_prob_in_top3": 0.5287157297134399,
      "score_z": 1.2268850674401501,
      "上り3F平均": 36.75,
      "Ave-3F平均": 37.77,
      "PCI平均": 53.35,
      "-3F差平均": 0.8,
      "想定脚質": "先行",
      "track_bias_aptitude_score": 81.9,
      "investment_value_score": 72.6,
      "total_investment_index": 75.2,
      "investment_rating": 1.4211976945400238,
      "stability_score": 60,
      "investment_mark": "▲"
    },
    {
      "horse_number": 4,
      "name": "ラブリーリディア",
      "popularity": 1,
      "odds": 4.3,
      "mark": "▲",
      "score": 143.3,
      "track_aptitude": 2,
      "total_points": 82.29,
      "detail_points": {
        "score": 50.0,
        "bias": 9.0,
        "pace": 8.28,
        "3f": 7.0,
        "margin": 6.0,
        "track": 2.0100000000000002
      },
      "avg_margin": 0.9,
      "race_name": "函館5R",
      "pred_prob_won": 0.2933889627456665,
      "pred_prob_in_top2": 0.18101329803466798,
      "pred_prob_in_top3": 0.6277983784675598,
      "score_z": 1.963546079855618,
      "上り3F平均": 34.0,
      "Ave-3F平均": 37.11,
      "PCI平均": 59.2,
      "-3F差平均": 1.15,
      "想定脚質": "中団",
      "track_bias_aptitude_score": 57.4,
      "investment_value_score": 100,
      "total_investment_index": 85.5,
      "investment_rating": 1.1625463515520096,
      "stability_score": 75,
      "investment_mark": "▲"
    },
    {
      "horse_number": 15,
      "name": "スイートフェアリー",
      "popularity": 2,
      "odds": 5.7,
      "mark": "▲",
      "score": 131.26,
      "track_aptitude": 0,
      "total_points": 78.07902302861129,
      "detail_points": {
        "score": 45.799023028611295,
        "bias": 9.0,
        "pace": 8.28,
        "3f": 9.0,
        "margin": 6.0,
        "track": 0.0
      },
      "avg_margin": 0.7,
      "race_name": "函館5R",
      "pred_prob_won": 0.13894050121307372,
      "pred_prob_in_top2": 0.13684971630573273,
      "pred_prob_in_top3": 0.42239880561828613,
      "score_z": 0.9000690307570277,
      "上り3F平均": 36.15,
      "Ave-3F平均": 36.44,
      "PCI平均": 50.8,
      "-3F差平均": 0.65,
      "想定脚質": "中団",
      "track_bias_aptitude_score": 45.4,
      "investment_value_score": 74.3,
      "total_investment_index": 64.7,
      "investment_rating": 0.8827166557312012,
      "stability_score": 75,
      "investment_mark": "△"
    },
    {
      "horse_number": 1,
      "name": "コンスピラシー",
      "popularity": 9,
      "odds": 22.4,
      "mark": "△",
      "score": 123.04,
      "track_aptitude": 1,
      "total_points": 74.20091416608513,
      "detail_points": {
        "score": 42.93091416608513,
        "bias": 9.0,
        "pace": 8.28,
        "3f": 9.0,
        "margin": 4.0,
        "track": 0.99
      },
      "avg_margin": 1.5350000000000001,
      "race_name": "函館5R",
      "pred_prob_won": 0.052337943017482756,
      "pred_prob_in_top2": 0.07989221215248107,
      "pred_prob_in_top3": 0.21690139770507813,
      "score_z": 0.17400745736912235,
      "上り3F平均": 36.77,
      "Ave-3F平均": 36.65,
      "PCI平均": 49.86,
      "-3F差平均": 0.77,
      "想定脚質": "中団",
      "track_bias_aptitude_score": 51.4,
      "investment_value_score": 33.6,
      "total_investment_index": 40.9,
      "investment_rating": 0.7923942947387697,
      "stability_score": 60,
      "investment_mark": "△"
    },
    {
      "horse_number": 9,
      "name": "ハクサンミラクル",
      "popularity": 5,
      "odds": 8.2,
      "mark": "△",
      "score": 126.03,
      "track_aptitude": 1,
      "total_points": 72.9641800418702,
      "detail_points": {
        "score": 43.9741800418702,
        "bias": 3.0,
        "pace": 12.0,
        "3f": 9.0,
        "margin": 4.0,
        "track": 0.99
      },
      "avg_margin": 1.285,
      "race_name": "函館5R",
      "pred_prob_won": 0.06997640132904052,
      "pred_prob_in_top2": 0.09603566974401474,
      "pred_prob_in_top3": 0.25413758158683775,
      "score_z": 0.43811014647250884,
      "上り3F平均": 38.02,
      "Ave-3F平均": 36.6,
      "PCI平均": 46.7,
      "-3F差平均": 0.17,
      "想定脚質": "逃げ",
      "track_bias_aptitude_score": 17.2,
      "investment_value_score": 47.2,
      "total_investment_index": 39.2,
      "investment_rating": 0.680912238061428,
      "stability_score": 60,
      "investment_mark": "☆"
    },
    {
      "horse_number": 12,
      "name": "クランドゥイユ",
      "popularity": 6,
      "odds": 12.3,
      "mark": "⭐︎",
      "score": 122.62,
      "track_aptitude": 2,
      "total_points": 67.07436845778088,
      "detail_points": {
        "score": 42.78436845778087,
        "bias": 3.0,
        "pace": 8.28,
        "3f": 7.0,
        "margin": 4.0,
        "track": 2.0100000000000002
      },
      "avg_margin": 1.15,
      "race_name": "函館5R",
      "pred_prob_won": 0.046888026595115664,
      "pred_prob_in_top2": 0.051218312978744504,
      "pred_prob_in_top3": 0.16507681906223298,
      "score_z": 0.1369094207726598,
      "上り3F平均": 36.02,
      "Ave-3F平均": 37.29,
      "PCI平均": 53.83,
      "-3F差平均": 0.92,
      "想定脚質": "後方",
      "track_bias_aptitude_score": 13.1,
      "investment_value_score": 35.7,
      "total_investment_index": 30.6,
      "investment_rating": 0.32538409531116486,
      "stability_score": 60,
      "investment_mark": "☆"
    },
    {
      "horse_number": 6,
      "name": "リュウゼツラン",
      "popularity": 7,
      "odds": 12.8,
      "mark": "△",
      "score": 117.39,
      "track_aptitude": 0,
      "total_points": 71.23952547103977,
      "detail_points": {
        "score": 40.959525471039775,
        "bias": 9.0,