{
  "horses": [
    {
      "horse_number": 9,
      "name": "ヒッグスボソン",
      "popularity": 5,
      "odds": 10.9,
      "mark": "▲",
      "score": 109.79,
      "track_aptitude": 0,
      "total_points": 74.71854157854666,
      "detail_points": {
        "score": 46.43854157854666,
        "bias": 3.0,
        "pace": 8.28,
        "3f": 9.0,
        "margin": 8.0,
        "track": 0.0
      },
      "avg_margin": 0.5,
      "race_name": "函館1R",
      "pred_prob_won": 0.11877990514039993,
      "pred_prob_in_top2": 0.11915613412857055,
      "pred_prob_in_top3": 0.3510336637496948,
      "score_z": 0.8772419721946841,
      "上り3F平均": 34.8,
      "Ave-3F平均": 36.2,
      "PCI平均": 54.0,
      "-3F差平均": 1.7,
      "想定脚質": "後方",
      "track_bias_aptitude_score": 1,
      "investment_value_score": 53.4,
      "total_investment_index": 38.8,
      "investment_rating": 0.9174099028110503,
      "stability_score": 90,
      "investment_mark": "◎"
    },
    {
      "horse_number": 2,
      "name": "クワイエットアイ",
      "popularity": 1,
      "odds": 2.5,
      "mark": "◎",
      "score": 118.21,
      "track_aptitude": 2,
      "total_points": 96.01,
      "detail_points": {
        "score": 50.0,
        "bias": 15.0,
        "pace": 12.0,
        "3f": 7.0,
        "margin": 10.0,
        "track": 2.0100000000000002
      },
      "avg_margin": 0.0,
      "race_name": "函館1R",
      "pred_prob_won": 0.22415362894535065,
      "pred_prob_in_top2": 0.16331212520599364,
      "pred_prob_in_top3": 0.5279420733451843,
      "score_z": 1.442684627471361,
      "上り3F平均": 35.8,
      "Ave-3F平均": 34.7,
      "PCI平均": 46.9,
      "-3F差平均": 0.2,
      "想定脚質": "先行",
      "track_bias_aptitude_score": 93.7,
      "investment_value_score": 100,
      "total_investment_index": 95.5,
      "investment_rating": 0.7962522870302199,
      "stability_score": 90,
      "investment_mark": "○"
    },
    {
      "horse_number": 7,
      "name": "スミッコディスコ",
      "popularity": 2,
      "odds": 3.1,
      "mark": "○",
      "score": 108.46,
      "track_aptitude": 1,
      "total_points": 76.09598341933847,
      "detail_points": {
        "score": 45.87598341933847,
        "bias": 4.95,
        "pace": 8.28,
        "3f": 7.0,
        "margin": 9.0,
        "track": 0.99
      },
      "avg_margin": 0.1,
      "race_name": "函館1R",
      "pred_prob_won": 0.10153880268335343,
      "pred_prob_in_top2": 0.12156457155942917,
      "pred_prob_in_top3": 0.3625771522521973,
      "score_z": 0.7879262083564432,
      "上り3F平均": 33.6,
      "Ave-3F平均": 37.3,
      "PCI平均": 61.0,
      "-3F差平均": 1.3,
      "想定脚質": "中団",
      "track_bias_aptitude_score": 23.3,
      "investment_value_score": 73.1,
      "total_investment_index": 57.2,
      "investment_rating": 0.5239891719818115,
      "stability_score": 90,
      "investment_mark": "△"
    },
    {
      "horse_number": 4,
      "name": "スノーランス",
      "popularity": 4,
      "odds": 10.4,
      "mark": "△",
      "score": 107.77,
      "track_aptitude": 2,
      "total_points": 73.8241299382455,
      "detail_points": {
        "score": 45.584129938245496,
        "bias": 4.95,
        "pace": 8.28,
        "3f": 9.0,
        "margin": 4.0,
        "track": 2.0100000000000002
      },
      "avg_margin": 1.5,
      "race_name": "函館1R",
      "pred_prob_won": 0.08263030201196671,
      "pred_prob_in_top2": 0.09652455747127534,
      "pred_prob_in_top3": 0.2768924653530121,
      "score_z": 0.7415894586960031,
      "上り3F平均": 35.4,
      "Ave-3F平均": 34.3,
      "PCI平均": 46.9,
      "-3F差平均": 0.9,
      "想定脚質": "中団",
      "track_bias_aptitude_score": 29.6,
      "investment_value_score": 52.5,
      "total_investment_index": 46.6,
      "investment_rating": 0.4629483544826508,
      "stability_score": 60,
      "investment_mark": "△"
    },
    {
      "horse_number": 5,
      "name": "タガノアラリア",
      "popularity": 3,
      "odds": 4.2,
      "mark": "▲",
      "score": 105.96,
      "track_aptitude": 1,
      "total_points": 76.03854327045089,
      "detail_points": {
        "score": 44.818543270450895,
        "bias": 4.95,
        "pace": 8.28,
        "3f": 9.0,
        "margin": 8.0,
        "track": 0.99
      },
      "avg_margin": 0.4,
      "race_name": "函館1R",
      "pred_prob_won": 0.08998599797487258,
      "pred_prob_in_top2": 0.09871669709682465,
      "pred_prob_in_top3": 0.2876744449138641,
      "score_z": 0.6200394342244131,
      "上り3F平均": 35.5,
      "Ave-3F平均": 35.4,
      "PCI平均": 49.7,
      "-3F差平均": 0.9,
      "想定脚質": "中団",
      "track_bias_aptitude_score": 23.3,
      "investment_value_score": 58.8,
      "total_investment_index": 48.3,
      "investment_rating": 0.4000117239356041,
      "stability_score": 90,
      "investment_mark": "☆"
    },
    {
      "horse_number": 10,
      "name": "エターナルギア",
      "popularity": 7,
      "odds": 35.2,
      "mark": "△",
      "score": 91.37,
      "track_aptitude": 1,
      "total_points": 61.86732256154303,
      "detail_points": {
        "score": 38.64732256154302,
        "bias": 4.95,
        "pace": 8.28,
        "3f": 5.0,
        "margin": 4.0,
        "track": 0.99
      },
      "avg_margin": 1.5,
      "race_name": "函館1R",
      "pred_prob_won": 0.0268642395734787,
      "pred_prob_in_top2": 0.0445520281791687,
      "pred_prob_in_top3": 0.1192481905221939,
      "score_z": -0.35974777961011417,
      "上り3F平均": 33.8,
      "Ave-3F平均": 36.15,
      "PCI平均": 57.0,
      "-3F差平均": 1.6,
      "想定脚質": "中団",
      "track_bias_aptitude_score": 23.3,
      "investment_value_score": 20.3,
      "total_investment_index": 23.6,
      "investment_rating": -0.15239808544516564,
      "stability_score": 60,
      "investment_mark": "××"
    },
    {
      "horse_number": 1,
      "name": "スカイピア",
      "popularity": 6,
      "odds": 18.4,
      "mark": "△",
      "score": 87.66,
      "track_aptitude": 1,
      "total_points": 62.34808138059386,
      "detail_points": {
        "score": 37.07808138059386,
        "bias": 3.0,
        "pace": 8.28,
        "3f": 9.0,
        "margin": 4.0,
        "track": 0.99
      },
      "avg_margin": 1.4,
      "race_name": "函館1R",
      "pred_prob_won": 0.022514669224619865,
      "pred_prob_in_top2": 0.03516991138458252,
      "pred_prob_in_top3": 0.10415919721126557,
      "score_z": -0.6088917524220474,
      "上り3F平均": 34.5,
      "Ave-3F平均": 37.6,
      "PCI平均": 59.0,
      "-3F差平均": 1.6,
      "想定脚質": "後方",
      "track_bias_aptitude_score": 7.3,
      "investment_value_score": 20.0,
      "total_investment_index": 18.2,
      "investment_rating": -0.24795625478029254,
      "stability_score": 60,
      "investment_mark": "××"
    },
    {
      "horse_number": 6,
      "name": "ラブミーヘンリー",
      "popularity": 8,
      "odds": 75.7,
      "mark": "消",
      "score": 79.47,
      "track_aptitude": 0,
      "total_points": 55.89390745283817,
      "detail_points": {
        "score": 33.61390745283817,
        "bias": 3.0,
        "pace": 8.28,
        "3f": 9.0,
        "margin": 2.0,
        "track": 0.0
      },
      "avg_margin": 2.6,
      "race_name": "函館1R",
      "pred_prob_won": 0.021466640755534172,
      "pred_prob_in_top2": 0.018149091675877572,
      "pred_prob_in_top3": 0.07647035270929337,
      "score_z": -1.158888824478578,
      "上り3F平均": 36.7,
      "Ave-3F平均": 38.25,
      "PCI平均": 54.2,
      "-3F差平均": 2.0,
      "想定脚質": "後方",
      "track_bias_aptitude_score": 1,
      "investment_value_score": 7.6,
      "total_investment_index": 7.9,
      "investment_rating": -0.4105897426605225,
      "stability_score": 45,
      "investment_mark": "××"
    },
    {
      "horse_number": 3,
      "name": "マーシャルアン",
      "popularity": 10,
      "odds": 124.8,
      "mark": "△",
      "score": 78.33,
      "track_aptitude": 2,
      "total_points": 61.37171474494544,
      "detail_points": {
        "score": 33.13171474494544,
        "bias": 4.95,
        "pace": 8.28,
        "3f": 9.0,
        "margin": 4.0,