{
  "horses": [
    {
      "horse_number": 2,
      "name": "レクスノヴァス",
      "popularity": 1,
      "odds": 1.8,
      "mark": "▲",
      "score": 163.14,
      "track_aptitude": 0,
      "total_points": 83.15,
      "detail_points": {
        "score": 50.0,
        "bias": 4.95,
        "pace": 10.2,
        "3f": 9.0,
        "margin": 9.0,
        "track": 0.0
      },
      "avg_margin": 0.0875,
      "race_name": "函館8R",
      "pred_prob_won": 0.3106657087802887,
      "pred_prob_in_top2": 0.12281570881605149,
      "pred_prob_in_top3": 0.6052733421325683,
      "score_z": 1.9055885366548604,
      "上り3F平均": 34.75,
      "Ave-3F平均": 36.91,
      "PCI平均": 56.23,
      "-3F差平均": 0.8,
      "想定脚質": "中団",
      "track_bias_aptitude_score": 21.0,
      "investment_value_score": 100,
      "total_investment_index": 74.5,
      "investment_rating": 0.9737106895446777,
      "stability_score": 90,
      "investment_mark": "◎"
    },
    {
      "horse_number": 1,
      "name": "ヤコブセン",
      "popularity": 7,
      "odds": 17.1,
      "mark": "○",
      "score": 145.75,
      "track_aptitude": 0,
      "total_points": 84.87022189530465,
      "detail_points": {
        "score": 44.67022189530465,
        "bias": 15.0,
        "pace": 10.2,
        "3f": 9.0,
        "margin": 6.0,
        "track": 0.0
      },
      "avg_margin": 0.7249999999999999,
      "race_name": "函館8R",
      "pred_prob_won": 0.09287168532609939,
      "pred_prob_in_top2": 0.10656209737062454,
      "pred_prob_in_top3": 0.2898219347000122,
      "score_z": 0.29206515496338564,
      "上り3F平均": 36.16,
      "Ave-3F平均": 37.07,
      "PCI平均": 52.64,
      "-3F差平均": 0.57,
      "想定脚質": "先行",
      "track_bias_aptitude_score": 82.5,
      "investment_value_score": 32.4,
      "total_investment_index": 49.7,
      "investment_rating": 0.809949414730072,
      "stability_score": 75,
      "investment_mark": "○"
    },
    {
      "horse_number": 4,
      "name": "マイファミリー",
      "popularity": 3,
      "odds": 7.6,
      "mark": "◎",
      "score": 147.27,
      "track_aptitude": 0,
      "total_points": 87.33607944097095,
      "detail_points": {
        "score": 45.13607944097095,
        "bias": 15.0,
        "pace": 10.2,
        "3f": 9.0,
        "margin": 8.0,
        "track": 0.0
      },
      "avg_margin": 0.43500000000000005,
      "race_name": "函館8R",
      "pred_prob_won": 0.12011815458536149,
      "pred_prob_in_top2": 0.11606754809617996,
      "pred_prob_in_top3": 0.35402520895004275,
      "score_z": 0.43309767596229654,
      "上り3F平均": 36.59,
      "Ave-3F平均": 37.27,
      "PCI平均": 51.91,
      "-3F差平均": 0.5,
      "想定脚質": "先行",
      "track_bias_aptitude_score": 82.5,
      "investment_value_score": 55.1,
      "total_investment_index": 63.5,
      "investment_rating": 0.6098932731151583,
      "stability_score": 90,
      "investment_mark": "△"
    },
    {
      "horse_number": 3,
      "name": "バルナバ",
      "popularity": 6,
      "odds": 12.1,
      "mark": "△",
      "score": 145.57,
      "track_aptitude": 2,
      "total_points": 74.77505455437048,
      "detail_points": {
        "score": 44.61505455437048,
        "bias": 4.95,
        "pace": 10.2,
        "3f": 7.0,
        "margin": 6.0,
        "track": 2.0100000000000002
      },
      "avg_margin": 0.8300000000000001,
      "race_name": "函館8R",
      "pred_prob_won": 0.06546186581254006,
      "pred_prob_in_top2": 0.07686149328947067,
      "pred_prob_in_top3": 0.24803531765937806,
      "score_z": 0.27536393537140885,
      "上り3F平均": 35.18,
      "Ave-3F平均": 37.95,
      "PCI平均": 57.88,
      "-3F差平均": 1.04,
      "想定脚質": "中団",
      "track_bias_aptitude_score": 32.7,
      "investment_value_score": 32.3,
      "total_investment_index": 34.7,
      "investment_rating": 0.47698894947767256,
      "stability_score": 75,
      "investment_mark": "△"
    },
    {
      "horse_number": 8,
      "name": "コンテソレーラ",
      "popularity": 2,
      "odds": 5.7,
      "mark": "△",
      "score": 143.78,
      "track_aptitude": 1,
      "total_points": 67.33644599730293,
      "detail_points": {
        "score": 44.066445997302935,
        "bias": 3.0,
        "pace": 8.28,
        "3f": 7.0,
        "margin": 4.0,
        "track": 0.99
      },
      "avg_margin": 1.1199999999999999,
      "race_name": "函館8R",
      "pred_prob_won": 0.05884496793150902,
      "pred_prob_in_top2": 0.08845209181308747,
      "pred_prob_in_top3": 0.22740350067615508,
      "score_z": 0.10927958498453541,
      "上り3F平均": 37.79,
      "Ave-3F平均": 37.77,
      "PCI平均": 50.24,
      "-3F差平均": 0.86,
      "想定脚質": "後方",
      "track_bias_aptitude_score": 6.8,
      "investment_value_score": 52.8,
      "total_investment_index": 38.9,
      "investment_rating": 0.06632102712988863,
      "stability_score": 60,
      "investment_mark": "☆"
    },
    {
      "horse_number": 5,
      "name": "マハートマーベル",
      "popularity": 8,
      "odds": 21.8,
      "mark": "⭐︎",
      "score": 142.29,
      "track_aptitude": 0,
      "total_points": 65.88978300845899,
      "detail_points": {
        "score": 43.60978300845899,
        "bias": 3.0,
        "pace": 8.28,
        "3f": 7.0,
        "margin": 4.0,
        "track": 0.0
      },
      "avg_margin": 1.24,
      "race_name": "函館8R",
      "pred_prob_won": 0.04319382309913635,
      "pred_prob_in_top2": 0.0465022511780262,
      "pred_prob_in_top3": 0.1495736926794052,
      "score_z": -0.028969399415712662,
      "上り3F平均": 36.54,
      "Ave-3F平均": 37.42,
      "PCI平均": 52.66,
      "-3F差平均": 0.95,
      "想定脚質": "後方",
      "track_bias_aptitude_score": 1,
      "investment_value_score": 15.1,
      "total_investment_index": 14.3,
      "investment_rating": 0.014750317782163624,
      "stability_score": 60,
      "investment_mark": "☆"
    },
    {
      "horse_number": 6,
      "name": "オールデュスヴラン",
      "popularity": 5,
      "odds": 10.0,
      "mark": "△",
      "score": 138.36,
      "track_aptitude": 0,
      "total_points": 70.55529606472969,
      "detail_points": {
        "score": 42.40529606472968,
        "bias": 4.95,
        "pace": 10.2,
        "3f": 9.0,
        "margin": 4.0,
        "track": 0.0
      },
      "avg_margin": 1.3599999999999999,
      "race_name": "函館8R",
      "pred_prob_won": 0.036693232506513594,
      "pred_prob_in_top2": 0.0711060807108879,
      "pred_prob_in_top3": 0.15462029874324798,
      "score_z": -0.39361269384052383,
      "上り3F平均": 36.33,
      "Ave-3F平均": 37.21,
      "PCI平均": 52.58,
      "-3F差平均": 0.98,
      "想定脚質": "中団",
      "track_bias_aptitude_score": 21.0,
      "investment_value_score": 23.9,
      "total_investment_index": 25.0,
      "investment_rating": -0.05782256603240976,
      "stability_score": 60,
      "investment_mark": "××"
    },
    {
      "horse_number": 7,
      "name": "ペリプルス",
      "popularity": 4,
      "odds": 8.6,
      "mark": "△",
      "score": 133.97,
      "track_aptitude": 1,
      "total_points": 72.19982591639084,
      "detail_points": {
        "score": 41.059825916390835,
        "bias": 4.95,
        "pace": 10.2,
        "3f": 9.0,
        "margin": 6.0,
        "track": 0.99
      },
      "avg_margin": 0.8850000000000001,
      "race_name": "函館8R",
      "pred_prob_won": 0.02574090026319027,
      "pred_prob_in_top2": 0.029887183755636215,
      "pred_prob_in_top3": 0.11759271621704101,
      "score_z": -0.8009368827781663,
      "上り3F平均": 36.52,
      "Ave-3F平均": 37.63,
      "PCI平均": 53.07,
      "-3F差平均": 0.74,
      "想定脚質": "中団",
      "track_bias_aptitude_score": 26.9,
      "investment_value_score": 21.5,
      "total_investment_index": 24.6,
      "investment_rating": -0.2502309560775757,
      "stability_score": 75,
      "investment_mark": "××"
    },
    {
      "horse_number": 9,
      "name": "コーラスライン",
      "popularity": 9,
      "odds": 78.1,
      "mark": "▲",
      "score": 123.29,
      "track_aptitude": 0,
      "total_points": 75.98656368763025,