{
  "horses": [
    {
      "horse_number": 2,
      "name": "ダンテバローズ",
      "popularity": 3,
      "odds": 5.8,
      "mark": "◎",
      "score": 130.58,
      "track_aptitude": 1,
      "total_points": 94.99,
      "detail_points": {
        "score": 50.0,
        "bias": 15.0,
        "pace": 12.0,
        "3f": 9.0,
        "margin": 8.0,
        "track": 0.99
      },
      "avg_margin": 0.48888888888888893,
      "race_name": "函館11R",
      "pred_prob_won": 0.25638899207115173,
      "pred_prob_in_top2": 0.17729448676109313,
      "pred_prob_in_top3": 0.5609362363815308,
      "score_z": 1.6007599923135052,
      "上り3F平均": 37.87,
      "Ave-3F平均": 37.12,
      "PCI平均": 48.1,
      "-3F差平均": 0.36,
      "想定脚質": "先行",
      "track_bias_aptitude_score": 88.6,
      "investment_value_score": 83.2,
      "total_investment_index": 84.2,
      "investment_rating": 1.3974172627925876,
      "stability_score": 90,
      "investment_mark": "◎"
    },
    {
      "horse_number": 9,
      "name": "サンライズアリオン",
      "popularity": 4,
      "odds": 5.9,
      "mark": "▲",
      "score": 125.71,
      "track_aptitude": 1,
      "total_points": 91.12524276305712,
      "detail_points": {
        "score": 48.13524276305712,
        "bias": 15.0,
        "pace": 12.0,
        "3f": 9.0,
        "margin": 6.0,
        "track": 0.99
      },
      "avg_margin": 0.8,
      "race_name": "函館11R",
      "pred_prob_won": 0.1441316783428192,
      "pred_prob_in_top2": 0.14054681360721588,
      "pred_prob_in_top3": 0.40993672609329224,
      "score_z": 0.9176456247559521,
      "上り3F平均": 37.76,
      "Ave-3F平均": 36.79,
      "PCI平均": 47.48,
      "-3F差平均": 0.45,
      "想定脚質": "先行",
      "track_bias_aptitude_score": 88.6,
      "investment_value_score": 66.4,
      "total_investment_index": 73.0,
      "investment_rating": 1.0217342495918273,
      "stability_score": 75,
      "investment_mark": "○"
    },
    {
      "horse_number": 5,
      "name": "ジャスティンアース",
      "popularity": 1,
      "odds": 2.6,
      "mark": "○",
      "score": 126.72,
      "track_aptitude": 2,
      "total_points": 94.53197886353193,
      "detail_points": {
        "score": 48.52197886353193,
        "bias": 15.0,
        "pace": 12.0,
        "3f": 9.0,
        "margin": 8.0,
        "track": 2.0100000000000002
      },
      "avg_margin": 0.31500000000000006,
      "race_name": "函館11R",
      "pred_prob_won": 0.16256167292594909,
      "pred_prob_in_top2": 0.15384117066860198,
      "pred_prob_in_top3": 0.45774295926094055,
      "score_z": 1.0593182143315434,
      "上り3F平均": 35.22,
      "Ave-3F平均": 36.06,
      "PCI平均": 52.46,
      "-3F差平均": 0.51,
      "想定脚質": "先行",
      "track_bias_aptitude_score": 94.3,
      "investment_value_score": 100,
      "total_investment_index": 95.1,
      "investment_rating": 0.6172445461153984,
      "stability_score": 90,
      "investment_mark": "△"
    },
    {
      "horse_number": 6,
      "name": "ペリエール",
      "popularity": 5,
      "odds": 8.0,
      "mark": "▲",
      "score": 118.43,
      "track_aptitude": 1,
      "total_points": 90.33767958339715,
      "detail_points": {
        "score": 45.34767958339715,
        "bias": 15.0,
        "pace": 12.0,
        "3f": 9.0,
        "margin": 8.0,
        "track": 0.99
      },
      "avg_margin": 0.461111111111111,
      "race_name": "函館11R",
      "pred_prob_won": 0.04296200573444366,
      "pred_prob_in_top2": 0.07188715636730195,
      "pred_prob_in_top3": 0.20309990346431733,
      "score_z": -0.10351917931364928,
      "上り3F平均": 36.38,
      "Ave-3F平均": 35.62,
      "PCI平均": 47.93,
      "-3F差平均": 0.74,
      "想定脚質": "先行",
      "track_bias_aptitude_score": 88.6,
      "investment_value_score": 42.3,
      "total_investment_index": 56.8,
      "investment_rating": 0.21472454145550723,
      "stability_score": 90,
      "investment_mark": "△"
    },
    {
      "horse_number": 8,
      "name": "マリアナトレンチ",
      "popularity": 7,
      "odds": 18.6,
      "mark": "△",
      "score": 117.58,
      "track_aptitude": 1,
      "total_points": 88.01220860775003,
      "detail_points": {
        "score": 45.02220860775004,
        "bias": 15.0,
        "pace": 12.0,
        "3f": 9.0,
        "margin": 6.0,
        "track": 0.99
      },
      "avg_margin": 0.74,
      "race_name": "函館11R",
      "pred_prob_won": 0.0407680444419384,
      "pred_prob_in_top2": 0.05512191727757454,
      "pred_prob_in_top3": 0.17015571296215057,
      "score_z": -0.22274858638221678,
      "上り3F平均": 37.55,
      "Ave-3F平均": 37.12,
      "PCI平均": 48.9,
      "-3F差平均": 0.52,
      "想定脚質": "先行",
      "track_bias_aptitude_score": 88.6,
      "investment_value_score": 31.5,
      "total_investment_index": 50.1,
      "investment_rating": 0.14541092082858087,
      "stability_score": 75,
      "investment_mark": "☆"
    },
    {
      "horse_number": 4,
      "name": "テーオードレフォン",
      "popularity": 2,
      "odds": 5.7,
      "mark": "△",
      "score": 121.12,
      "track_aptitude": 2,
      "total_points": 76.71769949456272,
      "detail_points": {
        "score": 46.37769949456272,
        "bias": 7.05,
        "pace": 8.28,
        "3f": 7.0,
        "margin": 6.0,
        "track": 2.0100000000000002
      },
      "avg_margin": 0.5900000000000001,
      "race_name": "函館11R",
      "pred_prob_won": 0.0557718999683857,
      "pred_prob_in_top2": 0.0751878097653389,
      "pred_prob_in_top3": 0.22231736779212952,
      "score_z": 0.27380682658569555,
      "上り3F平均": 37.44,
      "Ave-3F平均": 36.97,
      "PCI平均": 48.89,
      "-3F差平均": 0.4,
      "想定脚質": "逃げ",
      "track_bias_aptitude_score": 42.4,
      "investment_value_score": 64.9,
      "total_investment_index": 57.1,
      "investment_rating": 0.08918384015560155,
      "stability_score": 75,
      "investment_mark": "☆"
    },
    {
      "horse_number": 1,
      "name": "ボルザコフスキー",
      "popularity": 9,
      "odds": 24.7,
      "mark": "△",
      "score": 114.73,
      "track_aptitude": 0,
      "total_points": 77.98092357175676,
      "detail_points": {
        "score": 43.93092357175677,
        "bias": 7.05,
        "pace": 12.0,
        "3f": 9.0,
        "margin": 6.0,
        "track": 0.0
      },
      "avg_margin": 0.61,
      "race_name": "函館11R",
      "pred_prob_won": 0.023318134620785712,
      "pred_prob_in_top2": 0.03967209979891777,
      "pred_prob_in_top3": 0.10168654173612594,
      "score_z": -0.6225177747885854,
      "上り3F平均": 34.29,
      "Ave-3F平均": 35.65,
      "PCI平均": 54.14,
      "-3F差平均": 0.95,
      "想定脚質": "中団",
      "track_bias_aptitude_score": 35.6,
      "investment_value_score": 15.5,
      "total_investment_index": 23.9,
      "investment_rating": -0.2432785349339247,
      "stability_score": 75,
      "investment_mark": "××"
    },
    {
      "horse_number": 7,
      "name": "ショウナンライシン",
      "popularity": 6,
      "odds": 12.7,
      "mark": "消",
      "score": 115.35,
      "track_aptitude": 2,
      "total_points": 68.45832593046408,
      "detail_points": {
        "score": 44.16832593046408,
        "bias": 3.0,
        "pace": 8.28,
        "3f": 7.0,
        "margin": 4.0,
        "track": 2.0100000000000002
      },
      "avg_margin": 1.2349999999999999,
      "race_name": "函館11R",
      "pred_prob_won": 0.02190687768161297,
      "pred_prob_in_top2": 0.028333019465208054,
      "pred_prob_in_top3": 0.09623093754053116,
      "score_z": -0.5355504425738677,
      "上り3F平均": 37.54,
      "Ave-3F平均": 36.42,
      "PCI平均": 47.15,
      "-3F差平均": 0.86,
      "想定脚質": "後方",
      "track_bias_aptitude_score": 12.4,
      "investment_value_score": 22.4,
      "total_investment_index": 21.3,
      "investment_rating": -0.28997603103518493,
      "stability_score": 60,
      "investment_mark": "××"
    },
    {
      "horse_number": 10,
      "name": "ジャスパーゴールド",
      "popularity": 8,
      "odds": 22.1,
      "mark": "消",
      "score": 115.41,
      "track_aptitude": 0,
      "total_points": 66.47130035227445,