{
  "horses": [
    {
      "horse_number": 10,
      "name": "ザハント",
      "popularity": 3,
      "odds": 5.2,
      "mark": "◎",
      "score": 138.26,
      "track_aptitude": 3,
      "total_points": 95.0,
      "detail_points": {
        "score": 50.0,
        "bias": 15.0,
        "pace": 12.0,
        "3f": 9.0,
        "margin": 6.0,
        "track": 3.0
      },
      "avg_margin": 0.58125,
      "race_name": "函館6R",
      "pred_prob_won": 0.2837193012237549,
      "pred_prob_in_top2": 0.2084773451089859,
      "pred_prob_in_top3": 0.6134174823760986,
      "score_z": 1.774265230271925,
      "上り3F平均": 38.67,
      "Ave-3F平均": 37.6,
      "PCI平均": 47.25,
      "-3F差平均": 0.51,
      "想定脚質": "先行",
      "track_bias_aptitude_score": 100,
      "investment_value_score": 88.7,
      "total_investment_index": 91.2,
      "investment_rating": 1.62763206243515,
      "stability_score": 75,
      "investment_mark": "◎"
    },
    {
      "horse_number": 8,
      "name": "メイショウタイピン",
      "popularity": 2,
      "odds": 4.0,
      "mark": "▲",
      "score": 130.92,
      "track_aptitude": 1,
      "total_points": 74.56558078981628,
      "detail_points": {
        "score": 47.34558078981629,
        "bias": 4.95,
        "pace": 8.28,
        "3f": 9.0,
        "margin": 4.0,
        "track": 0.99
      },
      "avg_margin": 1.1222222222222222,
      "race_name": "函館6R",
      "pred_prob_won": 0.19427106380462647,
      "pred_prob_in_top2": 0.16477010548114776,
      "pred_prob_in_top3": 0.4921245574951172,
      "score_z": 1.2309188653378067,
      "上り3F平均": 38.57,
      "Ave-3F平均": 38.02,
      "PCI平均": 48.63,
      "-3F差平均": 0.79,
      "想定脚質": "中団",
      "track_bias_aptitude_score": 31.7,
      "investment_value_score": 89.6,
      "total_investment_index": 70.3,
      "investment_rating": 0.9763736724853516,
      "stability_score": 60,
      "investment_mark": "○"
    },
    {
      "horse_number": 4,
      "name": "キンセンオー",
      "popularity": 5,
      "odds": 12.0,
      "mark": "○",
      "score": 121.77,
      "track_aptitude": 2,
      "total_points": 86.04659771445104,
      "detail_points": {
        "score": 44.036597714451034,
        "bias": 15.0,
        "pace": 12.0,
        "3f": 9.0,
        "margin": 4.0,
        "track": 2.0100000000000002
      },
      "avg_margin": 1.6999999999999997,
      "race_name": "函館6R",
      "pred_prob_won": 0.10182493925094604,
      "pred_prob_in_top2": 0.112305748462677,
      "pred_prob_in_top3": 0.3287728548049927,
      "score_z": 0.5535865439281096,
      "上り3F平均": 39.57,
      "Ave-3F平均": 38.47,
      "PCI平均": 47.25,
      "-3F差平均": 0.64,
      "想定脚質": "先行",
      "track_bias_aptitude_score": 94.3,
      "investment_value_score": 58.4,
      "total_investment_index": 69.3,
      "investment_rating": 0.878793774843216,
      "stability_score": 60,
      "investment_mark": "▲"
    },
    {
      "horse_number": 7,
      "name": "リュウジンオー",
      "popularity": 1,
      "odds": 3.4,
      "mark": "▲",
      "score": 127.65,
      "track_aptitude": 0,
      "total_points": 84.1630261825546,
      "detail_points": {
        "score": 46.16302618255461,
        "bias": 15.0,
        "pace": 12.0,
        "3f": 7.0,
        "margin": 4.0,
        "track": 0.0
      },
      "avg_margin": 1.3375,
      "race_name": "函館6R",
      "pred_prob_won": 0.15860323905944823,
      "pred_prob_in_top2": 0.1409412682056427,
      "pred_prob_in_top3": 0.42974221110343935,
      "score_z": 0.9888558389979488,
      "上り3F平均": 39.83,
      "Ave-3F平均": 35.93,
      "PCI平均": 40.35,
      "-3F差平均": 0.2,
      "想定脚質": "先行",
      "track_bias_aptitude_score": 83.0,
      "investment_value_score": 100,
      "total_investment_index": 91.5,
      "investment_rating": 0.6028684172034264,
      "stability_score": 60,
      "investment_mark": "△"
    },
    {
      "horse_number": 6,
      "name": "チハヤフル",
      "popularity": 8,
      "odds": 15.2,
      "mark": "△",
      "score": 118.12,
      "track_aptitude": 2,
      "total_points": 71.0066208592507,
      "detail_points": {
        "score": 42.71662085925069,
        "bias": 3.0,
        "pace": 8.28,
        "3f": 9.0,
        "margin": 6.0,
        "track": 2.0100000000000002
      },
      "avg_margin": 1.0,
      "race_name": "函館6R",
      "pred_prob_won": 0.05907245799899101,
      "pred_prob_in_top2": 0.07033481299877167,
      "pred_prob_in_top3": 0.21546249985694885,
      "score_z": 0.2833938692674111,
      "上り3F平均": 37.3,
      "Ave-3F平均": 37.49,
      "PCI平均": 50.57,
      "-3F差平均": 1.3,
      "想定脚質": "後方",
      "track_bias_aptitude_score": 12.3,
      "investment_value_score": 39.3,
      "total_investment_index": 32.7,
      "investment_rating": 0.5574137490987777,
      "stability_score": 75,
      "investment_mark": "△"
    },
    {
      "horse_number": 2,
      "name": "ゲンキイッパイ",
      "popularity": 4,
      "odds": 8.4,
      "mark": "△",
      "score": 113.3,
      "track_aptitude": 2,
      "total_points": 65.26352813539708,
      "detail_points": {
        "score": 40.97352813539708,
        "bias": 3.0,
        "pace": 8.28,
        "3f": 9.0,
        "margin": 2.0,
        "track": 2.0100000000000002
      },
      "avg_margin": 2.0749999999999997,
      "race_name": "函館6R",
      "pred_prob_won": 0.036766677349805835,
      "pred_prob_in_top2": 0.05705944076180458,
      "pred_prob_in_top3": 0.1586679607629776,
      "score_z": -0.07340851206534821,
      "上り3F平均": 37.72,
      "Ave-3F平均": 37.4,
      "PCI平均": 49.38,
      "-3F差平均": 1.85,
      "想定脚質": "後方",
      "track_bias_aptitude_score": 12.3,
      "investment_value_score": 45.6,
      "total_investment_index": 35.9,
      "investment_rating": 0.05053863912820822,
      "stability_score": 45,
      "investment_mark": "☆"
    },
    {
      "horse_number": 5,
      "name": "ダイヤノゴトク",
      "popularity": 6,
      "odds": 12.4,
      "mark": "△",
      "score": 111.25,
      "track_aptitude": 0,
      "total_points": 68.46217127151743,
      "detail_points": {
        "score": 40.23217127151744,
        "bias": 4.95,
        "pace": 8.28,
        "3f": 9.0,
        "margin": 6.0,
        "track": 0.0
      },
      "avg_margin": 0.8214285714285714,
      "race_name": "函館6R",
      "pred_prob_won": 0.03188272826373577,
      "pred_prob_in_top2": 0.04831231459975242,
      "pred_prob_in_top3": 0.1366276264190674,
      "score_z": -0.22516056221724748,
      "上り3F平均": 36.66,
      "Ave-3F平均": 36.2,
      "PCI平均": 48.83,
      "-3F差平均": 0.88,
      "想定脚質": "中団",
      "track_bias_aptitude_score": 26.0,
      "investment_value_score": 34.3,
      "total_investment_index": 33.0,
      "investment_rating": 0.010463657379150448,
      "stability_score": 75,
      "investment_mark": "×"
    },
    {
      "horse_number": 12,
      "name": "ハッピールンナ",
      "popularity": 7,
      "odds": 14.8,
      "mark": "△",
      "score": 107.97,
      "track_aptitude": 0,
      "total_points": 65.27600028930999,
      "detail_points": {
        "score": 39.046000289309994,
        "bias": 4.95,
        "pace": 8.28,
        "3f": 9.0,
        "margin": 4.0,
        "track": 0.0
      },
      "avg_margin": 1.5749999999999997,
      "race_name": "函館6R",
      "pred_prob_won": 0.0280092541128397,
      "pred_prob_in_top2": 0.04162614047527313,
      "pred_prob_in_top3": 0.10892215818166733,
      "score_z": -0.46796384246028677,
      "上り3F平均": 38.71,
      "Ave-3F平均": 38.88,
      "PCI平均": 50.51,
      "-3F差平均": 0.74,
      "想定脚質": "中団",
      "track_bias_aptitude_score": 26.0,
      "investment_value_score": 26.2,
      "total_investment_index": 27.7,
      "investment_rating": -0.12369759045541295,
      "stability_score": 60,
      "investment_mark": "××"
    },
    {
      "horse_number": 11,
      "name": "インターステラ",
      "popularity": 10,
      "odds": 43.6,
      "mark": "×",
      "score": 107.27,
      "track_aptitude": 0,
      "total_points": 61.07285404310719,