{
  "horses": [
    {
      "horse_number": 4,
      "name": "エンジェルラダー",
      "popularity": 2,
      "odds": 3.2,
      "mark": "○",
      "score": 118.48,
      "track_aptitude": 2,
      "total_points": 80.29,
      "detail_points": {
        "score": 50.0,
        "bias": 9.0,
        "pace": 8.28,
        "3f": 5.0,
        "margin": 6.0,
        "track": 2.0100000000000002
      },
      "avg_margin": 0.65,
      "race_name": "函館2R",
      "pred_prob_won": 0.23982058763504027,
      "pred_prob_in_top2": 0.16421136856079102,
      "pred_prob_in_top3": 0.5263318657875061,
      "score_z": 1.697349918251717,
      "上り3F平均": 37.05,
      "Ave-3F平均": 35.92,
      "PCI平均": 46.95,
      "-3F差平均": 0.75,
      "想定脚質": "逃げ",
      "track_bias_aptitude_score": 55.7,
      "investment_value_score": 100,
      "total_investment_index": 84.5,
      "investment_rating": 1.0789955973625183,
      "stability_score": 75,
      "investment_mark": "◎"
    },
    {
      "horse_number": 3,
      "name": "バースフラワー",
      "popularity": 3,
      "odds": 6.8,
      "mark": "◎",
      "score": 105.59,
      "track_aptitude": 2,
      "total_points": 88.57026333558407,
      "detail_points": {
        "score": 44.56026333558407,
        "bias": 15.0,
        "pace": 12.0,
        "3f": 9.0,
        "margin": 6.0,
        "track": 2.0100000000000002
      },
      "avg_margin": 0.8250000000000001,
      "race_name": "函館2R",
      "pred_prob_won": 0.14592900574207307,
      "pred_prob_in_top2": 0.133561572432518,
      "pred_prob_in_top3": 0.39133553504943847,
      "score_z": 0.9045186171640665,
      "上り3F平均": 37.27,
      "Ave-3F平均": 35.08,
      "PCI平均": 44.25,
      "-3F差平均": 0.7,
      "想定脚質": "先行",
      "track_bias_aptitude_score": 94.1,
      "investment_value_score": 79.0,
      "total_investment_index": 82.1,
      "investment_rating": 0.8392411494255065,
      "stability_score": 75,
      "investment_mark": "○"
    },
    {
      "horse_number": 11,
      "name": "カービスベイ",
      "popularity": 4,
      "odds": 10.1,
      "mark": "△",
      "score": 99.01,
      "track_aptitude": 1,
      "total_points": 72.72342336259284,
      "detail_points": {
        "score": 41.78342336259284,
        "bias": 4.95,
        "pace": 12.0,
        "3f": 9.0,
        "margin": 4.0,
        "track": 0.99
      },
      "avg_margin": 1.5999999999999999,
      "race_name": "函館2R",
      "pred_prob_won": 0.07686702460050583,
      "pred_prob_in_top2": 0.07895430326461791,
      "pred_prob_in_top3": 0.22903549969196318,
      "score_z": 0.4997994580363132,
      "上り3F平均": 37.66,
      "Ave-3F平均": 35.64,
      "PCI平均": 44.66,
      "-3F差平均": 0.74,
      "想定脚質": "中団",
      "track_bias_aptitude_score": 25.4,
      "investment_value_score": 58.5,
      "total_investment_index": 48.6,
      "investment_rating": 0.33904554873704906,
      "stability_score": 60,
      "investment_mark": "△"
    },
    {
      "horse_number": 9,
      "name": "サファリ",
      "popularity": 7,
      "odds": 24.0,
      "mark": "▲",
      "score": 91.55,
      "track_aptitude": 1,
      "total_points": 79.62521269412558,
      "detail_points": {
        "score": 38.635212694125585,
        "bias": 15.0,
        "pace": 12.0,
        "3f": 9.0,
        "margin": 4.0,
        "track": 0.99
      },
      "avg_margin": 1.6437499999999998,
      "race_name": "函館2R",
      "pred_prob_won": 0.045497146993875505,
      "pred_prob_in_top2": 0.06723983585834503,
      "pred_prob_in_top3": 0.1855194866657257,
      "score_z": 0.040953724435546804,
      "上り3F平均": 37.71,
      "Ave-3F平均": 35.68,
      "PCI平均": 44.81,
      "-3F差平均": 0.7,
      "想定脚質": "先行",
      "track_bias_aptitude_score": 88.3,
      "investment_value_score": 39.9,
      "total_investment_index": 55.5,
      "investment_rating": 0.3167370483279228,
      "stability_score": 60,
      "investment_mark": "△"
    },
    {
      "horse_number": 12,
      "name": "ミッキーマカパ",
      "popularity": 1,
      "odds": 2.3,
      "mark": "△",
      "score": 104.85,
      "track_aptitude": 1,
      "total_points": 72.51797434166103,
      "detail_points": {
        "score": 44.247974341661035,
        "bias": 9.0,
        "pace": 8.28,
        "3f": 4.0,
        "margin": 6.0,
        "track": 0.99
      },
      "avg_margin": 0.9166666666666666,
      "race_name": "函館2R",
      "pred_prob_won": 0.10526403486728668,
      "pred_prob_in_top2": 0.10648512989282607,
      "pred_prob_in_top3": 0.30150410532951355,
      "score_z": 0.8590030886299417,
      "上り3F平均": 36.6,
      "Ave-3F平均": 35.71,
      "PCI平均": 47.9,
      "-3F差平均": 1.05,
      "想定脚質": "逃げ",
      "track_bias_aptitude_score": 49.9,
      "investment_value_score": 97.8,
      "total_investment_index": 80.1,
      "investment_rating": 0.2886850580573082,
      "stability_score": 75,
      "investment_mark": "☆"
    },
    {
      "horse_number": 1,
      "name": "タイセイアビリティ",
      "popularity": 5,
      "odds": 10.5,
      "mark": "▲",
      "score": 92.16,
      "track_aptitude": 0,
      "total_points": 78.89264010803511,
      "detail_points": {
        "score": 38.89264010803511,
        "bias": 15.0,
        "pace": 12.0,
        "3f": 9.0,
        "margin": 4.0,
        "track": 0.0
      },
      "avg_margin": 1.6428571428571428,
      "race_name": "函館2R",
      "pred_prob_won": 0.061942925304174425,
      "pred_prob_in_top2": 0.0656282052397728,
      "pred_prob_in_top3": 0.19860943257808686,
      "score_z": 0.07847328174070324,
      "上り3F平均": 39.4,
      "Ave-3F平均": 37.13,
      "PCI平均": 44.37,
      "-3F差平均": 0.8,
      "想定脚質": "先行",
      "track_bias_aptitude_score": 82.4,
      "investment_value_score": 48.7,
      "total_investment_index": 59.1,
      "investment_rating": 0.273533861488104,
      "stability_score": 60,
      "investment_mark": "☆"
    },
    {
      "horse_number": 7,
      "name": "ダブルシルバー",
      "popularity": 8,
      "odds": 41.0,
      "mark": "⭐︎",
      "score": 92.18,
      "track_aptitude": 2,
      "total_points": 70.86108035111413,
      "detail_points": {
        "score": 38.90108035111412,
        "bias": 4.95,
        "pace": 12.0,
        "3f": 9.0,
        "margin": 4.0,
        "track": 2.0100000000000002
      },
      "avg_margin": 1.29,
      "race_name": "函館2R",
      "pred_prob_won": 0.036184292286634445,
      "pred_prob_in_top2": 0.03572390452027321,
      "pred_prob_in_top3": 0.11885815858840942,
      "score_z": 0.07970343116054505,
      "上り3F平均": 37.12,
      "Ave-3F平均": 35.96,
      "PCI平均": 47.21,
      "-3F差平均": 0.78,
      "想定脚質": "中団",
      "track_bias_aptitude_score": 31.3,
      "investment_value_score": 27.8,
      "total_investment_index": 31.2,
      "investment_rating": -0.05119360089302072,
      "stability_score": 60,
      "investment_mark": "××"
    },
    {
      "horse_number": 10,
      "name": "グルナルーフス",
      "popularity": 6,
      "odds": 21.6,
      "mark": "△",
      "score": 88.45,
      "track_aptitude": 0,
      "total_points": 77.32697501688048,
      "detail_points": {
        "score": 37.32697501688049,
        "bias": 15.0,
        "pace": 12.0,
        "3f": 9.0,
        "margin": 4.0,
        "track": 0.0
      },
      "avg_margin": 1.785714285714286,
      "race_name": "函館2R",
      "pred_prob_won": 0.028015848249197006,
      "pred_prob_in_top2": 0.04583238735795021,
      "pred_prob_in_top3": 0.12052055448293686,
      "score_z": -0.14971943563983814,
      "上り3F平均": 38.64,
      "Ave-3F平均": 36.51,
      "PCI平均": 44.51,
      "-3F差平均": 0.92,
      "想定脚質": "先行",
      "track_bias_aptitude_score": 82.4,
      "investment_value_score": 33.3,
      "total_investment_index": 49.5,
      "investment_rating": -0.07329311668872829,
      "stability_score": 60,
      "investment_mark": "××"
    },
    {
      "horse_number": 8,
      "name": "メイショウユウモウ",
      "popularity": 9,
      "odds": 41.7,
      "mark": "△",
      "score": 86.14,
      "track_aptitude": 1,
      "total_points": 73.3421269412559,