{
  "horses": [
    {
      "horse_number": 7,
      "name": "ブラックジェダイト",
      "popularity": 4,
      "odds": 4.9,
      "mark": "◎",
      "score": 126.44,
      "track_aptitude": 2,
      "total_points": 92.5250794259842,
      "detail_points": {
        "score": 48.51507942598419,
        "bias": 15.0,
        "pace": 12.0,
        "3f": 9.0,
        "margin": 6.0,
        "track": 2.0100000000000002
      },
      "avg_margin": 0.6666666666666666,
      "race_name": "函館9R",
      "pred_prob_won": 0.14135499596595763,
      "pred_prob_in_top2": 0.13602166771888732,
      "pred_prob_in_top3": 0.4167789280414581,
      "score_z": 0.7790580587199168,
      "上り3F平均": 36.53,
      "Ave-3F平均": 36.78,
      "PCI平均": 50.87,
      "-3F差平均": 0.5,
      "想定脚質": "先行",
      "track_bias_aptitude_score": 94.2,
      "investment_value_score": 63.4,
      "total_investment_index": 72.6,
      "investment_rating": 0.9921493905782698,
      "stability_score": 75,
      "investment_mark": "◎"
    },
    {
      "horse_number": 3,
      "name": "ウォータークラーク",
      "popularity": 2,
      "odds": 3.6,
      "mark": "▲",
      "score": 128.51,
      "track_aptitude": 1,
      "total_points": 90.29933926789961,
      "detail_points": {
        "score": 49.309339267899624,
        "bias": 15.0,
        "pace": 12.0,
        "3f": 7.0,
        "margin": 6.0,
        "track": 0.99
      },
      "avg_margin": 0.5166666666666666,
      "race_name": "函館9R",
      "pred_prob_won": 0.14652291238307952,
      "pred_prob_in_top2": 0.14481144547462463,
      "pred_prob_in_top3": 0.41620376110076907,
      "score_z": 0.940686741410994,
      "上り3F平均": 34.95,
      "Ave-3F平均": 36.43,
      "PCI平均": 54.33,
      "-3F差平均": 0.25,
      "想定脚質": "先行",
      "track_bias_aptitude_score": 88.3,
      "investment_value_score": 80.1,
      "total_investment_index": 81.1,
      "investment_rating": 0.631852035522461,
      "stability_score": 75,
      "investment_mark": "○"
    },
    {
      "horse_number": 2,
      "name": "ウインベラーノ",
      "popularity": 1,
      "odds": 3.1,
      "mark": "○",
      "score": 130.31,
      "track_aptitude": 2,
      "total_points": 92.01,
      "detail_points": {
        "score": 50.0,
        "bias": 15.0,
        "pace": 12.0,
        "3f": 7.0,
        "margin": 6.0,
        "track": 2.0100000000000002
      },
      "avg_margin": 0.7111111111111111,
      "race_name": "函館9R",
      "pred_prob_won": 0.17218248546123505,
      "pred_prob_in_top2": 0.1601499706506729,
      "pred_prob_in_top3": 0.4732346534729004,
      "score_z": 1.081233422011932,
      "上り3F平均": 36.18,
      "Ave-3F平均": 36.68,
      "PCI平均": 51.52,
      "-3F差平均": 0.22,
      "想定脚質": "先行",
      "track_bias_aptitude_score": 94.2,
      "investment_value_score": 100,
      "total_investment_index": 95.1,
      "investment_rating": 0.6040718317031861,
      "stability_score": 75,
      "investment_mark": "△"
    },
    {
      "horse_number": 6,
      "name": "シホリーン",
      "popularity": 3,
      "odds": 4.1,
      "mark": "▲",
      "score": 123.85,
      "track_aptitude": 0,
      "total_points": 91.52129537257309,
      "detail_points": {
        "score": 47.52129537257309,
        "bias": 15.0,
        "pace": 12.0,
        "3f": 9.0,
        "margin": 8.0,
        "track": 0.0
      },
      "avg_margin": 0.33999999999999997,
      "race_name": "函館9R",
      "pred_prob_won": 0.09210057109594345,
      "pred_prob_in_top2": 0.10734720677137374,
      "pred_prob_in_top3": 0.3149490594863892,
      "score_z": 0.5768270016330127,
      "上り3F平均": 34.56,
      "Ave-3F平均": 35.86,
      "PCI平均": 53.92,
      "-3F差平均": 0.48,
      "想定脚質": "先行",
      "track_bias_aptitude_score": 82.5,
      "investment_value_score": 62.5,
      "total_investment_index": 68.2,
      "investment_rating": 0.43105897307395946,
      "stability_score": 90,
      "investment_mark": "△"
    },
    {
      "horse_number": 8,
      "name": "トレミニョン",
      "popularity": 5,
      "odds": 9.1,
      "mark": "△",
      "score": 116.11,
      "track_aptitude": 2,
      "total_points": 88.56145422454148,
      "detail_points": {
        "score": 44.55145422454147,
        "bias": 15.0,
        "pace": 12.0,
        "3f": 9.0,
        "margin": 6.0,
        "track": 2.0100000000000002
      },
      "avg_margin": 0.6849999999999999,
      "race_name": "函館9R",
      "pred_prob_won": 0.04349934458732605,
      "pred_prob_in_top2": 0.05357564464211464,
      "pred_prob_in_top3": 0.16757980585098267,
      "score_z": -0.02752372495101622,
      "上り3F平均": 36.15,
      "Ave-3F平均": 36.72,
      "PCI平均": 51.67,
      "-3F差平均": 0.52,
      "想定脚質": "先行",
      "track_bias_aptitude_score": 94.2,
      "investment_value_score": 34.8,
      "total_investment_index": 54.1,
      "investment_rating": -0.03723794162273408,
      "stability_score": 75,
      "investment_mark": "××"
    },
    {
      "horse_number": 1,
      "name": "ゼットエイト",
      "popularity": 6,
      "odds": 20.9,
      "mark": "△",
      "score": 106.09,
      "track_aptitude": 0,
      "total_points": 72.75677614918271,
      "detail_points": {
        "score": 40.706776149182716,
        "bias": 7.05,
        "pace": 12.0,
        "3f": 9.0,
        "margin": 4.0,
        "track": 0.0
      },
      "avg_margin": 1.3199999999999998,
      "race_name": "函館9R",
      "pred_prob_won": 0.021019034460186957,
      "pred_prob_in_top2": 0.02890801541507244,
      "pred_prob_in_top3": 0.08801450580358505,
      "score_z": -0.8099002469628989,
      "上り3F平均": 37.22,
      "Ave-3F平均": 36.12,
      "PCI平均": 47.16,
      "-3F差平均": 0.9,
      "想定脚質": "中団",
      "track_bias_aptitude_score": 32.5,
      "investment_value_score": 15.3,
      "total_investment_index": 22.6,
      "investment_rating": -0.42472166866064076,
      "stability_score": 60,
      "investment_mark": "××"
    },
    {
      "horse_number": 5,
      "name": "シンゼンカガ",
      "popularity": 7,
      "odds": 22.1,
      "mark": "△",
      "score": 103.37,
      "track_aptitude": 0,
      "total_points": 81.66311104289771,
      "detail_points": {
        "score": 39.66311104289771,
        "bias": 15.0,
        "pace": 12.0,
        "3f": 9.0,
        "margin": 6.0,
        "track": 0.0
      },
      "avg_margin": 0.8285714285714286,
      "race_name": "函館9R",
      "pred_prob_won": 0.01677673701196909,
      "pred_prob_in_top2": 0.024893713369965553,
      "pred_prob_in_top3": 0.07417338341474533,
      "score_z": -1.0222818976487593,
      "上り3F平均": 35.9,
      "Ave-3F平均": 35.9,
      "PCI平均": 50.04,
      "-3F差平均": 0.8,
      "想定脚質": "先行",
      "track_bias_aptitude_score": 82.5,
      "investment_value_score": 8.5,
      "total_investment_index": 33.1,
      "investment_rating": -0.5086683686822653,
      "stability_score": 75,
      "investment_mark": "××"
    },
    {
      "horse_number": 4,
      "name": "ネイサン",
      "popularity": 8,
      "odds": 76.5,
      "mark": "△",
      "score": 97.02,
      "track_aptitude": 2,
      "total_points": 71.28661346021026,
      "detail_points": {
        "score": 37.22661346021027,
        "bias": 7.05,
        "pace": 12.0,
        "3f": 9.0,
        "margin": 4.0,
        "track": 2.0100000000000002
      },
      "avg_margin": 1.11,
      "race_name": "函館9R",
      "pred_prob_won": 0.01204274334013462,
      "pred_prob_in_top2": 0.021153031289577483,
      "pred_prob_in_top3": 0.05978342145681381,
      "score_z": -1.5180993542131769,
      "上り3F平均": 35.4,
      "Ave-3F平均": 36.93,
      "PCI平均": 54.36,
      "-3F差平均": 0.89,
      "想定脚質": "中団",
      "track_bias_aptitude_score": 44.2,
      "investment_value_score": 1,
      "total_investment_index": 16.3,
      "investment_rating": -0.6114077605307102,
      "stability_score": 60,
      "investment_mark": "××"
    }
  ]
}