{
  "horses": [
    {
      "horse_number": 3,
      "name": "スウィートリワード",
      "popularity": 3,
      "odds": 7.6,
      "mark": "▲",
      "score": 123.71,
      "track_aptitude": 1,
      "total_points": 81.09502015803902,
      "detail_points": {
        "score": 49.87502015803902,
        "bias": 4.95,
        "pace": 8.28,
        "3f": 9.0,
        "margin": 8.0,
        "track": 0.99
      },
      "avg_margin": 0.35000000000000003,
      "race_name": "函館7R",
      "pred_prob_won": 0.19347999095916749,
      "pred_prob_in_top2": 0.16036621034145354,
      "pred_prob_in_top3": 0.48725285530090334,
      "score_z": 1.316220824436357,
      "上り3F平均": 35.18,
      "Ave-3F平均": 35.38,
      "PCI平均": 50.59,
      "-3F差平均": 0.66,
      "想定脚質": "中団",
      "track_bias_aptitude_score": 30.0,
      "investment_value_score": 75.5,
      "total_investment_index": 61.5,
      "investment_rating": 1.1284729218482974,
      "stability_score": 90,
      "investment_mark": "◎"
    },
    {
      "horse_number": 5,
      "name": "タマモジャスミン",
      "popularity": 1,
      "odds": 2.6,
      "mark": "◎",
      "score": 124.02,
      "track_aptitude": 0,
      "total_points": 90.0,
      "detail_points": {
        "score": 50.0,
        "bias": 15.0,
        "pace": 12.0,
        "3f": 7.0,
        "margin": 6.0,
        "track": 0.0
      },
      "avg_margin": 0.875,
      "race_name": "函館7R",
      "pred_prob_won": 0.20977978706359862,
      "pred_prob_in_top2": 0.15958413183689119,
      "pred_prob_in_top3": 0.5036622643470764,
      "score_z": 1.3517509929817482,
      "上り3F平均": 39.55,
      "Ave-3F平均": 37.9,
      "PCI平均": 45.86,
      "-3F差平均": 0.28,
      "想定脚質": "先行",
      "track_bias_aptitude_score": 82.8,
      "investment_value_score": 100,
      "total_investment_index": 92.1,
      "investment_rating": 0.7343387740850448,
      "stability_score": 75,
      "investment_mark": "○"
    },
    {
      "horse_number": 2,
      "name": "レーヴドレフォン",
      "popularity": 2,
      "odds": 3.6,
      "mark": "▲",
      "score": 120.97,
      "track_aptitude": 2,
      "total_points": 77.01035961941623,
      "detail_points": {
        "score": 48.770359619416226,
        "bias": 4.95,
        "pace": 8.28,
        "3f": 7.0,
        "margin": 6.0,
        "track": 2.0100000000000002
      },
      "avg_margin": 0.7299999999999999,
      "race_name": "函館7R",
      "pred_prob_won": 0.14674797356128694,
      "pred_prob_in_top2": 0.130806764960289,
      "pred_prob_in_top3": 0.4038226902484894,
      "score_z": 1.002179979873868,
      "上り3F平均": 38.05,
      "Ave-3F平均": 37.2,
      "PCI平均": 47.82,
      "-3F差平均": 1.04,
      "想定脚質": "中団",
      "track_bias_aptitude_score": 35.7,
      "investment_value_score": 78.5,
      "total_investment_index": 64.5,
      "investment_rating": 0.651850339770317,
      "stability_score": 75,
      "investment_mark": "△"
    },
    {
      "horse_number": 4,
      "name": "リアルクィーン",
      "popularity": 5,
      "odds": 11.5,
      "mark": "△",
      "score": 117.61,
      "track_aptitude": 0,
      "total_points": 73.64573939687148,
      "detail_points": {
        "score": 47.41573939687147,
        "bias": 4.95,
        "pace": 8.28,
        "3f": 9.0,
        "margin": 4.0,
        "track": 0.0
      },
      "avg_margin": 1.6583333333333332,
      "race_name": "函館7R",
      "pred_prob_won": 0.09322595298290252,
      "pred_prob_in_top2": 0.08451527804136276,
      "pred_prob_in_top3": 0.2846170783042908,
      "score_z": 0.6170787982205964,
      "上り3F平均": 38.63,
      "Ave-3F平均": 36.73,
      "PCI平均": 45.13,
      "-3F差平均": 0.98,
      "想定脚質": "中団",
      "track_bias_aptitude_score": 24.2,
      "investment_value_score": 50.3,
      "total_investment_index": 43.5,
      "investment_rating": 0.6019311219453811,
      "stability_score": 60,
      "investment_mark": "△"
    },
    {
      "horse_number": 1,
      "name": "シンボリノエル",
      "popularity": 9,
      "odds": 28.8,
      "mark": "○",
      "score": 107.18,
      "track_aptitude": 3,
      "total_points": 86.21077245605548,
      "detail_points": {
        "score": 43.21077245605548,
        "bias": 15.0,
        "pace": 12.0,
        "3f": 7.0,
        "margin": 6.0,
        "track": 3.0
      },
      "avg_margin": 0.9099999999999999,
      "race_name": "函館7R",
      "pred_prob_won": 0.02573523297905922,
      "pred_prob_in_top2": 0.05806870087981224,
      "pred_prob_in_top3": 0.1430283546447754,
      "score_z": -0.5783394531614336,
      "上り3F平均": 38.02,
      "Ave-3F平均": 37.21,
      "PCI平均": 47.9,
      "-3F差平均": 1.36,
      "想定脚質": "先行",
      "track_bias_aptitude_score": 100,
      "investment_value_score": 21.3,
      "total_investment_index": 46.8,
      "investment_rating": 0.04404706478118903,
      "stability_score": 75,
      "investment_mark": "☆"
    },
    {
      "horse_number": 8,
      "name": "アステロイドメア",
      "popularity": 8,
      "odds": 15.2,
      "mark": "△",
      "score": 111.16,
      "track_aptitude": 1,
      "total_points": 74.03535236252218,
      "detail_points": {
        "score": 44.81535236252218,
        "bias": 4.95,
        "pace": 8.28,
        "3f": 9.0,
        "margin": 6.0,
        "track": 0.99
      },
      "avg_margin": 0.82,
      "race_name": "函館7R",
      "pred_prob_won": 0.02897622957825661,
      "pred_prob_in_top2": 0.05842606574296951,
      "pred_prob_in_top3": 0.13963910043239594,
      "score_z": -0.12217793441738081,
      "上り3F平均": 38.43,
      "Ave-3F平均": 37.98,
      "PCI平均": 48.87,
      "-3F差平均": 0.81,
      "想定脚質": "中団",
      "track_bias_aptitude_score": 30.0,
      "investment_value_score": 24.4,
      "total_investment_index": 28.4,
      "investment_rating": -0.0063097572326660245,
      "stability_score": 75,
      "investment_mark": "××"
    },
    {
      "horse_number": 9,
      "name": "リュミナーズ",
      "popularity": 6,
      "odds": 11.7,
      "mark": "△",
      "score": 108.44,
      "track_aptitude": 1,
      "total_points": 72.93875503950976,
      "detail_points": {
        "score": 43.71875503950975,
        "bias": 4.95,
        "pace": 8.28,
        "3f": 9.0,
        "margin": 6.0,
        "track": 0.99
      },
      "avg_margin": 0.9,
      "race_name": "函館7R",
      "pred_prob_won": 0.025971901789307594,
      "pred_prob_in_top2": 0.04503817856311798,
      "pred_prob_in_top3": 0.11797421872615814,
      "score_z": -0.43392651004145777,
      "上り3F平均": 39.04,
      "Ave-3F平均": 37.66,
      "PCI平均": 46.56,
      "-3F差平均": 0.74,
      "想定脚質": "中団",
      "track_bias_aptitude_score": 30.0,
      "investment_value_score": 25.7,
      "total_investment_index": 28.7,
      "investment_rating": -0.17473664075136186,
      "stability_score": 75,
      "investment_mark": "××"
    },
    {
      "horse_number": 10,
      "name": "コムルヴァン",
      "popularity": 4,
      "odds": 9.7,
      "mark": "△",
      "score": 105.39,
      "track_aptitude": 2,
      "total_points": 68.72911465892598,
      "detail_points": {
        "score": 42.48911465892598,
        "bias": 4.95,
        "pace": 8.28,
        "3f": 7.0,
        "margin": 4.0,
        "track": 2.0100000000000002
      },
      "avg_margin": 1.5374999999999999,
      "race_name": "函館7R",
      "pred_prob_won": 0.020312779024243353,
      "pred_prob_in_top2": 0.030403995513916017,
      "pred_prob_in_top3": 0.09141216427087784,
      "score_z": -0.783497523149338,
      "上り3F平均": 37.79,
      "Ave-3F平均": 37.34,
      "PCI平均": 49.05,
      "-3F差平均": 1.04,
      "想定脚質": "中団",
      "track_bias_aptitude_score": 35.7,
      "investment_value_score": 27.4,
      "total_investment_index": 30.8,
      "investment_rating": -0.3160689100623131,
      "stability_score": 60,
      "investment_mark": "××"
    },
    {
      "horse_number": 7,
      "name": "タイヨウフレア",
      "popularity": 7,
      "odds": 13.4,
      "mark": "⭐︎",
      "score": 103.81,
      "track_aptitude": 1,
      "total_points": 67.07212062570554,