{
  "horses": [
    {
      "horse_number": 13,
      "name": "マコトヴェリーキー",
      "popularity": 4,
      "odds": 8.3,
      "mark": "◎",
      "score": 139.45,
      "track_aptitude": 1,
      "total_points": 93.19,
      "detail_points": {
        "score": 50.0,
        "bias": 15.0,
        "pace": 10.2,
        "3f": 9.0,
        "margin": 8.0,
        "track": 0.99
      },
      "avg_margin": 0.2799999999999999,
      "race_name": "函館11R",
      "pred_prob_won": 0.28018768429756163,
      "pred_prob_in_top2": 0.18849504888057708,
      "pred_prob_in_top3": 0.6061347842216491,
      "score_z": 1.6303726622246681,
      "上り3F平均": 34.75,
      "Ave-3F平均": 36.85,
      "PCI平均": 56.14,
      "-3F差平均": 0.54,
      "想定脚質": "先行",
      "track_bias_aptitude_score": 86.5,
      "investment_value_score": 88.5,
      "total_investment_index": 86.8,
      "investment_rating": 1.9245391368865965,
      "stability_score": 90,
      "investment_mark": "◎"
    },
    {
      "horse_number": 10,
      "name": "グランディア",
      "popularity": 2,
      "odds": 7.1,
      "mark": "○",
      "score": 136.16,
      "track_aptitude": 3,
      "total_points": 87.97036572248118,
      "detail_points": {
        "score": 48.82036572248118,
        "bias": 10.95,
        "pace": 10.2,
        "3f": 7.0,
        "margin": 8.0,
        "track": 3.0
      },
      "avg_margin": 0.35999999999999993,
      "race_name": "函館11R",
      "pred_prob_won": 0.21664621829986572,
      "pred_prob_in_top2": 0.19107863008975984,
      "pred_prob_in_top3": 0.5355469107627868,
      "score_z": 1.3132352627480512,
      "上り3F平均": 34.18,
      "Ave-3F平均": 36.18,
      "PCI平均": 55.86,
      "-3F差平均": 1.23,
      "想定脚質": "中団",
      "track_bias_aptitude_score": 72.1,
      "investment_value_score": 100,
      "total_investment_index": 88.8,
      "investment_rating": 1.153086041212082,
      "stability_score": 90,
      "investment_mark": "○"
    },
    {
      "horse_number": 14,
      "name": "トップナイフ",
      "popularity": 5,
      "odds": 8.9,
      "mark": "▲",
      "score": 130.02,
      "track_aptitude": 2,
      "total_points": 86.82885980638223,
      "detail_points": {
        "score": 46.618859806382225,
        "bias": 15.0,
        "pace": 10.2,
        "3f": 7.0,
        "margin": 6.0,
        "track": 2.0100000000000002
      },
      "avg_margin": 0.8699999999999999,
      "race_name": "函館11R",
      "pred_prob_won": 0.1096657708287239,
      "pred_prob_in_top2": 0.12252548635005951,
      "pred_prob_in_top3": 0.35742459893226625,
      "score_z": 0.7213739761868272,
      "上り3F平均": 35.27,
      "Ave-3F平均": 36.46,
      "PCI平均": 53.57,
      "-3F差平均": 1.11,
      "想定脚質": "先行",
      "track_bias_aptitude_score": 93.3,
      "investment_value_score": 66.1,
      "total_investment_index": 73.9,
      "investment_rating": 1.0762819251418114,
      "stability_score": 75,
      "investment_mark": "▲"
    },
    {
      "horse_number": 4,
      "name": "キミノナハマリア",
      "popularity": 10,
      "odds": 16.5,
      "mark": "⭐︎",
      "score": 124.56,
      "track_aptitude": 2,
      "total_points": 78.82116887773397,
      "detail_points": {
        "score": 44.66116887773396,
        "bias": 10.95,
        "pace": 10.2,
        "3f": 9.0,
        "margin": 2.0,
        "track": 2.0100000000000002
      },
      "avg_margin": 2.84,
      "race_name": "函館11R",
      "pred_prob_won": 0.05681731477379799,
      "pred_prob_in_top2": 0.062048351764678954,
      "pred_prob_in_top3": 0.19051767587661744,
      "score_z": 0.19506084514052494,
      "上り3F平均": 37.16,
      "Ave-3F平均": 36.67,
      "PCI平均": 50.95,
      "-3F差平均": 0.84,
      "想定脚質": "中団",
      "track_bias_aptitude_score": 65.4,
      "investment_value_score": 34.6,
      "total_investment_index": 45.7,
      "investment_rating": 0.5907790338993072,
      "stability_score": 45,
      "investment_mark": "△"
    },
    {
      "horse_number": 1,
      "name": "マイネルモーント",
      "popularity": 6,
      "odds": 10.3,
      "mark": "△",
      "score": 125.08,
      "track_aptitude": 2,
      "total_points": 83.00761563284333,
      "detail_points": {
        "score": 44.847615632843315,
        "bias": 10.95,
        "pace": 10.2,
        "3f": 7.0,
        "margin": 8.0,
        "track": 2.0100000000000002
      },
      "avg_margin": 0.41500000000000004,
      "race_name": "函館11R",
      "pred_prob_won": 0.061804605275392534,
      "pred_prob_in_top2": 0.08125739395618439,
      "pred_prob_in_top3": 0.23302676975727082,
      "score_z": 0.2451859052401723,
      "上り3F平均": 34.57,
      "Ave-3F平均": 36.68,
      "PCI平均": 56.26,
      "-3F差平均": 1.02,
      "想定脚質": "中団",
      "track_bias_aptitude_score": 65.4,
      "investment_value_score": 50.2,
      "total_investment_index": 55.1,
      "investment_rating": 0.5884365257620813,
      "stability_score": 90,
      "investment_mark": "△"
    },
    {
      "horse_number": 7,
      "name": "ディマイザキッド",
      "popularity": 3,
      "odds": 7.5,
      "mark": "▲",
      "score": 127.05,
      "track_aptitude": 2,
      "total_points": 85.71396199354608,
      "detail_points": {
        "score": 45.553961993546075,
        "bias": 10.95,
        "pace": 10.2,
        "3f": 9.0,
        "margin": 8.0,
        "track": 2.0100000000000002
      },
      "avg_margin": 0.22999999999999998,
      "race_name": "函館11R",
      "pred_prob_won": 0.0853651374578476,
      "pred_prob_in_top2": 0.1095318228006363,
      "pred_prob_in_top3": 0.2993494153022766,
      "score_z": 0.4350827675407608,
      "上り3F平均": 34.3,
      "Ave-3F平均": 37.2,
      "PCI平均": 58.55,
      "-3F差平均": 0.98,
      "想定脚質": "中団",
      "track_bias_aptitude_score": 65.4,
      "investment_value_score": 72.1,
      "total_investment_index": 68.6,
      "investment_rating": 0.5827554827928543,
      "stability_score": 90,
      "investment_mark": "△"
    },
    {
      "horse_number": 9,
      "name": "アルナシーム",
      "popularity": 8,
      "odds": 12.5,
      "mark": "⭐︎",
      "score": 125.72,
      "track_aptitude": 0,
      "total_points": 79.22708856220868,
      "detail_points": {
        "score": 45.07708856220868,
        "bias": 10.95,
        "pace": 10.2,
        "3f": 7.0,
        "margin": 6.0,
        "track": 0.0
      },
      "avg_margin": 0.6599999999999999,
      "race_name": "函館11R",
      "pred_prob_won": 0.056097373366355896,
      "pred_prob_in_top2": 0.07221248745918274,
      "pred_prob_in_top3": 0.19946862757205963,
      "score_z": 0.30687828690127733,
      "上り3F平均": 34.68,
      "Ave-3F平均": 35.48,
      "PCI平均": 52.41,
      "-3F差平均": 1.11,
      "想定脚質": "中団",
      "track_bias_aptitude_score": 51.9,
      "investment_value_score": 40.8,
      "total_investment_index": 45.6,
      "investment_rating": 0.5367054909467698,
      "stability_score": 75,
      "investment_mark": "☆"
    },
    {
      "horse_number": 8,
      "name": "ヴェローチェエラ",
      "popularity": 9,
      "odds": 15.6,
      "mark": "△",
      "score": 120.74,
      "track_aptitude": 0,
      "total_points": 81.44150233058444,
      "detail_points": {
        "score": 43.29150233058444,
        "bias": 10.95,
        "pace": 10.2,
        "3f": 9.0,
        "margin": 8.0,
        "track": 0.0
      },
      "avg_margin": 0.3349999999999999,
      "race_name": "函館11R",
      "pred_prob_won": 0.034829942882061,
      "pred_prob_in_top2": 0.04961586147546768,
      "pred_prob_in_top3": 0.1493676245212555,
      "score_z": -0.17316555789919583,
      "上り3F平均": 34.86,
      "Ave-3F平均": 37.34,
      "PCI平均": 57.2,
      "-3F差平均": 0.83,
      "想定脚質": "中団",
      "track_bias_aptitude_score": 51.9,
      "investment_value_score": 30.3,
      "total_investment_index": 38.5,
      "investment_rating": 0.25823146551847453,
      "stability_score": 90,
      "investment_mark": "☆"
    },
    {
      "horse_number": 3,
      "name": "ハヤテノフクノスケ",
      "popularity": 1,
      "odds": 4.8,
      "mark": "△",
      "score": 124.52,
      "track_aptitude": 0,