{
  "horses": [
    {
      "horse_number": 3,
      "name": "エスカレイト",
      "popularity": 8,
      "odds": 22.1,
      "mark": "▲",
      "score": 104.98,
      "track_aptitude": 1,
      "total_points": 91.67682735924575,
      "detail_points": {
        "score": 46.686827359245754,
        "bias": 15.0,
        "pace": 12.0,
        "3f": 7.0,
        "margin": 10.0,
        "track": 0.99
      },
      "avg_margin": 0.0,
      "race_name": "函館11R",
      "pred_prob_won": 0.09496631175279617,
      "pred_prob_in_top2": 0.09737791866064072,
      "pred_prob_in_top3": 0.29356308579444884,
      "score_z": 0.646774783056369,
      "上り3F平均": 34.6,
      "Ave-3F平均": 36.1,
      "PCI平均": 54.3,
      "-3F差平均": 0.1,
      "想定脚質": "先行",
      "track_bias_aptitude_score": 85.5,
      "investment_value_score": 56.2,
      "total_investment_index": 65.4,
      "investment_rating": 1.0494474405050278,
      "stability_score": 90,
      "investment_mark": "◎"
    },
    {
      "horse_number": 8,
      "name": "ブラックチャリス",
      "popularity": 2,
      "odds": 3.0,
      "mark": "◎",
      "score": 112.43,
      "track_aptitude": 1,
      "total_points": 96.99,
      "detail_points": {
        "score": 50.0,
        "bias": 15.0,
        "pace": 12.0,
        "3f": 9.0,
        "margin": 10.0,
        "track": 0.99
      },
      "avg_margin": 0.0,
      "race_name": "函館11R",
      "pred_prob_won": 0.1513120323419571,
      "pred_prob_in_top2": 0.1407630503177643,
      "pred_prob_in_top3": 0.43284180760383606,
      "score_z": 0.9498868904438684,
      "上り3F平均": 34.4,
      "Ave-3F平均": 33.8,
      "PCI平均": 48.3,
      "-3F差平均": 0.4,
      "想定脚質": "先行",
      "track_bias_aptitude_score": 85.5,
      "investment_value_score": 100,
      "total_investment_index": 92.2,
      "investment_rating": 0.7985254228115082,
      "stability_score": 90,
      "investment_mark": "○"
    },
    {
      "horse_number": 10,
      "name": "スターオブロンドン",
      "popularity": 7,
      "odds": 14.2,
      "mark": "▲",
      "score": 101.99,
      "track_aptitude": 0,
      "total_points": 89.35711109134573,
      "detail_points": {
        "score": 45.35711109134572,
        "bias": 15.0,
        "pace": 12.0,
        "3f": 7.0,
        "margin": 10.0,
        "track": 0.0
      },
      "avg_margin": 0.0,
      "race_name": "函館11R",
      "pred_prob_won": 0.08387761116027832,
      "pred_prob_in_top2": 0.08123076558113099,
      "pred_prob_in_top3": 0.25704929530620574,
      "score_z": 0.5251230782122582,
      "上り3F平均": 35.9,
      "Ave-3F平均": 35.55,
      "PCI平均": 49.0,
      "-3F差平均": 0.2,
      "想定脚質": "先行",
      "track_bias_aptitude_score": 78.3,
      "investment_value_score": 55.7,
      "total_investment_index": 62.8,
      "investment_rating": 0.7280334480106831,
      "stability_score": 90,
      "investment_mark": "△"
    },
    {
      "horse_number": 7,
      "name": "クラディスティーナ",
      "popularity": 4,
      "odds": 10.2,
      "mark": "○",
      "score": 105.38,
      "track_aptitude": 1,
      "total_points": 93.85471582317886,
      "detail_points": {
        "score": 46.86471582317886,
        "bias": 15.0,
        "pace": 12.0,
        "3f": 9.0,
        "margin": 10.0,
        "track": 0.99
      },
      "avg_margin": 0.0,
      "race_name": "函館11R",
      "pred_prob_won": 0.09933033287525177,
      "pred_prob_in_top2": 0.10995837599039078,
      "pred_prob_in_top3": 0.31542861461639404,
      "score_z": 0.6630492586207981,
      "上り3F平均": 35.5,
      "Ave-3F平均": 35.0,
      "PCI平均": 48.6,
      "-3F差平均": 0.5,
      "想定脚質": "先行",
      "track_bias_aptitude_score": 85.5,
      "investment_value_score": 74.2,
      "total_investment_index": 76.3,
      "investment_rating": 0.6932573199272156,
      "stability_score": 90,
      "investment_mark": "△"
    },
    {
      "horse_number": 12,
      "name": "マイオウンウェイ",
      "popularity": 6,
      "odds": 13.4,
      "mark": "△",
      "score": 106.54,
      "track_aptitude": 0,
      "total_points": 79.61059236858489,
      "detail_points": {
        "score": 47.38059236858489,
        "bias": 4.95,
        "pace": 8.28,
        "3f": 9.0,
        "margin": 10.0,
        "track": 0.0
      },
      "avg_margin": 0.0,
      "race_name": "函館11R",
      "pred_prob_won": 0.06709238886833191,
      "pred_prob_in_top2": 0.08954038470983505,
      "pred_prob_in_top3": 0.240432009100914,
      "score_z": 0.7102452377576441,
      "上り3F平均": 35.3,
      "Ave-3F平均": 35.2,
      "PCI平均": 49.7,
      "-3F差平均": 0,
      "想定脚質": "逃げ",
      "track_bias_aptitude_score": 4.9,
      "investment_value_score": 58.5,
      "total_investment_index": 42.8,
      "investment_rating": 0.5502464473247528,
      "stability_score": 90,
      "investment_mark": "△"
    },
    {
      "horse_number": 11,
      "name": "トウカイマシェリ",
      "popularity": 5,
      "odds": 11.0,
      "mark": "×",
      "score": 98.86,
      "track_aptitude": 0,
      "total_points": 73.19513386106911,
      "detail_points": {
        "score": 43.965133861069106,
        "bias": 4.95,
        "pace": 8.28,
        "3f": 7.0,
        "margin": 9.0,
        "track": 0.0
      },
      "avg_margin": 0.125,
      "race_name": "函館11R",
      "pred_prob_won": 0.040871762484312055,
      "pred_prob_in_top2": 0.056217794120311734,
      "pred_prob_in_top3": 0.16651333272457122,
      "score_z": 0.39777530692059765,
      "上り3F平均": 35.7,
      "Ave-3F平均": 33.85,
      "PCI平均": 44.8,
      "-3F差平均": 0.2,
      "想定脚質": "逃げ",
      "track_bias_aptitude_score": 4.9,
      "investment_value_score": 52.9,
      "total_investment_index": 38.9,
      "investment_rating": 0.12428699716925629,
      "stability_score": 90,
      "investment_mark": "☆"
    },
    {
      "horse_number": 2,
      "name": "カイショー",
      "popularity": 1,
      "odds": 3.0,
      "mark": "△",
      "score": 102.26,
      "track_aptitude": 2,
      "total_points": 79.71718580450059,
      "detail_points": {
        "score": 45.47718580450058,
        "bias": 4.95,
        "pace": 8.28,
        "3f": 9.0,
        "margin": 10.0,
        "track": 2.0100000000000002
      },
      "avg_margin": 0.0,
      "race_name": "函館11R",
      "pred_prob_won": 0.07094954401254654,
      "pred_prob_in_top2": 0.06705555468797683,
      "pred_prob_in_top3": 0.21781747937202453,
      "score_z": 0.5361083492182486,
      "上り3F平均": 33.9,
      "Ave-3F平均": 33.75,
      "PCI平均": 49.6,
      "-3F差平均": 0,
      "想定脚質": "逃げ",
      "track_bias_aptitude_score": 19.3,
      "investment_value_score": 97.5,
      "total_investment_index": 70.2,
      "investment_rating": 0.08365282446146016,
      "stability_score": 90,
      "investment_mark": "×"
    },
    {
      "horse_number": 4,
      "name": "タガノアラリア",
      "popularity": 3,
      "odds": 7.7,
      "mark": "△",
      "score": 94.45,
      "track_aptitude": 0,
      "total_points": 87.00391354620652,
      "detail_points": {
        "score": 42.003913546206526,
        "bias": 15.0,
        "pace": 12.0,
        "3f": 9.0,
        "margin": 9.0,
        "track": 0.0
      },
      "avg_margin": 0.2,
      "race_name": "函館11R",
      "pred_prob_won": 0.046243973076343536,
      "pred_prob_in_top2": 0.06646638661623001,
      "pred_prob_in_top3": 0.17230908274650575,
      "score_z": 0.21834921382276262,
      "上り3F平均": 35.2,
      "Ave-3F平均": 35.35,
      "PCI平均": 50.4,
      "-3F差平均": 1.0,
      "想定脚質": "先行",
      "track_bias_aptitude_score": 78.3,
      "investment_value_score": 64.6,
      "total_investment_index": 67.6,
      "investment_rating": 0.06169724375009539,
      "stability_score": 90,
      "investment_mark": "×"
    },
    {
      "horse_number": 1,
      "name": "ノアールビーナス",
      "popularity": 11,
      "odds": 61.3,
      "mark": "△",
      "score": 85.04,
      "track_aptitude": 2,
      "total_points": 83.82908743218003,
      "detail_points": {
        "score": 37.81908743218003,
        "bias": 15.0,
        "pace": 12.0,
        "3f": 9.0,