{
  "horses": [
    {
      "horse_number": 9,
      "name": "テンバコウクウ",
      "popularity": 15,
      "odds": 112.8,
      "mark": "▲",
      "score": 56.86,
      "track_aptitude": 0,
      "total_points": 75.94184016996242,
      "detail_points": {
        "score": 46.461840169962414,
        "bias": 9.0,
        "pace": 6.48,
        "3f": 4.0,
        "margin": 10.0,
        "track": 0.0
      },
      "avg_margin": 0.0,
      "race_name": "函館5R",
      "pred_prob_won": 0.11546083986759186,
      "pred_prob_in_top2": 0.12528770118951799,
      "pred_prob_in_top3": 0.3332186460494995,
      "score_z": 1.0315006294412519,
      "上り3F平均": 0,
      "Ave-3F平均": 0,
      "PCI平均": 0,
      "-3F差平均": 0,
      "想定脚質": "不明",
      "track_bias_aptitude_score": null,
      "investment_value_score": 34.9,
      "total_investment_index": null,
      "investment_rating": 2.3655255281925203,
      "stability_score": 90,
      "investment_mark": "◎"
    },
    {
      "horse_number": 16,
      "name": "イッスンボウシ",
      "popularity": 14,
      "odds": 75.3,
      "mark": "△",
      "score": 53.36,
      "track_aptitude": 0,
      "total_points": 73.08189573459715,
      "detail_points": {
        "score": 43.60189573459716,
        "bias": 9.0,
        "pace": 6.48,
        "3f": 4.0,
        "margin": 10.0,
        "track": 0.0
      },
      "avg_margin": 0.0,
      "race_name": "函館5R",
      "pred_prob_won": 0.06033850535750389,
      "pred_prob_in_top2": 0.09784051924943923,
      "pred_prob_in_top3": 0.2540317177772522,
      "score_z": 0.5071357488247838,
      "上り3F平均": 0,
      "Ave-3F平均": 0,
      "PCI平均": 0,
      "-3F差平均": 0,
      "想定脚質": "不明",
      "track_bias_aptitude_score": null,
      "investment_value_score": 28.7,
      "total_investment_index": null,
      "investment_rating": 1.4878981471061707,
      "stability_score": 90,
      "investment_mark": "○"
    },
    {
      "horse_number": 12,
      "name": "ラシューバ",
      "popularity": 10,
      "odds": 48.9,
      "mark": "△",
      "score": 54.68,
      "track_aptitude": 0,
      "total_points": 74.16050335022062,
      "detail_points": {
        "score": 44.680503350220626,
        "bias": 9.0,
        "pace": 6.48,
        "3f": 4.0,
        "margin": 10.0,
        "track": 0.0
      },
      "avg_margin": 0.0,
      "race_name": "函館5R",
      "pred_prob_won": 0.09457195252180099,
      "pred_prob_in_top2": 0.1019082635641098,
      "pred_prob_in_top3": 0.2963112950325012,
      "score_z": 0.7048962180858519,
      "上り3F平均": 0,
      "Ave-3F平均": 0,
      "PCI平均": 0,
      "-3F差平均": 0,
      "想定脚質": "不明",
      "track_bias_aptitude_score": null,
      "investment_value_score": 39.8,
      "total_investment_index": null,
      "investment_rating": 1.4334413242340087,
      "stability_score": 90,
      "investment_mark": "▲"
    },
    {
      "horse_number": 7,
      "name": "ロンドンオービタル",
      "popularity": 4,
      "odds": 5.1,
      "mark": "○",
      "score": 58.9,
      "track_aptitude": 0,
      "total_points": 77.60877921228959,
      "detail_points": {
        "score": 48.128779212289594,
        "bias": 9.0,
        "pace": 6.48,
        "3f": 4.0,
        "margin": 10.0,
        "track": 0.0
      },
      "avg_margin": 0.0,
      "race_name": "函館5R",
      "pred_prob_won": 0.15707361996173858,
      "pred_prob_in_top2": 0.12684893757104873,
      "pred_prob_in_top3": 0.4301725149154663,
      "score_z": 1.3371304455719932,
      "上り3F平均": 0,
      "Ave-3F平均": 0,
      "PCI平均": 0,
      "-3F差平均": 0,
      "想定脚質": "不明",
      "track_bias_aptitude_score": null,
      "investment_value_score": 71.2,
      "total_investment_index": null,
      "investment_rating": 1.2776728081703186,
      "stability_score": 90,
      "investment_mark": "▲"
    },
    {
      "horse_number": 3,
      "name": "チョウブク",
      "popularity": 2,
      "odds": 4.8,
      "mark": "◎",
      "score": 61.19,
      "track_aptitude": 0,
      "total_points": 79.48,
      "detail_points": {
        "score": 50.0,
        "bias": 9.0,
        "pace": 6.48,
        "3f": 4.0,
        "margin": 10.0,
        "track": 0.0
      },
      "avg_margin": 0.0,
      "race_name": "函館5R",
      "pred_prob_won": 0.203873011469841,
      "pred_prob_in_top2": 0.14423102736473084,
      "pred_prob_in_top3": 0.49165788292884827,
      "score_z": 1.6802148960324823,
      "上り3F平均": 0,
      "Ave-3F平均": 0,
      "PCI平均": 0,
      "-3F差平均": 0,
      "想定脚質": "不明",
      "track_bias_aptitude_score": null,
      "investment_value_score": 91.9,
      "total_investment_index": null,
      "investment_rating": 1.0766420722007752,
      "stability_score": 90,
      "investment_mark": "△"
    },
    {
      "horse_number": 11,
      "name": "ナムラシンジロー",
      "popularity": 11,
      "odds": 68.2,
      "mark": "△",
      "score": 48.16,
      "track_aptitude": 0,
      "total_points": 68.83283543062592,
      "detail_points": {
        "score": 39.352835430625916,
        "bias": 9.0,
        "pace": 6.48,
        "3f": 4.0,
        "margin": 10.0,
        "track": 0.0
      },
      "avg_margin": 0.0,
      "race_name": "函館5R",
      "pred_prob_won": 0.04833082184195518,
      "pred_prob_in_top2": 0.047890277951955794,
      "pred_prob_in_top3": 0.19119608998298646,
      "score_z": -0.2719206452339692,
      "上り3F平均": 0,
      "Ave-3F平均": 0,
      "PCI平均": 0,
      "-3F差平均": 0,
      "想定脚質": "不明",
      "track_bias_aptitude_score": null,
      "investment_value_score": 25.0,
      "total_investment_index": null,
      "investment_rating": 0.7317696973681449,
      "stability_score": 90,
      "investment_mark": "△"
    },
    {
      "horse_number": 15,
      "name": "ニシノオールワン",
      "popularity": 1,
      "odds": 3.3,
      "mark": "▲",
      "score": 58.48,
      "track_aptitude": 0,
      "total_points": 77.26558588004576,
      "detail_points": {
        "score": 47.78558588004576,
        "bias": 9.0,
        "pace": 6.48,
        "3f": 4.0,
        "margin": 10.0,
        "track": 0.0
      },
      "avg_margin": 0.0,
      "race_name": "函館5R",
      "pred_prob_won": 0.1463453873991966,
      "pred_prob_in_top2": 0.12318697571754456,
      "pred_prob_in_top3": 0.3955200731754303,
      "score_z": 1.2742066598980168,
      "上り3F平均": 0,
      "Ave-3F平均": 0,
      "PCI平均": 0,
      "-3F差平均": 0,
      "想定脚質": "不明",
      "track_bias_aptitude_score": null,
      "investment_value_score": 100,
      "total_investment_index": null,
      "investment_rating": 0.6399201646447181,
      "stability_score": 90,
      "investment_mark": "☆"
    },
    {
      "horse_number": 5,
      "name": "フィオラーノ",
      "popularity": 3,
      "odds": 5.0,
      "mark": "△",
      "score": 51.45,
      "track_aptitude": 0,
      "total_points": 71.52118319986927,
      "detail_points": {
        "score": 42.041183199869266,
        "bias": 9.0,
        "pace": 6.48,
        "3f": 4.0,
        "margin": 10.0,
        "track": 0.0
      },
      "avg_margin": 0.0,
      "race_name": "函館5R",
      "pred_prob_won": 0.056619378924369815,
      "pred_prob_in_top2": 0.07181166261434554,
      "pred_prob_in_top3": 0.2021102249622345,
      "score_z": 0.22098234254551177,
      "上り3F平均": 0,
      "Ave-3F平均": 0,
      "PCI平均": 0,
      "-3F差平均": 0,
      "想定脚質": "不明",
      "track_bias_aptitude_score": null,
      "investment_value_score": 55.2,
      "total_investment_index": null,
      "investment_rating": 0.32706925362348555,
      "stability_score": 90,
      "investment_mark": "☆"
    },
    {
      "horse_number": 1,
      "name": "ケイベエ",
      "popularity": 12,
      "odds": 73.0,
      "mark": "⭐︎",
      "score": 46.01,
      "track_aptitude": 0,
      "total_points": 67.07601242033012,
      "detail_points": {
        "score": 37.59601242033012,
        "bias": 9.0,
        "pace": 6.48,
        "3f": 4.0,
        "margin": 10.0,
        "track": 0.0
      },
      "avg_margin": 0.0,
      "race_name": "函館5R",
      "pred_prob_won": 0.028857310488820075,