{
  "horses": [
    {
      "horse_number": 1,
      "name": "ハミルトン",
      "popularity": 6,
      "odds": 12.6,
      "mark": "○",
      "score": 121.55,
      "track_aptitude": 0,
      "total_points": 87.34529516717089,
      "detail_points": {
        "score": 47.14529516717089,
        "bias": 15.0,
        "pace": 10.2,
        "3f": 9.0,
        "margin": 6.0,
        "track": 0.0
      },
      "avg_margin": 0.59375,
      "race_name": "函館8R",
      "pred_prob_won": 0.09743420928716659,
      "pred_prob_in_top2": 0.11148315072059631,
      "pred_prob_in_top3": 0.3143864333629608,
      "score_z": 0.5523048027713974,
      "上り3F平均": 37.36,
      "Ave-3F平均": 37.97,
      "PCI平均": 51.74,
      "-3F差平均": 0.53,
      "想定脚質": "先行",
      "track_bias_aptitude_score": 82.8,
      "investment_value_score": 50.1,
      "total_investment_index": 60.8,
      "investment_rating": 0.8662480968236922,
      "stability_score": 75,
      "investment_mark": "◎"
    },
    {
      "horse_number": 7,
      "name": "ランスノーブル",
      "popularity": 8,
      "odds": 27.6,
      "mark": "▲",
      "score": 120.24,
      "track_aptitude": 3,
      "total_points": 79.78718873632766,
      "detail_points": {
        "score": 46.637188736327666,
        "bias": 4.95,
        "pace": 10.2,
        "3f": 9.0,
        "margin": 6.0,
        "track": 3.0
      },
      "avg_margin": 0.6050000000000002,
      "race_name": "函館8R",
      "pred_prob_won": 0.07876966893672943,
      "pred_prob_in_top2": 0.09351876676082611,
      "pred_prob_in_top3": 0.271857762336731,
      "score_z": 0.4376788059984996,
      "上り3F平均": 38.23,
      "Ave-3F平均": 37.55,
      "PCI平均": 48.28,
      "-3F差平均": 0.9,
      "想定脚質": "中団",
      "track_bias_aptitude_score": 41.4,
      "investment_value_score": 40.7,
      "total_investment_index": 42.6,
      "investment_rating": 0.8398896789550783,
      "stability_score": 75,
      "investment_mark": "○"
    },
    {
      "horse_number": 2,
      "name": "メイショウソムリエ",
      "popularity": 3,
      "odds": 8.1,
      "mark": "◎",
      "score": 123.39,
      "track_aptitude": 2,
      "total_points": 90.06897137537818,
      "detail_points": {
        "score": 47.858971375378175,
        "bias": 15.0,
        "pace": 10.2,
        "3f": 9.0,
        "margin": 6.0,
        "track": 2.0100000000000002
      },
      "avg_margin": 0.5399999999999999,
      "race_name": "函館8R",
      "pred_prob_won": 0.11857297271490097,
      "pred_prob_in_top2": 0.12289580851793289,
      "pred_prob_in_top3": 0.37909814715385437,
      "score_z": 0.7133062028188263,
      "上り3F平均": 37.41,
      "Ave-3F平均": 37.53,
      "PCI平均": 50.48,
      "-3F差平均": 0.51,
      "想定脚質": "先行",
      "track_bias_aptitude_score": 94.3,
      "investment_value_score": 69.5,
      "total_investment_index": 76.2,
      "investment_rating": 0.7337082371115685,
      "stability_score": 75,
      "investment_mark": "△"
    },
    {
      "horse_number": 8,
      "name": "ライフゲート",
      "popularity": 1,
      "odds": 2.4,
      "mark": "△",
      "score": 128.91,
      "track_aptitude": 2,
      "total_points": 78.26,
      "detail_points": {
        "score": 50.0,
        "bias": 7.05,
        "pace": 10.2,
        "3f": 5.0,
        "margin": 4.0,
        "track": 2.0100000000000002
      },
      "avg_margin": 1.1222222222222222,
      "race_name": "函館8R",
      "pred_prob_won": 0.16976950764656068,
      "pred_prob_in_top2": 0.15559011697769165,
      "pred_prob_in_top3": 0.45559823513031006,
      "score_z": 1.1963104029611118,
      "上り3F平均": 39.67,
      "Ave-3F平均": 37.41,
      "PCI平均": 44.47,
      "-3F差平均": 0.6,
      "想定脚質": "逃げ",
      "track_bias_aptitude_score": 39.8,
      "investment_value_score": 100,
      "total_investment_index": 78.9,
      "investment_rating": 0.6117754995822906,
      "stability_score": 60,
      "investment_mark": "△"
    },
    {
      "horse_number": 4,
      "name": "メイショウタイピン",
      "popularity": 4,
      "odds": 9.7,
      "mark": "△",
      "score": 122.31,
      "track_aptitude": 2,
      "total_points": 77.60007447056087,
      "detail_points": {
        "score": 47.44007447056086,
        "bias": 4.95,
        "pace": 10.2,
        "3f": 9.0,
        "margin": 4.0,
        "track": 2.0100000000000002
      },
      "avg_margin": 1.01,
      "race_name": "函館8R",
      "pred_prob_won": 0.09004147052764892,
      "pred_prob_in_top2": 0.08704447150230407,
      "pred_prob_in_top3": 0.2962548673152924,
      "score_z": 0.6188053810518575,
      "上り3F平均": 38.45,
      "Ave-3F平均": 37.89,
      "PCI平均": 48.57,
      "-3F差平均": 0.74,
      "想定脚質": "中団",
      "track_bias_aptitude_score": 35.7,
      "investment_value_score": 57.7,
      "total_investment_index": 51.4,
      "investment_rating": 0.5442704427242281,
      "stability_score": 60,
      "investment_mark": "△"
    },
    {
      "horse_number": 10,
      "name": "ルルシュシュ",
      "popularity": 7,
      "odds": 16.0,
      "mark": "△",
      "score": 115.68,
      "track_aptitude": 2,
      "total_points": 77.0285129159879,
      "detail_points": {
        "score": 44.8685129159879,
        "bias": 4.95,
        "pace": 10.2,
        "3f": 9.0,
        "margin": 6.0,
        "track": 2.0100000000000002
      },
      "avg_margin": 0.8950000000000001,
      "race_name": "函館8R",
      "pred_prob_won": 0.037693724408745764,
      "pred_prob_in_top2": 0.05558319240808487,
      "pred_prob_in_top3": 0.16103237271308898,
      "score_z": 0.03867533631574288,
      "上り3F平均": 38.46,
      "Ave-3F平均": 37.09,
      "PCI平均": 46.52,
      "-3F差平均": 0.92,
      "想定脚質": "中団",
      "track_bias_aptitude_score": 35.7,
      "investment_value_score": 31.4,
      "total_investment_index": 34.6,
      "investment_rating": 0.09203938037157067,
      "stability_score": 75,
      "investment_mark": "☆"
    },
    {
      "horse_number": 6,
      "name": "アスゴッド",
      "popularity": 5,
      "odds": 11.6,
      "mark": "▲",
      "score": 111.82,
      "track_aptitude": 0,
      "total_points": 83.57134434877045,
      "detail_points": {
        "score": 43.37134434877046,
        "bias": 15.0,
        "pace": 10.2,
        "3f": 9.0,
        "margin": 6.0,
        "track": 0.0
      },
      "avg_margin": 0.64,
      "race_name": "函館8R",
      "pred_prob_won": 0.03335890509188175,
      "pred_prob_in_top2": 0.055562522262334824,
      "pred_prob_in_top3": 0.14475194811820985,
      "score_z": -0.299077600740277,
      "上り3F平均": 37.01,
      "Ave-3F平均": 35.63,
      "PCI平均": 46.41,
      "-3F差平均": 0.56,
      "想定脚質": "先行",
      "track_bias_aptitude_score": 82.8,
      "investment_value_score": 34.8,
      "total_investment_index": 50.2,
      "investment_rating": -0.06242824643850331,
      "stability_score": 75,
      "investment_mark": "××"
    },
    {
      "horse_number": 9,
      "name": "カペルブリュッケ",
      "popularity": 2,
      "odds": 2.9,
      "mark": "△",
      "score": 114.87,
      "track_aptitude": 2,
      "total_points": 74.71434023737493,
      "detail_points": {
        "score": 44.554340237374916,
        "bias": 4.95,
        "pace": 10.2,
        "3f": 9.0,
        "margin": 4.0,
        "track": 2.0100000000000002
      },
      "avg_margin": 1.2,
      "race_name": "函館8R",
      "pred_prob_won": 0.03912869393825531,
      "pred_prob_in_top2": 0.058369482308626174,
      "pred_prob_in_top3": 0.1600102573633194,
      "score_z": -0.032200280009484036,
      "上り3F平均": 37.53,
      "Ave-3F平均": 36.79,
      "PCI平均": 48.06,
      "-3F差平均": 0.99,
      "想定脚質": "中団",
      "track_bias_aptitude_score": 35.7,
      "investment_value_score": 56.3,
      "total_investment_index": 49.4,
      "investment_rating": -0.10396820217370983,
      "stability_score": 60,
      "investment_mark": "××"
    },
    {
      "horse_number": 3,
      "name": "スノーホルンロード",
      "popularity": 10,
      "odds": 79.8,
      "mark": "⭐︎",
      "score": 104.41,
      "track_aptitude": 2,
      "total_points": 72.65724614071834,