{
  "horses": [
    {
      "horse_number": 2,
      "name": "フロンタルジェダイ",
      "popularity": 8,
      "odds": 21.2,
      "mark": "○",
      "score": 139.1,
      "track_aptitude": 2,
      "total_points": 86.77846334114497,
      "detail_points": {
        "score": 46.56846334114496,
        "bias": 15.0,
        "pace": 10.2,
        "3f": 9.0,
        "margin": 4.0,
        "track": 2.0100000000000002
      },
      "avg_margin": 1.11,
      "race_name": "函館8R",
      "pred_prob_won": 0.09748414605855941,
      "pred_prob_in_top2": 0.12754280865192413,
      "pred_prob_in_top3": 0.3360440909862518,
      "score_z": 0.4378391935769998,
      "上り3F平均": 39.05,
      "Ave-3F平均": 38.84,
      "PCI平均": 49.59,
      "-3F差平均": 0.58,
      "想定脚質": "先行",
      "track_bias_aptitude_score": 94.5,
      "investment_value_score": 42.8,
      "total_investment_index": 59.8,
      "investment_rating": 1.283879977762699,
      "stability_score": 60,
      "investment_mark": "◎"
    },
    {
      "horse_number": 10,
      "name": "ファイアトリック",
      "popularity": 3,
      "odds": 6.9,
      "mark": "△",
      "score": 147.23,
      "track_aptitude": 0,
      "total_points": 73.57025778372949,
      "detail_points": {
        "score": 49.290257783729494,
        "bias": 3.0,
        "pace": 8.28,
        "3f": 7.0,
        "margin": 6.0,
        "track": 0.0
      },
      "avg_margin": 0.8944444444444445,
      "race_name": "函館8R",
      "pred_prob_won": 0.2058354288339615,
      "pred_prob_in_top2": 0.16254697740077972,
      "pred_prob_in_top3": 0.49085318446159365,
      "score_z": 1.2293483725054626,
      "上り3F平均": 35.93,
      "Ave-3F平均": 37.07,
      "PCI平均": 53.26,
      "-3F差平均": 0.89,
      "想定脚質": "後方",
      "track_bias_aptitude_score": 1,
      "investment_value_score": 72.9,
      "total_investment_index": 51.1,
      "investment_rating": 1.1670714640617372,
      "stability_score": 75,
      "investment_mark": "○"
    },
    {
      "horse_number": 4,
      "name": "ビッグベルーガ",
      "popularity": 9,
      "odds": 22.3,
      "mark": "◎",
      "score": 134.9,
      "track_aptitude": 2,
      "total_points": 87.3723702711751,
      "detail_points": {
        "score": 45.16237027117509,
        "bias": 15.0,
        "pace": 10.2,
        "3f": 9.0,
        "margin": 6.0,
        "track": 2.0100000000000002
      },
      "avg_margin": 0.7,
      "race_name": "函館8R",
      "pred_prob_won": 0.06751838922500611,
      "pred_prob_in_top2": 0.10749952644109725,
      "pred_prob_in_top3": 0.277693036198616,
      "score_z": 0.028941462765248744,
      "上り3F平均": 36.64,
      "Ave-3F平均": 37.46,
      "PCI平均": 52.28,
      "-3F差平均": 0.97,
      "想定脚質": "先行",
      "track_bias_aptitude_score": 94.5,
      "investment_value_score": 35.6,
      "total_investment_index": 54.8,
      "investment_rating": 1.0160819497704505,
      "stability_score": 75,
      "investment_mark": "▲"
    },
    {
      "horse_number": 3,
      "name": "アークドール",
      "popularity": 1,
      "odds": 2.4,
      "mark": "▲",
      "score": 149.35,
      "track_aptitude": 1,
      "total_points": 79.19,
      "detail_points": {
        "score": 50.0,
        "bias": 3.0,
        "pace": 10.2,
        "3f": 9.0,
        "margin": 6.0,
        "track": 0.99
      },
      "avg_margin": 0.5599999999999999,
      "race_name": "函館8R",
      "pred_prob_won": 0.2594281107187271,
      "pred_prob_in_top2": 0.16030210852622986,
      "pred_prob_in_top3": 0.5912518501281738,
      "score_z": 1.4357443699628236,
      "上り3F平均": 36.88,
      "Ave-3F平均": 37.66,
      "PCI平均": 52.22,
      "-3F差平均": 0.84,
      "想定脚質": "中団",
      "track_bias_aptitude_score": 13.0,
      "investment_value_score": 100,
      "total_investment_index": 71.3,
      "investment_rating": 0.9781296253204346,
      "stability_score": 75,
      "investment_mark": "▲"
    },
    {
      "horse_number": 6,
      "name": "シーリュウシー",
      "popularity": 6,
      "odds": 15.0,
      "mark": "△",
      "score": 138.85,
      "track_aptitude": 2,
      "total_points": 72.69476732507533,
      "detail_points": {
        "score": 46.484767325075325,
        "bias": 3.0,
        "pace": 10.2,
        "3f": 7.0,
        "margin": 4.0,
        "track": 2.0100000000000002
      },
      "avg_margin": 1.57,
      "race_name": "函館8R",
      "pred_prob_won": 0.07246671319007873,
      "pred_prob_in_top2": 0.10110783576965332,
      "pred_prob_in_top3": 0.27411344945430755,
      "score_z": 0.4135000429334431,
      "上り3F平均": 39.22,
      "Ave-3F平均": 38.66,
      "PCI平均": 48.62,
      "-3F差平均": 1.12,
      "想定脚質": "中団",
      "track_bias_aptitude_score": 18.5,
      "investment_value_score": 44.3,
      "total_investment_index": 37.8,
      "investment_rating": 0.6890956096351146,
      "stability_score": 60,
      "investment_mark": "△"
    },
    {
      "horse_number": 1,
      "name": "ポップスター",
      "popularity": 7,
      "odds": 15.9,
      "mark": "△",
      "score": 136.45,
      "track_aptitude": 2,
      "total_points": 73.97128557080684,
      "detail_points": {
        "score": 45.68128557080683,
        "bias": 3.0,
        "pace": 8.28,
        "3f": 9.0,
        "margin": 6.0,
        "track": 2.0100000000000002
      },
      "avg_margin": 0.845,
      "race_name": "函館8R",
      "pred_prob_won": 0.05775104016065598,
      "pred_prob_in_top2": 0.08742824494838715,
      "pred_prob_in_top3": 0.24366614818572999,
      "score_z": 0.17984419675529847,
      "上り3F平均": 37.45,
      "Ave-3F平均": 38.69,
      "PCI平均": 53.35,
      "-3F差平均": 1.62,
      "想定脚質": "後方",
      "track_bias_aptitude_score": 12.0,
      "investment_value_score": 38.4,
      "total_investment_index": 31.9,
      "investment_rating": 0.6132636594772338,
      "stability_score": 75,
      "investment_mark": "△"
    },
    {
      "horse_number": 7,
      "name": "ドーギッド",
      "popularity": 2,
      "odds": 4.5,
      "mark": "△",
      "score": 139.38,
      "track_aptitude": 0,
      "total_points": 76.86220287914296,
      "detail_points": {
        "score": 46.66220287914295,
        "bias": 3.0,
        "pace": 10.2,
        "3f": 9.0,
        "margin": 8.0,
        "track": 0.0
      },
      "avg_margin": 0.45,
      "race_name": "函館8R",
      "pred_prob_won": 0.08262352049350738,
      "pred_prob_in_top2": 0.09724253565073013,
      "pred_prob_in_top3": 0.2852115333080292,
      "score_z": 0.46509904229778337,
      "上り3F平均": 34.88,
      "Ave-3F平均": 36.95,
      "PCI平均": 55.98,
      "-3F差平均": 0.65,
      "想定脚質": "中団",
      "track_bias_aptitude_score": 7.5,
      "investment_value_score": 66.4,
      "total_investment_index": 47.9,
      "investment_rating": 0.31989517658948896,
      "stability_score": 90,
      "investment_mark": "☆"
    },
    {
      "horse_number": 11,
      "name": "リエータメンテ",
      "popularity": 11,
      "odds": 47.0,
      "mark": "▲",
      "score": 126.83,
      "track_aptitude": 0,
      "total_points": 80.66066287244728,
      "detail_points": {
        "score": 42.46066287244727,
        "bias": 15.0,
        "pace": 10.2,
        "3f": 9.0,
        "margin": 4.0,
        "track": 0.0
      },
      "avg_margin": 1.5799999999999998,
      "race_name": "函館8R",
      "pred_prob_won": 0.0268809549510479,
      "pred_prob_in_top2": 0.03429916650056839,
      "pred_prob_in_top3": 0.13957268744707108,
      "score_z": -0.7567263200087615,
      "上り3F平均": 38.95,
      "Ave-3F平均": 38.11,
      "PCI平均": 47.97,
      "-3F差平均": 0.6,
      "想定脚質": "先行",
      "track_bias_aptitude_score": 83.5,
      "investment_value_score": 17.4,
      "total_investment_index": 39.2,
      "investment_rating": 0.1165814995765686,
      "stability_score": 60,
      "investment_mark": "×"
    },
    {
      "horse_number": 9,
      "name": "リアンクトワ",
      "popularity": 4,
      "odds": 8.1,
      "mark": "⭐︎",
      "score": 131.65,
      "track_aptitude": 0,
      "total_points": 70.27432206226983,