{
  "horses": [
    {
      "horse_number": 9,
      "name": "スマートプリエール",
      "popularity": 1,
      "odds": 1.1,
      "mark": "○",
      "score": 139.8,
      "track_aptitude": 2,
      "total_points": 81.29,
      "detail_points": {
        "score": 50.0,
        "bias": 3.0,
        "pace": 8.28,
        "3f": 9.0,
        "margin": 9.0,
        "track": 2.0100000000000002
      },
      "avg_margin": 0.2,
      "race_name": "函館1R",
      "pred_prob_won": 0.2756301939487457,
      "pred_prob_in_top2": 0.1987488806247711,
      "pred_prob_in_top3": 0.5978129148483277,
      "score_z": 1.7534147029848364,
      "上り3F平均": 33.9,
      "Ave-3F平均": 37.9,
      "PCI平均": 61.8,
      "-3F差平均": 0.5,
      "想定脚質": "中団",
      "track_bias_aptitude_score": 30.2,
      "investment_value_score": 100,
      "total_investment_index": 77.0,
      "investment_rating": 0.9945322871208191,
      "stability_score": 90,
      "investment_mark": "◎"
    },
    {
      "horse_number": 10,
      "name": "ティブロン",
      "popularity": 2,
      "odds": 8.3,
      "mark": "◎",
      "score": 130.47,
      "track_aptitude": 1,
      "total_points": 89.65309012875535,
      "detail_points": {
        "score": 46.66309012875536,
        "bias": 15.0,
        "pace": 12.0,
        "3f": 9.0,
        "margin": 6.0,
        "track": 0.99
      },
      "avg_margin": 0.75,
      "race_name": "函館1R",
      "pred_prob_won": 0.18691868782043458,
      "pred_prob_in_top2": 0.16908470094203948,
      "pred_prob_in_top3": 0.4983682930469513,
      "score_z": 1.1164807456446109,
      "上り3F平均": 36.3,
      "Ave-3F平均": 38.15,
      "PCI平均": 55.1,
      "-3F差平均": 0.7,
      "想定脚質": "先行",
      "track_bias_aptitude_score": 88.8,
      "investment_value_score": 79.5,
      "total_investment_index": 81.2,
      "investment_rating": 0.9700232937932014,
      "stability_score": 75,
      "investment_mark": "○"
    },
    {
      "horse_number": 2,
      "name": "ジャストビート",
      "popularity": 3,
      "odds": 11.2,
      "mark": "▲",
      "score": 127.05,
      "track_aptitude": 0,
      "total_points": 69.71991416309012,
      "detail_points": {
        "score": 45.43991416309012,
        "bias": 3.0,
        "pace": 8.28,
        "3f": 9.0,
        "margin": 4.0,
        "track": 0.0
      },
      "avg_margin": 1.2,
      "race_name": "函館1R",
      "pred_prob_won": 0.13810814023017884,
      "pred_prob_in_top2": 0.13424508571624755,
      "pred_prob_in_top3": 0.3966644585132599,
      "score_z": 0.883006561925043,
      "上り3F平均": 34.15,
      "Ave-3F平均": 36.42,
      "PCI平均": 56.75,
      "-3F差平均": 1.7,
      "想定脚質": "後方",
      "track_bias_aptitude_score": 1,
      "investment_value_score": 66.3,
      "total_investment_index": 46.6,
      "investment_rating": 0.8279920506477356,
      "stability_score": 60,
      "investment_mark": "▲"
    },
    {
      "horse_number": 11,
      "name": "シャインヴィーラ",
      "popularity": 7,
      "odds": 53.4,
      "mark": "△",
      "score": 116.77,
      "track_aptitude": 1,
      "total_points": 63.033233190271815,
      "detail_points": {
        "score": 41.76323319027181,
        "bias": 3.0,
        "pace": 8.28,
        "3f": 7.0,
        "margin": 2.0,
        "track": 0.99
      },
      "avg_margin": 2.3,
      "race_name": "函館1R",
      "pred_prob_won": 0.057253551483154294,
      "pred_prob_in_top2": 0.06878034472465515,
      "pred_prob_in_top3": 0.21529909670352937,
      "score_z": 0.18121866466271622,
      "上り3F平均": 37.0,
      "Ave-3F平均": 38.2,
      "PCI平均": 53.2,
      "-3F差平均": 0.8,
      "想定脚質": "後方",
      "track_bias_aptitude_score": 6.6,
      "investment_value_score": 36.7,
      "total_investment_index": 29.3,
      "investment_rating": 0.44873476088047015,
      "stability_score": 45,
      "investment_mark": "△"
    },
    {
      "horse_number": 3,
      "name": "チェンドル",
      "popularity": 4,
      "odds": 27.5,
      "mark": "▲",
      "score": 115.0,
      "track_aptitude": 2,
      "total_points": 69.4201859799714,
      "detail_points": {
        "score": 41.13018597997139,
        "bias": 3.0,
        "pace": 8.28,
        "3f": 9.0,
        "margin": 6.0,
        "track": 2.0100000000000002
      },
      "avg_margin": 0.9,
      "race_name": "函館1R",
      "pred_prob_won": 0.054198043793439864,
      "pred_prob_in_top2": 0.06785002946853638,
      "pred_prob_in_top3": 0.20437250435352325,
      "score_z": 0.06038553449206298,
      "上り3F平均": 35.5,
      "Ave-3F平均": 35.5,
      "PCI平均": 50.0,
      "-3F差平均": 1.1,
      "想定脚質": "後方",
      "track_bias_aptitude_score": 12.2,
      "investment_value_score": 45.4,
      "total_investment_index": 36.0,
      "investment_rating": 0.1981458930671216,
      "stability_score": 75,
      "investment_mark": "☆"
    },
    {
      "horse_number": 7,
      "name": "セレーノ",
      "popularity": 5,
      "odds": 33.2,
      "mark": "△",
      "score": 116.5,
      "track_aptitude": 0,
      "total_points": 63.946666666666665,
      "detail_points": {
        "score": 41.666666666666664,
        "bias": 3.0,
        "pace": 8.28,
        "3f": 9.0,
        "margin": 2.0,
        "track": 0.0
      },
      "avg_margin": 2.1,
      "race_name": "函館1R",
      "pred_prob_won": 0.05054609999060631,
      "pred_prob_in_top2": 0.06212056577205658,
      "pred_prob_in_top3": 0.17477338910102844,
      "score_z": 0.16278649226380326,
      "上り3F平均": 34.6,
      "Ave-3F平均": 35.7,
      "PCI平均": 53.2,
      "-3F差平均": 2.3,
      "想定脚質": "後方",
      "track_bias_aptitude_score": 1,
      "investment_value_score": 38.9,
      "total_investment_index": 28.9,
      "investment_rating": 0.12143492877483375,
      "stability_score": 45,
      "investment_mark": "☆"
    },
    {
      "horse_number": 8,
      "name": "ラシッド",
      "popularity": 6,
      "odds": 43.6,
      "mark": "△",
      "score": 112.58,
      "track_aptitude": 1,
      "total_points": 65.53466380543632,
      "detail_points": {
        "score": 40.264663805436335,
        "bias": 3.0,
        "pace": 8.28,
        "3f": 9.0,
        "margin": 4.0,
        "track": 0.99
      },
      "avg_margin": 1.9,
      "race_name": "函館1R",
      "pred_prob_won": 0.031348658725619316,
      "pred_prob_in_top2": 0.06210602447390556,
      "pred_prob_in_top3": 0.1561020463705063,
      "score_z": -0.10482134404634479,
      "上り3F平均": 34.7,
      "Ave-3F平均": 35.6,
      "PCI平均": 52.6,
      "-3F差平均": 2.2,
      "想定脚質": "後方",
      "track_bias_aptitude_score": 6.6,
      "investment_value_score": 32.8,
      "total_investment_index": 26.5,
      "investment_rating": 0.069535743445158,
      "stability_score": 60,
      "investment_mark": "×"
    },
    {
      "horse_number": 4,
      "name": "ブルームオブピース",
      "popularity": 10,
      "odds": 99.8,
      "mark": "△",
      "score": 100.07,
      "track_aptitude": 2,
      "total_points": 62.080414878397704,
      "detail_points": {
        "score": 35.790414878397705,
        "bias": 3.0,
        "pace": 8.28,
        "3f": 9.0,
        "margin": 4.0,
        "track": 2.0100000000000002
      },
      "avg_margin": 1.9,
      "race_name": "函館1R",
      "pred_prob_won": 0.017702487856149675,
      "pred_prob_in_top2": 0.02890285402536392,
      "pred_prob_in_top3": 0.0852468490600586,
      "score_z": -0.958845331862659,
      "上り3F平均": 35.2,
      "Ave-3F平均": 36.8,
      "PCI平均": 54.5,
      "-3F差平均": 2.4,
      "想定脚質": "後方",
      "track_bias_aptitude_score": 12.2,
      "investment_value_score": 12.0,
      "total_investment_index": 14.3,
      "investment_rating": -0.31491097450256333,
      "stability_score": 60,
      "investment_mark": "××"
    },
    {
      "horse_number": 1,
      "name": "ロイヤルタイム",
      "popularity": 8,
      "odds": 62.4,
      "mark": "⭐︎",
      "score": 105.66,
      "track_aptitude": 2,
      "total_points": 60.07969957081544,
      "detail_points": {
        "score": 37.78969957081544,
        "bias": 3.0,
        "pace": 8.28,
        "3f": 7.0,