{
  "horses": [
    {
      "horse_number": 4,
      "name": "スマートテンペスト",
      "popularity": 5,
      "odds": 11.6,
      "mark": "○",
      "score": 128.4,
      "track_aptitude": 0,
      "total_points": 83.86469876947152,
      "detail_points": {
        "score": 45.664698769471514,
        "bias": 15.0,
        "pace": 10.2,
        "3f": 9.0,
        "margin": 4.0,
        "track": 0.0
      },
      "avg_margin": 1.1625,
      "race_name": "函館4R",
      "pred_prob_won": 0.153719699382782,
      "pred_prob_in_top2": 0.14551636278629304,
      "pred_prob_in_top3": 0.4359798491001129,
      "score_z": 0.9629117585879723,
      "上り3F平均": 38.05,
      "Ave-3F平均": 35.53,
      "PCI平均": 43.45,
      "-3F差平均": 0.7,
      "想定脚質": "先行",
      "track_bias_aptitude_score": 83.0,
      "investment_value_score": 60.3,
      "total_investment_index": 67.7,
      "investment_rating": 1.4337083134055137,
      "stability_score": 60,
      "investment_mark": "◎"
    },
    {
      "horse_number": 6,
      "name": "スマートブル",
      "popularity": 7,
      "odds": 18.4,
      "mark": "▲",
      "score": 124.24,
      "track_aptitude": 0,
      "total_points": 82.38521943239206,
      "detail_points": {
        "score": 44.18521943239206,
        "bias": 15.0,
        "pace": 10.2,
        "3f": 9.0,
        "margin": 4.0,
        "track": 0.0
      },
      "avg_margin": 1.116666666666667,
      "race_name": "函館4R",
      "pred_prob_won": 0.11664065420627594,
      "pred_prob_in_top2": 0.12219797670841218,
      "pred_prob_in_top3": 0.354405415058136,
      "score_z": 0.7537985479825442,
      "上り3F平均": 39.14,
      "Ave-3F平均": 36.47,
      "PCI平均": 43.22,
      "-3F差平均": 0.7,
      "想定脚質": "先行",
      "track_bias_aptitude_score": 83.0,
      "investment_value_score": 49.1,
      "total_investment_index": 60.6,
      "investment_rating": 1.3523905950784685,
      "stability_score": 60,
      "investment_mark": "○"
    },
    {
      "horse_number": 2,
      "name": "レズルレクティオ",
      "popularity": 2,
      "odds": 3.9,
      "mark": "◎",
      "score": 138.96,
      "track_aptitude": 0,
      "total_points": 91.62030016359627,
      "detail_points": {
        "score": 49.42030016359627,
        "bias": 15.0,
        "pace": 10.2,
        "3f": 9.0,
        "margin": 8.0,
        "track": 0.0
      },
      "avg_margin": 0.36250000000000004,
      "race_name": "函館4R",
      "pred_prob_won": 0.25577921867370607,
      "pred_prob_in_top2": 0.18582323491573333,
      "pred_prob_in_top3": 0.5742714405059814,
      "score_z": 1.4937376008940577,
      "上り3F平均": 38.33,
      "Ave-3F平均": 38.31,
      "PCI平均": 50.1,
      "-3F差平均": 0.5,
      "想定脚質": "先行",
      "track_bias_aptitude_score": 83.0,
      "investment_value_score": 86.3,
      "total_investment_index": 84.2,
      "investment_rating": 1.2653871774673462,
      "stability_score": 90,
      "investment_mark": "▲"
    },
    {
      "horse_number": 5,
      "name": "サトミノエンジェル",
      "popularity": 1,
      "odds": 2.9,
      "mark": "▲",
      "score": 140.59,
      "track_aptitude": 2,
      "total_points": 82.16000000000001,
      "detail_points": {
        "score": 50.0,
        "bias": 4.95,
        "pace": 10.2,
        "3f": 9.0,
        "margin": 6.0,
        "track": 2.0100000000000002
      },
      "avg_margin": 0.625,
      "race_name": "函館4R",
      "pred_prob_won": 0.24917424321174622,
      "pred_prob_in_top2": 0.17904362976551055,
      "pred_prob_in_top3": 0.5594581007957459,
      "score_z": 1.5756737867803188,
      "上り3F平均": 37.6,
      "Ave-3F平均": 37.79,
      "PCI平均": 50.59,
      "-3F差平均": 0.7,
      "想定脚質": "中団",
      "track_bias_aptitude_score": 37.3,
      "investment_value_score": 100,
      "total_investment_index": 78.8,
      "investment_rating": 0.9647265368700029,
      "stability_score": 75,
      "investment_mark": "▲"
    },
    {
      "horse_number": 12,
      "name": "アーロッタレット",
      "popularity": 3,
      "odds": 6.3,
      "mark": "△",
      "score": 122.91,
      "track_aptitude": 0,
      "total_points": 71.86221281741234,
      "detail_points": {
        "score": 43.712212817412336,
        "bias": 4.95,
        "pace": 10.2,
        "3f": 9.0,
        "margin": 4.0,
        "track": 0.0
      },
      "avg_margin": 1.1,
      "race_name": "函館4R",
      "pred_prob_won": 0.09188982695341111,
      "pred_prob_in_top2": 0.11106692999601364,
      "pred_prob_in_top3": 0.31375795006752016,
      "score_z": 0.6869426417072514,
      "上り3F平均": 38.9,
      "Ave-3F平均": 36.12,
      "PCI平均": 42.85,
      "-3F差平均": 0.9,
      "想定脚質": "中団",
      "track_bias_aptitude_score": 26.0,
      "investment_value_score": 62.6,
      "total_investment_index": 51.5,
      "investment_rating": 0.6324649277329446,
      "stability_score": 60,
      "investment_mark": "△"
    },
    {
      "horse_number": 11,
      "name": "ウーナファータ",
      "popularity": 12,
      "odds": 64.3,
      "mark": "△",
      "score": 107.94,
      "track_aptitude": 1,
      "total_points": 63.65822106835479,
      "detail_points": {
        "score": 38.38822106835479,
        "bias": 3.0,
        "pace": 8.28,
        "3f": 9.0,
        "margin": 4.0,
        "track": 0.99
      },
      "avg_margin": 1.875,
      "race_name": "函館4R",
      "pred_prob_won": 0.03257378749549389,
      "pred_prob_in_top2": 0.05634692683815956,
      "pred_prob_in_top3": 0.14206348061561586,
      "score_z": -0.06556331088006838,
      "上り3F平均": 38.12,
      "Ave-3F平均": 37.34,
      "PCI平均": 48.0,
      "-3F差平均": 1.23,
      "想定脚質": "後方",
      "track_bias_aptitude_score": 6.7,
      "investment_value_score": 19.9,
      "total_investment_index": 18.8,
      "investment_rating": 0.293333237171173,
      "stability_score": 60,
      "investment_mark": "☆"
    },
    {
      "horse_number": 1,
      "name": "リバティフレイム",
      "popularity": 6,
      "odds": 13.0,
      "mark": "△",
      "score": 112.25,
      "track_aptitude": 0,
      "total_points": 72.12104701614624,
      "detail_points": {
        "score": 39.92104701614624,
        "bias": 15.0,
        "pace": 10.2,
        "3f": 5.0,
        "margin": 2.0,
        "track": 0.0
      },
      "avg_margin": 2.35,
      "race_name": "函館4R",
      "pred_prob_won": 0.04237253293395042,
      "pred_prob_in_top2": 0.0626096896827221,
      "pred_prob_in_top3": 0.1657659024000168,
      "score_z": 0.15109003953084343,
      "上り3F平均": 40.25,
      "Ave-3F平均": 38.24,
      "PCI平均": 45.1,
      "-3F差平均": 1.9,
      "想定脚質": "先行",
      "track_bias_aptitude_score": 83.0,
      "investment_value_score": 35.6,
      "total_investment_index": 51.5,
      "investment_rating": 0.24540610224008563,
      "stability_score": 45,
      "investment_mark": "☆"
    },
    {
      "horse_number": 8,
      "name": "ゴールドリバース",
      "popularity": 10,
      "odds": 52.2,
      "mark": "△",
      "score": 96.78,
      "track_aptitude": 2,
      "total_points": 60.57923323138204,
      "detail_points": {
        "score": 34.41923323138204,
        "bias": 4.95,
        "pace": 10.2,
        "3f": 7.0,
        "margin": 2.0,
        "track": 2.0100000000000002
      },
      "avg_margin": 2.8,
      "race_name": "函館4R",
      "pred_prob_won": 0.020775116235017776,
      "pred_prob_in_top2": 0.03530694767832756,
      "pred_prob_in_top3": 0.09786732345819474,
      "score_z": -0.6265497124080902,
      "上り3F平均": 39.45,
      "Ave-3F平均": 37.41,
      "PCI平均": 44.85,
      "-3F差平均": 1.05,
      "想定脚質": "中団",
      "track_bias_aptitude_score": 37.3,
      "investment_value_score": 15.2,
      "total_investment_index": 24.3,
      "investment_rating": -0.08556853875517845,
      "stability_score": 45,
      "investment_mark": "××"
    },
    {
      "horse_number": 10,
      "name": "ビップアリエル",
      "popularity": 11,
      "odds": 52.2,
      "mark": "消",
      "score": 103.51,
      "track_aptitude": 0,
      "total_points": 58.092717831993745,
      "detail_points": {
        "score": 36.812717831993744,