{
  "horses": [
    {
      "horse_number": 9,
      "name": "ソルトクィーン",
      "popularity": 3,
      "odds": 6.5,
      "mark": "◎",
      "score": 115.34,
      "track_aptitude": 2,
      "total_points": 94.06,
      "detail_points": {
        "score": 50.0,
        "bias": 13.05,
        "pace": 12.0,
        "3f": 9.0,
        "margin": 8.0,
        "track": 2.0100000000000002
      },
      "avg_margin": 0.3,
      "race_name": "函館11R",
      "pred_prob_won": 0.22634929716587066,
      "pred_prob_in_top2": 0.1603548675775528,
      "pred_prob_in_top3": 0.5193108439445495,
      "score_z": 1.5739391757558698,
      "上り3F平均": 35.1,
      "Ave-3F平均": 35.0,
      "PCI平均": 49.73,
      "-3F差平均": 0.54,
      "想定脚質": "先行",
      "track_bias_aptitude_score": 93.0,
      "investment_value_score": 99.2,
      "total_investment_index": 95.0,
      "investment_rating": 1.3416224116086959,
      "stability_score": 90,
      "investment_mark": "◎"
    },
    {
      "horse_number": 10,
      "name": "ルーフ",
      "popularity": 11,
      "odds": 44.6,
      "mark": "▲",
      "score": 104.79,
      "track_aptitude": 1,
      "total_points": 86.46656493844286,
      "detail_points": {
        "score": 45.426564938442866,
        "bias": 13.05,
        "pace": 12.0,
        "3f": 9.0,
        "margin": 6.0,
        "track": 0.99
      },
      "avg_margin": 0.63,
      "race_name": "函館11R",
      "pred_prob_won": 0.08707850575447082,
      "pred_prob_in_top2": 0.08894808888435364,
      "pred_prob_in_top3": 0.2751110434532166,
      "score_z": 0.5321698893604333,
      "上り3F平均": 35.0,
      "Ave-3F平均": 34.08,
      "PCI平均": 47.54,
      "-3F差平均": 0.71,
      "想定脚質": "先行",
      "track_bias_aptitude_score": 86.0,
      "investment_value_score": 47.5,
      "total_investment_index": 60.2,
      "investment_rating": 1.3096216911077503,
      "stability_score": 75,
      "investment_mark": "○"
    },
    {
      "horse_number": 3,
      "name": "ポエットリー",
      "popularity": 6,
      "odds": 9.2,
      "mark": "○",
      "score": 107.62,
      "track_aptitude": 0,
      "total_points": 86.7033726374198,
      "detail_points": {
        "score": 46.65337263741981,
        "bias": 13.05,
        "pace": 12.0,
        "3f": 9.0,
        "margin": 6.0,
        "track": 0.0
      },
      "avg_margin": 0.53,
      "race_name": "函館11R",
      "pred_prob_won": 0.1179169699549675,
      "pred_prob_in_top2": 0.11980080008506774,
      "pred_prob_in_top3": 0.3514860153198242,
      "score_z": 0.8116207974646119,
      "上り3F平均": 34.36,
      "Ave-3F平均": 35.04,
      "PCI平均": 52.02,
      "-3F差平均": 0.87,
      "想定脚質": "先行",
      "track_bias_aptitude_score": 79.1,
      "investment_value_score": 68.6,
      "total_investment_index": 71.2,
      "investment_rating": 1.1925786781311034,
      "stability_score": 75,
      "investment_mark": "▲"
    },
    {
      "horse_number": 12,
      "name": "レオテミス",
      "popularity": 5,
      "odds": 8.5,
      "mark": "×",
      "score": 108.82,
      "track_aptitude": 1,
      "total_points": 70.44357378186231,
      "detail_points": {
        "score": 47.173573781862316,
        "bias": 3.0,
        "pace": 8.28,
        "3f": 5.0,
        "margin": 6.0,
        "track": 0.99
      },
      "avg_margin": 0.585,
      "race_name": "函館11R",
      "pred_prob_won": 0.09841524958610534,
      "pred_prob_in_top2": 0.10206368863582611,
      "pred_prob_in_top3": 0.295777291059494,
      "score_z": 0.9301158821730965,
      "上り3F平均": 35.8,
      "Ave-3F平均": 34.79,
      "PCI平均": 47.43,
      "-3F差平均": 0.63,
      "想定脚質": "逃げ",
      "track_bias_aptitude_score": 8.0,
      "investment_value_score": 69.5,
      "total_investment_index": 50.7,
      "investment_rating": 0.7957866743206978,
      "stability_score": 75,
      "investment_mark": "△"
    },
    {
      "horse_number": 14,
      "name": "ソノママソノママ",
      "popularity": 8,
      "odds": 15.0,
      "mark": "▲",
      "score": 100.57,
      "track_aptitude": 2,
      "total_points": 85.55719091382001,
      "detail_points": {
        "score": 43.59719091382001,
        "bias": 10.95,
        "pace": 12.0,
        "3f": 9.0,
        "margin": 8.0,
        "track": 2.0100000000000002
      },
      "avg_margin": 0.375,
      "race_name": "函館11R",
      "pred_prob_won": 0.049678169190883636,
      "pred_prob_in_top2": 0.06717937216162681,
      "pred_prob_in_top3": 0.18940248787403108,
      "score_z": 0.11546217480225725,
      "上り3F平均": 34.97,
      "Ave-3F平均": 34.76,
      "PCI平均": 49.45,
      "-3F差平均": 0.75,
      "想定脚質": "中団",
      "track_bias_aptitude_score": 76.1,
      "investment_value_score": 44.6,
      "total_investment_index": 54.8,
      "investment_rating": 0.4742954248189927,
      "stability_score": 90,
      "investment_mark": "☆"
    },
    {
      "horse_number": 11,
      "name": "ゴールドサーベル",
      "popularity": 4,
      "odds": 7.7,
      "mark": "⭐︎",
      "score": 105.87,
      "track_aptitude": 0,
      "total_points": 76.22474596844113,
      "detail_points": {
        "score": 45.89474596844113,
        "bias": 7.05,
        "pace": 8.28,
        "3f": 9.0,
        "margin": 6.0,
        "track": 0.0
      },
      "avg_margin": 0.72,
      "race_name": "函館11R",
      "pred_prob_won": 0.05920596793293953,
      "pred_prob_in_top2": 0.06383802220225335,
      "pred_prob_in_top3": 0.21403739750385284,
      "score_z": 0.6388154655980702,
      "上り3F平均": 34.71,
      "Ave-3F平均": 35.25,
      "PCI平均": 51.65,
      "-3F差平均": 1.02,
      "想定脚質": "後方",
      "track_bias_aptitude_score": 22.7,
      "investment_value_score": 65.6,
      "total_investment_index": 52.2,
      "investment_rating": 0.3561495900154114,
      "stability_score": 75,
      "investment_mark": "☆"
    },
    {
      "horse_number": 2,
      "name": "シュヴェルトライテ",
      "popularity": 7,
      "odds": 13.8,
      "mark": "△",
      "score": 102.32,
      "track_aptitude": 0,
      "total_points": 80.30581758279868,
      "detail_points": {
        "score": 44.35581758279868,
        "bias": 10.95,
        "pace": 12.0,
        "3f": 7.0,
        "margin": 6.0,
        "track": 0.0
      },
      "avg_margin": 0.755,
      "race_name": "函館11R",
      "pred_prob_won": 0.042437606304883954,
      "pred_prob_in_top2": 0.06236186847090721,
      "pred_prob_in_top3": 0.17273794412612914,
      "score_z": 0.2882675066687989,
      "上り3F平均": 34.59,
      "Ave-3F平均": 35.18,
      "PCI平均": 51.75,
      "-3F差平均": 1.22,
      "想定脚質": "中団",
      "track_bias_aptitude_score": 62.2,
      "investment_value_score": 46.2,
      "total_investment_index": 51.9,
      "investment_rating": 0.3259693843126298,
      "stability_score": 75,
      "investment_mark": "☆"
    },
    {
      "horse_number": 5,
      "name": "ドゥアムール",
      "popularity": 1,
      "odds": 3.2,
      "mark": "⭐︎",
      "score": 106.4,
      "track_aptitude": 2,
      "total_points": 72.41450147390326,
      "detail_points": {
        "score": 46.124501473903244,
        "bias": 3.0,
        "pace": 8.28,
        "3f": 5.0,
        "margin": 8.0,
        "track": 2.0100000000000002
      },
      "avg_margin": 0.33333333333333326,
      "race_name": "函館11R",
      "pred_prob_won": 0.05502017140388489,
      "pred_prob_in_top2": 0.07061752676963806,
      "pred_prob_in_top3": 0.22658005654811858,
      "score_z": 0.6911507946776516,
      "上り3F平均": 35.1,
      "Ave-3F平均": 34.76,
      "PCI平均": 49.12,
      "-3F差平均": 0.62,
      "想定脚質": "逃げ",
      "track_bias_aptitude_score": 15.0,
      "investment_value_score": 100,
      "total_investment_index": 70.7,
      "investment_rating": 0.1824631328880787,
      "stability_score": 90,
      "investment_mark": "×"
    },
    {
      "horse_number": 4,
      "name": "エマヌエーレ",
      "popularity": 10,
      "odds": 31.5,
      "mark": "△",
      "score": 98.3,
      "track_aptitude": 2,
      "total_points": 84.67314374891625,
      "detail_points": {
        "score": 42.613143748916244,