{
  "horses": [
    {
      "horse_number": 1,
      "name": "マイネルゼウス",
      "popularity": 3,
      "odds": 6.5,
      "mark": "▲",
      "score": 138.44,
      "track_aptitude": 2,
      "total_points": 86.26,
      "detail_points": {
        "score": 50.0,
        "bias": 7.05,
        "pace": 10.2,
        "3f": 9.0,
        "margin": 8.0,
        "track": 2.0100000000000002
      },
      "avg_margin": 0.47000000000000003,
      "race_name": "函館9R",
      "pred_prob_won": 0.18577771186828612,
      "pred_prob_in_top2": 0.1846489667892456,
      "pred_prob_in_top3": 0.5132502913475037,
      "score_z": 1.1865110306136284,
      "上り3F平均": 35.72,
      "Ave-3F平均": 37.05,
      "PCI平均": 53.81,
      "-3F差平均": 0.55,
      "想定脚質": "中団",
      "track_bias_aptitude_score": 48.4,
      "investment_value_score": 79.6,
      "total_investment_index": 69.3,
      "investment_rating": 1.2477010488510132,
      "stability_score": 90,
      "investment_mark": "◎"
    },
    {
      "horse_number": 4,
      "name": "ウインデイジー",
      "popularity": 5,
      "odds": 12.2,
      "mark": "△",
      "score": 134.7,
      "track_aptitude": 2,
      "total_points": 82.9092343253395,
      "detail_points": {
        "score": 48.6492343253395,
        "bias": 7.05,
        "pace": 10.2,
        "3f": 9.0,
        "margin": 6.0,
        "track": 2.0100000000000002
      },
      "avg_margin": 0.51,
      "race_name": "函館9R",
      "pred_prob_won": 0.1356977641582489,
      "pred_prob_in_top2": 0.15125397741794586,
      "pred_prob_in_top3": 0.4108421266078949,
      "score_z": 0.9129871944629793,
      "上り3F平均": 35.33,
      "Ave-3F平均": 37.27,
      "PCI平均": 55.55,
      "-3F差平均": 0.7,
      "想定脚質": "中団",
      "track_bias_aptitude_score": 48.4,
      "investment_value_score": 63.1,
      "total_investment_index": 58.9,
      "investment_rating": 1.230957995057106,
      "stability_score": 75,
      "investment_mark": "○"
    },
    {
      "horse_number": 5,
      "name": "アオイタケル",
      "popularity": 2,
      "odds": 3.1,
      "mark": "◎",
      "score": 137.08,
      "track_aptitude": 1,
      "total_points": 93.69881248194164,
      "detail_points": {
        "score": 49.50881248194164,
        "bias": 15.0,
        "pace": 10.2,
        "3f": 9.0,
        "margin": 9.0,
        "track": 0.99
      },
      "avg_margin": 0.025,
      "race_name": "函館9R",
      "pred_prob_won": 0.19254471063613893,
      "pred_prob_in_top2": 0.18146211206912993,
      "pred_prob_in_top3": 0.5183403015136718,
      "score_z": 1.0870478174679392,
      "上り3F平均": 35.65,
      "Ave-3F平均": 36.45,
      "PCI平均": 52.25,
      "-3F差平均": 0.55,
      "想定脚質": "先行",
      "track_bias_aptitude_score": 87.7,
      "investment_value_score": 87.7,
      "total_investment_index": 85.7,
      "investment_rating": 1.0309379196166992,
      "stability_score": 90,
      "investment_mark": "▲"
    },
    {
      "horse_number": 8,
      "name": "アルマデオロ",
      "popularity": 1,
      "odds": 2.5,
      "mark": "▲",
      "score": 136.42,
      "track_aptitude": 2,
      "total_points": 85.53044206876625,
      "detail_points": {
        "score": 49.27044206876625,
        "bias": 7.05,
        "pace": 10.2,
        "3f": 9.0,
        "margin": 8.0,
        "track": 2.0100000000000002
      },
      "avg_margin": 0.3416666666666666,
      "race_name": "函館9R",
      "pred_prob_won": 0.16430163979530335,
      "pred_prob_in_top2": 0.16264450252056123,
      "pred_prob_in_top3": 0.4765016078948975,
      "score_z": 1.0387789052060583,
      "上り3F平均": 35.0,
      "Ave-3F平均": 37.31,
      "PCI平均": 56.67,
      "-3F差平均": 0.38,
      "想定脚質": "中団",
      "track_bias_aptitude_score": 48.4,
      "investment_value_score": 100,
      "total_investment_index": 81.3,
      "investment_rating": 0.6912540197372437,
      "stability_score": 90,
      "investment_mark": "△"
    },
    {
      "horse_number": 2,
      "name": "サンウリエル",
      "popularity": 6,
      "odds": 12.9,
      "mark": "△",
      "score": 126.07,
      "track_aptitude": 1,
      "total_points": 80.772360589425,
      "detail_points": {
        "score": 45.53236058942502,
        "bias": 7.05,
        "pace": 10.2,
        "3f": 9.0,
        "margin": 8.0,
        "track": 0.99
      },
      "avg_margin": 0.43999999999999995,
      "race_name": "函館9R",
      "pred_prob_won": 0.06003366112709045,
      "pred_prob_in_top2": 0.0913050726056099,
      "pred_prob_in_top3": 0.23616428375244142,
      "score_z": 0.28183459928113563,
      "上り3F平均": 34.85,
      "Ave-3F平均": 36.58,
      "PCI平均": 55.04,
      "-3F差平均": 0.81,
      "想定脚質": "中団",
      "track_bias_aptitude_score": 42.2,
      "investment_value_score": 45.8,
      "total_investment_index": 45.6,
      "investment_rating": 0.4898624897003174,
      "stability_score": 90,
      "investment_mark": "☆"
    },
    {
      "horse_number": 3,
      "name": "ダノンジャイアン",
      "popularity": 4,
      "odds": 10.4,
      "mark": "○",
      "score": 122.63,
      "track_aptitude": 2,
      "total_points": 86.49994510257152,
      "detail_points": {
        "score": 44.28994510257151,
        "bias": 15.0,
        "pace": 10.2,
        "3f": 9.0,
        "margin": 6.0,
        "track": 2.0100000000000002
      },
      "avg_margin": 0.5375,
      "race_name": "函館9R",
      "pred_prob_won": 0.057400669902563095,
      "pred_prob_in_top2": 0.07971667796373368,
      "pred_prob_in_top3": 0.21238914430141448,
      "score_z": 0.030251177794977824,
      "上り3F平均": 35.65,
      "Ave-3F平均": 37.32,
      "PCI平均": 54.67,
      "-3F差平均": 0.4,
      "想定脚質": "先行",
      "track_bias_aptitude_score": 93.9,
      "investment_value_score": 50.7,
      "total_investment_index": 63.6,
      "investment_rating": 0.23141494885087022,
      "stability_score": 75,
      "investment_mark": "☆"
    },
    {
      "horse_number": 6,
      "name": "マイバラード",
      "popularity": 9,
      "odds": 41.0,
      "mark": "△",
      "score": 112.51,
      "track_aptitude": 1,
      "total_points": 73.87493210054896,
      "detail_points": {
        "score": 40.63493210054897,
        "bias": 7.05,
        "pace": 10.2,
        "3f": 9.0,
        "margin": 6.0,
        "track": 0.99
      },
      "avg_margin": 0.775,
      "race_name": "函館9R",
      "pred_prob_won": 0.023831100016832352,
      "pred_prob_in_top2": 0.03711327165365219,
      "pred_prob_in_top3": 0.11823253631591797,
      "score_z": -0.7098721435538351,
      "上り3F平均": 36.01,
      "Ave-3F平均": 36.57,
      "PCI平均": 51.58,
      "-3F差平均": 0.6,
      "想定脚質": "中団",
      "track_bias_aptitude_score": 42.2,
      "investment_value_score": 22.1,
      "total_investment_index": 29.7,
      "investment_rating": -0.08419549942016591,
      "stability_score": 75,
      "investment_mark": "××"
    },
    {
      "horse_number": 7,
      "name": "タルタロス",
      "popularity": 10,
      "odds": 61.7,
      "mark": "△",
      "score": 112.72,
      "track_aptitude": 3,
      "total_points": 77.96077723201387,
      "detail_points": {
        "score": 40.71077723201387,
        "bias": 7.05,
        "pace": 10.2,
        "3f": 9.0,
        "margin": 8.0,
        "track": 3.0
      },
      "avg_margin": 0.4999999999999999,
      "race_name": "函館9R",
      "pred_prob_won": 0.024499789252877234,
      "pred_prob_in_top2": 0.034156936779618265,
      "pred_prob_in_top3": 0.11530979573726655,
      "score_z": -0.6945138532886922,
      "上り3F平均": 35.89,
      "Ave-3F平均": 36.99,
      "PCI平均": 53.16,
      "-3F差平均": 0.79,
      "想定脚質": "中団",
      "track_bias_aptitude_score": 54.5,
      "investment_value_score": 19.8,
      "total_investment_index": 32.1,
      "investment_rating": -0.09094202175736421,
      "stability_score": 90,
      "investment_mark": "××"
    },
    {
      "horse_number": 9,
      "name": "ストラニエーロ",
      "popularity": 7,
      "odds": 16.3,
      "mark": "⭐︎",
      "score": 117.64,
      "track_aptitude": 0,
      "total_points": 72.73772031204854,