{
  "horses": [
    {
      "horse_number": 6,
      "name": "フォレストオール",
      "popularity": 4,
      "odds": 7.4,
      "mark": "▲",
      "score": 110.92,
      "track_aptitude": 1,
      "total_points": 88.99,
      "detail_points": {
        "score": 50.0,
        "bias": 15.0,
        "pace": 12.0,
        "3f": 7.0,
        "margin": 4.0,
        "track": 0.99
      },
      "avg_margin": 1.8083333333333333,
      "race_name": "函館2R",
      "pred_prob_won": 0.17281184196472169,
      "pred_prob_in_top2": 0.140741465985775,
      "pred_prob_in_top3": 0.443303120136261,
      "score_z": 1.326739588000342,
      "上り3F平均": 38.83,
      "Ave-3F平均": 35.62,
      "PCI平均": 41.77,
      "-3F差平均": 0.24,
      "想定脚質": "先行",
      "track_bias_aptitude_score": 88.3,
      "investment_value_score": 71.0,
      "total_investment_index": 76.3,
      "investment_rating": 1.21754279255867,
      "stability_score": 60,
      "investment_mark": "◎"
    },
    {
      "horse_number": 7,
      "name": "タマゴ",
      "popularity": 2,
      "odds": 3.9,
      "mark": "◎",
      "score": 108.63,
      "track_aptitude": 2,
      "total_points": 92.97772448611612,
      "detail_points": {
        "score": 48.96772448611612,
        "bias": 15.0,
        "pace": 12.0,
        "3f": 9.0,
        "margin": 6.0,
        "track": 2.0100000000000002
      },
      "avg_margin": 0.8999999999999999,
      "race_name": "函館2R",
      "pred_prob_won": 0.15193185210227966,
      "pred_prob_in_top2": 0.15326914191246033,
      "pred_prob_in_top3": 0.44375009536743165,
      "score_z": 1.1672173658246716,
      "上り3F平均": 38.55,
      "Ave-3F平均": 35.27,
      "PCI平均": 41.52,
      "-3F差平均": 0.37,
      "想定脚質": "先行",
      "track_bias_aptitude_score": 94.1,
      "investment_value_score": 84.9,
      "total_investment_index": 86.1,
      "investment_rating": 0.8312502861022949,
      "stability_score": 75,
      "investment_mark": "○"
    },
    {
      "horse_number": 1,
      "name": "ハイエンドモデル",
      "popularity": 1,
      "odds": 2.3,
      "mark": "○",
      "score": 109.66,
      "track_aptitude": 0,
      "total_points": 91.43202307969707,
      "detail_points": {
        "score": 49.43202307969708,
        "bias": 15.0,
        "pace": 12.0,
        "3f": 9.0,
        "margin": 6.0,
        "track": 0.0
      },
      "avg_margin": 0.7875,
      "race_name": "函館2R",
      "pred_prob_won": 0.17550113797187805,
      "pred_prob_in_top2": 0.15249098539352418,
      "pred_prob_in_top3": 0.44531288743019104,
      "score_z": 1.238967535624209,
      "上り3F平均": 37.77,
      "Ave-3F平均": 34.39,
      "PCI平均": 41.15,
      "-3F差平均": 0.3,
      "想定脚質": "先行",
      "track_bias_aptitude_score": 82.4,
      "investment_value_score": 100,
      "total_investment_index": 91.8,
      "investment_rating": 0.6410165742039681,
      "stability_score": 75,
      "investment_mark": "△"
    },
    {
      "horse_number": 8,
      "name": "バスキュラリティ",
      "popularity": 10,
      "odds": 47.4,
      "mark": "⭐︎",
      "score": 98.94,
      "track_aptitude": 0,
      "total_points": 74.54971150378651,
      "detail_points": {
        "score": 44.59971150378651,
        "bias": 4.95,
        "pace": 12.0,
        "3f": 9.0,
        "margin": 4.0,
        "track": 0.0
      },
      "avg_margin": 1.9,
      "race_name": "函館2R",
      "pred_prob_won": 0.05761979222297668,
      "pred_prob_in_top2": 0.059063920378685,
      "pred_prob_in_top3": 0.180640310049057,
      "score_z": 0.49220848683679264,
      "上り3F平均": 37.78,
      "Ave-3F平均": 37.02,
      "PCI平均": 48.12,
      "-3F差平均": 0.96,
      "想定脚質": "中団",
      "track_bias_aptitude_score": 19.6,
      "investment_value_score": 30.6,
      "total_investment_index": 30.1,
      "investment_rating": 0.4367382943630218,
      "stability_score": 60,
      "investment_mark": "△"
    },
    {
      "horse_number": 5,
      "name": "プレインコート",
      "popularity": 5,
      "odds": 20.7,
      "mark": "△",
      "score": 95.95,
      "track_aptitude": 2,
      "total_points": 75.21189325640101,
      "detail_points": {
        "score": 43.25189325640101,
        "bias": 4.95,
        "pace": 12.0,
        "3f": 9.0,
        "margin": 4.0,
        "track": 2.0100000000000002
      },
      "avg_margin": 1.1714285714285713,
      "race_name": "函館2R",
      "pred_prob_won": 0.04095244556665421,
      "pred_prob_in_top2": 0.06645672768354416,
      "pred_prob_in_top3": 0.17527264058589936,
      "score_z": 0.28392401334104905,
      "上り3F平均": 35.96,
      "Ave-3F平均": 34.92,
      "PCI平均": 47.2,
      "-3F差平均": 0.87,
      "想定脚質": "中団",
      "track_bias_aptitude_score": 31.3,
      "investment_value_score": 42.9,
      "total_investment_index": 40.6,
      "investment_rating": 0.16501777872443213,
      "stability_score": 60,
      "investment_mark": "☆"
    },
    {
      "horse_number": 2,
      "name": "メイショウユウモウ",
      "popularity": 8,
      "odds": 27.5,
      "mark": "△",
      "score": 90.98,
      "track_aptitude": 1,
      "total_points": 80.00153984853948,
      "detail_points": {
        "score": 41.01153984853949,
        "bias": 15.0,
        "pace": 12.0,
        "3f": 7.0,
        "margin": 4.0,
        "track": 0.99
      },
      "avg_margin": 1.9749999999999999,
      "race_name": "函館2R",
      "pred_prob_won": 0.03197495527565479,
      "pred_prob_in_top2": 0.054043646156787875,
      "pred_prob_in_top3": 0.14467546939849854,
      "score_z": -0.062287971031475035,
      "上り3F平均": 38.12,
      "Ave-3F平均": 34.86,
      "PCI平均": 41.78,
      "-3F差平均": 0.27,
      "想定脚質": "先行",
      "track_bias_aptitude_score": 88.3,
      "investment_value_score": 28.9,
      "total_investment_index": 48.7,
      "investment_rating": 0.11145545721054073,
      "stability_score": 60,
      "investment_mark": "☆"
    },
    {
      "horse_number": 10,
      "name": "レストプレドゥモア",
      "popularity": 3,
      "odds": 5.4,
      "mark": "▲",
      "score": 91.5,
      "track_aptitude": 1,
      "total_points": 82.23594302199783,
      "detail_points": {
        "score": 41.24594302199783,
        "bias": 15.0,
        "pace": 12.0,
        "3f": 9.0,
        "margin": 4.0,
        "track": 0.99
      },
      "avg_margin": 1.633333333333333,
      "race_name": "函館2R",
      "pred_prob_won": 0.04562675356864929,
      "pred_prob_in_top2": 0.06425175070762634,
      "pred_prob_in_top3": 0.1844641923904419,
      "score_z": -0.026064584336563324,
      "上り3F平均": 37.5,
      "Ave-3F平均": 35.83,
      "PCI平均": 45.63,
      "-3F差平均": 0.43,
      "想定脚質": "先行",
      "track_bias_aptitude_score": 88.3,
      "investment_value_score": 52.8,
      "total_investment_index": 63.1,
      "investment_rating": 0.10484788298606873,
      "stability_score": 60,
      "investment_mark": "×"
    },
    {
      "horse_number": 3,
      "name": "オンサイト",
      "popularity": 9,
      "odds": 28.4,
      "mark": "△",
      "score": 87.97,
      "track_aptitude": 1,
      "total_points": 80.64470609448252,
      "detail_points": {
        "score": 39.65470609448251,
        "bias": 15.0,
        "pace": 12.0,
        "3f": 9.0,
        "margin": 4.0,
        "track": 0.99
      },
      "avg_margin": 1.6666666666666667,
      "race_name": "函館2R",
      "pred_prob_won": 0.028244265541434287,
      "pred_prob_in_top2": 0.04130888283252716,
      "pred_prob_in_top3": 0.11837973147630691,
      "score_z": -0.27196565170779285,
      "上り3F平均": 37.5,
      "Ave-3F平均": 35.71,
      "PCI平均": 45.37,
      "-3F差平均": 0.4,
      "想定脚質": "先行",
      "track_bias_aptitude_score": 88.3,
      "investment_value_score": 22.3,
      "total_investment_index": 44.4,
      "investment_rating": -0.039098839387297746,
      "stability_score": 60,
      "investment_mark": "××"
    },
    {
      "horse_number": 12,
      "name": "フルグライト",
      "popularity": 6,
      "odds": 22.2,
      "mark": "△",
      "score": 87.04,
      "track_aptitude": 1,
      "total_points": 80.22548503425892,