{
  "horses": [
    {
      "horse_number": 11,
      "name": "ワイドアルバ",
      "popularity": 5,
      "odds": 15.9,
      "mark": "○",
      "score": 102.83,
      "track_aptitude": 2,
      "total_points": 85.5180545229244,
      "detail_points": {
        "score": 45.508054522924404,
        "bias": 15.0,
        "pace": 12.0,
        "3f": 7.0,
        "margin": 4.0,
        "track": 2.0100000000000002
      },
      "avg_margin": 1.3,
      "race_name": "函館1R",
      "pred_prob_won": 0.126152303814888,
      "pred_prob_in_top2": 0.12572094202041625,
      "pred_prob_in_top3": 0.3739142894744873,
      "score_z": 0.8407720993222767,
      "上り3F平均": 37.3,
      "Ave-3F平均": 35.4,
      "PCI平均": 44.9,
      "-3F差平均": 0.1,
      "想定脚質": "先行",
      "track_bias_aptitude_score": 94.2,
      "investment_value_score": 58.1,
      "total_investment_index": 69.5,
      "investment_rating": 1.088701446056366,
      "stability_score": 60,
      "investment_mark": "◎"
    },
    {
      "horse_number": 10,
      "name": "ドナソレイ",
      "popularity": 1,
      "odds": 2.7,
      "mark": "▲",
      "score": 112.98,
      "track_aptitude": 0,
      "total_points": 82.28,
      "detail_points": {
        "score": 50.0,
        "bias": 9.0,
        "pace": 8.28,
        "3f": 9.0,
        "margin": 6.0,
        "track": 0.0
      },
      "avg_margin": 0.95,
      "race_name": "函館1R",
      "pred_prob_won": 0.20226827263832092,
      "pred_prob_in_top2": 0.15289917290210725,
      "pred_prob_in_top3": 0.486967933177948,
      "score_z": 1.5897922989818254,
      "上り3F平均": 36.8,
      "Ave-3F平均": 34.5,
      "PCI平均": 43.8,
      "-3F差平均": 0,
      "想定脚質": "逃げ",
      "track_bias_aptitude_score": 45.4,
      "investment_value_score": 100,
      "total_investment_index": 81.3,
      "investment_rating": 0.7430714362859726,
      "stability_score": 75,
      "investment_mark": "○"
    },
    {
      "horse_number": 4,
      "name": "マスキュラー",
      "popularity": 2,
      "odds": 3.4,
      "mark": "◎",
      "score": 105.12,
      "track_aptitude": 1,
      "total_points": 92.51150823154539,
      "detail_points": {
        "score": 46.521508231545404,
        "bias": 15.0,
        "pace": 12.0,
        "3f": 9.0,
        "margin": 9.0,
        "track": 0.99
      },
      "avg_margin": 0.15,
      "race_name": "函館1R",
      "pred_prob_won": 0.15420006811618805,
      "pred_prob_in_top2": 0.1332923114299774,
      "pred_prob_in_top3": 0.4107141375541687,
      "score_z": 1.0097628635804412,
      "上り3F平均": 36.0,
      "Ave-3F平均": 34.8,
      "PCI平均": 46.7,
      "-3F差平均": 0.3,
      "想定脚質": "先行",
      "track_bias_aptitude_score": 88.3,
      "investment_value_score": 79.1,
      "total_investment_index": 80.6,
      "investment_rating": 0.7321424126625061,
      "stability_score": 90,
      "investment_mark": "△"
    },
    {
      "horse_number": 1,
      "name": "リオマダムレッド",
      "popularity": 3,
      "odds": 5.9,
      "mark": "△",
      "score": 103.01,
      "track_aptitude": 0,
      "total_points": 77.53771463975926,
      "detail_points": {
        "score": 45.587714639759255,
        "bias": 4.95,
        "pace": 12.0,
        "3f": 9.0,
        "margin": 6.0,
        "track": 0.0
      },
      "avg_margin": 0.6,
      "race_name": "函館1R",
      "pred_prob_won": 0.09378550350666046,
      "pred_prob_in_top2": 0.10305588245391846,
      "pred_prob_in_top3": 0.2905782997608185,
      "score_z": 0.8540552161635302,
      "上り3F平均": 36.4,
      "Ave-3F平均": 36.6,
      "PCI平均": 50.5,
      "-3F差平均": 0.9,
      "想定脚質": "中団",
      "track_bias_aptitude_score": 19.0,
      "investment_value_score": 63.3,
      "total_investment_index": 50.1,
      "investment_rating": 0.48155296415090565,
      "stability_score": 75,
      "investment_mark": "△"
    },
    {
      "horse_number": 12,
      "name": "トーセンクリステル",
      "popularity": 8,
      "odds": 28.7,
      "mark": "▲",
      "score": 92.25,
      "track_aptitude": 2,
      "total_points": 80.83580987785449,
      "detail_points": {
        "score": 40.82580987785448,
        "bias": 15.0,
        "pace": 12.0,
        "3f": 7.0,
        "margin": 4.0,
        "track": 2.0100000000000002
      },
      "avg_margin": 1.5,
      "race_name": "函館1R",
      "pred_prob_won": 0.059801210463047025,
      "pred_prob_in_top2": 0.06153478696942329,
      "pred_prob_in_top3": 0.20014361143112183,
      "score_z": 0.060020009430846115,
      "上り3F平均": 37.5,
      "Ave-3F平均": 35.4,
      "PCI平均": 44.4,
      "-3F差平均": 0.1,
      "想定脚質": "先行",
      "track_bias_aptitude_score": 94.2,
      "investment_value_score": 34.0,
      "total_investment_index": 53.8,
      "investment_rating": 0.4609047520160675,
      "stability_score": 60,
      "investment_mark": "☆"
    },
    {
      "horse_number": 8,
      "name": "ダイヤテソーロ",
      "popularity": 4,
      "odds": 6.8,
      "mark": "△",
      "score": 98.11,
      "track_aptitude": 2,
      "total_points": 70.7091892370331,
      "detail_points": {
        "score": 43.4191892370331,
        "bias": 9.0,
        "pace": 8.28,
        "3f": 4.0,
        "margin": 4.0,
        "track": 2.0100000000000002
      },
      "avg_margin": 1.9000000000000001,
      "race_name": "函館1R",
      "pred_prob_won": 0.06990512013435364,
      "pred_prob_in_top2": 0.07289488464593888,
      "pred_prob_in_top3": 0.22248848378658295,
      "score_z": 0.4924592577071961,
      "上り3F平均": 36.25,
      "Ave-3F平均": 35.58,
      "PCI平均": 48.1,
      "-3F差平均": 1.0,
      "想定脚質": "逃げ",
      "track_bias_aptitude_score": 57.1,
      "investment_value_score": 50.8,
      "total_investment_index": 53.4,
      "investment_rating": 0.3122027835249901,
      "stability_score": 60,
      "investment_mark": "☆"
    },
    {
      "horse_number": 3,
      "name": "リアルアルバ",
      "popularity": 10,
      "odds": 38.9,
      "mark": "△",
      "score": 91.01,
      "track_aptitude": 1,
      "total_points": 79.26704018410338,
      "detail_points": {
        "score": 40.27704018410338,
        "bias": 15.0,
        "pace": 12.0,
        "3f": 9.0,
        "margin": 2.0,
        "track": 0.99
      },
      "avg_margin": 2.7,
      "race_name": "函館1R",
      "pred_prob_won": 0.03402221836149692,
      "pred_prob_in_top2": 0.0524677075445652,
      "pred_prob_in_top3": 0.1465500056743622,
      "score_z": -0.03148590658667468,
      "上り3F平均": 37.1,
      "Ave-3F平均": 35.25,
      "PCI平均": 45.0,
      "-3F差平均": 0.5,
      "想定脚質": "先行",
      "track_bias_aptitude_score": 88.3,
      "investment_value_score": 23.9,
      "total_investment_index": 45.8,
      "investment_rating": 0.18447004199028016,
      "stability_score": 45,
      "investment_mark": "×"
    },
    {
      "horse_number": 9,
      "name": "アパタイトテソーロ",
      "popularity": 7,
      "odds": 19.1,
      "mark": "△",
      "score": 85.07,
      "track_aptitude": 0,
      "total_points": 67.59825632855373,
      "detail_points": {
        "score": 37.64825632855372,
        "bias": 4.95,
        "pace": 12.0,
        "3f": 9.0,
        "margin": 4.0,
        "track": 0.0
      },
      "avg_margin": 1.6,
      "race_name": "函館1R",
      "pred_prob_won": 0.02599286437034607,
      "pred_prob_in_top2": 0.040802498906850816,
      "pred_prob_in_top3": 0.10980974435806275,
      "score_z": -0.469828762348027,
      "上り3F平均": 35.7,
      "Ave-3F平均": 34.3,
      "PCI平均": 46.1,
      "-3F差平均": 0.9,
      "想定脚質": "中団",
      "track_bias_aptitude_score": 19.0,
      "investment_value_score": 23.9,
      "total_investment_index": 24.3,
      "investment_rating": -0.11859396994113913,
      "stability_score": 60,
      "investment_mark": "××"
    },
    {
      "horse_number": 6,
      "name": "ウレシイゴサン",
      "popularity": 6,
      "odds": 16.8,
      "mark": "消",
      "score": 83.72,
      "track_aptitude": 0,
      "total_points": 59.33080545229244,
      "detail_points": {
        "score": 37.05080545229244,
        "bias": 3.0,
        "pace": 8.28,
        "3f": 9.0,