{
  "horses": [
    {
      "horse_number": 15,
      "name": "マイネルレノン",
      "popularity": 8,
      "odds": 13.4,
      "mark": "○",
      "score": 108.39,
      "track_aptitude": 3,
      "total_points": 89.50330716053598,
      "detail_points": {
        "score": 46.253307160535975,
        "bias": 13.05,
        "pace": 10.2,
        "3f": 9.0,
        "margin": 8.0,
        "track": 3.0
      },
      "avg_margin": 0.30999999999999994,
      "race_name": "函館11R",
      "pred_prob_won": 0.0978802502155304,
      "pred_prob_in_top2": 0.1261300951242447,
      "pred_prob_in_top3": 0.3616656243801117,
      "score_z": 0.7869932588888865,
      "上り3F平均": 34.66,
      "Ave-3F平均": 34.03,
      "PCI平均": 48.22,
      "-3F差平均": 0.43,
      "想定脚質": "先行",
      "track_bias_aptitude_score": 100,
      "investment_value_score": 63.4,
      "total_investment_index": 74.4,
      "investment_rating": 1.6061603087186813,
      "stability_score": 90,
      "investment_mark": "◎"
    },
    {
      "horse_number": 4,
      "name": "モリノドリーム",
      "popularity": 3,
      "odds": 7.3,
      "mark": "◎",
      "score": 116.32,
      "track_aptitude": 2,
      "total_points": 89.79727916702228,
      "detail_points": {
        "score": 49.63727916702227,
        "bias": 10.95,
        "pace": 10.2,
        "3f": 9.0,
        "margin": 8.0,
        "track": 2.0100000000000002
      },
      "avg_margin": 0.355,
      "race_name": "函館11R",
      "pred_prob_won": 0.23448647260665895,
      "pred_prob_in_top2": 0.16229149103164672,
      "pred_prob_in_top3": 0.5243131995201111,
      "score_z": 1.5399810025569487,
      "上り3F平均": 34.15,
      "Ave-3F平均": 34.12,
      "PCI平均": 49.95,
      "-3F差平均": 0.75,
      "想定脚質": "中団",
      "track_bias_aptitude_score": 78.8,
      "investment_value_score": 100,
      "total_investment_index": 91.2,
      "investment_rating": 1.4064492183923722,
      "stability_score": 90,
      "investment_mark": "○"
    },
    {
      "horse_number": 7,
      "name": "ゾンニッヒ",
      "popularity": 4,
      "odds": 8.8,
      "mark": "⭐︎",
      "score": 117.17,
      "track_aptitude": 0,
      "total_points": 78.23,
      "detail_points": {
        "score": 50.0,
        "bias": 4.95,
        "pace": 8.28,
        "3f": 9.0,
        "margin": 6.0,
        "track": 0.0
      },
      "avg_margin": 0.5399999999999999,
      "race_name": "函館11R",
      "pred_prob_won": 0.2077323466539383,
      "pred_prob_in_top2": 0.10823094546794891,
      "pred_prob_in_top3": 0.43036397099494933,
      "score_z": 1.6206921730636146,
      "上り3F平均": 33.97,
      "Ave-3F平均": 34.79,
      "PCI平均": 52.45,
      "-3F差平均": 1.03,
      "想定脚質": "後方",
      "track_bias_aptitude_score": 1,
      "investment_value_score": 88.6,
      "total_investment_index": 61.2,
      "investment_rating": 1.2784194868803025,
      "stability_score": 75,
      "investment_mark": "▲"
    },
    {
      "horse_number": 10,
      "name": "エーティーマクフィ",
      "popularity": 12,
      "odds": 18.3,
      "mark": "⭐︎",
      "score": 106.97,
      "track_aptitude": 0,
      "total_points": 75.8773500042673,
      "detail_points": {
        "score": 45.6473500042673,
        "bias": 4.95,
        "pace": 8.28,
        "3f": 9.0,
        "margin": 8.0,
        "track": 0.0
      },
      "avg_margin": 0.4749999999999999,
      "race_name": "函館11R",
      "pred_prob_won": 0.06228529438376427,
      "pred_prob_in_top2": 0.06492904499173165,
      "pred_prob_in_top3": 0.2205465942621231,
      "score_z": 0.6521581269836342,
      "上り3F平均": 36.12,
      "Ave-3F平均": 35.92,
      "PCI平均": 49.52,
      "-3F差平均": 1.24,
      "想定脚質": "後方",
      "track_bias_aptitude_score": 1,
      "investment_value_score": 42.1,
      "total_investment_index": 31.6,
      "investment_rating": 1.0305367323756216,
      "stability_score": 90,
      "investment_mark": "▲"
    },
    {
      "horse_number": 12,
      "name": "ティニア",
      "popularity": 6,
      "odds": 11.5,
      "mark": "▲",
      "score": 107.33,
      "track_aptitude": 1,
      "total_points": 87.04097294529316,
      "detail_points": {
        "score": 45.80097294529316,
        "bias": 13.05,
        "pace": 10.2,
        "3f": 9.0,
        "margin": 8.0,
        "track": 0.99
      },
      "avg_margin": 0.35500000000000004,
      "race_name": "函館11R",
      "pred_prob_won": 0.09104596972465515,
      "pred_prob_in_top2": 0.10609143823385239,
      "pred_prob_in_top3": 0.296382349729538,
      "score_z": 0.6863416815511628,
      "上り3F平均": 34.2,
      "Ave-3F平均": 34.66,
      "PCI平均": 51.37,
      "-3F差平均": 0.7,
      "想定脚質": "先行",
      "track_bias_aptitude_score": 83.4,
      "investment_value_score": 65.0,
      "total_investment_index": 70.2,
      "investment_rating": 0.9819117486476899,
      "stability_score": 90,
      "investment_mark": "△"
    },
    {
      "horse_number": 3,
      "name": "ジョーメッドヴィン",
      "popularity": 2,
      "odds": 6.6,
      "mark": "▲",
      "score": 109.01,
      "track_aptitude": 2,
      "total_points": 88.77788000341386,
      "detail_points": {
        "score": 46.51788000341385,
        "bias": 13.05,
        "pace": 10.2,
        "3f": 9.0,
        "margin": 8.0,
        "track": 2.0100000000000002
      },
      "avg_margin": 0.28,
      "race_name": "函館11R",
      "pred_prob_won": 0.11429399251937866,
      "pred_prob_in_top2": 0.12086209803819656,
      "pred_prob_in_top3": 0.3415224254131317,
      "score_z": 0.8458649361996308,
      "上り3F平均": 34.53,
      "Ave-3F平均": 34.17,
      "PCI平均": 49.01,
      "-3F差平均": 0.66,
      "想定脚質": "先行",
      "track_bias_aptitude_score": 91.7,
      "investment_value_score": 95.0,
      "total_investment_index": 90.9,
      "investment_rating": 0.6562627911567689,
      "stability_score": 90,
      "investment_mark": "△"
    },
    {
      "horse_number": 11,
      "name": "プルパレイ",
      "popularity": 13,
      "odds": 29.1,
      "mark": "△",
      "score": 98.11,
      "track_aptitude": 2,
      "total_points": 80.0265187334642,
      "detail_points": {
        "score": 41.8665187334642,
        "bias": 10.95,
        "pace": 10.2,
        "3f": 9.0,
        "margin": 6.0,
        "track": 2.0100000000000002
      },
      "avg_margin": 0.665,
      "race_name": "函館11R",
      "pred_prob_won": 0.027473018690943717,
      "pred_prob_in_top2": 0.051511889696121214,
      "pred_prob_in_top3": 0.12733652144670488,
      "score_z": -0.18913713265054446,
      "上り3F平均": 34.1,
      "Ave-3F平均": 34.41,
      "PCI平均": 50.94,
      "-3F差平均": 0.81,
      "想定脚質": "中団",
      "track_bias_aptitude_score": 78.8,
      "investment_value_score": 25.2,
      "total_investment_index": 43.4,
      "investment_rating": 0.27692821480333807,
      "stability_score": 75,
      "investment_mark": "☆"
    },
    {
      "horse_number": 13,
      "name": "ナムラアトム",
      "popularity": 5,
      "odds": 10.2,
      "mark": "△",
      "score": 101.75,
      "track_aptitude": 0,
      "total_points": 81.56981735939235,
      "detail_points": {
        "score": 43.41981735939234,
        "bias": 10.95,
        "pace": 10.2,
        "3f": 9.0,
        "margin": 8.0,
        "track": 0.0
      },
      "avg_margin": 0.355,
      "race_name": "函館11R",
      "pred_prob_won": 0.03798689022660255,
      "pred_prob_in_top2": 0.05203158557415009,
      "pred_prob_in_top3": 0.15210037231445311,
      "score_z": 0.15649658575446806,
      "上り3F平均": 34.21,
      "Ave-3F平均": 34.79,
      "PCI平均": 51.7,
      "-3F差平均": 0.67,
      "想定脚質": "中団",
      "track_bias_aptitude_score": 62.2,
      "investment_value_score": 51.4,
      "total_investment_index": 54.8,
      "investment_rating": 0.22684665679931643,
      "stability_score": 90,
      "investment_mark": "☆"
    },
    {
      "horse_number": 5,
      "name": "イフェイオン",
      "popularity": 9,
      "odds": 14.4,
      "mark": "△",
      "score": 98.14,
      "track_aptitude": 0,
      "total_points": 80.02932064521636,