{
  "horses": [
    {
      "horse_number": 1,
      "name": "モンシェリ",
      "popularity": 3,
      "odds": 6.2,
      "mark": "◎",
      "score": 112.86,
      "track_aptitude": 1,
      "total_points": 92.99,
      "detail_points": {
        "score": 50.0,
        "bias": 15.0,
        "pace": 12.0,
        "3f": 9.0,
        "margin": 6.0,
        "track": 0.99
      },
      "avg_margin": 0.5722222222222223,
      "race_name": "函館7R",
      "pred_prob_won": 0.2452902764081955,
      "pred_prob_in_top2": 0.17667843997478486,
      "pred_prob_in_top3": 0.5422107458114624,
      "score_z": 1.7750632709426843,
      "上り3F平均": 37.21,
      "Ave-3F平均": 35.51,
      "PCI平均": 45.56,
      "-3F差平均": 0.62,
      "想定脚質": "先行",
      "track_bias_aptitude_score": 87.5,
      "investment_value_score": 86.7,
      "total_investment_index": 86.2,
      "investment_rating": 1.3748481476306917,
      "stability_score": 75,
      "investment_mark": "◎"
    },
    {
      "horse_number": 5,
      "name": "メイショウハッブル",
      "popularity": 10,
      "odds": 26.1,
      "mark": "△",
      "score": 100.52,
      "track_aptitude": 1,
      "total_points": 79.57304979620768,
      "detail_points": {
        "score": 44.53304979620769,
        "bias": 7.05,
        "pace": 12.0,
        "3f": 9.0,
        "margin": 6.0,
        "track": 0.99
      },
      "avg_margin": 0.705,
      "race_name": "函館7R",
      "pred_prob_won": 0.07731568962335586,
      "pred_prob_in_top2": 0.09406238943338394,
      "pred_prob_in_top3": 0.2579937785863876,
      "score_z": 0.6761403679735272,
      "上り3F平均": 36.98,
      "Ave-3F平均": 35.52,
      "PCI平均": 46.1,
      "-3F差平均": 0.94,
      "想定脚質": "中団",
      "track_bias_aptitude_score": 27.5,
      "investment_value_score": 37.9,
      "total_investment_index": 37.1,
      "investment_rating": 1.0091539615392684,
      "stability_score": 75,
      "investment_mark": "○"
    },
    {
      "horse_number": 7,
      "name": "サウンドモリアーナ",
      "popularity": 1,
      "odds": 2.7,
      "mark": "▲",
      "score": 106.5,
      "track_aptitude": 0,
      "total_points": 85.18234981392877,
      "detail_points": {
        "score": 47.18234981392876,
        "bias": 15.0,
        "pace": 12.0,
        "3f": 7.0,
        "margin": 4.0,
        "track": 0.0
      },
      "avg_margin": 1.0499999999999998,
      "race_name": "函館7R",
      "pred_prob_won": 0.13531258404254914,
      "pred_prob_in_top2": 0.12920868992805482,
      "pred_prob_in_top3": 0.3765957117080688,
      "score_z": 1.2086816126862956,
      "上り3F平均": 38.27,
      "Ave-3F平均": 35.64,
      "PCI平均": 43.33,
      "-3F差平均": 0.28,
      "想定脚質": "先行",
      "track_bias_aptitude_score": 81.2,
      "investment_value_score": 100,
      "total_investment_index": 91.4,
      "investment_rating": 0.4726594936847687,
      "stability_score": 60,
      "investment_mark": "△"
    },
    {
      "horse_number": 4,
      "name": "ジャスパーソレイユ",
      "popularity": 4,
      "odds": 7.9,
      "mark": "▲",
      "score": 96.47,
      "track_aptitude": 2,
      "total_points": 84.74879142300195,
      "detail_points": {
        "score": 42.73879142300195,
        "bias": 15.0,
        "pace": 12.0,
        "3f": 9.0,
        "margin": 4.0,
        "track": 2.0100000000000002
      },
      "avg_margin": 1.1125,
      "race_name": "函館7R",
      "pred_prob_won": 0.05768115967512131,
      "pred_prob_in_top2": 0.08734183013439178,
      "pred_prob_in_top3": 0.24525986909866332,
      "score_z": 0.3154728025744119,
      "上り3F平均": 37.85,
      "Ave-3F平均": 35.1,
      "PCI平均": 42.94,
      "-3F差平均": 0.44,
      "想定脚質": "先行",
      "track_bias_aptitude_score": 93.8,
      "investment_value_score": 54.9,
      "total_investment_index": 66.6,
      "investment_rating": 0.40556546330451965,
      "stability_score": 60,
      "investment_mark": "△"
    },
    {
      "horse_number": 12,
      "name": "メイショウホダワラ",
      "popularity": 6,
      "odds": 13.5,
      "mark": "△",
      "score": 97.19,
      "track_aptitude": 1,
      "total_points": 72.32777068934963,
      "detail_points": {
        "score": 43.05777068934963,
        "bias": 9.0,
        "pace": 8.28,
        "3f": 5.0,
        "margin": 6.0,
        "track": 0.99
      },
      "avg_margin": 0.7500000000000001,
      "race_name": "函館7R",
      "pred_prob_won": 0.0539747565984726,
      "pred_prob_in_top2": 0.07631752043962478,
      "pred_prob_in_top3": 0.20641270279884338,
      "score_z": 0.37959148086758787,
      "上り3F平均": 37.63,
      "Ave-3F平均": 35.29,
      "PCI平均": 43.86,
      "-3F差平均": 0.6,
      "想定脚質": "逃げ",
      "track_bias_aptitude_score": 44.7,
      "investment_value_score": 42.9,
      "total_investment_index": 44.8,
      "investment_rating": 0.3733460545539856,
      "stability_score": 75,
      "investment_mark": "☆"
    },
    {
      "horse_number": 3,
      "name": "グランカメリア",
      "popularity": 2,
      "odds": 5.4,
      "mark": "○",
      "score": 94.02,
      "track_aptitude": 2,
      "total_points": 85.66337586390217,
      "detail_points": {
        "score": 41.65337586390218,
        "bias": 15.0,
        "pace": 12.0,
        "3f": 9.0,
        "margin": 6.0,
        "track": 2.0100000000000002
      },
      "avg_margin": 0.58125,
      "race_name": "函館7R",
      "pred_prob_won": 0.05983875617384911,
      "pred_prob_in_top2": 0.07426061481237411,
      "pred_prob_in_top3": 0.20837562680244445,
      "score_z": 0.09729118893790965,
      "上り3F平均": 36.59,
      "Ave-3F平均": 35.06,
      "PCI平均": 45.9,
      "-3F差平均": 0.3,
      "想定脚質": "先行",
      "track_bias_aptitude_score": 93.8,
      "investment_value_score": 65.2,
      "total_investment_index": 72.4,
      "investment_rating": 0.12512688040733339,
      "stability_score": 75,
      "investment_mark": "☆"
    },
    {
      "horse_number": 9,
      "name": "スイッチオン",
      "popularity": 11,
      "odds": 29.3,
      "mark": "×",
      "score": 93.05,
      "track_aptitude": 0,
      "total_points": 65.50363990785044,
      "detail_points": {
        "score": 41.22363990785043,
        "bias": 3.0,
        "pace": 8.28,
        "3f": 9.0,
        "margin": 4.0,
        "track": 0.0
      },
      "avg_margin": 1.025,
      "race_name": "函館7R",
      "pred_prob_won": 0.027803896367549895,
      "pred_prob_in_top2": 0.03659323453903198,
      "pred_prob_in_top3": 0.11368925869464874,
      "score_z": 0.010909080681825301,
      "上り3F平均": 35.93,
      "Ave-3F平均": 36.51,
      "PCI平均": 51.67,
      "-3F差平均": 1.45,
      "想定脚質": "後方",
      "track_bias_aptitude_score": 1,
      "investment_value_score": 16.8,
      "total_investment_index": 15.4,
      "investment_rating": -0.046170393377542474,
      "stability_score": 60,
      "investment_mark": "××"
    },
    {
      "horse_number": 6,
      "name": "スノーホルンロード",
      "popularity": 7,
      "odds": 14.9,
      "mark": "△",
      "score": 87.75,
      "track_aptitude": 1,
      "total_points": 73.9155980861244,
      "detail_points": {
        "score": 38.875598086124405,
        "bias": 7.05,
        "pace": 12.0,
        "3f": 9.0,
        "margin": 6.0,
        "track": 0.99
      },
      "avg_margin": 0.945,
      "race_name": "函館7R",
      "pred_prob_won": 0.02615829333662987,
      "pred_prob_in_top2": 0.03918020576238632,
      "pred_prob_in_top3": 0.11206010431051254,
      "score_z": -0.46107563453183176,
      "上り3F平均": 36.49,
      "Ave-3F平均": 35.71,
      "PCI平均": 47.98,
      "-3F差平均": 0.89,
      "想定脚質": "中団",
      "track_bias_aptitude_score": 27.5,
      "investment_value_score": 24.1,
      "total_investment_index": 26.9,
      "investment_rating": -0.10565440021455297,
      "stability_score": 75,
      "investment_mark": "××"
    },
    {
      "horse_number": 8,
      "name": "エコロレオナ",
      "popularity": 5,
      "odds": 9.9,
      "mark": "⭐︎",
      "score": 91.44,
      "track_aptitude": 0,
      "total_points": 70.7903668261563,
      "detail_points": {
        "score": 40.5103668261563,