{
  "horses": [
    {
      "horse_number": 12,
      "name": "ピティロディア",
      "popularity": 7,
      "odds": 14.8,
      "mark": "△",
      "score": 135.44,
      "track_aptitude": 0,
      "total_points": 71.48150554122813,
      "detail_points": {
        "score": 47.20150554122813,
        "bias": 3.0,
        "pace": 8.28,
        "3f": 9.0,
        "margin": 4.0,
        "track": 0.0
      },
      "avg_margin": 1.042857142857143,
      "race_name": "函館4R",
      "pred_prob_won": 0.15883656442165375,
      "pred_prob_in_top2": 0.15618783831596375,
      "pred_prob_in_top3": 0.4475211679935455,
      "score_z": 1.0799132721407823,
      "上り3F平均": 35.36,
      "Ave-3F平均": 37.7,
      "PCI平均": 56.74,
      "-3F差平均": 1.27,
      "想定脚質": "後方",
      "track_bias_aptitude_score": 1,
      "investment_value_score": 53.6,
      "total_investment_index": 39.3,
      "investment_rating": 1.8508706575632097,
      "stability_score": 60,
      "investment_mark": "◎"
    },
    {
      "horse_number": 1,
      "name": "レッドヴァリアート",
      "popularity": 4,
      "odds": 8.8,
      "mark": "○",
      "score": 134.59,
      "track_aptitude": 0,
      "total_points": 85.10527636439674,
      "detail_points": {
        "score": 46.90527636439674,
        "bias": 15.0,
        "pace": 10.2,
        "3f": 9.0,
        "margin": 4.0,
        "track": 0.0
      },
      "avg_margin": 1.1111111111111112,
      "race_name": "函館4R",
      "pred_prob_won": 0.16938263475894927,
      "pred_prob_in_top2": 0.16478720009326936,
      "pred_prob_in_top3": 0.4807370901107788,
      "score_z": 1.0042440162298403,
      "上り3F平均": 36.08,
      "Ave-3F平均": 37.87,
      "PCI平均": 55.22,
      "-3F差平均": 0.52,
      "想定脚質": "先行",
      "track_bias_aptitude_score": 81.9,
      "investment_value_score": 65.0,
      "total_investment_index": 70.2,
      "investment_rating": 1.3969852149486541,
      "stability_score": 60,
      "investment_mark": "○"
    },
    {
      "horse_number": 4,
      "name": "アルマデオロ",
      "popularity": 1,
      "odds": 2.0,
      "mark": "◎",
      "score": 143.47,
      "track_aptitude": 2,
      "total_points": 88.21000000000001,
      "detail_points": {
        "score": 50.0,
        "bias": 9.0,
        "pace": 10.2,
        "3f": 9.0,
        "margin": 8.0,
        "track": 2.0100000000000002
      },
      "avg_margin": 0.41,
      "race_name": "函館4R",
      "pred_prob_won": 0.29531011581420896,
      "pred_prob_in_top2": 0.1869827091693878,
      "pred_prob_in_top3": 0.6147850155830383,
      "score_z": 1.7947651838641567,
      "上り3F平均": 34.8,
      "Ave-3F平均": 37.54,
      "PCI平均": 57.9,
      "-3F差平均": 0.42,
      "想定脚質": "中団",
      "track_bias_aptitude_score": 57.4,
      "investment_value_score": 100,
      "total_investment_index": 85.2,
      "investment_rating": 1.075484037399292,
      "stability_score": 90,
      "investment_mark": "▲"
    },
    {
      "horse_number": 10,
      "name": "アスクデッドヒート",
      "popularity": 2,
      "odds": 7.4,
      "mark": "▲",
      "score": 131.39,
      "track_aptitude": 0,
      "total_points": 79.99006063985502,
      "detail_points": {
        "score": 45.79006063985502,
        "bias": 9.0,
        "pace": 10.2,
        "3f": 9.0,
        "margin": 6.0,
        "track": 0.0
      },
      "avg_margin": 0.6357142857142858,
      "race_name": "函館4R",
      "pred_prob_won": 0.10915919542312622,
      "pred_prob_in_top2": 0.1254820242524147,
      "pred_prob_in_top3": 0.3671391725540161,
      "score_z": 0.7193715233886436,
      "上り3F平均": 36.89,
      "Ave-3F平均": 38.37,
      "PCI平均": 54.37,
      "-3F差平均": 0.47,
      "想定脚質": "中団",
      "track_bias_aptitude_score": 45.4,
      "investment_value_score": 71.5,
      "total_investment_index": 62.7,
      "investment_rating": 0.6330605590343475,
      "stability_score": 75,
      "investment_mark": "△"
    },
    {
      "horse_number": 3,
      "name": "シャインフリーリー",
      "popularity": 11,
      "odds": 35.7,
      "mark": "▲",
      "score": 121.2,
      "track_aptitude": 3,
      "total_points": 79.4387955670175,
      "detail_points": {
        "score": 42.2387955670175,
        "bias": 9.0,
        "pace": 10.2,
        "3f": 9.0,
        "margin": 6.0,
        "track": 3.0
      },
      "avg_margin": 0.74375,
      "race_name": "函館4R",
      "pred_prob_won": 0.043269117921590806,
      "pred_prob_in_top2": 0.06924705505371094,
      "pred_prob_in_top3": 0.18956983983516693,
      "score_z": -0.187769321002536,
      "上り3F平均": 36.62,
      "Ave-3F平均": 37.25,
      "PCI平均": 51.71,
      "-3F差平均": 0.44,
      "想定脚質": "中団",
      "track_bias_aptitude_score": 63.5,
      "investment_value_score": 26.2,
      "total_investment_index": 39.5,
      "investment_rating": 0.5976017346978189,
      "stability_score": 75,
      "investment_mark": "△"
    },
    {
      "horse_number": 2,
      "name": "アルハイルフォート",
      "popularity": 5,
      "odds": 11.5,
      "mark": "⭐︎",
      "score": 129.3,
      "track_aptitude": 2,
      "total_points": 70.27168536976372,
      "detail_points": {
        "score": 45.061685369763715,
        "bias": 3.0,
        "pace": 10.2,
        "3f": 4.0,
        "margin": 6.0,
        "track": 2.0100000000000002
      },
      "avg_margin": 0.8,
      "race_name": "函館4R",
      "pred_prob_won": 0.0864363208413124,
      "pred_prob_in_top2": 0.07857768833637238,
      "pred_prob_in_top3": 0.25714021921157837,
      "score_z": 0.5333141765017402,
      "上り3F平均": 36.7,
      "Ave-3F平均": 36.91,
      "PCI平均": 50.65,
      "-3F差平均": 0.88,
      "想定脚質": "逃げ",
      "track_bias_aptitude_score": 23.2,
      "investment_value_score": 47.6,
      "total_investment_index": 41.4,
      "investment_rating": 0.5828450083732606,
      "stability_score": 75,
      "investment_mark": "△"
    },
    {
      "horse_number": 8,
      "name": "ヨヒーン",
      "popularity": 3,
      "odds": 8.7,
      "mark": "△",
      "score": 125.19,
      "track_aptitude": 2,
      "total_points": 77.83933017355545,
      "detail_points": {
        "score": 43.629330173555445,
        "bias": 9.0,
        "pace": 10.2,
        "3f": 9.0,
        "margin": 4.0,
        "track": 2.0100000000000002
      },
      "avg_margin": 1.1800000000000002,
      "race_name": "函館4R",
      "pred_prob_won": 0.05943708419799805,
      "pred_prob_in_top2": 0.07450619041919708,
      "pred_prob_in_top3": 0.2152445524930954,
      "score_z": 0.16743106850882886,
      "上り3F平均": 35.8,
      "Ave-3F平均": 37.38,
      "PCI平均": 54.58,
      "-3F差平均": 0.4,
      "想定脚質": "中団",
      "track_bias_aptitude_score": 57.4,
      "investment_value_score": 52.1,
      "total_investment_index": 53.8,
      "investment_rating": 0.2533559337258339,
      "stability_score": 60,
      "investment_mark": "☆"
    },
    {
      "horse_number": 6,
      "name": "ペールノエル",
      "popularity": 6,
      "odds": 14.0,
      "mark": "△",
      "score": 122.05,
      "track_aptitude": 2,
      "total_points": 76.74502474384889,
      "detail_points": {
        "score": 42.535024743848886,
        "bias": 9.0,
        "pace": 10.2,
        "3f": 9.0,
        "margin": 4.0,
        "track": 2.0100000000000002
      },
      "avg_margin": 1.475,
      "race_name": "函館4R",
      "pred_prob_won": 0.03784008473157883,
      "pred_prob_in_top2": 0.05727485716342926,
      "pred_prob_in_top3": 0.16077272295951844,
      "score_z": -0.112100065091594,
      "上り3F平均": 37.12,
      "Ave-3F平均": 37.22,
      "PCI平均": 50.57,
      "-3F差平均": 0.5,
      "想定脚質": "中団",
      "track_bias_aptitude_score": 57.4,
      "investment_value_score": 33.9,
      "total_investment_index": 42.4,
      "investment_rating": 0.17797952324152,
      "stability_score": 60,
      "investment_mark": "×"
    },
    {
      "horse_number": 13,
      "name": "ホウオウチェスター",
      "popularity": 9,
      "odds": 19.2,
      "mark": "△",
      "score": 114.91,
      "track_aptitude": 1,
      "total_points": 73.23669965846518,