{
  "horses": [
    {
      "horse_number": 10,
      "name": "シックスパック",
      "popularity": 6,
      "odds": 12.8,
      "mark": "◎",
      "score": 133.78,
      "track_aptitude": 1,
      "total_points": 88.38537148098497,
      "detail_points": {
        "score": 47.195371480984974,
        "bias": 15.0,
        "pace": 10.2,
        "3f": 9.0,
        "margin": 6.0,
        "track": 0.99
      },
      "avg_margin": 0.95,
      "race_name": "函館6R",
      "pred_prob_won": 0.18453611731529235,
      "pred_prob_in_top2": 0.1795192539691925,
      "pred_prob_in_top3": 0.5134270250797272,
      "score_z": 1.0811535559756351,
      "上り3F平均": 35.5,
      "Ave-3F平均": 36.66,
      "PCI平均": 53.3,
      "-3F差平均": 0.65,
      "想定脚質": "先行",
      "track_bias_aptitude_score": 87.9,
      "investment_value_score": 58.8,
      "total_investment_index": 68.5,
      "investment_rating": 1.969820530414581,
      "stability_score": 75,
      "investment_mark": "◎"
    },
    {
      "horse_number": 4,
      "name": "ミクニインスパイア",
      "popularity": 1,
      "odds": 2.3,
      "mark": "○",
      "score": 141.73,
      "track_aptitude": 2,
      "total_points": 88.21000000000001,
      "detail_points": {
        "score": 50.0,
        "bias": 9.0,
        "pace": 10.2,
        "3f": 9.0,
        "margin": 8.0,
        "track": 2.0100000000000002
      },
      "avg_margin": 0.3833333333333333,
      "race_name": "函館6R",
      "pred_prob_won": 0.2676520705223083,
      "pred_prob_in_top2": 0.1961215168237686,
      "pred_prob_in_top3": 0.5952618598937989,
      "score_z": 1.714898866206514,
      "上り3F平均": 35.3,
      "Ave-3F平均": 37.13,
      "PCI平均": 55.2,
      "-3F差平均": 0.8,
      "想定脚質": "中団",
      "track_bias_aptitude_score": 57.4,
      "investment_value_score": 100,
      "total_investment_index": 85.1,
      "investment_rating": 1.0083915567398072,
      "stability_score": 90,
      "investment_mark": "○"
    },
    {
      "horse_number": 2,
      "name": "ラマヌジャン",
      "popularity": 4,
      "odds": 8.3,
      "mark": "△",
      "score": 130.59,
      "track_aptitude": 2,
      "total_points": 82.27999223876385,
      "detail_points": {
        "score": 46.06999223876385,
        "bias": 9.0,
        "pace": 10.2,
        "3f": 9.0,
        "margin": 6.0,
        "track": 2.0100000000000002
      },
      "avg_margin": 0.8400000000000001,
      "race_name": "函館6R",
      "pred_prob_won": 0.12977255880832672,
      "pred_prob_in_top2": 0.11749356985092163,
      "pred_prob_in_top3": 0.37376278042793276,
      "score_z": 0.8268582679710432,
      "上り3F平均": 36.12,
      "Ave-3F平均": 36.91,
      "PCI平均": 52.34,
      "-3F差平均": 0.54,
      "想定脚質": "中団",
      "track_bias_aptitude_score": 57.4,
      "investment_value_score": 59.4,
      "total_investment_index": 59.2,
      "investment_rating": 0.9324273997545244,
      "stability_score": 75,
      "investment_mark": "▲"
    },
    {
      "horse_number": 8,
      "name": "ターミネーター",
      "popularity": 8,
      "odds": 14.2,
      "mark": "△",
      "score": 124.72,
      "track_aptitude": 0,
      "total_points": 67.47915331969237,
      "detail_points": {
        "score": 43.999153319692375,
        "bias": 9.0,
        "pace": 6.48,
        "3f": 4.0,
        "margin": 4.0,
        "track": 0.0
      },
      "avg_margin": 1.5999999999999999,
      "race_name": "函館6R",
      "pred_prob_won": 0.06643892452120781,
      "pred_prob_in_top2": 0.08363283723592758,
      "pred_prob_in_top3": 0.24841177463531494,
      "score_z": 0.35892305148610393,
      "上り3F平均": 38.37,
      "Ave-3F平均": 37.98,
      "PCI平均": 49.33,
      "-3F差平均": 0.83,
      "想定脚質": "マクリ",
      "track_bias_aptitude_score": 38.6,
      "investment_value_score": 37.0,
      "total_investment_index": 39.4,
      "investment_rating": 0.7649941802024841,
      "stability_score": 60,
      "investment_mark": "△"
    },
    {
      "horse_number": 12,
      "name": "ウインヘリオドール",
      "popularity": 3,
      "odds": 8.2,
      "mark": "▲",
      "score": 128.79,
      "track_aptitude": 2,
      "total_points": 85.64498200804347,
      "detail_points": {
        "score": 45.43498200804346,
        "bias": 15.0,
        "pace": 10.2,
        "3f": 9.0,
        "margin": 4.0,
        "track": 2.0100000000000002
      },
      "avg_margin": 1.3666666666666665,
      "race_name": "函館6R",
      "pred_prob_won": 0.11117062121629714,
      "pred_prob_in_top2": 0.11807640492916108,
      "pred_prob_in_top3": 0.34914010763168335,
      "score_z": 0.6833687637678243,
      "上り3F平均": 36.78,
      "Ave-3F平均": 37.59,
      "PCI平均": 52.32,
      "-3F差平均": 0.83,
      "想定脚質": "先行",
      "track_bias_aptitude_score": 94.0,
      "investment_value_score": 62.9,
      "total_investment_index": 72.1,
      "investment_rating": 0.6894473820924758,
      "stability_score": 60,
      "investment_mark": "△"
    },
    {
      "horse_number": 5,
      "name": "アスクデッドヒート",
      "popularity": 2,
      "odds": 6.2,
      "mark": "▲",
      "score": 124.5,
      "track_aptitude": 0,
      "total_points": 84.12154095815988,
      "detail_points": {
        "score": 43.92154095815988,
        "bias": 15.0,
        "pace": 10.2,
        "3f": 9.0,
        "margin": 6.0,
        "track": 0.0
      },
      "avg_margin": 0.78125,
      "race_name": "函館6R",
      "pred_prob_won": 0.08582133054733276,
      "pred_prob_in_top2": 0.09666747450828553,
      "pred_prob_in_top3": 0.2835306465625763,
      "score_z": 0.3413854454168218,
      "上り3F平均": 37.0,
      "Ave-3F平均": 38.1,
      "PCI平均": 53.29,
      "-3F差平均": 0.44,
      "想定脚質": "先行",
      "track_bias_aptitude_score": 81.9,
      "investment_value_score": 65.0,
      "total_investment_index": 69.1,
      "investment_rating": 0.3505919396877289,
      "stability_score": 75,
      "investment_mark": "☆"
    },
    {
      "horse_number": 1,
      "name": "シカレ",
      "popularity": 7,
      "odds": 13.5,
      "mark": "△",
      "score": 120.69,
      "track_aptitude": 2,
      "total_points": 74.78743596980173,
      "detail_points": {
        "score": 42.57743596980173,
        "bias": 9.0,
        "pace": 10.2,
        "3f": 7.0,
        "margin": 4.0,
        "track": 2.0100000000000002
      },
      "avg_margin": 1.72,
      "race_name": "函館6R",
      "pred_prob_won": 0.04271363541483879,
      "pred_prob_in_top2": 0.059378793090581895,
      "pred_prob_in_top3": 0.1825753092765808,
      "score_z": 0.03766599485334334,
      "上り3F平均": 36.89,
      "Ave-3F平均": 36.94,
      "PCI平均": 50.33,
      "-3F差平均": 1.03,
      "想定脚質": "中団",
      "track_bias_aptitude_score": 57.4,
      "investment_value_score": 32.8,
      "total_investment_index": 42.0,
      "investment_rating": 0.2998080283403397,
      "stability_score": 60,
      "investment_mark": "☆"
    },
    {
      "horse_number": 11,
      "name": "ディアイライザ",
      "popularity": 10,
      "odds": 32.1,
      "mark": "△",
      "score": 110.97,
      "track_aptitude": 2,
      "total_points": 65.43838072391166,
      "detail_points": {
        "score": 39.148380723911664,
        "bias": 3.0,
        "pace": 8.28,
        "3f": 9.0,
        "margin": 4.0,
        "track": 2.0100000000000002
      },
      "avg_margin": 1.6375000000000002,
      "race_name": "函館6R",
      "pred_prob_won": 0.025325436145067215,
      "pred_prob_in_top2": 0.03230841867625713,
      "pred_prob_in_top3": 0.1272725060582161,
      "score_z": -0.7371773278440342,
      "上り3F平均": 36.12,
      "Ave-3F平均": 37.17,
      "PCI平均": 53.06,
      "-3F差平均": 1.5,
      "想定脚質": "後方",
      "track_bias_aptitude_score": 13.1,
      "investment_value_score": 18.2,
      "total_investment_index": 18.6,
      "investment_rating": 0.04181654483079911,
      "stability_score": 60,
      "investment_mark": "×"
    },
    {
      "horse_number": 6,
      "name": "ハクサンミラクル",
      "popularity": 5,
      "odds": 11.1,
      "mark": "消",
      "score": 110.67,
      "track_aptitude": 0,