{
  "horses": [
    {
      "horse_number": 6,
      "name": "ヤマニンパルフェ",
      "popularity": 5,
      "odds": 9.7,
      "mark": "○",
      "score": 132.02,
      "track_aptitude": 0,
      "total_points": 90.31296201419894,
      "detail_points": {
        "score": 48.31296201419894,
        "bias": 15.0,
        "pace": 12.0,
        "3f": 9.0,
        "margin": 6.0,
        "track": 0.0
      },
      "avg_margin": 0.64,
      "race_name": "函館3R",
      "pred_prob_won": 0.17061029076576234,
      "pred_prob_in_top2": 0.1551555871963501,
      "pred_prob_in_top3": 0.4770641028881073,
      "score_z": 1.062258117693915,
      "上り3F平均": 37.04,
      "Ave-3F平均": 36.17,
      "PCI平均": 47.84,
      "-3F差平均": 0.7,
      "想定脚質": "先行",
      "track_bias_aptitude_score": 81.1,
      "investment_value_score": 75.6,
      "total_investment_index": 76.5,
      "investment_rating": 1.5944948732852935,
      "stability_score": 75,
      "investment_mark": "◎"
    },
    {
      "horse_number": 3,
      "name": "パーフェクトパール",
      "popularity": 3,
      "odds": 6.9,
      "mark": "▲",
      "score": 136.63,
      "track_aptitude": 2,
      "total_points": 88.01,
      "detail_points": {
        "score": 50.0,
        "bias": 9.0,
        "pace": 12.0,
        "3f": 9.0,
        "margin": 6.0,
        "track": 2.0100000000000002
      },
      "avg_margin": 0.6,
      "race_name": "函館3R",
      "pred_prob_won": 0.219393727183342,
      "pred_prob_in_top2": 0.17660753130912782,
      "pred_prob_in_top3": 0.5347142875194549,
      "score_z": 1.3749048566851538,
      "上り3F平均": 35.3,
      "Ave-3F平均": 35.92,
      "PCI平均": 51.77,
      "-3F差平均": 0.6,
      "想定脚質": "中団",
      "track_bias_aptitude_score": 57.5,
      "investment_value_score": 91.8,
      "total_investment_index": 79.6,
      "investment_rating": 1.3715000063180922,
      "stability_score": 75,
      "investment_mark": "○"
    },
    {
      "horse_number": 8,
      "name": "ヴァルチャースター",
      "popularity": 4,
      "odds": 7.2,
      "mark": "◎",
      "score": 127.06,
      "track_aptitude": 3,
      "total_points": 91.49784088413965,
      "detail_points": {
        "score": 46.49784088413965,
        "bias": 15.0,
        "pace": 12.0,
        "3f": 9.0,
        "margin": 6.0,
        "track": 3.0
      },
      "avg_margin": 0.9,
      "race_name": "函館3R",
      "pred_prob_won": 0.12548424899578095,
      "pred_prob_in_top2": 0.1302240878343582,
      "pred_prob_in_top3": 0.3875414490699768,
      "score_z": 0.7258746414690661,
      "上り3F平均": 36.1,
      "Ave-3F平均": 36.78,
      "PCI平均": 51.9,
      "-3F差平均": 0.77,
      "想定脚質": "先行",
      "track_bias_aptitude_score": 100,
      "investment_value_score": 74.2,
      "total_investment_index": 80.7,
      "investment_rating": 1.0195428687334058,
      "stability_score": 75,
      "investment_mark": "▲"
    },
    {
      "horse_number": 11,
      "name": "デルマケセラセラ",
      "popularity": 7,
      "odds": 18.0,
      "mark": "△",
      "score": 125.08,
      "track_aptitude": 2,
      "total_points": 76.0132562394789,
      "detail_points": {
        "score": 45.77325623947889,
        "bias": 4.95,
        "pace": 8.28,
        "3f": 7.0,
        "margin": 8.0,
        "track": 2.0100000000000002
      },
      "avg_margin": 0.2333333333333333,
      "race_name": "函館3R",
      "pred_prob_won": 0.0882059320807457,
      "pred_prob_in_top2": 0.09896175265312195,
      "pred_prob_in_top3": 0.2992073655128479,
      "score_z": 0.591592527976082,
      "上り3F平均": 35.13,
      "Ave-3F平均": 36.72,
      "PCI平均": 54.57,
      "-3F差平均": 0.3,
      "想定脚質": "逃げ",
      "track_bias_aptitude_score": 29.9,
      "investment_value_score": 55.2,
      "total_investment_index": 48.1,
      "investment_rating": 1.0054819834232331,
      "stability_score": 90,
      "investment_mark": "▲"
    },
    {
      "horse_number": 7,
      "name": "セレニティ",
      "popularity": 9,
      "odds": 20.1,
      "mark": "△",
      "score": 121.05,
      "track_aptitude": 2,
      "total_points": 82.30847032130572,
      "detail_points": {
        "score": 44.298470321305714,
        "bias": 9.0,
        "pace": 12.0,
        "3f": 9.0,
        "margin": 6.0,
        "track": 2.0100000000000002
      },
      "avg_margin": 0.62,
      "race_name": "函館3R",
      "pred_prob_won": 0.06200173646211624,
      "pred_prob_in_top2": 0.07268825247883796,
      "pred_prob_in_top3": 0.23344275057315828,
      "score_z": 0.3182809535433927,
      "上り3F平均": 35.48,
      "Ave-3F平均": 36.97,
      "PCI平均": 54.34,
      "-3F差平均": 0.78,
      "想定脚質": "中団",
      "track_bias_aptitude_score": 57.5,
      "investment_value_score": 43.1,
      "total_investment_index": 48.6,
      "investment_rating": 0.7874107038974762,
      "stability_score": 75,
      "investment_mark": "△"
    },
    {
      "horse_number": 9,
      "name": "セリオヴェローチェ",
      "popularity": 2,
      "odds": 3.6,
      "mark": "△",
      "score": 130.36,
      "track_aptitude": 0,
      "total_points": 85.70548195857427,
      "detail_points": {
        "score": 47.70548195857426,
        "bias": 15.0,
        "pace": 12.0,
        "3f": 7.0,
        "margin": 4.0,
        "track": 0.0
      },
      "avg_margin": 1.025,
      "race_name": "函館3R",
      "pred_prob_won": 0.13783382773399352,
      "pred_prob_in_top2": 0.13671879470348358,
      "pred_prob_in_top3": 0.389328271150589,
      "score_z": 0.9496781639573731,
      "上り3F平均": 36.05,
      "Ave-3F平均": 35.7,
      "PCI平均": 49.05,
      "-3F差平均": 0.25,
      "想定脚質": "先行",
      "track_bias_aptitude_score": 81.1,
      "investment_value_score": 91.3,
      "total_investment_index": 85.7,
      "investment_rating": 0.6985183998942375,
      "stability_score": 60,
      "investment_mark": "△"
    },
    {
      "horse_number": 4,
      "name": "コンドゥイア",
      "popularity": 1,
      "odds": 3.2,
      "mark": "▲",
      "score": 124.34,
      "track_aptitude": 2,
      "total_points": 87.51245187733295,
      "detail_points": {
        "score": 45.502451877332945,
        "bias": 15.0,
        "pace": 12.0,
        "3f": 9.0,
        "margin": 4.0,
        "track": 2.0100000000000002
      },
      "avg_margin": 1.23125,
      "race_name": "函館3R",
      "pred_prob_won": 0.09633513391017914,
      "pred_prob_in_top2": 0.1081561341881752,
      "pred_prob_in_top3": 0.32051351070404055,
      "score_z": 0.5414062835393106,
      "上り3F平均": 37.58,
      "Ave-3F平均": 36.72,
      "PCI平均": 48.04,
      "-3F差平均": 0.41,
      "想定脚質": "先行",
      "track_bias_aptitude_score": 93.7,
      "investment_value_score": 100,
      "total_investment_index": 94.0,
      "investment_rating": 0.3692324256896974,
      "stability_score": 60,
      "investment_mark": "☆"
    },
    {
      "horse_number": 5,
      "name": "ウィットビーアビー",
      "popularity": 10,
      "odds": 38.3,
      "mark": "△",
      "score": 112.75,
      "track_aptitude": 0,
      "total_points": 79.26107004318231,
      "detail_points": {
        "score": 41.26107004318232,
        "bias": 15.0,
        "pace": 12.0,
        "3f": 7.0,
        "margin": 4.0,
        "track": 0.0
      },
      "avg_margin": 1.0499999999999998,
      "race_name": "函館3R",
      "pred_prob_won": 0.030624768137931822,
      "pred_prob_in_top2": 0.047461482137441634,
      "pred_prob_in_top3": 0.13766369223594666,
      "score_z": -0.24461881513931694,
      "上り3F平均": 36.25,
      "Ave-3F平均": 37.68,
      "PCI平均": 53.95,
      "-3F差平均": 0.2,
      "想定脚質": "先行",
      "track_bias_aptitude_score": 81.1,
      "investment_value_score": 27.7,
      "total_investment_index": 45.5,
      "investment_rating": 0.16182813793420792,
      "stability_score": 60,
      "investment_mark": "×"
    },
    {
      "horse_number": 2,
      "name": "ウインキララ",
      "popularity": 8,
      "odds": 19.0,
      "mark": "消",
      "score": 111.75,
      "track_aptitude": 0,
      "total_points": 66.12511820244455,
      "detail_points": {
        "score": 40.89511820244456,