{
  "horses": [
    {
      "horse_number": 7,
      "name": "ピースフルゴールド",
      "popularity": 7,
      "odds": 9.7,
      "mark": "▲",
      "score": 114.01,
      "track_aptitude": 2,
      "total_points": 91.09433137854136,
      "detail_points": {
        "score": 47.08433137854134,
        "bias": 15.0,
        "pace": 12.0,
        "3f": 9.0,
        "margin": 6.0,
        "track": 2.0100000000000002
      },
      "avg_margin": 0.7100000000000001,
      "race_name": "函館4R",
      "pred_prob_won": 0.1521551340818405,
      "pred_prob_in_top2": 0.129575015604496,
      "pred_prob_in_top3": 0.40343448519706726,
      "score_z": 1.096549228163859,
      "上り3F平均": 36.18,
      "Ave-3F平均": 34.97,
      "PCI平均": 46.72,
      "-3F差平均": 0.7,
      "想定脚質": "先行",
      "track_bias_aptitude_score": 93.0,
      "investment_value_score": 59.6,
      "total_investment_index": 70.5,
      "investment_rating": 1.6592331171035766,
      "stability_score": 75,
      "investment_mark": "◎"
    },
    {
      "horse_number": 12,
      "name": "ララバニュルス",
      "popularity": 4,
      "odds": 7.6,
      "mark": "○",
      "score": 114.8,
      "track_aptitude": 0,
      "total_points": 91.41058891550342,
      "detail_points": {
        "score": 47.410588915503425,
        "bias": 15.0,
        "pace": 12.0,
        "3f": 9.0,
        "margin": 8.0,
        "track": 0.0
      },
      "avg_margin": 0.48333333333333334,
      "race_name": "函館4R",
      "pred_prob_won": 0.16567788422107696,
      "pred_prob_in_top2": 0.15623221695423126,
      "pred_prob_in_top3": 0.4548256516456604,
      "score_z": 1.1499175062718827,
      "上り3F平均": 34.8,
      "Ave-3F平均": 36.03,
      "PCI平均": 53.6,
      "-3F差平均": 0.8,
      "想定脚質": "先行",
      "track_bias_aptitude_score": 79.1,
      "investment_value_score": 73.7,
      "total_investment_index": 74.9,
      "investment_rating": 1.3465613240003584,
      "stability_score": 90,
      "investment_mark": "○"
    },
    {
      "horse_number": 3,
      "name": "アークシャルダーム",
      "popularity": 2,
      "odds": 6.3,
      "mark": "◎",
      "score": 121.07,
      "track_aptitude": 0,
      "total_points": 92.0,
      "detail_points": {
        "score": 50.0,
        "bias": 15.0,
        "pace": 12.0,
        "3f": 9.0,
        "margin": 6.0,
        "track": 0.0
      },
      "avg_margin": 0.53,
      "race_name": "函館4R",
      "pred_prob_won": 0.24349282383918763,
      "pred_prob_in_top2": 0.16047588884830474,
      "pred_prob_in_top3": 0.5361298322677612,
      "score_z": 1.5734859920153148,
      "上り3F平均": 34.82,
      "Ave-3F平均": 35.83,
      "PCI平均": 52.92,
      "-3F差平均": 0.48,
      "想定脚質": "先行",
      "track_bias_aptitude_score": 79.1,
      "investment_value_score": 93.9,
      "total_investment_index": 87.7,
      "investment_rating": 1.1779700219631195,
      "stability_score": 75,
      "investment_mark": "▲"
    },
    {
      "horse_number": 13,
      "name": "ダディーズグーグー",
      "popularity": 8,
      "odds": 13.7,
      "mark": "⭐︎",
      "score": 108.82,
      "track_aptitude": 2,
      "total_points": 73.28094325596761,
      "detail_points": {
        "score": 44.94094325596762,
        "bias": 7.05,
        "pace": 8.28,
        "3f": 5.0,
        "margin": 6.0,
        "track": 2.0100000000000002
      },
      "avg_margin": 0.78,
      "race_name": "函館4R",
      "pred_prob_won": 0.0771323561668396,
      "pred_prob_in_top2": 0.08670457154512405,
      "pred_prob_in_top3": 0.2641150176525116,
      "score_z": 0.7459399074288638,
      "上り3F平均": 36.04,
      "Ave-3F平均": 35.11,
      "PCI平均": 47.54,
      "-3F差平均": 0.6,
      "想定脚質": "逃げ",
      "track_bias_aptitude_score": 42.7,
      "investment_value_score": 46.9,
      "total_investment_index": 47.2,
      "investment_rating": 0.9743073585629465,
      "stability_score": 75,
      "investment_mark": "▲"
    },
    {
      "horse_number": 1,
      "name": "ヒットザグラウンド",
      "popularity": 6,
      "odds": 9.5,
      "mark": "△",
      "score": 107.99,
      "track_aptitude": 0,
      "total_points": 84.64816635004543,
      "detail_points": {
        "score": 44.598166350045425,
        "bias": 13.05,
        "pace": 12.0,
        "3f": 9.0,
        "margin": 6.0,
        "track": 0.0
      },
      "avg_margin": 0.9749999999999999,
      "race_name": "函館4R",
      "pred_prob_won": 0.07134611904621124,
      "pred_prob_in_top2": 0.09373502135276794,
      "pred_prob_in_top3": 0.24441286623477937,
      "score_z": 0.689869438024231,
      "上り3F平均": 37.78,
      "Ave-3F平均": 35.9,
      "PCI平均": 45.17,
      "-3F差平均": 0.8,
      "想定脚質": "中団",
      "track_bias_aptitude_score": 62.7,
      "investment_value_score": 50.9,
      "total_investment_index": 55.5,
      "investment_rating": 0.6842849744856359,
      "stability_score": 75,
      "investment_mark": "△"
    },
    {
      "horse_number": 15,
      "name": "アセンディア",
      "popularity": 1,
      "odds": 4.4,
      "mark": "▲",
      "score": 114.25,
      "track_aptitude": 0,
      "total_points": 89.18344759230197,
      "detail_points": {
        "score": 47.183447592301974,
        "bias": 15.0,
        "pace": 12.0,
        "3f": 9.0,
        "margin": 6.0,
        "track": 0.0
      },
      "avg_margin": 0.575,
      "race_name": "函館4R",
      "pred_prob_won": 0.14908452033996583,
      "pred_prob_in_top2": 0.13793112635612487,
      "pred_prob_in_top3": 0.4118537545204163,
      "score_z": 1.1127623759435115,
      "上り3F平均": 35.15,
      "Ave-3F平均": 35.18,
      "PCI平均": 50.17,
      "-3F差平均": 0.53,
      "想定脚質": "先行",
      "track_bias_aptitude_score": 79.1,
      "investment_value_score": 100,
      "total_investment_index": 90.6,
      "investment_rating": 0.6472636353969575,
      "stability_score": 75,
      "investment_mark": "△"
    },
    {
      "horse_number": 10,
      "name": "ガジュノリホワイト",
      "popularity": 5,
      "odds": 7.9,
      "mark": "△",
      "score": 103.07,
      "track_aptitude": 0,
      "total_points": 84.56628396795242,
      "detail_points": {
        "score": 42.56628396795242,
        "bias": 15.0,
        "pace": 12.0,
        "3f": 9.0,
        "margin": 6.0,
        "track": 0.0
      },
      "avg_margin": 0.85625,
      "race_name": "函館4R",
      "pred_prob_won": 0.04685322418808937,
      "pred_prob_in_top2": 0.06874999403953552,
      "pred_prob_in_top3": 0.19217126667499543,
      "score_z": 0.357499908541346,
      "上り3F平均": 36.31,
      "Ave-3F平均": 35.93,
      "PCI平均": 48.99,
      "-3F差平均": 0.36,
      "想定脚質": "先行",
      "track_bias_aptitude_score": 79.1,
      "investment_value_score": 48.4,
      "total_investment_index": 58.4,
      "investment_rating": 0.3647707000374794,
      "stability_score": 75,
      "investment_mark": "☆"
    },
    {
      "horse_number": 4,
      "name": "メイショウハボマイ",
      "popularity": 12,
      "odds": 46.4,
      "mark": "△",
      "score": 89.95,
      "track_aptitude": 0,
      "total_points": 77.19793094903775,
      "detail_points": {
        "score": 37.14793094903775,
        "bias": 13.05,
        "pace": 12.0,
        "3f": 9.0,
        "margin": 6.0,
        "track": 0.0
      },
      "avg_margin": 0.9375,
      "race_name": "函館4R",
      "pred_prob_won": 0.026367903873324394,
      "pred_prob_in_top2": 0.03648260608315468,
      "pred_prob_in_top3": 0.10521555989980698,
      "score_z": -0.5288188367463462,
      "上り3F平均": 36.03,
      "Ave-3F平均": 35.84,
      "PCI平均": 49.55,
      "-3F差平均": 0.57,
      "想定脚質": "中団",
      "track_bias_aptitude_score": 62.7,
      "investment_value_score": 17.8,
      "total_investment_index": 33.6,
      "investment_rating": 0.02854992516338828,
      "stability_score": 75,
      "investment_mark": "×"
    },
    {
      "horse_number": 8,
      "name": "ブラックティンカー",
      "popularity": 9,
      "odds": 21.3,
      "mark": "消",
      "score": 93.27,
      "track_aptitude": 2,
      "total_points": 64.85903857272652,
      "detail_points": {
        "score": 38.51903857272652,