{
  "horses": [
    {
      "horse_number": 2,
      "name": "アレグランサ",
      "popularity": 9,
      "odds": 23.7,
      "mark": "○",
      "score": 126.67,
      "track_aptitude": 2,
      "total_points": 86.34361332773345,
      "detail_points": {
        "score": 44.33361332773344,
        "bias": 15.0,
        "pace": 12.0,
        "3f": 9.0,
        "margin": 4.0,
        "track": 2.0100000000000002
      },
      "avg_margin": 1.672222222222222,
      "race_name": "函館5R",
      "pred_prob_won": 0.10529301911592484,
      "pred_prob_in_top2": 0.11201181709766388,
      "pred_prob_in_top3": 0.3293782413005829,
      "score_z": 0.49144408362808345,
      "上り3F平均": 37.4,
      "Ave-3F平均": 37.3,
      "PCI平均": 49.88,
      "-3F差平均": 0.7,
      "想定脚質": "先行",
      "track_bias_aptitude_score": 94.0,
      "investment_value_score": 43.6,
      "total_investment_index": 60.2,
      "investment_rating": 1.5403653046488763,
      "stability_score": 60,
      "investment_mark": "◎"
    },
    {
      "horse_number": 13,
      "name": "クックパイン",
      "popularity": 3,
      "odds": 6.1,
      "mark": "◎",
      "score": 135.81,
      "track_aptitude": 0,
      "total_points": 87.53254934901301,
      "detail_points": {
        "score": 47.53254934901302,
        "bias": 15.0,
        "pace": 12.0,
        "3f": 9.0,
        "margin": 4.0,
        "track": 0.0
      },
      "avg_margin": 1.35,
      "race_name": "函館5R",
      "pred_prob_won": 0.2288859158754349,
      "pred_prob_in_top2": 0.17926117777824402,
      "pred_prob_in_top3": 0.5515130877494812,
      "score_z": 1.2941781704120772,
      "上り3F平均": 36.75,
      "Ave-3F平均": 37.77,
      "PCI平均": 53.35,
      "-3F差平均": 0.8,
      "想定脚質": "先行",
      "track_bias_aptitude_score": 81.9,
      "investment_value_score": 75.2,
      "total_investment_index": 76.8,
      "investment_rating": 1.497568843960762,
      "stability_score": 60,
      "investment_mark": "○"
    },
    {
      "horse_number": 14,
      "name": "ホウオウアーネスト",
      "popularity": 6,
      "odds": 14.5,
      "mark": "⭐︎",
      "score": 131.28,
      "track_aptitude": 0,
      "total_points": 69.94708105837883,
      "detail_points": {
        "score": 45.94708105837883,
        "bias": 3.0,
        "pace": 12.0,
        "3f": 5.0,
        "margin": 4.0,
        "track": 0.0
      },
      "avg_margin": 1.2,
      "race_name": "函館5R",
      "pred_prob_won": 0.10730738490819931,
      "pred_prob_in_top2": 0.11193162202835083,
      "pred_prob_in_top3": 0.35054324865341185,
      "score_z": 0.8963241864808417,
      "上り3F平均": 37.14,
      "Ave-3F平均": 38.17,
      "PCI平均": 53.12,
      "-3F差平均": 0.74,
      "想定脚質": "逃げ",
      "track_bias_aptitude_score": 11.1,
      "investment_value_score": 53.2,
      "total_investment_index": 41.7,
      "investment_rating": 1.2527162432670593,
      "stability_score": 60,
      "investment_mark": "▲"
    },
    {
      "horse_number": 4,
      "name": "ラブリーリディア",
      "popularity": 1,
      "odds": 3.5,
      "mark": "▲",
      "score": 142.86,
      "track_aptitude": 2,
      "total_points": 82.29,
      "detail_points": {
        "score": 50.0,
        "bias": 9.0,
        "pace": 8.28,
        "3f": 7.0,
        "margin": 6.0,
        "track": 2.0100000000000002
      },
      "avg_margin": 0.9,
      "race_name": "函館5R",
      "pred_prob_won": 0.29338921308517457,
      "pred_prob_in_top2": 0.18264767229557038,
      "pred_prob_in_top3": 0.5964825272560119,
      "score_z": 1.9133549003712853,
      "上り3F平均": 34.0,
      "Ave-3F平均": 37.11,
      "PCI平均": 59.2,
      "-3F差平均": 1.15,
      "想定脚質": "中団",
      "track_bias_aptitude_score": 57.4,
      "investment_value_score": 100,
      "total_investment_index": 85.4,
      "investment_rating": 1.0920856863260269,
      "stability_score": 75,
      "investment_mark": "▲"
    },
    {
      "horse_number": 1,
      "name": "コンスピラシー",
      "popularity": 11,
      "odds": 35.5,
      "mark": "△",
      "score": 123.0,
      "track_aptitude": 1,
      "total_points": 74.31913901721965,
      "detail_points": {
        "score": 43.04913901721965,
        "bias": 9.0,
        "pace": 8.28,
        "3f": 9.0,
        "margin": 4.0,
        "track": 0.99
      },
      "avg_margin": 1.5350000000000001,
      "race_name": "函館5R",
      "pred_prob_won": 0.05424587354063988,
      "pred_prob_in_top2": 0.07605931758880616,
      "pred_prob_in_top3": 0.2138339787721634,
      "score_z": 0.16912087810321935,
      "上り3F平均": 36.77,
      "Ave-3F平均": 36.65,
      "PCI平均": 49.86,
      "-3F差平均": 0.77,
      "想定脚質": "中団",
      "track_bias_aptitude_score": 51.4,
      "investment_value_score": 31.9,
      "total_investment_index": 39.8,
      "investment_rating": 0.9072133354842662,
      "stability_score": 60,
      "investment_mark": "△"
    },
    {
      "horse_number": 15,
      "name": "スイートフェアリー",
      "popularity": 2,
      "odds": 4.5,
      "mark": "▲",
      "score": 131.22,
      "track_aptitude": 0,
      "total_points": 78.20608147837044,
      "detail_points": {
        "score": 45.92608147837043,
        "bias": 9.0,
        "pace": 8.28,
        "3f": 9.0,
        "margin": 6.0,
        "track": 0.0
      },
      "avg_margin": 0.7,
      "race_name": "函館5R",
      "pred_prob_won": 0.140647491812706,
      "pred_prob_in_top2": 0.13547763526439666,
      "pred_prob_in_top3": 0.4217353343963623,
      "score_z": 0.8910545972896993,
      "上り3F平均": 36.15,
      "Ave-3F平均": 36.44,
      "PCI平均": 50.8,
      "-3F差平均": 0.65,
      "想定脚質": "中団",
      "track_bias_aptitude_score": 45.4,
      "investment_value_score": 75.7,
      "total_investment_index": 65.5,
      "investment_rating": 0.8808589363098145,
      "stability_score": 75,
      "investment_mark": "△"
    },
    {
      "horse_number": 9,
      "name": "ハクサンミラクル",
      "popularity": 4,
      "odds": 7.0,
      "mark": "△",
      "score": 125.66,
      "track_aptitude": 1,
      "total_points": 72.97012039759204,
      "detail_points": {
        "score": 43.980120397592046,
        "bias": 3.0,
        "pace": 12.0,
        "3f": 9.0,
        "margin": 4.0,
        "track": 0.99
      },
      "avg_margin": 1.285,
      "race_name": "函館5R",
      "pred_prob_won": 0.07409917861223221,
      "pred_prob_in_top2": 0.09363678693771363,
      "pred_prob_in_top3": 0.2653978765010834,
      "score_z": 0.4027393322438561,
      "上り3F平均": 38.02,
      "Ave-3F平均": 36.6,
      "PCI平均": 46.7,
      "-3F差平均": 0.17,
      "想定脚質": "逃げ",
      "track_bias_aptitude_score": 17.2,
      "investment_value_score": 53.4,
      "total_investment_index": 42.9,
      "investment_rating": 0.6350517183542252,
      "stability_score": 60,
      "investment_mark": "☆"
    },
    {
      "horse_number": 12,
      "name": "クランドゥイユ",
      "popularity": 7,
      "odds": 15.9,
      "mark": "⭐︎",
      "score": 123.38,
      "track_aptitude": 2,
      "total_points": 67.47213635727284,
      "detail_points": {
        "score": 43.182136357272846,
        "bias": 3.0,
        "pace": 8.28,
        "3f": 7.0,
        "margin": 4.0,
        "track": 2.0100000000000002
      },
      "avg_margin": 1.15,
      "race_name": "函館5R",
      "pred_prob_won": 0.04681010767817497,
      "pred_prob_in_top2": 0.06512356922030449,
      "pred_prob_in_top3": 0.18994596898555755,
      "score_z": 0.2024949429804528,
      "上り3F平均": 36.02,
      "Ave-3F平均": 37.29,
      "PCI平均": 53.83,
      "-3F差平均": 0.92,
      "想定脚質": "後方",
      "track_bias_aptitude_score": 13.1,
      "investment_value_score": 37.6,
      "total_investment_index": 31.8,
      "investment_rating": 0.5042001278698445,
      "stability_score": 60,
      "investment_mark": "☆"
    },
    {
      "horse_number": 6,
      "name": "リュウゼツラン",
      "popularity": 8,
      "odds": 17.1,
      "mark": "△",
      "score": 117.97,
      "track_aptitude": 0,
      "total_points": 71.56867422651547,
      "detail_points": {
        "score": 41.28867422651547,
        "bias": 9.0,