{
  "horses": [
    {
      "horse_number": 3,
      "name": "ショウナンカリス",
      "popularity": 3,
      "odds": 5.6,
      "mark": "◎",
      "score": 116.3,
      "track_aptitude": 0,
      "total_points": 90.67738155030972,
      "detail_points": {
        "score": 48.677381550309725,
        "bias": 15.0,
        "pace": 12.0,
        "3f": 7.0,
        "margin": 8.0,
        "track": 0.0
      },
      "avg_margin": 0.35,
      "race_name": "函館1R",
      "pred_prob_won": 0.16226130425930024,
      "pred_prob_in_top2": 0.1427009642124176,
      "pred_prob_in_top3": 0.45197450518608095,
      "score_z": 1.0406248326551635,
      "上り3F平均": 35.3,
      "Ave-3F平均": 33.6,
      "PCI平均": 45.2,
      "-3F差平均": 0.2,
      "想定脚質": "先行",
      "track_bias_aptitude_score": 81.2,
      "investment_value_score": 71.4,
      "total_investment_index": 73.9,
      "investment_rating": 0.9449043944478037,
      "stability_score": 90,
      "investment_mark": "◎"
    },
    {
      "horse_number": 1,
      "name": "トウカイマシェリ",
      "popularity": 1,
      "odds": 2.0,
      "mark": "▲",
      "score": 119.46,
      "track_aptitude": 0,
      "total_points": 84.28,
      "detail_points": {
        "score": 50.0,
        "bias": 9.0,
        "pace": 8.28,
        "3f": 9.0,
        "margin": 8.0,
        "track": 0.0
      },
      "avg_margin": 0.25,
      "race_name": "函館1R",
      "pred_prob_won": 0.1741894006729126,
      "pred_prob_in_top2": 0.14694892466068268,
      "pred_prob_in_top3": 0.4461755871772766,
      "score_z": 1.2308279688674584,
      "上り3F平均": 35.3,
      "Ave-3F平均": 33.4,
      "PCI平均": 44.6,
      "-3F差平均": 0,
      "想定脚質": "逃げ",
      "track_bias_aptitude_score": 37.1,
      "investment_value_score": 100,
      "total_investment_index": 78.2,
      "investment_rating": 0.532365306019783,
      "stability_score": 90,
      "investment_mark": "○"
    },
    {
      "horse_number": 5,
      "name": "コンフィアンサ",
      "popularity": 6,
      "odds": 13.1,
      "mark": "○",
      "score": 100.1,
      "track_aptitude": 2,
      "total_points": 85.90686924493555,
      "detail_points": {
        "score": 41.896869244935544,
        "bias": 15.0,
        "pace": 12.0,
        "3f": 9.0,
        "margin": 6.0,
        "track": 2.0100000000000002
      },
      "avg_margin": 0.9,
      "race_name": "函館1R",
      "pred_prob_won": 0.05425819009542465,
      "pred_prob_in_top2": 0.0767684206366539,
      "pred_prob_in_top3": 0.20537776350975037,
      "score_z": 0.06553280523770161,
      "上り3F平均": 34.2,
      "Ave-3F平均": 34.65,
      "PCI平均": 51.3,
      "-3F差平均": 0.6,
      "想定脚質": "先行",
      "track_bias_aptitude_score": 93.7,
      "investment_value_score": 30.9,
      "total_investment_index": 51.8,
      "investment_rating": 0.20903992295265206,
      "stability_score": 75,
      "investment_mark": "△"
    },
    {
      "horse_number": 2,
      "name": "タヤスロレンヌ",
      "popularity": 4,
      "odds": 6.8,
      "mark": "▲",
      "score": 103.6,
      "track_aptitude": 0,
      "total_points": 85.36179474301022,
      "detail_points": {
        "score": 43.361794743010215,
        "bias": 15.0,
        "pace": 12.0,
        "3f": 7.0,
        "margin": 8.0,
        "track": 0.0
      },
      "avg_margin": 0.4,
      "race_name": "函館1R",
      "pred_prob_won": 0.059286725521087644,
      "pred_prob_in_top2": 0.07921771854162216,
      "pred_prob_in_top3": 0.22267523109912873,
      "score_z": 0.2762008358525853,
      "上り3F平均": 34.9,
      "Ave-3F平均": 36.2,
      "PCI平均": 53.7,
      "-3F差平均": 0.2,
      "想定脚質": "先行",
      "track_bias_aptitude_score": 81.2,
      "investment_value_score": 43.2,
      "total_investment_index": 55.7,
      "investment_rating": 0.1575034937262535,
      "stability_score": 90,
      "investment_mark": "△"
    },
    {
      "horse_number": 4,
      "name": "プレセピオ",
      "popularity": 7,
      "odds": 45.6,
      "mark": "△",
      "score": 96.68,
      "track_aptitude": 0,
      "total_points": 80.46542775824544,
      "detail_points": {
        "score": 40.46542775824544,
        "bias": 15.0,
        "pace": 12.0,
        "3f": 9.0,
        "margin": 4.0,
        "track": 0.0
      },
      "avg_margin": 1.7,
      "race_name": "函館1R",
      "pred_prob_won": 0.02674802616238594,
      "pred_prob_in_top2": 0.04819004535675049,
      "pred_prob_in_top3": 0.1301603361964226,
      "score_z": -0.14031995610598402,
      "上り3F平均": 35.8,
      "Ave-3F平均": 34.1,
      "PCI平均": 45.3,
      "-3F差平均": 0.7,
      "想定脚質": "先行",
      "track_bias_aptitude_score": 81.2,
      "investment_value_score": 16.3,
      "total_investment_index": 38.9,
      "investment_rating": -0.1755459996312857,
      "stability_score": 60,
      "investment_mark": "××"
    },
    {
      "horse_number": 6,
      "name": "ワイズギャング",
      "popularity": 2,
      "odds": 5.0,
      "mark": "△",
      "score": 101.6,
      "track_aptitude": 0,
      "total_points": 74.47469445839613,
      "detail_points": {
        "score": 42.52469445839612,
        "bias": 4.95,
        "pace": 12.0,
        "3f": 9.0,
        "margin": 6.0,
        "track": 0.0
      },
      "avg_margin": 0.9,
      "race_name": "函館1R",
      "pred_prob_won": 0.03993121981620788,
      "pred_prob_in_top2": 0.05139620825648308,
      "pred_prob_in_top3": 0.15148670971393585,
      "score_z": 0.15581910407265176,
      "上り3F平均": 34.8,
      "Ave-3F平均": 34.3,
      "PCI平均": 48.6,
      "-3F差平均": 0.9,
      "想定脚質": "中団",
      "track_bias_aptitude_score": 17.1,
      "investment_value_score": 50.0,
      "total_investment_index": 40.4,
      "investment_rating": -0.21524252891540518,
      "stability_score": 75,
      "investment_mark": "××"
    },
    {
      "horse_number": 7,
      "name": "サマーカムカム",
      "popularity": 8,
      "odds": 90.4,
      "mark": "△",
      "score": 66.52,
      "track_aptitude": 0,
      "total_points": 49.12195546626486,
      "detail_points": {
        "score": 27.841955466264857,
        "bias": 3.0,
        "pace": 8.28,
        "3f": 9.0,
        "margin": 1.0,
        "track": 0.0
      },
      "avg_margin": 5.0,
      "race_name": "函館1R",
      "pred_prob_won": 0.02840627059340477,
      "pred_prob_in_top2": 0.02636427544057369,
      "pred_prob_in_top3": 0.09350774735212326,
      "score_z": -1.9556764713473827,
      "上り3F平均": 36.3,
      "Ave-3F平均": 37.65,
      "PCI平均": 53.7,
      "-3F差平均": 2.6,
      "想定脚質": "後方",
      "track_bias_aptitude_score": 1,
      "investment_value_score": 1,
      "total_investment_index": 2.6,
      "investment_rating": -0.39219964221119874,
      "stability_score": 30,
      "investment_mark": "××"
    },
    {
      "horse_number": 8,
      "name": "カンレイスター",
      "popularity": 5,
      "odds": 8.2,
      "mark": "△",
      "score": 87.83,
      "track_aptitude": 0,
      "total_points": 66.71125899882807,
      "detail_points": {
        "score": 36.76125899882806,
        "bias": 4.95,
        "pace": 12.0,
        "3f": 9.0,
        "margin": 4.0,
        "track": 0.0
      },
      "avg_margin": 1.9,
      "race_name": "函館1R",
      "pred_prob_won": 0.020534124597907065,
      "pred_prob_in_top2": 0.029777325689792633,
      "pred_prob_in_top3": 0.09272293150424957,
      "score_z": -0.6730091192321905,
      "上り3F平均": 36.8,
      "Ave-3F平均": 36.15,
      "PCI平均": 48.2,
      "-3F差平均": 0.8,
      "想定脚質": "中団",
      "track_bias_aptitude_score": 17.1,
      "investment_value_score": 14.4,
      "total_investment_index": 17.6,
      "investment_rating": -0.4002937822043896,
      "stability_score": 60,
      "investment_mark": "××"
    }
  ]
}