{
  "horses": [
    {
      "horse_number": 12,
      "name": "ジョーブラック",
      "popularity": 8,
      "odds": 20.2,
      "mark": "▲",
      "score": 109.36,
      "track_aptitude": 0,
      "total_points": 90.05,
      "detail_points": {
        "score": 50.0,
        "bias": 13.05,
        "pace": 12.0,
        "3f": 9.0,
        "margin": 6.0,
        "track": 0.0
      },
      "avg_margin": 0.9444444444444444,
      "race_name": "函館4R",
      "pred_prob_won": 0.13941847383975983,
      "pred_prob_in_top2": 0.13264112770557404,
      "pred_prob_in_top3": 0.4066389501094818,
      "score_z": 1.1235390148755404,
      "上り3F平均": 35.99,
      "Ave-3F平均": 35.54,
      "PCI平均": 49.02,
      "-3F差平均": 0.61,
      "想定脚質": "中団",
      "track_bias_aptitude_score": 62.7,
      "investment_value_score": 57.0,
      "total_investment_index": 59.9,
      "investment_rating": 1.8508295431733133,
      "stability_score": 75,
      "investment_mark": "◎"
    },
    {
      "horse_number": 4,
      "name": "アンビシャスヨシノ",
      "popularity": 4,
      "odds": 8.9,
      "mark": "◎",
      "score": 106.98,
      "track_aptitude": 2,
      "total_points": 94.92185076810534,
      "detail_points": {
        "score": 48.91185076810534,
        "bias": 15.0,
        "pace": 12.0,
        "3f": 9.0,
        "margin": 8.0,
        "track": 2.0100000000000002
      },
      "avg_margin": 0.45,
      "race_name": "函館4R",
      "pred_prob_won": 0.13339080214500426,
      "pred_prob_in_top2": 0.13025728464126587,
      "pred_prob_in_top3": 0.38509840965270997,
      "score_z": 0.9123541423906422,
      "上り3F平均": 34.84,
      "Ave-3F平均": 34.74,
      "PCI平均": 49.72,
      "-3F差平均": 0.8,
      "想定脚質": "先行",
      "track_bias_aptitude_score": 93.0,
      "investment_value_score": 69.6,
      "total_investment_index": 76.2,
      "investment_rating": 1.0711387181282044,
      "stability_score": 90,
      "investment_mark": "○"
    },
    {
      "horse_number": 10,
      "name": "ガジュノリホワイト",
      "popularity": 5,
      "odds": 9.7,
      "mark": "▲",
      "score": 107.24,
      "track_aptitude": 0,
      "total_points": 91.03072421360643,
      "detail_points": {
        "score": 49.03072421360643,
        "bias": 15.0,
        "pace": 12.0,
        "3f": 9.0,
        "margin": 6.0,
        "track": 0.0
      },
      "avg_margin": 0.85,
      "race_name": "函館4R",
      "pred_prob_won": 0.11846856772899628,
      "pred_prob_in_top2": 0.11413193345069886,
      "pred_prob_in_top3": 0.3320996642112732,
      "score_z": 0.9354247587125211,
      "上り3F平均": 36.17,
      "Ave-3F平均": 35.88,
      "PCI平均": 49.22,
      "-3F差平均": 0.49,
      "想定脚質": "先行",
      "track_bias_aptitude_score": 79.1,
      "investment_value_score": 61.9,
      "total_investment_index": 67.4,
      "investment_rating": 0.9944484889507293,
      "stability_score": 75,
      "investment_mark": "▲"
    },
    {
      "horse_number": 8,
      "name": "ダディーズグーグー",
      "popularity": 7,
      "odds": 19.3,
      "mark": "△",
      "score": 103.72,
      "track_aptitude": 2,
      "total_points": 89.48136064374543,
      "detail_points": {
        "score": 47.42136064374542,
        "bias": 13.05,
        "pace": 12.0,
        "3f": 9.0,
        "margin": 6.0,
        "track": 2.0100000000000002
      },
      "avg_margin": 0.8833333333333333,
      "race_name": "函館4R",
      "pred_prob_won": 0.07505453824996948,
      "pred_prob_in_top2": 0.07609898447990418,
      "pred_prob_in_top3": 0.2446005165576935,
      "score_z": 0.6230841069701502,
      "上り3F平均": 36.12,
      "Ave-3F平均": 35.01,
      "PCI平均": 47.03,
      "-3F差平均": 0.6,
      "想定脚質": "中団",
      "track_bias_aptitude_score": 76.6,
      "investment_value_score": 47.0,
      "total_investment_index": 57.2,
      "investment_rating": 0.7697628927230835,
      "stability_score": 75,
      "investment_mark": "△"
    },
    {
      "horse_number": 3,
      "name": "マゴイチタ",
      "popularity": 3,
      "odds": 5.6,
      "mark": "△",
      "score": 108.65,
      "track_aptitude": 2,
      "total_points": 87.73538405267008,
      "detail_points": {
        "score": 49.67538405267008,
        "bias": 13.05,
        "pace": 12.0,
        "3f": 9.0,
        "margin": 2.0,
        "track": 2.0100000000000002
      },
      "avg_margin": 2.164285714285714,
      "race_name": "函館4R",
      "pred_prob_won": 0.09711398631334305,
      "pred_prob_in_top2": 0.11901649534702301,
      "pred_prob_in_top3": 0.3284147620201111,
      "score_z": 1.0605384856888695,
      "上り3F平均": 37.29,
      "Ave-3F平均": 35.77,
      "PCI平均": 46.83,
      "-3F差平均": 0.69,
      "想定脚質": "中団",
      "track_bias_aptitude_score": 76.6,
      "investment_value_score": 73.1,
      "total_investment_index": 73.6,
      "investment_rating": 0.7166101908683777,
      "stability_score": 45,
      "investment_mark": "△"
    },
    {
      "horse_number": 9,
      "name": "ベールドインパクト",
      "popularity": 6,
      "odds": 11.1,
      "mark": "△",
      "score": 103.15,
      "track_aptitude": 0,
      "total_points": 89.16075347476226,
      "detail_points": {
        "score": 47.16075347476226,
        "bias": 15.0,
        "pace": 12.0,
        "3f": 9.0,
        "margin": 6.0,
        "track": 0.0
      },
      "avg_margin": 0.85,
      "race_name": "函館4R",
      "pred_prob_won": 0.06670491844415664,
      "pred_prob_in_top2": 0.07644921839237213,
      "pred_prob_in_top3": 0.22926973104476928,
      "score_z": 0.5725062173414145,
      "上り3F平均": 36.27,
      "Ave-3F平均": 36.91,
      "PCI平均": 51.99,
      "-3F差平均": 0.7,
      "想定脚質": "先行",
      "track_bias_aptitude_score": 79.1,
      "investment_value_score": 48.7,
      "total_investment_index": 58.9,
      "investment_rating": 0.6078121417760848,
      "stability_score": 75,
      "investment_mark": "△"
    },
    {
      "horse_number": 5,
      "name": "キントラダンサー",
      "popularity": 1,
      "odds": 3.8,
      "mark": "○",
      "score": 108.24,
      "track_aptitude": 0,
      "total_points": 91.48792977322604,
      "detail_points": {
        "score": 49.48792977322604,
        "bias": 15.0,
        "pace": 12.0,
        "3f": 9.0,
        "margin": 6.0,
        "track": 0.0
      },
      "avg_margin": 0.7428571428571429,
      "race_name": "函館4R",
      "pred_prob_won": 0.13364139199256897,
      "pred_prob_in_top2": 0.1284408763051033,
      "pred_prob_in_top3": 0.386951869726181,
      "score_z": 1.0241578984120583,
      "上り3F平均": 36.57,
      "Ave-3F平均": 35.94,
      "PCI平均": 48.43,
      "-3F差平均": 0.42,
      "想定脚質": "先行",
      "track_bias_aptitude_score": 79.1,
      "investment_value_score": 100,
      "total_investment_index": 90.4,
      "investment_rating": 0.5899893003702164,
      "stability_score": 75,
      "investment_mark": "☆"
    },
    {
      "horse_number": 7,
      "name": "テーオーシュターデ",
      "popularity": 14,
      "odds": 63.0,
      "mark": "△",
      "score": 93.57,
      "track_aptitude": 2,
      "total_points": 86.79072421360644,
      "detail_points": {
        "score": 42.78072421360643,
        "bias": 15.0,
        "pace": 12.0,
        "3f": 9.0,
        "margin": 6.0,
        "track": 2.0100000000000002
      },
      "avg_margin": 0.985,
      "race_name": "函館4R",
      "pred_prob_won": 0.027415680512785912,
      "pred_prob_in_top2": 0.04132857918739319,
      "pred_prob_in_top3": 0.11426751762628555,
      "score_z": -0.27755726098015393,
      "上り3F平均": 36.31,
      "Ave-3F平均": 34.59,
      "PCI平均": 45.42,
      "-3F差平均": 0.48,
      "想定脚質": "先行",
      "track_bias_aptitude_score": 93.0,
      "investment_value_score": 15.2,
      "total_investment_index": 41.6,
      "investment_rating": 0.12982804156839844,
      "stability_score": 75,
      "investment_mark": "×"
    },
    {
      "horse_number": 6,
      "name": "ブラックティンカー",
      "popularity": 2,
      "odds": 3.8,
      "mark": "×",
      "score": 101.08,
      "track_aptitude": 2,
      "total_points": 72.55433796634968,