{
  "horses": [
    {
      "horse_number": 6,
      "name": "サトノブリジャール",
      "popularity": 3,
      "odds": 7.3,
      "mark": "▲",
      "score": 131.59,
      "track_aptitude": 2,
      "total_points": 84.98603951216033,
      "detail_points": {
        "score": 46.92603951216033,
        "bias": 7.05,
        "pace": 12.0,
        "3f": 9.0,
        "margin": 8.0,
        "track": 2.0100000000000002
      },
      "avg_margin": 0.26666666666666666,
      "race_name": "函館9R",
      "pred_prob_won": 0.1799626111984253,
      "pred_prob_in_top2": 0.16405510306358337,
      "pred_prob_in_top3": 0.49427111744880675,
      "score_z": 1.1538292648153807,
      "上り3F平均": 34.9,
      "Ave-3F平均": 36.76,
      "PCI平均": 55.3,
      "-3F差平均": 0.53,
      "想定脚質": "中団",
      "track_bias_aptitude_score": 44.2,
      "investment_value_score": 78.4,
      "total_investment_index": 67.2,
      "investment_rating": 1.2552353551983833,
      "stability_score": 90,
      "investment_mark": "◎"
    },
    {
      "horse_number": 3,
      "name": "インパクトシー",
      "popularity": 2,
      "odds": 2.5,
      "mark": "△",
      "score": 140.21,
      "track_aptitude": 2,
      "total_points": 76.29,
      "detail_points": {
        "score": 50.0,
        "bias": 3.0,
        "pace": 8.28,
        "3f": 5.0,
        "margin": 8.0,
        "track": 2.0100000000000002
      },
      "avg_margin": 0.2700000000000001,
      "race_name": "函館9R",
      "pred_prob_won": 0.26241306960582733,
      "pred_prob_in_top2": 0.1746293008327484,
      "pred_prob_in_top3": 0.5685023784637451,
      "score_z": 1.80486777088383,
      "上り3F平均": 35.18,
      "Ave-3F平均": 36.95,
      "PCI平均": 55.04,
      "-3F差平均": 0.53,
      "想定脚質": "逃げ",
      "track_bias_aptitude_score": 26.8,
      "investment_value_score": 92.7,
      "total_investment_index": 71.7,
      "investment_rating": 1.2486568975448609,
      "stability_score": 90,
      "investment_mark": "○"
    },
    {
      "horse_number": 9,
      "name": "ゴーゴータカシ",
      "popularity": 7,
      "odds": 23.0,
      "mark": "◎",
      "score": 118.88,
      "track_aptitude": 3,
      "total_points": 87.39355252835033,
      "detail_points": {
        "score": 42.39355252835033,
        "bias": 15.0,
        "pace": 12.0,
        "3f": 9.0,
        "margin": 6.0,
        "track": 3.0
      },
      "avg_margin": 0.9750000000000002,
      "race_name": "函館9R",
      "pred_prob_won": 0.08656588196754456,
      "pred_prob_in_top2": 0.0913018137216568,
      "pred_prob_in_top3": 0.28838673830032346,
      "score_z": 0.19388733765412902,
      "上り3F平均": 35.98,
      "Ave-3F平均": 36.89,
      "PCI平均": 52.73,
      "-3F差平均": 0.51,
      "想定脚質": "先行",
      "track_bias_aptitude_score": 100,
      "investment_value_score": 47.6,
      "total_investment_index": 63.9,
      "investment_rating": 0.9793850713968277,
      "stability_score": 75,
      "investment_mark": "▲"
    },
    {
      "horse_number": 8,
      "name": "ソルトブリーズ",
      "popularity": 6,
      "odds": 22.8,
      "mark": "○",
      "score": 120.85,
      "track_aptitude": 0,
      "total_points": 87.0960701804436,
      "detail_points": {
        "score": 43.09607018044361,
        "bias": 15.0,
        "pace": 12.0,
        "3f": 9.0,
        "margin": 8.0,
        "track": 0.0
      },
      "avg_margin": 0.335,
      "race_name": "函館9R",
      "pred_prob_won": 0.0842942476272583,
      "pred_prob_in_top2": 0.10286014378070832,
      "pred_prob_in_top3": 0.2909473478794098,
      "score_z": 0.34267456003868163,
      "上り3F平均": 35.33,
      "Ave-3F平均": 35.75,
      "PCI平均": 51.26,
      "-3F差平均": 0.5,
      "想定脚質": "先行",
      "track_bias_aptitude_score": 82.5,
      "investment_value_score": 51.3,
      "total_investment_index": 61.1,
      "investment_rating": 0.88383147418499,
      "stability_score": 90,
      "investment_mark": "▲"
    },
    {
      "horse_number": 11,
      "name": "サクラアドリア",
      "popularity": 5,
      "odds": 21.7,
      "mark": "△",
      "score": 123.53,
      "track_aptitude": 1,
      "total_points": 81.09177947364667,
      "detail_points": {
        "score": 44.05177947364667,
        "bias": 7.05,
        "pace": 12.0,
        "3f": 9.0,
        "margin": 8.0,
        "track": 0.99
      },
      "avg_margin": 0.3333333333333334,
      "race_name": "函館9R",
      "pred_prob_won": 0.08855640143156052,
      "pred_prob_in_top2": 0.10415482223033905,
      "pred_prob_in_top3": 0.3043198764324188,
      "score_z": 0.5450856036887335,
      "上り3F平均": 35.28,
      "Ave-3F平均": 36.21,
      "PCI平均": 52.67,
      "-3F差平均": 0.93,
      "想定脚質": "中団",
      "track_bias_aptitude_score": 38.4,
      "investment_value_score": 56.4,
      "total_investment_index": 51.3,
      "investment_rating": 0.8346554377675056,
      "stability_score": 90,
      "investment_mark": "△"
    },
    {
      "horse_number": 2,
      "name": "サクラファレル",
      "popularity": 1,
      "odds": 2.3,
      "mark": "△",
      "score": 132.6,
      "track_aptitude": 1,
      "total_points": 84.32621353683759,
      "detail_points": {
        "score": 47.28621353683759,
        "bias": 7.05,
        "pace": 12.0,
        "3f": 9.0,
        "margin": 8.0,
        "track": 0.99
      },
      "avg_margin": 0.20000000000000004,
      "race_name": "函館9R",
      "pred_prob_won": 0.18576394021511078,
      "pred_prob_in_top2": 0.17138683497905732,
      "pred_prob_in_top3": 0.4826600670814514,
      "score_z": 1.2301110387282725,
      "上り3F平均": 36.3,
      "Ave-3F平均": 36.55,
      "PCI平均": 50.73,
      "-3F差平均": 0.65,
      "想定脚質": "中団",
      "track_bias_aptitude_score": 38.4,
      "investment_value_score": 100,
      "total_investment_index": 78.6,
      "investment_rating": 0.7842511576414108,
      "stability_score": 90,
      "investment_mark": "△"
    },
    {
      "horse_number": 1,
      "name": "シンゼンカガ",
      "popularity": 4,
      "odds": 19.1,
      "mark": "▲",
      "score": 120.06,
      "track_aptitude": 0,
      "total_points": 84.81434990371585,
      "detail_points": {
        "score": 42.81434990371585,
        "bias": 15.0,
        "pace": 12.0,
        "3f": 9.0,
        "margin": 6.0,
        "track": 0.0
      },
      "avg_margin": 0.825,
      "race_name": "函館9R",
      "pred_prob_won": 0.07028621882200241,
      "pred_prob_in_top2": 0.09087615758180619,
      "pred_prob_in_top3": 0.25482557117939,
      "score_z": 0.2830086180672119,
      "上り3F平均": 36.08,
      "Ave-3F平均": 35.92,
      "PCI平均": 49.61,
      "-3F差平均": 0.76,
      "想定脚質": "先行",
      "track_bias_aptitude_score": 82.5,
      "investment_value_score": 56.1,
      "total_investment_index": 63.9,
      "investment_rating": 0.5193022847175599,
      "stability_score": 75,
      "investment_mark": "☆"
    },
    {
      "horse_number": 7,
      "name": "ウインポセイドン",
      "popularity": 8,
      "odds": 34.9,
      "mark": "⭐︎",
      "score": 117.77,
      "track_aptitude": 0,
      "total_points": 74.04771770915056,
      "detail_points": {
        "score": 41.99771770915056,
        "bias": 7.05,
        "pace": 12.0,
        "3f": 9.0,
        "margin": 4.0,
        "track": 0.0
      },
      "avg_margin": 1.1642857142857144,
      "race_name": "函館9R",
      "pred_prob_won": 0.045096555352211,
      "pred_prob_in_top2": 0.05131157338619232,
      "pred_prob_in_top3": 0.1535690873861313,
      "score_z": 0.11005291285877197,
      "上り3F平均": 36.09,
      "Ave-3F平均": 37.5,
      "PCI平均": 54.1,
      "-3F差平均": 0.91,
      "想定脚質": "中団",
      "track_bias_aptitude_score": 32.5,
      "investment_value_score": 33.4,
      "total_investment_index": 35.0,
      "investment_rating": 0.252128341794014,
      "stability_score": 60,
      "investment_mark": "☆"
    },
    {
      "horse_number": 14,
      "name": "サンウリエル",
      "popularity": 10,
      "odds": 55.5,
      "mark": "△",
      "score": 109.79,
      "track_aptitude": 1,
      "total_points": 74.19198630625489,