{
  "horses": [
    {
      "horse_number": 5,
      "name": "ドラギニャン",
      "popularity": 3,
      "odds": 5.2,
      "mark": "○",
      "score": 146.95,
      "track_aptitude": 0,
      "total_points": 73.75673817523908,
      "detail_points": {
        "score": 47.47673817523908,
        "bias": 3.0,
        "pace": 8.28,
        "3f": 9.0,
        "margin": 6.0,
        "track": 0.0
      },
      "avg_margin": 0.9928571428571428,
      "race_name": "函館2R",
      "pred_prob_won": 0.15590673089027404,
      "pred_prob_in_top2": 0.15208115577697753,
      "pred_prob_in_top3": 0.46328628063201904,
      "score_z": 0.8938170746332974,
      "上り3F平均": 35.71,
      "Ave-3F平均": 37.28,
      "PCI平均": 54.44,
      "-3F差平均": 0.73,
      "想定脚質": "中団",
      "track_bias_aptitude_score": 3.6,
      "investment_value_score": 70.7,
      "total_investment_index": 50.0,
      "investment_rating": 1.0946662962436675,
      "stability_score": 75,
      "investment_mark": "◎"
    },
    {
      "horse_number": 2,
      "name": "ケイアイワイラーパ",
      "popularity": 1,
      "odds": 2.0,
      "mark": "◎",
      "score": 154.76,
      "track_aptitude": 1,
      "total_points": 75.27,
      "detail_points": {
        "score": 50.0,
        "bias": 3.0,
        "pace": 8.28,
        "3f": 9.0,
        "margin": 4.0,
        "track": 0.99
      },
      "avg_margin": 1.32,
      "race_name": "函館2R",
      "pred_prob_won": 0.27795261740684507,
      "pred_prob_in_top2": 0.19186866283416748,
      "pred_prob_in_top3": 0.5947715997695923,
      "score_z": 1.5045529760231546,
      "上り3F平均": 38.12,
      "Ave-3F平均": 38.08,
      "PCI平均": 49.98,
      "-3F差平均": 0.58,
      "想定脚質": "中団",
      "track_bias_aptitude_score": 9.1,
      "investment_value_score": 100,
      "total_investment_index": 70.2,
      "investment_rating": 1.007190419435501,
      "stability_score": 60,
      "investment_mark": "○"
    },
    {
      "horse_number": 3,
      "name": "ピストルスター",
      "popularity": 2,
      "odds": 4.0,
      "mark": "▲",
      "score": 151.19,
      "track_aptitude": 0,
      "total_points": 73.12660118893771,
      "detail_points": {
        "score": 48.84660118893771,
        "bias": 3.0,
        "pace": 8.28,
        "3f": 9.0,
        "margin": 4.0,
        "track": 0.0
      },
      "avg_margin": 1.5071428571428573,
      "race_name": "函館2R",
      "pred_prob_won": 0.21266832947731018,
      "pred_prob_in_top2": 0.1621933251619339,
      "pred_prob_in_top3": 0.4889052867889404,
      "score_z": 1.2253817637361142,
      "上り3F平均": 39.31,
      "Ave-3F平均": 38.08,
      "PCI平均": 46.86,
      "-3F差平均": 0.59,
      "想定脚質": "中団",
      "track_bias_aptitude_score": 3.6,
      "investment_value_score": 81.1,
      "total_investment_index": 56.8,
      "investment_rating": 0.9667158603668213,
      "stability_score": 60,
      "investment_mark": "▲"
    },
    {
      "horse_number": 7,
      "name": "ライジングショット",
      "popularity": 6,
      "odds": 14.5,
      "mark": "△",
      "score": 141.69,
      "track_aptitude": 2,
      "total_points": 70.0673326440941,
      "detail_points": {
        "score": 45.77733264409408,
        "bias": 3.0,
        "pace": 8.28,
        "3f": 7.0,
        "margin": 4.0,
        "track": 2.0100000000000002
      },
      "avg_margin": 1.4,
      "race_name": "函館2R",
      "pred_prob_won": 0.0770470455288887,
      "pred_prob_in_top2": 0.10559147447347642,
      "pred_prob_in_top3": 0.2930574119091034,
      "score_z": 0.4824891820198989,
      "上り3F平均": 38.44,
      "Ave-3F平均": 38.67,
      "PCI平均": 50.64,
      "-3F差平均": 1.04,
      "想定脚質": "中団",
      "track_bias_aptitude_score": 14.6,
      "investment_value_score": 47.4,
      "total_investment_index": 38.6,
      "investment_rating": 0.8238985419273377,
      "stability_score": 60,
      "investment_mark": "▲"
    },
    {
      "horse_number": 10,
      "name": "ハイクオリティ",
      "popularity": 4,
      "odds": 10.2,
      "mark": "▲",
      "score": 140.44,
      "track_aptitude": 2,
      "total_points": 71.66348151977256,
      "detail_points": {
        "score": 45.373481519772554,
        "bias": 3.0,
        "pace": 8.28,
        "3f": 9.0,
        "margin": 4.0,
        "track": 2.0100000000000002
      },
      "avg_margin": 1.3285714285714287,
      "race_name": "函館2R",
      "pred_prob_won": 0.09505786746740341,
      "pred_prob_in_top2": 0.11285431832075118,
      "pred_prob_in_top3": 0.3157931208610535,
      "score_z": 0.38474015810987056,
      "上り3F平均": 37.81,
      "Ave-3F平均": 37.88,
      "PCI平均": 50.29,
      "-3F差平均": 0.87,
      "想定脚質": "中団",
      "track_bias_aptitude_score": 14.6,
      "investment_value_score": 55.9,
      "total_investment_index": 43.6,
      "investment_rating": 0.6947517955303193,
      "stability_score": 60,
      "investment_mark": "△"
    },
    {
      "horse_number": 1,
      "name": "ステイアンビシャス",
      "popularity": 8,
      "odds": 40.8,
      "mark": "△",
      "score": 135.35,
      "track_aptitude": 2,
      "total_points": 68.01899974153528,
      "detail_points": {
        "score": 43.728999741535276,
        "bias": 3.0,
        "pace": 8.28,
        "3f": 9.0,
        "margin": 2.0,
        "track": 2.0100000000000002
      },
      "avg_margin": 2.1375,
      "race_name": "函館2R",
      "pred_prob_won": 0.04777612686157227,
      "pred_prob_in_top2": 0.07870507836341858,
      "pred_prob_in_top3": 0.21004659831523895,
      "score_z": -0.013293867251765097,
      "上り3F平均": 38.95,
      "Ave-3F平均": 38.74,
      "PCI平均": 49.6,
      "-3F差平均": 1.3,
      "想定脚質": "後方",
      "track_bias_aptitude_score": 12.0,
      "investment_value_score": 34.5,
      "total_investment_index": 29.3,
      "investment_rating": 0.5232935693860054,
      "stability_score": 45,
      "investment_mark": "△"
    },
    {
      "horse_number": 9,
      "name": "ガウラサンダー",
      "popularity": 9,
      "odds": 52.9,
      "mark": "△",
      "score": 133.42,
      "track_aptitude": 2,
      "total_points": 67.39545360558284,
      "detail_points": {
        "score": 43.10545360558284,
        "bias": 3.0,
        "pace": 8.28,
        "3f": 9.0,
        "margin": 2.0,
        "track": 2.0100000000000002
      },
      "avg_margin": 2.825,
      "race_name": "函館2R",
      "pred_prob_won": 0.03867121860384941,
      "pred_prob_in_top2": 0.06772511675953866,
      "pred_prob_in_top3": 0.1913645535707474,
      "score_z": -0.1642183601688494,
      "上り3F平均": 39.27,
      "Ave-3F平均": 38.98,
      "PCI平均": 49.33,
      "-3F差平均": 1.47,
      "想定脚質": "後方",
      "track_bias_aptitude_score": 12.0,
      "investment_value_score": 30.3,
      "total_investment_index": 26.5,
      "investment_rating": 0.46084719195961965,
      "stability_score": 45,
      "investment_mark": "☆"
    },
    {
      "horse_number": 8,
      "name": "ウィスパーボイス",
      "popularity": 7,
      "odds": 37.1,
      "mark": "△",
      "score": 134.29,
      "track_aptitude": 2,
      "total_points": 69.67653398811062,
      "detail_points": {
        "score": 43.38653398811062,
        "bias": 3.0,
        "pace": 8.28,
        "3f": 9.0,
        "margin": 4.0,
        "track": 2.0100000000000002
      },
      "avg_margin": 1.65,
      "race_name": "函館2R",
      "pred_prob_won": 0.03994455188512802,
      "pred_prob_in_top2": 0.07718440741300583,
      "pred_prob_in_top3": 0.20587661266326904,
      "score_z": -0.0961850395274693,
      "上り3F平均": 37.02,
      "Ave-3F平均": 38.07,
      "PCI平均": 52.88,
      "-3F差平均": 1.27,
      "想定脚質": "後方",
      "track_bias_aptitude_score": 12.0,
      "investment_value_score": 36.2,
      "total_investment_index": 30.2,
      "investment_rating": 0.43379052281379704,
      "stability_score": 60,
      "investment_mark": "☆"
    },
    {
      "horse_number": 6,
      "name": "マージャング",
      "popularity": 5,
      "odds": 13.9,
      "mark": "⭐︎",
      "score": 132.26,
      "track_aptitude": 0,
      "total_points": 67.01067976221246,