{
  "horses": [
    {
      "horse_number": 8,
      "name": "ビッグベルーガ",
      "popularity": 8,
      "odds": 29.3,
      "mark": "▲",
      "score": 145.42,
      "track_aptitude": 0,
      "total_points": 89.3464869440646,
      "detail_points": {
        "score": 47.346486944064594,
        "bias": 15.0,
        "pace": 12.0,
        "3f": 9.0,
        "margin": 6.0,
        "track": 0.0
      },
      "avg_margin": 0.7100000000000001,
      "race_name": "函館7R",
      "pred_prob_won": 0.1554315835237503,
      "pred_prob_in_top2": 0.12652774453163146,
      "pred_prob_in_top3": 0.4039995312690735,
      "score_z": 0.8162303755011517,
      "上り3F平均": 36.54,
      "Ave-3F平均": 37.39,
      "PCI平均": 52.37,
      "-3F差平均": 0.84,
      "想定脚質": "先行",
      "track_bias_aptitude_score": 82.5,
      "investment_value_score": 47.2,
      "total_investment_index": 59.4,
      "investment_rating": 1.7451970469951632,
      "stability_score": 75,
      "investment_mark": "◎"
    },
    {
      "horse_number": 12,
      "name": "リギーロ",
      "popularity": 2,
      "odds": 6.0,
      "mark": "◎",
      "score": 153.57,
      "track_aptitude": 0,
      "total_points": 94.0,
      "detail_points": {
        "score": 50.0,
        "bias": 15.0,
        "pace": 12.0,
        "3f": 9.0,
        "margin": 8.0,
        "track": 0.0
      },
      "avg_margin": 0.47857142857142854,
      "race_name": "函館7R",
      "pred_prob_won": 0.2995577692985535,
      "pred_prob_in_top2": 0.1810745358467102,
      "pred_prob_in_top3": 0.624265444278717,
      "score_z": 1.6528194629462662,
      "上り3F平均": 35.93,
      "Ave-3F平均": 37.06,
      "PCI平均": 53.24,
      "-3F差平均": 0.46,
      "想定脚質": "先行",
      "track_bias_aptitude_score": 82.5,
      "investment_value_score": 90.2,
      "total_investment_index": 86.6,
      "investment_rating": 1.3727963328361512,
      "stability_score": 90,
      "investment_mark": "○"
    },
    {
      "horse_number": 2,
      "name": "マハートマーベル",
      "popularity": 4,
      "odds": 16.8,
      "mark": "×",
      "score": 146.48,
      "track_aptitude": 2,
      "total_points": 71.98160643354822,
      "detail_points": {
        "score": 47.691606433548216,
        "bias": 3.0,
        "pace": 8.28,
        "3f": 7.0,
        "margin": 4.0,
        "track": 2.0100000000000002
      },
      "avg_margin": 1.2249999999999999,
      "race_name": "函館7R",
      "pred_prob_won": 0.14311532378196717,
      "pred_prob_in_top2": 0.11684972941875457,
      "pred_prob_in_top3": 0.3961885213851929,
      "score_z": 0.9250382813529091,
      "上り3F平均": 35.67,
      "Ave-3F平均": 37.45,
      "PCI平均": 55.0,
      "-3F差平均": 0.95,
      "想定脚質": "後方",
      "track_bias_aptitude_score": 12.6,
      "investment_value_score": 61.7,
      "total_investment_index": 47.3,
      "investment_rating": 1.024372937679291,
      "stability_score": 60,
      "investment_mark": "▲"
    },
    {
      "horse_number": 5,
      "name": "ヤコブセン",
      "popularity": 1,
      "odds": 1.4,
      "mark": "○",
      "score": 149.76,
      "track_aptitude": 0,
      "total_points": 90.7595233444032,
      "detail_points": {
        "score": 48.759523344403206,
        "bias": 15.0,
        "pace": 12.0,
        "3f": 9.0,
        "margin": 6.0,
        "track": 0.0
      },
      "avg_margin": 0.755,
      "race_name": "函館7R",
      "pred_prob_won": 0.24448596835136413,
      "pred_prob_in_top2": 0.16800050139427186,
      "pred_prob_in_top3": 0.5505957245826721,
      "score_z": 1.2617268956866483,
      "上り3F平均": 36.0,
      "Ave-3F平均": 37.07,
      "PCI平均": 53.07,
      "-3F差平均": 0.5,
      "想定脚質": "先行",
      "track_bias_aptitude_score": 82.5,
      "investment_value_score": 100,
      "total_investment_index": 91.9,
      "investment_rating": 0.8989595252275467,
      "stability_score": 75,
      "investment_mark": "▲"
    },
    {
      "horse_number": 1,
      "name": "カーミングライツ",
      "popularity": 3,
      "odds": 7.9,
      "mark": "△",
      "score": 142.09,
      "track_aptitude": 2,
      "total_points": 78.22229081200756,
      "detail_points": {
        "score": 46.262290812007556,
        "bias": 4.95,
        "pace": 12.0,
        "3f": 9.0,
        "margin": 4.0,
        "track": 2.0100000000000002
      },
      "avg_margin": 1.4625,
      "race_name": "函館7R",
      "pred_prob_won": 0.08766772001981735,
      "pred_prob_in_top2": 0.1038463220000267,
      "pred_prob_in_top3": 0.30302882194519043,
      "score_z": 0.4744093127781805,
      "上り3F平均": 37.35,
      "Ave-3F平均": 37.88,
      "PCI平均": 51.92,
      "-3F差平均": 0.88,
      "想定脚質": "中団",
      "track_bias_aptitude_score": 32.7,
      "investment_value_score": 60.0,
      "total_investment_index": 51.6,
      "investment_rating": 0.525752317905426,
      "stability_score": 60,
      "investment_mark": "△"
    },
    {
      "horse_number": 11,
      "name": "オロスコピオ",
      "popularity": 7,
      "odds": 25.3,
      "mark": "×",
      "score": 137.67,
      "track_aptitude": 1,
      "total_points": 70.09320765774565,
      "detail_points": {
        "score": 44.82320765774565,
        "bias": 3.0,
        "pace": 8.28,
        "3f": 7.0,
        "margin": 6.0,
        "track": 0.99
      },
      "avg_margin": 0.96,
      "race_name": "函館7R",
      "pred_prob_won": 0.04232848510146141,
      "pred_prob_in_top2": 0.06453890576958657,
      "pred_prob_in_top3": 0.17778541445732116,
      "score_z": 0.02070087516990845,
      "上り3F平均": 36.22,
      "Ave-3F平均": 37.53,
      "PCI平均": 53.66,
      "-3F差平均": 0.9,
      "想定脚質": "後方",
      "track_bias_aptitude_score": 6.8,
      "investment_value_score": 30.4,
      "total_investment_index": 25.3,
      "investment_rating": 0.2722661331295968,
      "stability_score": 75,
      "investment_mark": "☆"
    },
    {
      "horse_number": 6,
      "name": "ペリプルス",
      "popularity": 6,
      "odds": 25.1,
      "mark": "△",
      "score": 132.71,
      "track_aptitude": 1,
      "total_points": 76.14830891450153,
      "detail_points": {
        "score": 43.208308914501536,
        "bias": 4.95,
        "pace": 12.0,
        "3f": 9.0,
        "margin": 6.0,
        "track": 0.99
      },
      "avg_margin": 0.9800000000000001,
      "race_name": "函館7R",
      "pred_prob_won": 0.030173099413514138,
      "pred_prob_in_top2": 0.05606317818164826,
      "pred_prob_in_top3": 0.15379435420036316,
      "score_z": -0.4884380050420852,
      "上り3F平均": 36.48,
      "Ave-3F平均": 37.64,
      "PCI平均": 53.23,
      "-3F差平均": 0.62,
      "想定脚質": "中団",
      "track_bias_aptitude_score": 26.9,
      "investment_value_score": 28.8,
      "total_investment_index": 29.5,
      "investment_rating": 0.09973064184188851,
      "stability_score": 75,
      "investment_mark": "×"
    },
    {
      "horse_number": 10,
      "name": "ピジョンポイント",
      "popularity": 9,
      "odds": 30.2,
      "mark": "▲",
      "score": 129.13,
      "track_aptitude": 1,
      "total_points": 85.03271667643419,
      "detail_points": {
        "score": 42.042716676434196,
        "bias": 15.0,
        "pace": 12.0,
        "3f": 9.0,
        "margin": 6.0,
        "track": 0.99
      },
      "avg_margin": 0.97,
      "race_name": "函館7R",
      "pred_prob_won": 0.030653231590986253,
      "pred_prob_in_top2": 0.03600598089396954,
      "pred_prob_in_top3": 0.11884800642728806,
      "score_z": -0.8559213097112285,
      "上り3F平均": 36.41,
      "Ave-3F平均": 37.61,
      "PCI平均": 53.6,
      "-3F差平均": 0.81,
      "想定脚質": "先行",
      "track_bias_aptitude_score": 88.4,
      "investment_value_score": 15.2,
      "total_investment_index": 39.2,
      "investment_rating": -0.03589115597307668,
      "stability_score": 75,
      "investment_mark": "××"
    },
    {
      "horse_number": 4,
      "name": "シェアホルダーズ",
      "popularity": 12,
      "odds": 115.1,
      "mark": "△",
      "score": 129.45,
      "track_aptitude": 0,
      "total_points": 82.14690369212737,
      "detail_points": {
        "score": 42.14690369212737,