{
  "horses": [
    {
      "horse_number": 14,
      "name": "ドバイブルース",
      "popularity": 6,
      "odds": 13.0,
      "mark": "○",
      "score": 127.95,
      "track_aptitude": 2,
      "total_points": 94.37332022981555,
      "detail_points": {
        "score": 48.36332022981554,
        "bias": 15.0,
        "pace": 12.0,
        "3f": 9.0,
        "margin": 8.0,
        "track": 2.0100000000000002
      },
      "avg_margin": 0.385,
      "race_name": "函館10R",
      "pred_prob_won": 0.18250985741615294,
      "pred_prob_in_top2": 0.17177098095417023,
      "pred_prob_in_top3": 0.49989448189735414,
      "score_z": 1.152496504242084,
      "上り3F平均": 37.81,
      "Ave-3F平均": 37.47,
      "PCI平均": 49.27,
      "-3F差平均": 0.55,
      "想定脚質": "先行",
      "track_bias_aptitude_score": 94.3,
      "investment_value_score": 63.5,
      "total_investment_index": 73.3,
      "investment_rating": 1.949461857676506,
      "stability_score": 90,
      "investment_mark": "◎"
    },
    {
      "horse_number": 13,
      "name": "パフ",
      "popularity": 2,
      "odds": 5.6,
      "mark": "◎",
      "score": 130.32,
      "track_aptitude": 2,
      "total_points": 95.2691472633807,
      "detail_points": {
        "score": 49.259147263380704,
        "bias": 15.0,
        "pace": 12.0,
        "3f": 9.0,
        "margin": 8.0,
        "track": 2.0100000000000002
      },
      "avg_margin": 0.39499999999999996,
      "race_name": "函館10R",
      "pred_prob_won": 0.22807151973247528,
      "pred_prob_in_top2": 0.17427124381065368,
      "pred_prob_in_top3": 0.535697340965271,
      "score_z": 1.3853113231812149,
      "上り3F平均": 37.6,
      "Ave-3F平均": 37.3,
      "PCI平均": 49.24,
      "-3F差平均": 0.56,
      "想定脚質": "先行",
      "track_bias_aptitude_score": 94.3,
      "investment_value_score": 88.2,
      "total_investment_index": 88.5,
      "investment_rating": 1.153522288799286,
      "stability_score": 90,
      "investment_mark": "○"
    },
    {
      "horse_number": 5,
      "name": "ワイドブリザード",
      "popularity": 4,
      "odds": 11.2,
      "mark": "⭐︎",
      "score": 123.98,
      "track_aptitude": 2,
      "total_points": 75.20271545207136,
      "detail_points": {
        "score": 46.86271545207136,
        "bias": 7.05,
        "pace": 8.28,
        "3f": 5.0,
        "margin": 6.0,
        "track": 2.0100000000000002
      },
      "avg_margin": 0.71,
      "race_name": "函館10R",
      "pred_prob_won": 0.10012869536876678,
      "pred_prob_in_top2": 0.10061012953519821,
      "pred_prob_in_top3": 0.31475541591644285,
      "score_z": 0.762507123993834,
      "上り3F平均": 38.09,
      "Ave-3F平均": 36.94,
      "PCI平均": 47.08,
      "-3F差平均": 0.54,
      "想定脚質": "逃げ",
      "track_bias_aptitude_score": 43.2,
      "investment_value_score": 60.6,
      "total_investment_index": 55.6,
      "investment_rating": 0.7590216636657714,
      "stability_score": 75,
      "investment_mark": "△"
    },
    {
      "horse_number": 4,
      "name": "サムシャイン",
      "popularity": 1,
      "odds": 2.0,
      "mark": "⭐︎",
      "score": 132.28,
      "track_aptitude": 0,
      "total_points": 77.33,
      "detail_points": {
        "score": 50.0,
        "bias": 7.05,
        "pace": 8.28,
        "3f": 4.0,
        "margin": 8.0,
        "track": 0.0
      },
      "avg_margin": 0.225,
      "race_name": "函館10R",
      "pred_prob_won": 0.2138170838356018,
      "pred_prob_in_top2": 0.12347559332847595,
      "pred_prob_in_top3": 0.45270423889160155,
      "score_z": 1.5778501607848856,
      "上り3F平均": 37.11,
      "Ave-3F平均": 37.88,
      "PCI平均": 52.21,
      "-3F差平均": 1.06,
      "想定脚質": "逃げ",
      "track_bias_aptitude_score": 31.8,
      "investment_value_score": 100,
      "total_investment_index": 77.2,
      "investment_rating": 0.7138549613952636,
      "stability_score": 90,
      "investment_mark": "△"
    },
    {
      "horse_number": 3,
      "name": "グレイテストソング",
      "popularity": 3,
      "odds": 10.2,
      "mark": "▲",
      "score": 121.41,
      "track_aptitude": 0,
      "total_points": 90.89129120048382,
      "detail_points": {
        "score": 45.89129120048382,
        "bias": 15.0,
        "pace": 12.0,
        "3f": 9.0,
        "margin": 9.0,
        "track": 0.0
      },
      "avg_margin": 0.1875,
      "race_name": "函館10R",
      "pred_prob_won": 0.0913553699851036,
      "pred_prob_in_top2": 0.09866007715463639,
      "pred_prob_in_top3": 0.29870147109031675,
      "score_z": 0.5100454848910618,
      "上り3F平均": 37.8,
      "Ave-3F平均": 38.34,
      "PCI平均": 51.45,
      "-3F差平均": 0.5,
      "想定脚質": "先行",
      "track_bias_aptitude_score": 82.9,
      "investment_value_score": 64.0,
      "total_investment_index": 69.1,
      "investment_rating": 0.5805200752615929,
      "stability_score": 90,
      "investment_mark": "△"
    },
    {
      "horse_number": 12,
      "name": "アセレラシオン",
      "popularity": 7,
      "odds": 14.1,
      "mark": "▲",
      "score": 116.66,
      "track_aptitude": 1,
      "total_points": 87.08585727245237,
      "detail_points": {
        "score": 44.09585727245237,
        "bias": 15.0,
        "pace": 12.0,
        "3f": 9.0,
        "margin": 6.0,
        "track": 0.99
      },
      "avg_margin": 0.5700000000000001,
      "race_name": "函館10R",
      "pred_prob_won": 0.05435048192739487,
      "pred_prob_in_top2": 0.07084676027297973,
      "pred_prob_in_top3": 0.20475031137466432,
      "score_z": 0.04343350600461639,
      "上り3F平均": 38.14,
      "Ave-3F平均": 37.25,
      "PCI平均": 47.73,
      "-3F差平均": 0.8,
      "想定脚質": "先行",
      "track_bias_aptitude_score": 88.6,
      "investment_value_score": 38.8,
      "total_investment_index": 54.9,
      "investment_rating": 0.5068392592668534,
      "stability_score": 75,
      "investment_mark": "△"
    },
    {
      "horse_number": 11,
      "name": "サパテアール",
      "popularity": 10,
      "odds": 43.0,
      "mark": "⭐︎",
      "score": 117.77,
      "track_aptitude": 0,
      "total_points": 76.46542183247657,
      "detail_points": {
        "score": 44.51542183247656,
        "bias": 4.95,
        "pace": 12.0,
        "3f": 9.0,
        "margin": 6.0,
        "track": 0.0
      },
      "avg_margin": 0.7400000000000001,
      "race_name": "函館10R",
      "pred_prob_won": 0.047460134327411654,
      "pred_prob_in_top2": 0.05253594517707825,
      "pred_prob_in_top3": 0.15413470566272736,
      "score_z": 0.15247335791281724,
      "上り3F平均": 37.98,
      "Ave-3F平均": 37.86,
      "PCI平均": 49.77,
      "-3F差平均": 0.81,
      "想定脚質": "中団",
      "track_bias_aptitude_score": 24.5,
      "investment_value_score": 27.4,
      "total_investment_index": 29.0,
      "investment_rating": 0.32518335133790965,
      "stability_score": 75,
      "investment_mark": "☆"
    },
    {
      "horse_number": 7,
      "name": "リアド",
      "popularity": 5,
      "odds": 12.5,
      "mark": "△",
      "score": 114.16,
      "track_aptitude": 2,
      "total_points": 85.16089204717267,
      "detail_points": {
        "score": 43.15089204717266,
        "bias": 15.0,
        "pace": 12.0,
        "3f": 9.0,
        "margin": 4.0,
        "track": 2.0100000000000002
      },
      "avg_margin": 1.1099999999999999,
      "race_name": "函館10R",
      "pred_prob_won": 0.03227491229772568,
      "pred_prob_in_top2": 0.05018875300884247,
      "pred_prob_in_top3": 0.14024327397346498,
      "score_z": -0.20215174604088118,
      "上り3F平均": 36.75,
      "Ave-3F平均": 37.0,
      "PCI平均": 50.94,
      "-3F差平均": 0.51,
      "想定脚質": "先行",
      "track_bias_aptitude_score": 94.3,
      "investment_value_score": 37.2,
      "total_investment_index": 55.3,
      "investment_rating": 0.08810689657926557,
      "stability_score": 60,
      "investment_mark": "×"
    },
    {
      "horse_number": 6,
      "name": "イモータルバード",
      "popularity": 13,
      "odds": 69.5,
      "mark": "△",
      "score": 109.98,
      "track_aptitude": 0,
      "total_points": 83.57091019050499,