{
  "horses": [
    {
      "horse_number": 1,
      "name": "メイショウハボマイ",
      "popularity": 5,
      "odds": 8.9,
      "mark": "◎",
      "score": 102.74,
      "track_aptitude": 1,
      "total_points": 89.33190347316193,
      "detail_points": {
        "score": 46.341903473161935,
        "bias": 15.0,
        "pace": 12.0,
        "3f": 9.0,
        "margin": 6.0,
        "track": 0.99
      },
      "avg_margin": 0.7833333333333333,
      "race_name": "函館2R",
      "pred_prob_won": 0.14150432646274566,
      "pred_prob_in_top2": 0.133477121591568,
      "pred_prob_in_top3": 0.3996155381202698,
      "score_z": 0.9110078405480492,
      "上り3F平均": 35.9,
      "Ave-3F平均": 35.73,
      "PCI平均": 49.63,
      "-3F差平均": 0.53,
      "想定脚質": "先行",
      "track_bias_aptitude_score": 88.3,
      "investment_value_score": 60.0,
      "total_investment_index": 69.0,
      "investment_rating": 1.2082122522592544,
      "stability_score": 75,
      "investment_mark": "◎"
    },
    {
      "horse_number": 7,
      "name": "コッコラーレ",
      "popularity": 4,
      "odds": 5.9,
      "mark": "○",
      "score": 104.9,
      "track_aptitude": 2,
      "total_points": 89.32619305367615,
      "detail_points": {
        "score": 47.316193053676145,
        "bias": 15.0,
        "pace": 12.0,
        "3f": 9.0,
        "margin": 4.0,
        "track": 2.0100000000000002
      },
      "avg_margin": 1.05,
      "race_name": "函館2R",
      "pred_prob_won": 0.1431582272052765,
      "pred_prob_in_top2": 0.13203757703304292,
      "pred_prob_in_top3": 0.396927672624588,
      "score_z": 1.091303505410274,
      "上り3F平均": 37.28,
      "Ave-3F平均": 35.15,
      "PCI平均": 44.36,
      "-3F差平均": 0.33,
      "想定脚質": "先行",
      "track_bias_aptitude_score": 94.1,
      "investment_value_score": 65.3,
      "total_investment_index": 74.2,
      "investment_rating": 1.0274034577608109,
      "stability_score": 60,
      "investment_mark": "○"
    },
    {
      "horse_number": 4,
      "name": "ダブルシルバー",
      "popularity": 7,
      "odds": 16.2,
      "mark": "▲",
      "score": 97.91,
      "track_aptitude": 2,
      "total_points": 86.17328371673433,
      "detail_points": {
        "score": 44.16328371673433,
        "bias": 15.0,
        "pace": 12.0,
        "3f": 9.0,
        "margin": 4.0,
        "track": 2.0100000000000002
      },
      "avg_margin": 1.3333333333333333,
      "race_name": "函館2R",
      "pred_prob_won": 0.08239409625530243,
      "pred_prob_in_top2": 0.08492555171251297,
      "pred_prob_in_top3": 0.26666090488433836,
      "score_z": 0.5078467010644656,
      "上り3F平均": 37.24,
      "Ave-3F平均": 35.96,
      "PCI平均": 46.9,
      "-3F差平均": 0.8,
      "想定脚質": "先行",
      "track_bias_aptitude_score": 94.1,
      "investment_value_score": 43.4,
      "total_investment_index": 60.1,
      "investment_rating": 0.7833002030849456,
      "stability_score": 60,
      "investment_mark": "△"
    },
    {
      "horse_number": 12,
      "name": "ショウナンラリー",
      "popularity": 1,
      "odds": 3.3,
      "mark": "△",
      "score": 110.85,
      "track_aptitude": 2,
      "total_points": 80.29,
      "detail_points": {
        "score": 50.0,
        "bias": 9.0,
        "pace": 8.28,
        "3f": 5.0,
        "margin": 6.0,
        "track": 2.0100000000000002
      },
      "avg_margin": 0.725,
      "race_name": "函館2R",
      "pred_prob_won": 0.19761280715465546,
      "pred_prob_in_top2": 0.12921790331602095,
      "pred_prob_in_top3": 0.4520818591117859,
      "score_z": 1.5879512859335283,
      "上り3F平均": 37.64,
      "Ave-3F平均": 35.25,
      "PCI平均": 43.73,
      "-3F差平均": 0.53,
      "想定脚質": "逃げ",
      "track_bias_aptitude_score": 55.7,
      "investment_value_score": 100,
      "total_investment_index": 84.4,
      "investment_rating": 0.6576005548238755,
      "stability_score": 75,
      "investment_mark": "△"
    },
    {
      "horse_number": 6,
      "name": "ストラテージュ",
      "popularity": 2,
      "odds": 4.8,
      "mark": "▲",
      "score": 99.09,
      "track_aptitude": 0,
      "total_points": 84.6955345060893,
      "detail_points": {
        "score": 44.69553450608931,
        "bias": 15.0,
        "pace": 12.0,
        "3f": 9.0,
        "margin": 4.0,
        "track": 0.0
      },
      "avg_margin": 1.65,
      "race_name": "函館2R",
      "pred_prob_won": 0.09501468390226364,
      "pred_prob_in_top2": 0.09371837824583054,
      "pred_prob_in_top3": 0.28921386003494265,
      "score_z": 0.6063415550169773,
      "上り3F平均": 38.52,
      "Ave-3F平均": 36.08,
      "PCI平均": 43.67,
      "-3F差平均": 0.7,
      "想定脚質": "先行",
      "track_bias_aptitude_score": 82.4,
      "investment_value_score": 70.7,
      "total_investment_index": 73.2,
      "investment_rating": 0.3676415801048279,
      "stability_score": 60,
      "investment_mark": "☆"
    },
    {
      "horse_number": 2,
      "name": "サッポロキタコ",
      "popularity": 3,
      "odds": 5.4,
      "mark": "△",
      "score": 96.99,
      "track_aptitude": 0,
      "total_points": 81.74830852503382,
      "detail_points": {
        "score": 43.74830852503383,
        "bias": 15.0,
        "pace": 12.0,
        "3f": 7.0,
        "margin": 4.0,
        "track": 0.0
      },
      "avg_margin": 1.3375000000000001,
      "race_name": "函館2R",
      "pred_prob_won": 0.0525713711977005,
      "pred_prob_in_top2": 0.07099452018737792,
      "pred_prob_in_top3": 0.19752663671970366,
      "score_z": 0.43105410306759234,
      "上り3F平均": 38.65,
      "Ave-3F平均": 36.92,
      "PCI平均": 45.52,
      "-3F差平均": 0.2,
      "想定脚質": "先行",
      "track_bias_aptitude_score": 82.4,
      "investment_value_score": 54.0,
      "total_investment_index": 62.8,
      "investment_rating": 0.15121956035494794,
      "stability_score": 60,
      "investment_mark": "☆"
    },
    {
      "horse_number": 3,
      "name": "ウォーターカルミア",
      "popularity": 6,
      "odds": 15.7,
      "mark": "△",
      "score": 85.9,
      "track_aptitude": 1,
      "total_points": 71.68605322507894,
      "detail_points": {
        "score": 38.74605322507894,
        "bias": 4.95,
        "pace": 12.0,
        "3f": 9.0,
        "margin": 6.0,
        "track": 0.99
      },
      "avg_margin": 0.7499999999999999,
      "race_name": "函館2R",
      "pred_prob_won": 0.024207400158047676,
      "pred_prob_in_top2": 0.04939218163490296,
      "pred_prob_in_top3": 0.1122578501701355,
      "score_z": -0.4946305836555836,
      "上り3F平均": 35.17,
      "Ave-3F平均": 34.88,
      "PCI平均": 49.15,
      "-3F差平均": 0.8,
      "想定脚質": "中団",
      "track_bias_aptitude_score": 25.4,
      "investment_value_score": 26.3,
      "total_investment_index": 27.6,
      "investment_rating": -0.11625917911529537,
      "stability_score": 75,
      "investment_mark": "××"
    },
    {
      "horse_number": 11,
      "name": "バスキュラリティ",
      "popularity": 8,
      "odds": 22.9,
      "mark": "×",
      "score": 91.36,
      "track_aptitude": 0,
      "total_points": 67.1588407758232,
      "detail_points": {
        "score": 41.208840775823184,
        "bias": 4.95,
        "pace": 12.0,
        "3f": 7.0,
        "margin": 2.0,
        "track": 0.0
      },
      "avg_margin": 2.025,
      "race_name": "函館2R",
      "pred_prob_won": 0.025388310477137566,
      "pred_prob_in_top2": 0.03315063752233982,
      "pred_prob_in_top3": 0.10384046733379364,
      "score_z": -0.03888320858718506,
      "上り3F平均": 38.08,
      "Ave-3F平均": 37.31,
      "PCI平均": 48.15,
      "-3F差平均": 1.07,
      "想定脚質": "中団",
      "track_bias_aptitude_score": 19.6,
      "investment_value_score": 20.8,
      "total_investment_index": 23.3,
      "investment_rating": -0.14580505579710012,
      "stability_score": 45,
      "investment_mark": "××"
    },
    {
      "horse_number": 5,
      "name": "オンサイト",
      "popularity": 9,
      "odds": 26.3,
      "mark": "△",
      "score": 76.56,
      "track_aptitude": 1,
      "total_points": 75.52315290933694,