{
  "horses": [
    {
      "horse_number": 5,
      "name": "ハーエクセレンシー",
      "popularity": 6,
      "odds": 12.5,
      "mark": "○",
      "score": 128.62,
      "track_aptitude": 2,
      "total_points": 94.88149479443727,
      "detail_points": {
        "score": 48.87149479443727,
        "bias": 15.0,
        "pace": 12.0,
        "3f": 9.0,
        "margin": 8.0,
        "track": 2.0100000000000002
      },
      "avg_margin": 0.35,
      "race_name": "函館7R",
      "pred_prob_won": 0.20816027522087097,
      "pred_prob_in_top2": 0.17006440758705138,
      "pred_prob_in_top3": 0.5094944179058075,
      "score_z": 1.3278399072968827,
      "上り3F平均": 35.09,
      "Ave-3F平均": 36.23,
      "PCI平均": 53.36,
      "-3F差平均": 0.74,
      "想定脚質": "先行",
      "track_bias_aptitude_score": 94.2,
      "investment_value_score": 60.4,
      "total_investment_index": 71.7,
      "investment_rating": 1.9738962522149088,
      "stability_score": 90,
      "investment_mark": "◎"
    },
    {
      "horse_number": 13,
      "name": "ブラックジェダイト",
      "popularity": 7,
      "odds": 13.3,
      "mark": "▲",
      "score": 121.42,
      "track_aptitude": 2,
      "total_points": 90.14572459913369,
      "detail_points": {
        "score": 46.135724599133674,
        "bias": 15.0,
        "pace": 12.0,
        "3f": 9.0,
        "margin": 6.0,
        "track": 2.0100000000000002
      },
      "avg_margin": 0.9,
      "race_name": "函館7R",
      "pred_prob_won": 0.090022274851799,
      "pred_prob_in_top2": 0.10290002226829528,
      "pred_prob_in_top3": 0.3100805699825287,
      "score_z": 0.5550623451319369,
      "上り3F平均": 36.9,
      "Ave-3F平均": 37.09,
      "PCI平均": 50.8,
      "-3F差平均": 0.35,
      "想定脚質": "先行",
      "track_bias_aptitude_score": 94.2,
      "investment_value_score": 44.7,
      "total_investment_index": 61.0,
      "investment_rating": 1.0674592489004135,
      "stability_score": 75,
      "investment_mark": "○"
    },
    {
      "horse_number": 9,
      "name": "ゴールドブレス",
      "popularity": 9,
      "odds": 19.3,
      "mark": "⭐︎",
      "score": 121.74,
      "track_aptitude": 2,
      "total_points": 80.31731438559162,
      "detail_points": {
        "score": 46.257314385591606,
        "bias": 7.05,
        "pace": 12.0,
        "3f": 9.0,
        "margin": 4.0,
        "track": 2.0100000000000002
      },
      "avg_margin": 1.055,
      "race_name": "函館7R",
      "pred_prob_won": 0.07561584934592247,
      "pred_prob_in_top2": 0.08260934352874756,
      "pred_prob_in_top3": 0.26350394189357756,
      "score_z": 0.5894080145614893,
      "上り3F平均": 35.69,
      "Ave-3F平均": 36.55,
      "PCI平均": 52.5,
      "-3F差平均": 0.44,
      "想定脚質": "中団",
      "track_bias_aptitude_score": 44.2,
      "investment_value_score": 37.1,
      "total_investment_index": 41.5,
      "investment_rating": 0.9918268048763274,
      "stability_score": 60,
      "investment_mark": "▲"
    },
    {
      "horse_number": 11,
      "name": "シホリーン",
      "popularity": 1,
      "odds": 2.6,
      "mark": "◎",
      "score": 131.59,
      "track_aptitude": 2,
      "total_points": 97.01,
      "detail_points": {
        "score": 50.0,
        "bias": 15.0,
        "pace": 12.0,
        "3f": 9.0,
        "margin": 9.0,
        "track": 2.0100000000000002
      },
      "avg_margin": 0.09999999999999999,
      "race_name": "函館7R",
      "pred_prob_won": 0.2673706650733948,
      "pred_prob_in_top2": 0.17773938477039336,
      "pred_prob_in_top3": 0.5702720165252686,
      "score_z": 1.6466106516899226,
      "上り3F平均": 34.0,
      "Ave-3F平均": 35.8,
      "PCI平均": 55.38,
      "-3F差平均": 0.43,
      "想定脚質": "先行",
      "track_bias_aptitude_score": 94.2,
      "investment_value_score": 100,
      "total_investment_index": 96.0,
      "investment_rating": 0.9686528396606446,
      "stability_score": 90,
      "investment_mark": "▲"
    },
    {
      "horse_number": 2,
      "name": "ウインシャーガス",
      "popularity": 4,
      "odds": 7.9,
      "mark": "▲",
      "score": 122.53,
      "track_aptitude": 2,
      "total_points": 90.56748917090964,
      "detail_points": {
        "score": 46.55748917090964,
        "bias": 15.0,
        "pace": 12.0,
        "3f": 9.0,
        "margin": 6.0,
        "track": 2.0100000000000002
      },
      "avg_margin": 0.5142857142857143,
      "race_name": "函館7R",
      "pred_prob_won": 0.09961780160665512,
      "pred_prob_in_top2": 0.10304078459739685,
      "pred_prob_in_top3": 0.3200297951698303,
      "score_z": 0.6741988859656992,
      "上り3F平均": 35.59,
      "Ave-3F平均": 36.5,
      "PCI平均": 52.6,
      "-3F差平均": 0.53,
      "想定脚質": "先行",
      "track_bias_aptitude_score": 94.2,
      "investment_value_score": 56.4,
      "total_investment_index": 68.2,
      "investment_rating": 0.7461206704378127,
      "stability_score": 75,
      "investment_mark": "△"
    },
    {
      "horse_number": 1,
      "name": "クモヒトツナイ",
      "popularity": 3,
      "odds": 7.3,
      "mark": "△",
      "score": 118.94,
      "track_aptitude": 2,
      "total_points": 89.20340375408466,
      "detail_points": {
        "score": 45.193403754084656,
        "bias": 15.0,
        "pace": 12.0,
        "3f": 9.0,
        "margin": 6.0,
        "track": 2.0100000000000002
      },
      "avg_margin": 0.6375,
      "race_name": "函館7R",
      "pred_prob_won": 0.04992387220263481,
      "pred_prob_in_top2": 0.07051068842411042,
      "pred_prob_in_top3": 0.21066266000270845,
      "score_z": 0.28888340705289955,
      "上り3F平均": 36.35,
      "Ave-3F平均": 36.91,
      "PCI平均": 51.71,
      "-3F差平均": 0.41,
      "想定脚質": "先行",
      "track_bias_aptitude_score": 94.2,
      "investment_value_score": 52.3,
      "total_investment_index": 65.1,
      "investment_rating": 0.2373193100094796,
      "stability_score": 75,
      "investment_mark": "☆"
    },
    {
      "horse_number": 4,
      "name": "スピンザブラッド",
      "popularity": 10,
      "odds": 28.0,
      "mark": "△",
      "score": 112.03,
      "track_aptitude": 2,
      "total_points": 86.57782430275857,
      "detail_points": {
        "score": 42.56782430275857,
        "bias": 15.0,
        "pace": 12.0,
        "3f": 9.0,
        "margin": 6.0,
        "track": 2.0100000000000002
      },
      "avg_margin": 0.8149999999999998,
      "race_name": "函館7R",
      "pred_prob_won": 0.02591388002038002,
      "pred_prob_in_top2": 0.04838261902332306,
      "pred_prob_in_top3": 0.13363500237464904,
      "score_z": -0.45276839219151316,
      "上り3F平均": 36.7,
      "Ave-3F平均": 37.88,
      "PCI平均": 53.43,
      "-3F差平均": 0.9,
      "想定脚質": "先行",
      "track_bias_aptitude_score": 94.2,
      "investment_value_score": 19.8,
      "total_investment_index": 44.4,
      "investment_rating": 0.13221726745367046,
      "stability_score": 75,
      "investment_mark": "×"
    },
    {
      "horse_number": 6,
      "name": "レッドシュテルン",
      "popularity": 2,
      "odds": 5.9,
      "mark": "×",
      "score": 119.25,
      "track_aptitude": 1,
      "total_points": 72.58119385971578,
      "detail_points": {
        "score": 45.31119385971578,
        "bias": 3.0,
        "pace": 8.28,
        "3f": 9.0,
        "margin": 6.0,
        "track": 0.99
      },
      "avg_margin": 0.9500000000000001,
      "race_name": "函館7R",
      "pred_prob_won": 0.05703475773334503,
      "pred_prob_in_top2": 0.06864852160215378,
      "pred_prob_in_top3": 0.18594014048576354,
      "score_z": 0.3221557743127794,
      "上り3F平均": 37.4,
      "Ave-3F平均": 36.47,
      "PCI平均": 48.0,
      "-3F差平均": 0,
      "想定脚質": "逃げ",
      "track_bias_aptitude_score": 21.0,
      "investment_value_score": 57.7,
      "total_investment_index": 46.5,
      "investment_rating": 0.0985234144330025,
      "stability_score": 75,
      "investment_mark": "×"
    },
    {
      "horse_number": 3,
      "name": "ドゥカート",
      "popularity": 8,
      "odds": 15.7,
      "mark": "△",
      "score": 113.01,
      "track_aptitude": 2,