{
  "horses": [
    {
      "horse_number": 5,
      "name": "ホルトバージ",
      "popularity": 4,
      "odds": 6.8,
      "mark": "◎",
      "score": 134.18,
      "track_aptitude": 0,
      "total_points": 92.05,
      "detail_points": {
        "score": 50.0,
        "bias": 13.05,
        "pace": 12.0,
        "3f": 9.0,
        "margin": 8.0,
        "track": 0.0
      },
      "avg_margin": 0.34500000000000003,
      "race_name": "小倉9R",
      "pred_prob_won": 0.21370795667171477,
      "pred_prob_in_top2": 0.18005284070968627,
      "pred_prob_in_top3": 0.5242600858211517,
      "score_z": 1.246137444675257,
      "上り3F平均": 37.32,
      "Ave-3F平均": 38.13,
      "PCI平均": 52.21,
      "-3F差平均": 0.66,
      "想定脚質": "先行",
      "track_bias_aptitude_score": 74.0,
      "investment_value_score": 77.3,
      "total_investment_index": 75.7,
      "investment_rating": 1.4543183690309522,
      "stability_score": 90,
      "investment_mark": "◎"
    },
    {
      "horse_number": 6,
      "name": "オンザムーブ",
      "popularity": 3,
      "odds": 6.1,
      "mark": "▲",
      "score": 128.71,
      "track_aptitude": 0,
      "total_points": 90.01169324787598,
      "detail_points": {
        "score": 47.961693247875985,
        "bias": 13.05,
        "pace": 12.0,
        "3f": 9.0,
        "margin": 8.0,
        "track": 0.0
      },
      "avg_margin": 0.41999999999999993,
      "race_name": "小倉9R",
      "pred_prob_won": 0.14195672273635865,
      "pred_prob_in_top2": 0.13209719955921173,
      "pred_prob_in_top3": 0.4056635797023773,
      "score_z": 0.8517000155324779,
      "上り3F平均": 35.81,
      "Ave-3F平均": 35.85,
      "PCI平均": 50.23,
      "-3F差平均": 0.33,
      "想定脚質": "先行",
      "track_bias_aptitude_score": 74.0,
      "investment_value_score": 75.6,
      "total_investment_index": 74.0,
      "investment_rating": 0.771238423883915,
      "stability_score": 90,
      "investment_mark": "○"
    },
    {
      "horse_number": 7,
      "name": "エルフストラック",
      "popularity": 2,
      "odds": 3.5,
      "mark": "○",
      "score": 126.33,
      "track_aptitude": 2,
      "total_points": 91.13482486212551,
      "detail_points": {
        "score": 47.0748248621255,
        "bias": 13.05,
        "pace": 12.0,
        "3f": 9.0,
        "margin": 8.0,
        "track": 2.0100000000000002
      },
      "avg_margin": 0.24499999999999997,
      "race_name": "小倉9R",
      "pred_prob_won": 0.11288372427225113,
      "pred_prob_in_top2": 0.1277711883187294,
      "pred_prob_in_top3": 0.35990535020828246,
      "score_z": 0.6800800737847962,
      "上り3F平均": 35.74,
      "Ave-3F平均": 36.39,
      "PCI平均": 51.87,
      "-3F差平均": 0.53,
      "想定脚質": "先行",
      "track_bias_aptitude_score": 91.3,
      "investment_value_score": 82.6,
      "total_investment_index": 83.1,
      "investment_rating": 0.45169712066650397,
      "stability_score": 90,
      "investment_mark": "△"
    },
    {
      "horse_number": 8,
      "name": "ロードマンハイム",
      "popularity": 1,
      "odds": 2.5,
      "mark": "▲",
      "score": 125.48,
      "track_aptitude": 2,
      "total_points": 90.81808615292891,
      "detail_points": {
        "score": 46.758086152928904,
        "bias": 13.05,
        "pace": 12.0,
        "3f": 9.0,
        "margin": 8.0,
        "track": 2.0100000000000002
      },
      "avg_margin": 0.425,
      "race_name": "小倉9R",
      "pred_prob_won": 0.10590347945690155,
      "pred_prob_in_top2": 0.11163445562124252,
      "pred_prob_in_top3": 0.3398667275905609,
      "score_z": 0.6187872374463391,
      "上り3F平均": 35.83,
      "Ave-3F平均": 36.28,
      "PCI平均": 51.35,
      "-3F差平均": 0.74,
      "想定脚質": "先行",
      "track_bias_aptitude_score": 91.3,
      "investment_value_score": 100.0,
      "total_investment_index": 93.4,
      "investment_rating": 0.25064682811498645,
      "stability_score": 90,
      "investment_mark": "△"
    },
    {
      "horse_number": 3,
      "name": "クリノアドバンス",
      "popularity": 5,
      "odds": 10.4,
      "mark": "△",
      "score": 116.45,
      "track_aptitude": 1,
      "total_points": 67.66320315993441,
      "detail_points": {
        "score": 43.393203159934416,
        "bias": 3.0,
        "pace": 8.28,
        "3f": 4.0,
        "margin": 8.0,
        "track": 0.99
      },
      "avg_margin": 0.24000000000000005,
      "race_name": "小倉9R",
      "pred_prob_won": 0.04388535991311073,
      "pred_prob_in_top2": 0.0642686165869236,
      "pred_prob_in_top3": 0.1774331033229828,
      "score_z": -0.03235901212574476,
      "上り3F平均": 35.52,
      "Ave-3F平均": 36.76,
      "PCI平均": 53.56,
      "-3F差平均": 0.82,
      "想定脚質": "逃げ",
      "track_bias_aptitude_score": 11.4,
      "investment_value_score": 34.1,
      "total_investment_index": 28.8,
      "investment_rating": 0.010550551116466522,
      "stability_score": 90,
      "investment_mark": "☆"
    },
    {
      "horse_number": 2,
      "name": "ロゼフレア",
      "popularity": 8,
      "odds": 18.8,
      "mark": "△",
      "score": 104.91,
      "track_aptitude": 0,
      "total_points": 75.09300939037115,
      "detail_points": {
        "score": 39.093009390371144,
        "bias": 9.0,
        "pace": 12.0,
        "3f": 9.0,
        "margin": 6.0,
        "track": 0.0
      },
      "avg_margin": 0.65,
      "race_name": "小倉9R",
      "pred_prob_won": 0.020300542935729027,
      "pred_prob_in_top2": 0.026451447606086732,
      "pred_prob_in_top3": 0.09399445652961731,
      "score_z": -0.8644994019443328,
      "上り3F平均": 34.74,
      "Ave-3F平均": 35.5,
      "PCI平均": 52.2,
      "-3F差平均": 0.66,
      "想定脚質": "中団",
      "track_bias_aptitude_score": 39.7,
      "investment_value_score": 3.0,
      "total_investment_index": 17.3,
      "investment_rating": -0.3890360325574874,
      "stability_score": 75,
      "investment_mark": "××"
    },
    {
      "horse_number": 4,
      "name": "テイエムヒショウ",
      "popularity": 7,
      "odds": 18.0,
      "mark": "△",
      "score": 100.13,
      "track_aptitude": 0,
      "total_points": 59.59181994335967,
      "detail_points": {
        "score": 37.311819943359666,
        "bias": 3.0,
        "pace": 8.28,
        "3f": 7.0,
        "margin": 4.0,
        "track": 0.0
      },
      "avg_margin": 1.13,
      "race_name": "小倉9R",
      "pred_prob_won": 0.015219326689839363,
      "pred_prob_in_top2": 0.0272169541567564,
      "pred_prob_in_top3": 0.07910327464342118,
      "score_z": -1.2091814698241292,
      "上り3F平均": 37.92,
      "Ave-3F平均": 34.8,
      "PCI平均": 41.82,
      "-3F差平均": 0.33,
      "想定脚質": "逃げ",
      "track_bias_aptitude_score": 2.7,
      "investment_value_score": 1,
      "total_investment_index": 4.4,
      "investment_rating": -0.479335515871644,
      "stability_score": 60,
      "investment_mark": "××"
    },
    {
      "horse_number": 1,
      "name": "ビヨンドザドリーム",
      "popularity": 6,
      "odds": 15.7,
      "mark": "△",
      "score": 99.0,
      "track_aptitude": 2,
      "total_points": 72.90074377701595,
      "detail_points": {
        "score": 36.89074377701594,
        "bias": 9.0,
        "pace": 12.0,
        "3f": 9.0,
        "margin": 4.0,
        "track": 2.0100000000000002
      },
      "avg_margin": 1.1,
      "race_name": "小倉9R",
      "pred_prob_won": 0.016205956041812897,
      "pred_prob_in_top2": 0.02820814251899719,
      "pred_prob_in_top3": 0.07701362073421478,
      "score_z": -1.2906648875446665,
      "上り3F平均": 35.98,
      "Ave-3F平均": 36.63,
      "PCI平均": 51.85,
      "-3F差平均": 0.5,
      "想定脚質": "中団",
      "track_bias_aptitude_score": 57.0,
      "investment_value_score": 3.7,
      "total_investment_index": 22.2,
      "investment_rating": -0.48412644803524013,
      "stability_score": 60,
      "investment_mark": "××"
    }
  ]
}