{
  "horses": [
    {
      "horse_number": 5,
      "name": "アイスグリーン",
      "popularity": 5,
      "odds": 9.1,
      "mark": "○",
      "score": 127.42,
      "track_aptitude": 1,
      "total_points": 83.58922996149808,
      "detail_points": {
        "score": 44.599229961498075,
        "bias": 9.0,
        "pace": 12.0,
        "3f": 9.0,
        "margin": 8.0,
        "track": 0.99
      },
      "avg_margin": 0.35,
      "race_name": "小倉11R",
      "pred_prob_won": 0.1529286742210388,
      "pred_prob_in_top2": 0.14945178031921386,
      "pred_prob_in_top3": 0.43536999821662903,
      "score_z": 0.9287571672435856,
      "上り3F平均": 34.48,
      "Ave-3F平均": 35.75,
      "PCI平均": 53.72,
      "-3F差平均": 0.91,
      "想定脚質": "中団",
      "track_bias_aptitude_score": 67.2,
      "investment_value_score": 54.0,
      "total_investment_index": 59.1,
      "investment_rating": 1.3462389916181565,
      "stability_score": 90,
      "investment_mark": "◎"
    },
    {
      "horse_number": 6,
      "name": "バッデレイト",
      "popularity": 1,
      "odds": 2.3,
      "mark": "◎",
      "score": 142.85,
      "track_aptitude": 2,
      "total_points": 91.96000000000001,
      "detail_points": {
        "score": 50.0,
        "bias": 10.95,
        "pace": 12.0,
        "3f": 9.0,
        "margin": 8.0,
        "track": 2.0100000000000002
      },
      "avg_margin": 0.2214285714285714,
      "race_name": "小倉11R",
      "pred_prob_won": 0.3139269948005676,
      "pred_prob_in_top2": 0.2067740350961685,
      "pred_prob_in_top3": 0.6522181034088135,
      "score_z": 2.1471676943440143,
      "上り3F平均": 34.81,
      "Ave-3F平均": 36.7,
      "PCI平均": 55.47,
      "-3F差平均": 0.5,
      "想定脚質": "先行",
      "track_bias_aptitude_score": 90.0,
      "investment_value_score": 100,
      "total_investment_index": 95.6,
      "investment_rating": 1.1305452585220337,
      "stability_score": 90,
      "investment_mark": "○"
    },
    {
      "horse_number": 4,
      "name": "コルレオニス",
      "popularity": 2,
      "odds": 4.6,
      "mark": "⭐︎",
      "score": 128.07,
      "track_aptitude": 1,
      "total_points": 70.09674133706686,
      "detail_points": {
        "score": 44.826741337066856,
        "bias": 3.0,
        "pace": 8.28,
        "3f": 5.0,
        "margin": 8.0,
        "track": 0.99
      },
      "avg_margin": 0.23500000000000001,
      "race_name": "小倉11R",
      "pred_prob_won": 0.13543992191553117,
      "pred_prob_in_top2": 0.12293965816497802,
      "pred_prob_in_top3": 0.38087270259857176,
      "score_z": 0.9800835990397794,
      "上り3F平均": 35.28,
      "Ave-3F平均": 36.51,
      "PCI平均": 53.51,
      "-3F差平均": 0.78,
      "想定脚質": "逃げ",
      "track_bias_aptitude_score": 11.0,
      "investment_value_score": 69.2,
      "total_investment_index": 51.5,
      "investment_rating": 0.6116617429256439,
      "stability_score": 90,
      "investment_mark": "△"
    },
    {
      "horse_number": 8,
      "name": "ワンダイレクト",
      "popularity": 6,
      "odds": 10.4,
      "mark": "▲",
      "score": 116.9,
      "track_aptitude": 1,
      "total_points": 79.90704585229261,
      "detail_points": {
        "score": 40.91704585229262,
        "bias": 9.0,
        "pace": 12.0,
        "3f": 9.0,
        "margin": 8.0,
        "track": 0.99
      },
      "avg_margin": 0.39499999999999996,
      "race_name": "小倉11R",
      "pred_prob_won": 0.06226523369550705,
      "pred_prob_in_top2": 0.07787709385156631,
      "pred_prob_in_top3": 0.21888503134250642,
      "score_z": 0.09805860955748634,
      "上り3F平均": 34.07,
      "Ave-3F平均": 35.75,
      "PCI平均": 54.95,
      "-3F差平均": 0.94,
      "想定脚質": "中団",
      "track_bias_aptitude_score": 67.2,
      "investment_value_score": 34.6,
      "total_investment_index": 46.1,
      "investment_rating": 0.3991464145481586,
      "stability_score": 90,
      "investment_mark": "△"
    },
    {
      "horse_number": 10,
      "name": "メルトユアハート",
      "popularity": 3,
      "odds": 8.1,
      "mark": "▲",
      "score": 115.06,
      "track_aptitude": 2,
      "total_points": 82.23301365068254,
      "detail_points": {
        "score": 40.273013650682536,
        "bias": 10.95,
        "pace": 12.0,
        "3f": 9.0,
        "margin": 8.0,
        "track": 2.0100000000000002
      },
      "avg_margin": 0.39499999999999996,
      "race_name": "小倉11R",
      "pred_prob_won": 0.04735398441553116,
      "pred_prob_in_top2": 0.06313360333442689,
      "pred_prob_in_top3": 0.19566823840141295,
      "score_z": -0.04723467429635645,
      "上り3F平均": 34.72,
      "Ave-3F平均": 36.63,
      "PCI平均": 55.55,
      "-3F差平均": 0.56,
      "想定脚質": "先行",
      "track_bias_aptitude_score": 90.0,
      "investment_value_score": 44.6,
      "total_investment_index": 58.7,
      "investment_rating": 0.10440565824508663,
      "stability_score": 90,
      "investment_mark": "☆"
    },
    {
      "horse_number": 1,
      "name": "ドットクルー",
      "popularity": 8,
      "odds": 29.7,
      "mark": "△",
      "score": 113.59,
      "track_aptitude": 2,
      "total_points": 77.76848792439623,
      "detail_points": {
        "score": 39.75848792439622,
        "bias": 9.0,
        "pace": 12.0,
        "3f": 9.0,
        "margin": 6.0,
        "track": 2.0100000000000002
      },
      "avg_margin": 0.6450000000000001,
      "race_name": "小倉11R",
      "pred_prob_won": 0.031626031175255774,
      "pred_prob_in_top2": 0.04984322935342789,
      "pred_prob_in_top3": 0.1433286964893341,
      "score_z": -0.16331137389698056,
      "上り3F平均": 34.6,
      "Ave-3F平均": 36.23,
      "PCI平均": 54.81,
      "-3F差平均": 0.66,
      "想定脚質": "中団",
      "track_bias_aptitude_score": 77.2,
      "investment_value_score": 21.2,
      "total_investment_index": 40.6,
      "investment_rating": 0.06013722270727162,
      "stability_score": 75,
      "investment_mark": "☆"
    },
    {
      "horse_number": 3,
      "name": "アウフヘーベン",
      "popularity": 4,
      "odds": 8.2,
      "mark": "△",
      "score": 110.82,
      "track_aptitude": 0,
      "total_points": 78.73893944697235,
      "detail_points": {
        "score": 38.78893944697235,
        "bias": 10.95,
        "pace": 12.0,
        "3f": 9.0,
        "margin": 8.0,
        "track": 0.0
      },
      "avg_margin": 0.35000000000000003,
      "race_name": "小倉11R",
      "pred_prob_won": 0.028486816212534904,
      "pred_prob_in_top2": 0.042643177509307864,
      "pred_prob_in_top3": 0.1215086579322815,
      "score_z": -0.38204093708999426,
      "上り3F平均": 34.46,
      "Ave-3F平均": 37.08,
      "PCI平均": 57.71,
      "-3F差平均": 0.57,
      "想定脚質": "先行",
      "track_bias_aptitude_score": 70.0,
      "investment_value_score": 29.8,
      "total_investment_index": 43.2,
      "investment_rating": -0.14573906958103167,
      "stability_score": 90,
      "investment_mark": "××"
    },
    {
      "horse_number": 7,
      "name": "ウインリブルマン",
      "popularity": 7,
      "odds": 22.4,
      "mark": "△",
      "score": 105.33,
      "track_aptitude": 1,
      "total_points": 73.80734336716836,
      "detail_points": {
        "score": 36.86734336716836,
        "bias": 10.95,
        "pace": 12.0,
        "3f": 9.0,
        "margin": 4.0,
        "track": 0.99
      },
      "avg_margin": 1.3699999999999999,
      "race_name": "小倉11R",
      "pred_prob_won": 0.023058436065912246,
      "pred_prob_in_top2": 0.028607342019677164,
      "pred_prob_in_top3": 0.10071785300970078,
      "score_z": -0.815551876414774,
      "上り3F平均": 36.57,
      "Ave-3F平均": 35.89,
      "PCI平均": 48.36,
      "-3F差平均": 0.48,
      "想定脚質": "先行",
      "track_bias_aptitude_score": 80.0,
      "investment_value_score": 15.7,
      "total_investment_index": 37.1,
      "investment_rating": -0.2158364525437355,
      "stability_score": 60,
      "investment_mark": "××"
    },
    {
      "horse_number": 11,
      "name": "バールデュヴァン",
      "popularity": 10,
      "odds": 31.9,
      "mark": "消",
      "score": 108.12,
      "track_aptitude": 0,