{
  "horses": [
    {
      "horse_number": 14,
      "name": "コンヴェックス",
      "popularity": 14,
      "odds": 53.9,
      "mark": "△",
      "score": 100.17,
      "track_aptitude": 0,
      "total_points": 67.21832579185521,
      "detail_points": {
        "score": 41.96832579185521,
        "bias": 7.05,
        "pace": 10.2,
        "3f": 4.0,
        "margin": 4.0,
        "track": 0.0
      },
      "avg_margin": 1.3,
      "race_name": "小倉6R",
      "pred_prob_won": 0.07626226097345352,
      "pred_prob_in_top2": 0.08220475763082505,
      "pred_prob_in_top3": 0.24128524363040924,
      "score_z": 0.6307207357332864,
      "上り3F平均": 35.35,
      "Ave-3F平均": 36.64,
      "PCI平均": 53.65,
      "-3F差平均": 1.2,
      "想定脚質": "逃げ",
      "track_bias_aptitude_score": 35.0,
      "investment_value_score": 35.9,
      "total_investment_index": 38.1,
      "investment_rating": 1.443952765762806,
      "stability_score": 60,
      "investment_mark": "◎"
    },
    {
      "horse_number": 7,
      "name": "ルクスコロン",
      "popularity": 3,
      "odds": 7.0,
      "mark": "○",
      "score": 114.59,
      "track_aptitude": 0,
      "total_points": 80.25988771577006,
      "detail_points": {
        "score": 48.00988771577007,
        "bias": 7.05,
        "pace": 10.2,
        "3f": 9.0,
        "margin": 6.0,
        "track": 0.0
      },
      "avg_margin": 0.5900000000000001,
      "race_name": "小倉6R",
      "pred_prob_won": 0.19387353360652923,
      "pred_prob_in_top2": 0.16155497133731841,
      "pred_prob_in_top3": 0.4842594385147095,
      "score_z": 1.3917372575208093,
      "上り3F平均": 35.36,
      "Ave-3F平均": 35.72,
      "PCI平均": 51.1,
      "-3F差平均": 0.55,
      "想定脚質": "中団",
      "track_bias_aptitude_score": 35.0,
      "investment_value_score": 80.5,
      "total_investment_index": 66.1,
      "investment_rating": 1.323843175172806,
      "stability_score": 75,
      "investment_mark": "○"
    },
    {
      "horse_number": 16,
      "name": "ナリタボニー",
      "popularity": 11,
      "odds": 38.5,
      "mark": "△",
      "score": 100.69,
      "track_aptitude": 2,
      "total_points": 68.47619071560248,
      "detail_points": {
        "score": 42.18619071560248,
        "bias": 3.0,
        "pace": 8.28,
        "3f": 9.0,
        "margin": 4.0,
        "track": 2.0100000000000002
      },
      "avg_margin": 1.9500000000000002,
      "race_name": "小倉6R",
      "pred_prob_won": 0.07809391617774963,
      "pred_prob_in_top2": 0.07917616814374924,
      "pred_prob_in_top3": 0.25030323266983034,
      "score_z": 0.6581637725799929,
      "上り3F平均": 36.95,
      "Ave-3F平均": 35.91,
      "PCI平均": 47.63,
      "-3F差平均": 1.47,
      "想定脚質": "後方",
      "track_bias_aptitude_score": 13.2,
      "investment_value_score": 41.0,
      "total_investment_index": 34.7,
      "investment_rating": 1.2648197299242023,
      "stability_score": 60,
      "investment_mark": "▲"
    },
    {
      "horse_number": 10,
      "name": "パープルパライソ",
      "popularity": 2,
      "odds": 4.0,
      "mark": "▲",
      "score": 119.34,
      "track_aptitude": 0,
      "total_points": 74.28,
      "detail_points": {
        "score": 50.0,
        "bias": 3.0,
        "pace": 8.28,
        "3f": 7.0,
        "margin": 6.0,
        "track": 0.0
      },
      "avg_margin": 0.7571428571428571,
      "race_name": "小倉6R",
      "pred_prob_won": 0.23517836332321168,
      "pred_prob_in_top2": 0.14891811311244965,
      "pred_prob_in_top3": 0.5167060017585754,
      "score_z": 1.6424188441013041,
      "上り3F平均": 35.5,
      "Ave-3F平均": 35.83,
      "PCI平均": 51.03,
      "-3F差平均": 0.96,
      "想定脚質": "後方",
      "track_bias_aptitude_score": 1,
      "investment_value_score": 90.9,
      "total_investment_index": 62.6,
      "investment_rating": 1.1951062047481538,
      "stability_score": 75,
      "investment_mark": "▲"
    },
    {
      "horse_number": 8,
      "name": "ニホンピロマーベル",
      "popularity": 7,
      "odds": 22.5,
      "mark": "▲",
      "score": 99.79,
      "track_aptitude": 0,
      "total_points": 72.0591168091168,
      "detail_points": {
        "score": 41.80911680911681,
        "bias": 7.05,
        "pace": 10.2,
        "3f": 9.0,
        "margin": 4.0,
        "track": 0.0
      },
      "avg_margin": 1.78125,
      "race_name": "小倉6R",
      "pred_prob_won": 0.08644165843725204,
      "pred_prob_in_top2": 0.09499170780181884,
      "pred_prob_in_top3": 0.28371111750602723,
      "score_z": 0.6106662088068471,
      "上り3F平均": 38.13,
      "Ave-3F平均": 36.62,
      "PCI平均": 46.53,
      "-3F差平均": 1.0,
      "想定脚質": "中団",
      "track_bias_aptitude_score": 35.0,
      "investment_value_score": 51.3,
      "total_investment_index": 47.3,
      "investment_rating": 1.0962255904078484,
      "stability_score": 60,
      "investment_mark": "△"
    },
    {
      "horse_number": 2,
      "name": "ヴァイスクレー",
      "popularity": 1,
      "odds": 3.6,
      "mark": "◎",
      "score": 111.35,
      "track_aptitude": 0,
      "total_points": 86.85242165242165,
      "detail_points": {
        "score": 46.65242165242165,
        "bias": 15.0,
        "pace": 10.2,
        "3f": 9.0,
        "margin": 6.0,
        "track": 0.0
      },
      "avg_margin": 0.8083333333333332,
      "race_name": "小倉6R",
      "pred_prob_won": 0.1806154727935791,
      "pred_prob_in_top2": 0.15427152216434478,
      "pred_prob_in_top3": 0.4723377227783203,
      "score_z": 1.220746027937482,
      "上り3F平均": 35.12,
      "Ave-3F平均": 37.0,
      "PCI平均": 55.48,
      "-3F差平均": 0.64,
      "想定脚質": "先行",
      "track_bias_aptitude_score": 81.7,
      "investment_value_score": 100,
      "total_investment_index": 91.5,
      "investment_rating": 0.8655261039733887,
      "stability_score": 75,
      "investment_mark": "△"
    },
    {
      "horse_number": 5,
      "name": "メイショウロンド",
      "popularity": 9,
      "odds": 28.2,
      "mark": "△",
      "score": 95.95,
      "track_aptitude": 0,
      "total_points": 62.48026814144461,
      "detail_points": {
        "score": 40.20026814144461,
        "bias": 3.0,
        "pace": 8.28,
        "3f": 9.0,
        "margin": 2.0,
        "track": 0.0
      },
      "avg_margin": 2.4,
      "race_name": "小倉6R",
      "pred_prob_won": 0.0502498596906662,
      "pred_prob_in_top2": 0.07306560575962066,
      "pred_prob_in_top3": 0.19466927349567414,
      "score_z": 0.40800993670808905,
      "上り3F平均": 37.3,
      "Ave-3F平均": 37.4,
      "PCI平均": 50.3,
      "-3F差平均": 2.2,
      "想定脚質": "後方",
      "track_bias_aptitude_score": 1,
      "investment_value_score": 39.3,
      "total_investment_index": 29.6,
      "investment_rating": 0.7250837413966658,
      "stability_score": 45,
      "investment_mark": "☆"
    },
    {
      "horse_number": 12,
      "name": "ピアストイヤーズ",
      "popularity": 6,
      "odds": 11.9,
      "mark": "△",
      "score": 97.74,
      "track_aptitude": 2,
      "total_points": 69.2402262443439,
      "detail_points": {
        "score": 40.95022624434389,
        "bias": 3.0,
        "pace": 8.28,
        "3f": 9.0,
        "margin": 6.0,
        "track": 2.0100000000000002
      },
      "avg_margin": 0.8,
      "race_name": "小倉6R",
      "pred_prob_won": 0.07104707509279251,
      "pred_prob_in_top2": 0.06859039589762687,
      "pred_prob_in_top3": 0.22098199725151063,
      "score_z": 0.5024773135457908,
      "上り3F平均": 33.9,
      "Ave-3F平均": 35.8,
      "PCI平均": 55.6,
      "-3F差平均": 1.1,
      "想定脚質": "後方",
      "track_bias_aptitude_score": 13.2,
      "investment_value_score": 49.1,
      "total_investment_index": 39.3,
      "investment_rating": 0.6828117865324022,
      "stability_score": 75,
      "investment_mark": "☆"
    },
    {
      "horse_number": 15,
      "name": "アニュレス",
      "popularity": 10,
      "odds": 34.1,
      "mark": "×",
      "score": 91.44,
      "track_aptitude": 0,
      "total_points": 60.59070889894419,
      "detail_points": {
        "score": 38.31070889894419,
        "bias": 3.0,