{
  "horses": [
    {
      "horse_number": 2,
      "name": "ダノンジャガー",
      "popularity": 4,
      "odds": 6.6,
      "mark": "○",
      "score": 136.03,
      "track_aptitude": 2,
      "total_points": 90.29210406758004,
      "detail_points": {
        "score": 48.282104067580036,
        "bias": 15.0,
        "pace": 12.0,
        "3f": 9.0,
        "margin": 4.0,
        "track": 2.0100000000000002
      },
      "avg_margin": 1.0555555555555558,
      "race_name": "小倉4R",
      "pred_prob_won": 0.17702739536762238,
      "pred_prob_in_top2": 0.17445781230926513,
      "pred_prob_in_top3": 0.4995545446872711,
      "score_z": 1.0757577278053057,
      "上り3F平均": 35.87,
      "Ave-3F平均": 37.0,
      "PCI平均": 53.49,
      "-3F差平均": 0.58,
      "想定脚質": "先行",
      "track_bias_aptitude_score": 94.5,
      "investment_value_score": 76.6,
      "total_investment_index": 81.1,
      "investment_rating": 1.5983072698116303,
      "stability_score": 60,
      "investment_mark": "◎"
    },
    {
      "horse_number": 14,
      "name": "ヴォイスオブゼウス",
      "popularity": 3,
      "odds": 5.0,
      "mark": "▲",
      "score": 140.09,
      "track_aptitude": 1,
      "total_points": 84.99314900262652,
      "detail_points": {
        "score": 49.723149002626535,
        "bias": 9.0,
        "pace": 8.28,
        "3f": 9.0,
        "margin": 8.0,
        "track": 0.99
      },
      "avg_margin": 0.4583333333333333,
      "race_name": "小倉4R",
      "pred_prob_won": 0.2171208828687668,
      "pred_prob_in_top2": 0.18137888014316558,
      "pred_prob_in_top3": 0.5327712655067444,
      "score_z": 1.3020439944221145,
      "上り3F平均": 35.58,
      "Ave-3F平均": 37.12,
      "PCI平均": 54.35,
      "-3F差平均": 0.6,
      "想定脚質": "中団",
      "track_bias_aptitude_score": 54.2,
      "investment_value_score": 84.9,
      "total_investment_index": 74.4,
      "investment_rating": 1.481506612896919,
      "stability_score": 90,
      "investment_mark": "○"
    },
    {
      "horse_number": 6,
      "name": "キャニオンデシェイ",
      "popularity": 2,
      "odds": 3.8,
      "mark": "◎",
      "score": 140.87,
      "track_aptitude": 2,
      "total_points": 96.01,
      "detail_points": {
        "score": 50.0,
        "bias": 15.0,
        "pace": 12.0,
        "3f": 9.0,
        "margin": 8.0,
        "track": 2.0100000000000002
      },
      "avg_margin": 0.38,
      "race_name": "小倉4R",
      "pred_prob_won": 0.24180691242218016,
      "pred_prob_in_top2": 0.18644063472747802,
      "pred_prob_in_top3": 0.5567749857902526,
      "score_z": 1.3455177106686935,
      "上り3F平均": 35.72,
      "Ave-3F平均": 36.61,
      "PCI平均": 52.54,
      "-3F差平均": 0.43,
      "想定脚質": "先行",
      "track_bias_aptitude_score": 94.5,
      "investment_value_score": 94.2,
      "total_investment_index": 92.1,
      "investment_rating": 1.3032924616336823,
      "stability_score": 90,
      "investment_mark": "▲"
    },
    {
      "horse_number": 8,
      "name": "サトノアベリア",
      "popularity": 5,
      "odds": 12.2,
      "mark": "△",
      "score": 128.06,
      "track_aptitude": 1,
      "total_points": 76.72325477390501,
      "detail_points": {
        "score": 45.453254773905016,
        "bias": 9.0,
        "pace": 8.28,
        "3f": 9.0,
        "margin": 4.0,
        "track": 0.99
      },
      "avg_margin": 1.2,
      "race_name": "小倉4R",
      "pred_prob_won": 0.09542513191699982,
      "pred_prob_in_top2": 0.10908046662807465,
      "pred_prob_in_top3": 0.3262536644935608,
      "score_z": 0.631545524619107,
      "上り3F平均": 35.75,
      "Ave-3F平均": 37.13,
      "PCI平均": 53.9,
      "-3F差平均": 0.7,
      "想定脚質": "中団",
      "track_bias_aptitude_score": 54.2,
      "investment_value_score": 61.6,
      "total_investment_index": 59.3,
      "investment_rating": 1.0692034405469895,
      "stability_score": 60,
      "investment_mark": "▲"
    },
    {
      "horse_number": 13,
      "name": "マイネルイグザルト",
      "popularity": 8,
      "odds": 36.8,
      "mark": "△",
      "score": 123.7,
      "track_aptitude": 0,
      "total_points": 74.18572868602257,
      "detail_points": {
        "score": 43.90572868602257,
        "bias": 9.0,
        "pace": 8.28,
        "3f": 9.0,
        "margin": 4.0,
        "track": 0.0
      },
      "avg_margin": 1.25,
      "race_name": "小倉4R",
      "pred_prob_won": 0.06955482289195061,
      "pred_prob_in_top2": 0.08559551239013671,
      "pred_prob_in_top3": 0.25076133012771606,
      "score_z": 0.3885385979074601,
      "上り3F平均": 35.58,
      "Ave-3F平均": 37.44,
      "PCI平均": 55.3,
      "-3F差平均": 0.57,
      "想定脚質": "中団",
      "track_bias_aptitude_score": 48.7,
      "investment_value_score": 46.5,
      "total_investment_index": 48.2,
      "investment_rating": 1.0045679807662964,
      "stability_score": 60,
      "investment_mark": "△"
    },
    {
      "horse_number": 17,
      "name": "サイモンノーブル",
      "popularity": 7,
      "odds": 15.0,
      "mark": "△",
      "score": 123.37,
      "track_aptitude": 1,
      "total_points": 77.05859941790303,
      "detail_points": {
        "score": 43.78859941790303,
        "bias": 9.0,
        "pace": 8.28,
        "3f": 9.0,
        "margin": 6.0,
        "track": 0.99
      },
      "avg_margin": 0.66,
      "race_name": "小倉4R",
      "pred_prob_won": 0.06755772605538368,
      "pred_prob_in_top2": 0.09055659621953964,
      "pred_prob_in_top3": 0.26605578064918517,
      "score_z": 0.3701458718031383,
      "上り3F平均": 35.38,
      "Ave-3F平均": 37.27,
      "PCI平均": 55.38,
      "-3F差平均": 0.82,
      "想定脚質": "中団",
      "track_bias_aptitude_score": 54.2,
      "investment_value_score": 50.1,
      "total_investment_index": 51.9,
      "investment_rating": 1.0000040045380594,
      "stability_score": 75,
      "investment_mark": "△"
    },
    {
      "horse_number": 15,
      "name": "レッドサジェス",
      "popularity": 1,
      "odds": 3.5,
      "mark": "▲",
      "score": 133.06,
      "track_aptitude": 0,
      "total_points": 81.50794065450415,
      "detail_points": {
        "score": 47.22794065450415,
        "bias": 9.0,
        "pace": 8.28,
        "3f": 9.0,
        "margin": 8.0,
        "track": 0.0
      },
      "avg_margin": 0.3833333333333333,
      "race_name": "小倉4R",
      "pred_prob_won": 0.14779918193817138,
      "pred_prob_in_top2": 0.12580950558185577,
      "pred_prob_in_top3": 0.42391265034675596,
      "score_z": 0.9102231928664085,
      "上り3F平均": 34.87,
      "Ave-3F平均": 37.64,
      "PCI平均": 58.0,
      "-3F差平均": 0.57,
      "想定脚質": "中団",
      "track_bias_aptitude_score": 48.7,
      "investment_value_score": 100,
      "total_investment_index": 81.1,
      "investment_rating": 0.7614121982455253,
      "stability_score": 90,
      "investment_mark": "☆"
    },
    {
      "horse_number": 9,
      "name": "タイセイルシエル",
      "popularity": 17,
      "odds": 197.2,
      "mark": "消",
      "score": 118.9,
      "track_aptitude": 0,
      "total_points": 64.4820302406474,
      "detail_points": {
        "score": 42.2020302406474,
        "bias": 3.0,
        "pace": 8.28,
        "3f": 9.0,
        "margin": 2.0,
        "track": 0.0
      },
      "avg_margin": 2.08,
      "race_name": "小倉4R",
      "pred_prob_won": 0.04129169061779976,
      "pred_prob_in_top2": 0.05351736918091774,
      "pred_prob_in_top3": 0.1486500859260559,
      "score_z": 0.12100803639005078,
      "上り3F平均": 36.97,
      "Ave-3F平均": 37.89,
      "PCI平均": 52.6,
      "-3F差平均": 1.06,
      "想定脚質": "後方",
      "track_bias_aptitude_score": 1,
      "investment_value_score": 21.8,
      "total_investment_index": 18.6,
      "investment_rating": 0.6777184408903122,
      "stability_score": 45,
      "investment_mark": "☆"
    },
    {
      "horse_number": 4,
      "name": "ザイル",
      "popularity": 6,
      "odds": 12.7,
      "mark": "△",
      "score": 120.79,
      "track_aptitude": 2,
      "total_points": 72.8828615035139,
      "detail_points": {
        "score": 42.87286150351388,
        "bias": 3.0,