{
  "horses": [
    {
      "horse_number": 1,
      "name": "トッピゴー",
      "popularity": 6,
      "odds": 18.7,
      "mark": "▲",
      "score": 101.33,
      "track_aptitude": 0,
      "total_points": 92.0,
      "detail_points": {
        "score": 50.0,
        "bias": 15.0,
        "pace": 12.0,
        "3f": 9.0,
        "margin": 6.0,
        "track": 0.0
      },
      "avg_margin": 0.8,
      "race_name": "小倉8R",
      "pred_prob_won": 0.11991564929485321,
      "pred_prob_in_top2": 0.1059507504105568,
      "pred_prob_in_top3": 0.3357322156429291,
      "score_z": 0.9336247193447262,
      "上り3F平均": 37.8,
      "Ave-3F平均": 35.78,
      "PCI平均": 44.67,
      "-3F差平均": 0.4,
      "想定脚質": "先行",
      "track_bias_aptitude_score": 82.0,
      "investment_value_score": 59.2,
      "total_investment_index": 66.7,
      "investment_rating": 1.1122342997789383,
      "stability_score": 75,
      "investment_mark": "◎"
    },
    {
      "horse_number": 12,
      "name": "ペンテリコン",
      "popularity": 7,
      "odds": 18.9,
      "mark": "△",
      "score": 99.81,
      "track_aptitude": 2,
      "total_points": 83.30997532813579,
      "detail_points": {
        "score": 49.2499753281358,
        "bias": 7.05,
        "pace": 12.0,
        "3f": 7.0,
        "margin": 6.0,
        "track": 2.0100000000000002
      },
      "avg_margin": 0.8062500000000001,
      "race_name": "小倉8R",
      "pred_prob_won": 0.09856693744659424,
      "pred_prob_in_top2": 0.0953050509095192,
      "pred_prob_in_top3": 0.2795282959938049,
      "score_z": 0.8128274065967738,
      "上り3F平均": 37.33,
      "Ave-3F平均": 36.05,
      "PCI平均": 46.86,
      "-3F差平均": 1.12,
      "想定脚質": "中団",
      "track_bias_aptitude_score": 46.2,
      "investment_value_score": 51.4,
      "total_investment_index": 51.1,
      "investment_rating": 0.9293348723649979,
      "stability_score": 75,
      "investment_mark": "○"
    },
    {
      "horse_number": 10,
      "name": "オースミライト",
      "popularity": 5,
      "odds": 18.5,
      "mark": "○",
      "score": 97.94,
      "track_aptitude": 0,
      "total_points": 92.32724760682916,
      "detail_points": {
        "score": 48.32724760682917,
        "bias": 15.0,
        "pace": 12.0,
        "3f": 9.0,
        "margin": 8.0,
        "track": 0.0
      },
      "avg_margin": 0.48,
      "race_name": "小倉8R",
      "pred_prob_won": 0.09909547120332718,
      "pred_prob_in_top2": 0.11095181852579117,
      "pred_prob_in_top3": 0.31417642831802367,
      "score_z": 0.6642149231502787,
      "上り3F平均": 37.24,
      "Ave-3F平均": 35.7,
      "PCI平均": 45.86,
      "-3F差平均": 0.6,
      "想定脚質": "先行",
      "track_bias_aptitude_score": 82.0,
      "investment_value_score": 60.4,
      "total_investment_index": 66.9,
      "investment_rating": 0.8795027488470077,
      "stability_score": 90,
      "investment_mark": "▲"
    },
    {
      "horse_number": 4,
      "name": "フィドルファドル",
      "popularity": 2,
      "odds": 4.4,
      "mark": "▲",
      "score": 100.64,
      "track_aptitude": 2,
      "total_points": 91.66952827395639,
      "detail_points": {
        "score": 49.65952827395638,
        "bias": 15.0,
        "pace": 12.0,
        "3f": 9.0,
        "margin": 4.0,
        "track": 2.0100000000000002
      },
      "avg_margin": 1.1500000000000001,
      "race_name": "小倉8R",
      "pred_prob_won": 0.1068752497434616,
      "pred_prob_in_top2": 0.11478249430656433,
      "pred_prob_in_top3": 0.3320759773254395,
      "score_z": 0.8787890971104584,
      "上り3F平均": 37.15,
      "Ave-3F平均": 36.04,
      "PCI平均": 47.2,
      "-3F差平均": 0.53,
      "想定脚質": "先行",
      "track_bias_aptitude_score": 94.0,
      "investment_value_score": 82.5,
      "total_investment_index": 84.2,
      "investment_rating": 0.5630203342437745,
      "stability_score": 60,
      "investment_mark": "△"
    },
    {
      "horse_number": 11,
      "name": "ファムエレガンテ",
      "popularity": 1,
      "odds": 2.5,
      "mark": "◎",
      "score": 99.36,
      "track_aptitude": 2,
      "total_points": 93.03792855028126,
      "detail_points": {
        "score": 49.02792855028126,
        "bias": 15.0,
        "pace": 12.0,
        "3f": 7.0,
        "margin": 8.0,
        "track": 2.0100000000000002
      },
      "avg_margin": 0.45,
      "race_name": "小倉8R",
      "pred_prob_won": 0.1224747732281685,
      "pred_prob_in_top2": 0.12545669823884964,
      "pred_prob_in_top3": 0.3813991904258728,
      "score_z": 0.7770650442700769,
      "上り3F平均": 37.1,
      "Ave-3F平均": 34.59,
      "PCI平均": 43.25,
      "-3F差平均": 0.15,
      "想定脚質": "先行",
      "track_bias_aptitude_score": 94.0,
      "investment_value_score": 100,
      "total_investment_index": 94.5,
      "investment_rating": 0.5462880975008011,
      "stability_score": 90,
      "investment_mark": "△"
    },
    {
      "horse_number": 13,
      "name": "クリノミニスター",
      "popularity": 11,
      "odds": 31.2,
      "mark": "⭐︎",
      "score": 94.75,
      "track_aptitude": 0,
      "total_points": 76.80318267048258,
      "detail_points": {
        "score": 46.75318267048259,
        "bias": 7.05,
        "pace": 12.0,
        "3f": 7.0,
        "margin": 4.0,
        "track": 0.0
      },
      "avg_margin": 1.19,
      "race_name": "小倉8R",
      "pred_prob_won": 0.04509571641683578,
      "pred_prob_in_top2": 0.05534385442733765,
      "pred_prob_in_top3": 0.15852162539958953,
      "score_z": 0.4106995102121412,
      "上り3F平均": 37.83,
      "Ave-3F平均": 35.78,
      "PCI平均": 44.62,
      "-3F差平均": 1.1,
      "想定脚質": "中団",
      "track_bias_aptitude_score": 34.2,
      "investment_value_score": 28.5,
      "total_investment_index": 33.0,
      "investment_rating": 0.3943947593867778,
      "stability_score": 60,
      "investment_mark": "☆"
    },
    {
      "horse_number": 8,
      "name": "ドナポンド",
      "popularity": 9,
      "odds": 29.3,
      "mark": "△",
      "score": 90.75,
      "track_aptitude": 0,
      "total_points": 84.77943353399783,
      "detail_points": {
        "score": 44.77943353399783,
        "bias": 15.0,
        "pace": 12.0,
        "3f": 7.0,
        "margin": 6.0,
        "track": 0.0
      },
      "avg_margin": 0.9125,
      "race_name": "小倉8R",
      "pred_prob_won": 0.03781690746545792,
      "pred_prob_in_top2": 0.055804996937513354,
      "pred_prob_in_top3": 0.15551220774650573,
      "score_z": 0.09281184508594958,
      "上り3F平均": 38.33,
      "Ave-3F平均": 35.48,
      "PCI平均": 42.7,
      "-3F差平均": 0.26,
      "想定脚質": "先行",
      "track_bias_aptitude_score": 82.0,
      "investment_value_score": 31.2,
      "total_investment_index": 48.5,
      "investment_rating": 0.2997074022889137,
      "stability_score": 75,
      "investment_mark": "☆"
    },
    {
      "horse_number": 7,
      "name": "キョラムン",
      "popularity": 4,
      "odds": 10.7,
      "mark": "△",
      "score": 95.15,
      "track_aptitude": 0,
      "total_points": 90.95055758413106,
      "detail_points": {
        "score": 46.95055758413106,
        "bias": 15.0,
        "pace": 12.0,
        "3f": 9.0,
        "margin": 8.0,
        "track": 0.0
      },
      "avg_margin": 0.49999999999999994,
      "race_name": "小倉8R",
      "pred_prob_won": 0.05778268650174141,
      "pred_prob_in_top2": 0.0729842647910118,
      "pred_prob_in_top3": 0.18899519741535187,
      "score_z": 0.44248827672476077,
      "上り3F平均": 37.93,
      "Ave-3F平均": 35.91,
      "PCI平均": 44.75,
      "-3F差平均": 0.38,
      "想定脚質": "先行",
      "track_bias_aptitude_score": 82.0,
      "investment_value_score": 53.3,
      "total_investment_index": 62.3,
      "investment_rating": 0.25598078966140747,
      "stability_score": 90,
      "investment_mark": "☆"
    },
    {
      "horse_number": 6,
      "name": "ベネメレンティ",
      "popularity": 13,
      "odds": 75.9,
      "mark": "△",
      "score": 87.6,
      "track_aptitude": 1,
      "total_points": 86.21510608901609,
      "detail_points": {
        "score": 43.22510608901609,