{
  "horses": [
    {
      "horse_number": 16,
      "name": "インフローレ",
      "popularity": 4,
      "odds": 7.8,
      "mark": "◎",
      "score": 114.23,
      "track_aptitude": 1,
      "total_points": 87.48696356275303,
      "detail_points": {
        "score": 46.24696356275304,
        "bias": 13.05,
        "pace": 10.2,
        "3f": 9.0,
        "margin": 8.0,
        "track": 0.99
      },
      "avg_margin": 0.45,
      "race_name": "小倉12R",
      "pred_prob_won": 0.23203268349170686,
      "pred_prob_in_top2": 0.1699063867330551,
      "pred_prob_in_top3": 0.525491189956665,
      "score_z": 1.5272749842916662,
      "上り3F平均": 35.12,
      "Ave-3F平均": 34.83,
      "PCI平均": 49.17,
      "-3F差平均": 0.53,
      "想定脚質": "先行",
      "track_bias_aptitude_score": 83.4,
      "investment_value_score": 67.9,
      "total_investment_index": 73.3,
      "investment_rating": 1.6494156408309935,
      "stability_score": 90,
      "investment_mark": "◎"
    },
    {
      "horse_number": 3,
      "name": "ピースフルナイト",
      "popularity": 7,
      "odds": 17.8,
      "mark": "○",
      "score": 108.64,
      "track_aptitude": 0,
      "total_points": 84.2338056680162,
      "detail_points": {
        "score": 43.983805668016196,
        "bias": 13.05,
        "pace": 10.2,
        "3f": 9.0,
        "margin": 8.0,
        "track": 0.0
      },
      "avg_margin": 0.45499999999999996,
      "race_name": "小倉12R",
      "pred_prob_won": 0.1192499503493309,
      "pred_prob_in_top2": 0.13685739636421204,
      "pred_prob_in_top3": 0.39420618414878844,
      "score_z": 1.0021953202707294,
      "上り3F平均": 34.95,
      "Ave-3F平均": 35.02,
      "PCI平均": 50.27,
      "-3F差平均": 0.95,
      "想定脚質": "中団",
      "track_bias_aptitude_score": 73.4,
      "investment_value_score": 50.3,
      "total_investment_index": 58.9,
      "investment_rating": 1.637844322025776,
      "stability_score": 90,
      "investment_mark": "○"
    },
    {
      "horse_number": 12,
      "name": "モンテディアーナ",
      "popularity": 1,
      "odds": 3.6,
      "mark": "▲",
      "score": 123.5,
      "track_aptitude": 0,
      "total_points": 82.25,
      "detail_points": {
        "score": 50.0,
        "bias": 7.05,
        "pace": 10.2,
        "3f": 7.0,
        "margin": 8.0,
        "track": 0.0
      },
      "avg_margin": 0.20625000000000002,
      "race_name": "小倉12R",
      "pred_prob_won": 0.2518582433462143,
      "pred_prob_in_top2": 0.1730184882879257,
      "pred_prob_in_top3": 0.5689472317695617,
      "score_z": 2.398024266129605,
      "上り3F平均": 36.47,
      "Ave-3F平均": 35.41,
      "PCI平均": 47.33,
      "-3F差平均": 0.23,
      "想定脚質": "逃げ",
      "track_bias_aptitude_score": 25.4,
      "investment_value_score": 100,
      "total_investment_index": 76.6,
      "investment_rating": 1.0301312714815138,
      "stability_score": 90,
      "investment_mark": "▲"
    },
    {
      "horse_number": 8,
      "name": "ペガサスノース",
      "popularity": 2,
      "odds": 6.1,
      "mark": "▲",
      "score": 108.07,
      "track_aptitude": 0,
      "total_points": 84.00303643724696,
      "detail_points": {
        "score": 43.75303643724696,
        "bias": 13.05,
        "pace": 10.2,
        "3f": 9.0,
        "margin": 8.0,
        "track": 0.0
      },
      "avg_margin": 0.49000000000000005,
      "race_name": "小倉12R",
      "pred_prob_won": 0.11687212437391281,
      "pred_prob_in_top2": 0.11757916212081909,
      "pred_prob_in_top3": 0.34034116864204406,
      "score_z": 0.9486541022936387,
      "上り3F平均": 35.34,
      "Ave-3F平均": 35.06,
      "PCI平均": 49.24,
      "-3F差平均": 0.42,
      "想定脚質": "先行",
      "track_bias_aptitude_score": 75.1,
      "investment_value_score": 69.8,
      "total_investment_index": 71.0,
      "investment_rating": 0.6529552721977234,
      "stability_score": 90,
      "investment_mark": "△"
    },
    {
      "horse_number": 7,
      "name": "ベルタソ",
      "popularity": 11,
      "odds": 25.9,
      "mark": "△",
      "score": 97.28,
      "track_aptitude": 2,
      "total_points": 77.64461538461539,
      "detail_points": {
        "score": 39.38461538461539,
        "bias": 13.05,
        "pace": 10.2,
        "3f": 9.0,
        "margin": 4.0,
        "track": 2.0100000000000002
      },
      "avg_margin": 1.0899999999999999,
      "race_name": "小倉12R",
      "pred_prob_won": 0.03161649666726589,
      "pred_prob_in_top2": 0.05076247900724411,
      "pred_prob_in_top3": 0.14084478318691254,
      "score_z": -0.06487176081653982,
      "上り3F平均": 35.66,
      "Ave-3F平均": 34.98,
      "PCI平均": 48.37,
      "-3F差平均": 0.75,
      "想定脚質": "中団",
      "track_bias_aptitude_score": 90.0,
      "investment_value_score": 21.4,
      "total_investment_index": 44.7,
      "investment_rating": 0.3415470696985722,
      "stability_score": 60,
      "investment_mark": "☆"
    },
    {
      "horse_number": 11,
      "name": "アーサーズウェイン",
      "popularity": 3,
      "odds": 7.5,
      "mark": "△",
      "score": 102.24,
      "track_aptitude": 1,
      "total_points": 80.63271255060728,
      "detail_points": {
        "score": 41.392712550607285,
        "bias": 13.05,
        "pace": 10.2,
        "3f": 9.0,
        "margin": 6.0,
        "track": 0.99
      },
      "avg_margin": 0.6166666666666667,
      "race_name": "小倉12R",
      "pred_prob_won": 0.05799986124038696,
      "pred_prob_in_top2": 0.06768273562192917,
      "pred_prob_in_top3": 0.20623898208141328,
      "score_z": 0.40103076754550676,
      "上り3F平均": 35.33,
      "Ave-3F平均": 34.98,
      "PCI平均": 49.13,
      "-3F差平均": 0.7,
      "想定脚質": "中団",
      "track_bias_aptitude_score": 81.7,
      "investment_value_score": 51.4,
      "total_investment_index": 61.0,
      "investment_rating": 0.34090058997273454,
      "stability_score": 75,
      "investment_mark": "☆"
    },
    {
      "horse_number": 15,
      "name": "エコロハート",
      "popularity": 13,
      "odds": 29.7,
      "mark": "△",
      "score": 95.49,
      "track_aptitude": 0,
      "total_points": 76.90991902834008,
      "detail_points": {
        "score": 38.65991902834008,
        "bias": 13.05,
        "pace": 10.2,
        "3f": 9.0,
        "margin": 6.0,
        "track": 0.0
      },
      "avg_margin": 0.6714285714285715,
      "race_name": "小倉12R",
      "pred_prob_won": 0.03207851313054562,
      "pred_prob_in_top2": 0.043996214866638184,
      "pred_prob_in_top3": 0.12611360102891922,
      "score_z": -0.23300997165687598,
      "上り3F平均": 35.01,
      "Ave-3F平均": 34.8,
      "PCI平均": 49.53,
      "-3F差平均": 0.56,
      "想定脚質": "中団",
      "track_bias_aptitude_score": 73.4,
      "investment_value_score": 16.5,
      "total_investment_index": 36.5,
      "investment_rating": 0.2661053691059351,
      "stability_score": 75,
      "investment_mark": "☆"
    },
    {
      "horse_number": 2,
      "name": "ガットネロ",
      "popularity": 12,
      "odds": 29.1,
      "mark": "△",
      "score": 92.73,
      "track_aptitude": 2,
      "total_points": 77.8025101214575,
      "detail_points": {
        "score": 37.54251012145749,
        "bias": 13.05,
        "pace": 10.2,
        "3f": 9.0,
        "margin": 6.0,
        "track": 2.0100000000000002
      },
      "avg_margin": 0.79,
      "race_name": "小倉12R",
      "pred_prob_won": 0.024912424758076666,
      "pred_prob_in_top2": 0.03699990510940552,
      "pred_prob_in_top3": 0.11477165967226029,
      "score_z": -0.4922621850196272,
      "上り3F平均": 35.5,
      "Ave-3F平均": 34.89,
      "PCI平均": 48.5,
      "-3F差平均": 0.55,
      "想定脚質": "中団",
      "track_bias_aptitude_score": 90.0,
      "investment_value_score": 15.6,
      "total_investment_index": 40.5,
      "investment_rating": 0.15260477527976035,
      "stability_score": 75,
      "investment_mark": "×"
    },
    {
      "horse_number": 4,
      "name": "ドナウパール",
      "popularity": 10,
      "odds": 20.9,
      "mark": "⭐︎",
      "score": 95.44,
      "track_aptitude": 0,
      "total_points": 74.88967611336032,