{
  "horses": [
    {
      "horse_number": 4,
      "name": "ビーム",
      "popularity": 6,
      "odds": 11.4,
      "mark": "▲",
      "score": 135.06,
      "track_aptitude": 2,
      "total_points": 82.06,
      "detail_points": {
        "score": 50.0,
        "bias": 7.05,
        "pace": 12.0,
        "3f": 5.0,
        "margin": 6.0,
        "track": 2.0100000000000002
      },
      "avg_margin": 0.8333333333333334,
      "race_name": "小倉3R",
      "pred_prob_won": 0.20413000285625457,
      "pred_prob_in_top2": 0.16506428718566896,
      "pred_prob_in_top3": 0.526710593700409,
      "score_z": 1.2986106490246985,
      "上り3F平均": 36.07,
      "Ave-3F平均": 34.16,
      "PCI平均": 44.8,
      "-3F差平均": 0.6,
      "想定脚質": "逃げ",
      "track_bias_aptitude_score": 43.2,
      "investment_value_score": 63.9,
      "total_investment_index": 58.5,
      "investment_rating": 2.133552968502045,
      "stability_score": 75,
      "investment_mark": "◎"
    },
    {
      "horse_number": 15,
      "name": "シェーネアウゲン",
      "popularity": 5,
      "odds": 11.2,
      "mark": "○",
      "score": 129.97,
      "track_aptitude": 1,
      "total_points": 91.10565230268028,
      "detail_points": {
        "score": 48.11565230268029,
        "bias": 15.0,
        "pace": 12.0,
        "3f": 9.0,
        "margin": 6.0,
        "track": 0.99
      },
      "avg_margin": 0.7374999999999999,
      "race_name": "小倉3R",
      "pred_prob_won": 0.1702548772096634,
      "pred_prob_in_top2": 0.1628113269805908,
      "pred_prob_in_top3": 0.46900691986083987,
      "score_z": 1.029702588162303,
      "上り3F平均": 37.35,
      "Ave-3F平均": 37.99,
      "PCI平均": 51.98,
      "-3F差平均": 0.6,
      "想定脚質": "先行",
      "track_bias_aptitude_score": 88.6,
      "investment_value_score": 64.0,
      "total_investment_index": 71.7,
      "investment_rating": 1.6370807933807374,
      "stability_score": 75,
      "investment_mark": "○"
    },
    {
      "horse_number": 10,
      "name": "エイシンマールス",
      "popularity": 1,
      "odds": 2.3,
      "mark": "◎",
      "score": 134.45,
      "track_aptitude": 0,
      "total_points": 91.77417444098919,
      "detail_points": {
        "score": 49.774174440989185,
        "bias": 15.0,
        "pace": 12.0,
        "3f": 9.0,
        "margin": 6.0,
        "track": 0.0
      },
      "avg_margin": 0.51,
      "race_name": "小倉3R",
      "pred_prob_won": 0.2232663333415985,
      "pred_prob_in_top2": 0.18495817482471466,
      "pred_prob_in_top3": 0.540012800693512,
      "score_z": 1.2663839462494402,
      "上り3F平均": 38.76,
      "Ave-3F平均": 36.34,
      "PCI平均": 43.76,
      "-3F差平均": 0.43,
      "想定脚質": "先行",
      "track_bias_aptitude_score": 83.0,
      "investment_value_score": 100,
      "total_investment_index": 92.0,
      "investment_rating": 0.9650288015604019,
      "stability_score": 75,
      "investment_mark": "▲"
    },
    {
      "horse_number": 13,
      "name": "ジャスタパーティー",
      "popularity": 8,
      "odds": 13.9,
      "mark": "▲",
      "score": 116.05,
      "track_aptitude": 2,
      "total_points": 82.9723870872205,
      "detail_points": {
        "score": 42.96238708722049,
        "bias": 15.0,
        "pace": 12.0,
        "3f": 9.0,
        "margin": 2.0,
        "track": 2.0100000000000002
      },
      "avg_margin": 2.1583333333333337,
      "race_name": "小倉3R",
      "pred_prob_won": 0.07176528871059418,
      "pred_prob_in_top2": 0.08274147659540176,
      "pred_prob_in_top3": 0.25090994536876676,
      "score_z": 0.29429979696298264,
      "上り3F平均": 37.15,
      "Ave-3F平均": 36.06,
      "PCI平均": 47.33,
      "-3F差平均": 0.83,
      "想定脚質": "先行",
      "track_bias_aptitude_score": 94.3,
      "investment_value_score": 39.8,
      "total_investment_index": 57.7,
      "investment_rating": 0.9305506667494772,
      "stability_score": 45,
      "investment_mark": "▲"
    },
    {
      "horse_number": 9,
      "name": "タールベルク",
      "popularity": 3,
      "odds": 8.6,
      "mark": "△",
      "score": 125.62,
      "track_aptitude": 1,
      "total_points": 75.82525692284909,
      "detail_points": {
        "score": 46.5052569228491,
        "bias": 7.05,
        "pace": 8.28,
        "3f": 9.0,
        "margin": 4.0,
        "track": 0.99
      },
      "avg_margin": 1.5166666666666666,
      "race_name": "小倉3R",
      "pred_prob_won": 0.1217595249414444,
      "pred_prob_in_top2": 0.12807077318429946,
      "pred_prob_in_top3": 0.35796908736228944,
      "score_z": 0.7998892159125157,
      "上り3F平均": 39.1,
      "Ave-3F平均": 38.05,
      "PCI平均": 47.63,
      "-3F差平均": 0.4,
      "想定脚質": "中団",
      "track_bias_aptitude_score": 37.9,
      "investment_value_score": 67.6,
      "total_investment_index": 58.3,
      "investment_rating": 0.8491964426636697,
      "stability_score": 60,
      "investment_mark": "△"
    },
    {
      "horse_number": 12,
      "name": "ディザーヴユー",
      "popularity": 11,
      "odds": 42.5,
      "mark": "△",
      "score": 115.8,
      "track_aptitude": 2,
      "total_points": 69.15983562860951,
      "detail_points": {
        "score": 42.8698356286095,
        "bias": 3.0,
        "pace": 8.28,
        "3f": 9.0,
        "margin": 4.0,
        "track": 2.0100000000000002
      },
      "avg_margin": 1.56,
      "race_name": "小倉3R",
      "pred_prob_won": 0.05591859668493271,
      "pred_prob_in_top2": 0.06864714175462723,
      "pred_prob_in_top3": 0.20253926515579224,
      "score_z": 0.2810921318911558,
      "上り3F平均": 38.8,
      "Ave-3F平均": 37.21,
      "PCI平均": 46.0,
      "-3F差平均": 1.0,
      "想定脚質": "後方",
      "track_bias_aptitude_score": 12.4,
      "investment_value_score": 29.9,
      "total_investment_index": 27.1,
      "investment_rating": 0.8196793049573898,
      "stability_score": 60,
      "investment_mark": "△"
    },
    {
      "horse_number": 14,
      "name": "ジューンセレッソ",
      "popularity": 4,
      "odds": 10.7,
      "mark": "△",
      "score": 118.47,
      "track_aptitude": 0,
      "total_points": 68.13828520657486,
      "detail_points": {
        "score": 43.858285206574855,
        "bias": 3.0,
        "pace": 8.28,
        "3f": 9.0,
        "margin": 4.0,
        "track": 0.0
      },
      "avg_margin": 1.6375,
      "race_name": "小倉3R",
      "pred_prob_won": 0.06223323866724968,
      "pred_prob_in_top2": 0.07379184514284134,
      "pred_prob_in_top3": 0.22995927035808564,
      "score_z": 0.4221499948582669,
      "上り3F平均": 37.88,
      "Ave-3F平均": 36.26,
      "PCI平均": 45.8,
      "-3F差平均": 1.07,
      "想定脚質": "後方",
      "track_bias_aptitude_score": 1,
      "investment_value_score": 51.8,
      "total_investment_index": 37.1,
      "investment_rating": 0.496841154396534,
      "stability_score": 60,
      "investment_mark": "☆"
    },
    {
      "horse_number": 5,
      "name": "ミダスリスト",
      "popularity": 2,
      "odds": 7.9,
      "mark": "△",
      "score": 118.66,
      "track_aptitude": 2,
      "total_points": 70.2686243151192,
      "detail_points": {
        "score": 43.9286243151192,
        "bias": 7.05,
        "pace": 8.28,
        "3f": 7.0,
        "margin": 2.0,
        "track": 2.0100000000000002
      },
      "avg_margin": 2.4,
      "race_name": "小倉3R",
      "pred_prob_won": 0.06368084773421287,
      "pred_prob_in_top2": 0.07681961357593536,
      "pred_prob_in_top3": 0.23480118811130524,
      "score_z": 0.4321878203128552,
      "上り3F平均": 40.4,
      "Ave-3F平均": 37.35,
      "PCI平均": 42.5,
      "-3F差平均": 1.3,
      "想定脚質": "中団",
      "track_bias_aptitude_score": 43.6,
      "investment_value_score": 65.4,
      "total_investment_index": 58.0,
      "investment_rating": 0.3574433267116547,
      "stability_score": 45,
      "investment_mark": "☆"
    },
    {
      "horse_number": 3,
      "name": "ダズラー",
      "popularity": 12,
      "odds": 45.7,
      "mark": "消",
      "score": 109.98,
      "track_aptitude": 0,
      "total_points": 62.99523767214572,