{
  "horses": [
    {
      "horse_number": 5,
      "name": "ナイトスラッガー",
      "popularity": 4,
      "odds": 6.9,
      "mark": "◎",
      "score": 138.04,
      "track_aptitude": 2,
      "total_points": 89.96000000000001,
      "detail_points": {
        "score": 50.0,
        "bias": 10.95,
        "pace": 12.0,
        "3f": 9.0,
        "margin": 6.0,
        "track": 2.0100000000000002
      },
      "avg_margin": 0.63,
      "race_name": "小倉10R",
      "pred_prob_won": 0.2827411115169525,
      "pred_prob_in_top2": 0.2022494375705719,
      "pred_prob_in_top3": 0.6095287084579468,
      "score_z": 1.795913392818525,
      "上り3F平均": 35.41,
      "Ave-3F平均": 36.93,
      "PCI平均": 54.43,
      "-3F差平均": 0.39,
      "想定脚質": "中団",
      "track_bias_aptitude_score": 91.1,
      "investment_value_score": 100,
      "total_investment_index": 95.3,
      "investment_rating": 1.8404970109462742,
      "stability_score": 75,
      "investment_mark": "◎"
    },
    {
      "horse_number": 9,
      "name": "エルディアブロ",
      "popularity": 8,
      "odds": 9.0,
      "mark": "○",
      "score": 127.36,
      "track_aptitude": 2,
      "total_points": 86.14155607070414,
      "detail_points": {
        "score": 46.13155607070414,
        "bias": 9.0,
        "pace": 12.0,
        "3f": 9.0,
        "margin": 8.0,
        "track": 2.0100000000000002
      },
      "avg_margin": 0.425,
      "race_name": "小倉10R",
      "pred_prob_won": 0.09509720802307128,
      "pred_prob_in_top2": 0.11373475342988967,
      "pred_prob_in_top3": 0.3404998600482941,
      "score_z": 0.4802880950689907,
      "上り3F平均": 35.05,
      "Ave-3F平均": 36.83,
      "PCI平均": 55.25,
      "-3F差平均": 0.38,
      "想定脚質": "先行",
      "track_bias_aptitude_score": 82.6,
      "investment_value_score": 54.5,
      "total_investment_index": 63.3,
      "investment_rating": 1.2462240973114969,
      "stability_score": 90,
      "investment_mark": "○"
    },
    {
      "horse_number": 1,
      "name": "ラビットアイ",
      "popularity": 3,
      "odds": 5.8,
      "mark": "△",
      "score": 130.95,
      "track_aptitude": 2,
      "total_points": 83.44190379600117,
      "detail_points": {
        "score": 47.43190379600116,
        "bias": 9.0,
        "pace": 12.0,
        "3f": 7.0,
        "margin": 6.0,
        "track": 2.0100000000000002
      },
      "avg_margin": 0.82,
      "race_name": "小倉10R",
      "pred_prob_won": 0.1362175762653351,
      "pred_prob_in_top2": 0.13675567805767058,
      "pred_prob_in_top3": 0.3942480325698853,
      "score_z": 0.9225254376645728,
      "上り3F平均": 35.34,
      "Ave-3F平均": 36.75,
      "PCI平均": 54.05,
      "-3F差平均": 1.13,
      "想定脚質": "先行",
      "track_bias_aptitude_score": 82.6,
      "investment_value_score": 89.6,
      "total_investment_index": 85.1,
      "investment_rating": 0.7587177205085757,
      "stability_score": 75,
      "investment_mark": "△"
    },
    {
      "horse_number": 6,
      "name": "ファミリーツリー",
      "popularity": 2,
      "odds": 5.2,
      "mark": "▲",
      "score": 125.83,
      "track_aptitude": 2,
      "total_points": 85.58736887858592,
      "detail_points": {
        "score": 45.577368878585915,
        "bias": 9.0,
        "pace": 12.0,
        "3f": 9.0,
        "margin": 8.0,
        "track": 2.0100000000000002
      },
      "avg_margin": 0.40499999999999997,
      "race_name": "小倉10R",
      "pred_prob_won": 0.07626439034938812,
      "pred_prob_in_top2": 0.09767727851867676,
      "pred_prob_in_top3": 0.2758659780025482,
      "score_z": 0.2918136844363324,
      "上り3F平均": 35.74,
      "Ave-3F平均": 36.66,
      "PCI平均": 52.64,
      "-3F差平均": 0.59,
      "想定脚質": "先行",
      "track_bias_aptitude_score": 82.6,
      "investment_value_score": 86.7,
      "total_investment_index": 82.3,
      "investment_rating": 0.21897783070802695,
      "stability_score": 90,
      "investment_mark": "△"
    },
    {
      "horse_number": 8,
      "name": "タケトンボ",
      "popularity": 6,
      "odds": 8.6,
      "mark": "△",
      "score": 122.91,
      "track_aptitude": 1,
      "total_points": 73.78970443349753,
      "detail_points": {
        "score": 44.51970443349754,
        "bias": 3.0,
        "pace": 8.28,
        "3f": 9.0,
        "margin": 8.0,
        "track": 0.99
      },
      "avg_margin": 0.335,
      "race_name": "小倉10R",
      "pred_prob_won": 0.043340697139501574,
      "pred_prob_in_top2": 0.06808523833751678,
      "pred_prob_in_top3": 0.19420166015625,
      "score_z": -0.06788911232664936,
      "上り3F平均": 35.55,
      "Ave-3F平均": 36.37,
      "PCI平均": 52.37,
      "-3F差平均": 0.17,
      "想定脚質": "逃げ",
      "track_bias_aptitude_score": 9.9,
      "investment_value_score": 44.2,
      "total_investment_index": 34.4,
      "investment_rating": 0.18897888183593747,
      "stability_score": 90,
      "investment_mark": "☆"
    },
    {
      "horse_number": 4,
      "name": "カリーニョ",
      "popularity": 1,
      "odds": 4.6,
      "mark": "▲",
      "score": 122.2,
      "track_aptitude": 1,
      "total_points": 85.2025325992466,
      "detail_points": {
        "score": 44.262532599246605,
        "bias": 10.95,
        "pace": 12.0,
        "3f": 9.0,
        "margin": 8.0,
        "track": 0.99
      },
      "avg_margin": 0.3611111111111111,
      "race_name": "小倉10R",
      "pred_prob_won": 0.042805808037519454,
      "pred_prob_in_top2": 0.06753152310848236,
      "pred_prob_in_top3": 0.19698311388492584,
      "score_z": -0.15535109373134617,
      "上り3F平均": 35.79,
      "Ave-3F平均": 37.08,
      "PCI平均": 53.68,
      "-3F差平均": 0.5,
      "想定脚質": "中団",
      "track_bias_aptitude_score": 82.2,
      "investment_value_score": 93.6,
      "total_investment_index": 85.6,
      "investment_rating": -0.08784390389919278,
      "stability_score": 90,
      "investment_mark": "××"
    },
    {
      "horse_number": 3,
      "name": "アロマデローサ",
      "popularity": 7,
      "odds": 9.0,
      "mark": "△",
      "score": 114.8,
      "track_aptitude": 0,
      "total_points": 77.58215010141987,
      "detail_points": {
        "score": 41.58215010141988,
        "bias": 9.0,
        "pace": 12.0,
        "3f": 9.0,
        "margin": 6.0,
        "track": 0.0
      },
      "avg_margin": 0.6649999999999999,
      "race_name": "小倉10R",
      "pred_prob_won": 0.021319937705993653,
      "pred_prob_in_top2": 0.02512877658009529,
      "pred_prob_in_top3": 0.0936793863773346,
      "score_z": -1.0669266745690398,
      "上り3F平均": 35.57,
      "Ave-3F平均": 35.13,
      "PCI平均": 48.91,
      "-3F差平均": 0.5,
      "想定脚質": "先行",
      "track_bias_aptitude_score": 64.8,
      "investment_value_score": 17.0,
      "total_investment_index": 32.9,
      "investment_rating": -0.34729162037372585,
      "stability_score": 75,
      "investment_mark": "××"
    },
    {
      "horse_number": 7,
      "name": "ハッピーアズラリー",
      "popularity": 5,
      "odds": 8.2,
      "mark": "△",
      "score": 115.34,
      "track_aptitude": 2,
      "total_points": 72.11774558099103,
      "detail_points": {
        "score": 41.777745580991024,
        "bias": 7.05,
        "pace": 8.28,
        "3f": 9.0,
        "margin": 4.0,
        "track": 2.0100000000000002
      },
      "avg_margin": 1.27,
      "race_name": "小倉10R",
      "pred_prob_won": 0.02012329027056694,
      "pred_prob_in_top2": 0.026304009184241296,
      "pred_prob_in_top3": 0.09421601295471191,
      "score_z": -1.000406294345748,
      "上り3F平均": 35.91,
      "Ave-3F平均": 36.58,
      "PCI平均": 51.96,
      "-3F差平均": 1.33,
      "想定脚質": "後方",
      "track_bias_aptitude_score": 60.5,
      "investment_value_score": 25.8,
      "total_investment_index": 37.0,
      "investment_rating": -0.3477631378173829,
      "stability_score": 60,
      "investment_mark": "××"
    },
    {
      "horse_number": 2,
      "name": "リカントロポ",
      "popularity": 9,
      "odds": 13.8,
      "mark": "⭐︎",
      "score": 113.72,
      "track_aptitude": 1,
      "total_points": 70.5109591422776,