{
  "horses": [
    {
      "horse_number": 3,
      "name": "ロードマイライフ",
      "popularity": 3,
      "odds": 6.2,
      "mark": "◎",
      "score": 110.57,
      "track_aptitude": 1,
      "total_points": 95.99,
      "detail_points": {
        "score": 50.0,
        "bias": 15.0,
        "pace": 12.0,
        "3f": 9.0,
        "margin": 9.0,
        "track": 0.99
      },
      "avg_margin": 0.19000000000000003,
      "race_name": "小倉12R",
      "pred_prob_won": 0.1663461685180664,
      "pred_prob_in_top2": 0.13705266416072845,
      "pred_prob_in_top3": 0.4640284776687622,
      "score_z": 1.0078008596181576,
      "上り3F平均": 35.21,
      "Ave-3F平均": 34.59,
      "PCI平均": 48.32,
      "-3F差平均": 0.45,
      "想定脚質": "先行",
      "track_bias_aptitude_score": 83.9,
      "investment_value_score": 95.3,
      "total_investment_index": 89.0,
      "investment_rating": 1.043703943490982,
      "stability_score": 90,
      "investment_mark": "◎"
    },
    {
      "horse_number": 7,
      "name": "ソングオブライフ",
      "popularity": 4,
      "odds": 6.9,
      "mark": "○",
      "score": 109.02,
      "track_aptitude": 2,
      "total_points": 95.30908655150584,
      "detail_points": {
        "score": 49.29908655150583,
        "bias": 15.0,
        "pace": 12.0,
        "3f": 9.0,
        "margin": 8.0,
        "track": 2.0100000000000002
      },
      "avg_margin": 0.25555555555555554,
      "race_name": "小倉12R",
      "pred_prob_won": 0.11950939148664474,
      "pred_prob_in_top2": 0.13316131234169007,
      "pred_prob_in_top3": 0.38480339050292967,
      "score_z": 0.8851492160559603,
      "上り3F平均": 35.26,
      "Ave-3F平均": 34.53,
      "PCI平均": 47.97,
      "-3F差平均": 0.7,
      "想定脚質": "先行",
      "track_bias_aptitude_score": 92.0,
      "investment_value_score": 81.3,
      "total_investment_index": 82.9,
      "investment_rating": 0.9161742401123045,
      "stability_score": 90,
      "investment_mark": "○"
    },
    {
      "horse_number": 10,
      "name": "メイショウピース",
      "popularity": 5,
      "odds": 6.9,
      "mark": "▲",
      "score": 108.98,
      "track_aptitude": 2,
      "total_points": 95.29099846251245,
      "detail_points": {
        "score": 49.28099846251244,
        "bias": 15.0,
        "pace": 12.0,
        "3f": 9.0,
        "margin": 8.0,
        "track": 2.0100000000000002
      },
      "avg_margin": 0.45499999999999996,
      "race_name": "小倉12R",
      "pred_prob_won": 0.11050154417753219,
      "pred_prob_in_top2": 0.12089593559503556,
      "pred_prob_in_top3": 0.3381855428218842,
      "score_z": 0.8819840123511301,
      "上り3F平均": 35.19,
      "Ave-3F平均": 34.79,
      "PCI平均": 48.99,
      "-3F差平均": 0.49,
      "想定脚質": "先行",
      "track_bias_aptitude_score": 92.0,
      "investment_value_score": 71.6,
      "total_investment_index": 77.0,
      "investment_rating": 0.8563813284039499,
      "stability_score": 90,
      "investment_mark": "▲"
    },
    {
      "horse_number": 4,
      "name": "フーコサンライズ",
      "popularity": 2,
      "odds": 5.4,
      "mark": "△",
      "score": 110.49,
      "track_aptitude": 1,
      "total_points": 79.1838238220132,
      "detail_points": {
        "score": 49.963823822013204,
        "bias": 4.95,
        "pace": 8.28,
        "3f": 7.0,
        "margin": 8.0,
        "track": 0.99
      },
      "avg_margin": 0.375,
      "race_name": "小倉12R",
      "pred_prob_won": 0.1360228478908539,
      "pred_prob_in_top2": 0.1188536450266838,
      "pred_prob_in_top3": 0.367158979177475,
      "score_z": 1.0014704522084958,
      "上り3F平均": 35.98,
      "Ave-3F平均": 34.71,
      "PCI平均": 46.55,
      "-3F差平均": 0.32,
      "想定脚質": "逃げ",
      "track_bias_aptitude_score": 9.0,
      "investment_value_score": 100,
      "total_investment_index": 69.4,
      "investment_rating": 0.5381928354501724,
      "stability_score": 90,
      "investment_mark": "△"
    },
    {
      "horse_number": 2,
      "name": "インプロバイザー",
      "popularity": 6,
      "odds": 10.4,
      "mark": "▲",
      "score": 100.06,
      "track_aptitude": 2,
      "total_points": 89.25735461698473,
      "detail_points": {
        "score": 45.24735461698472,
        "bias": 15.0,
        "pace": 12.0,
        "3f": 9.0,
        "margin": 6.0,
        "track": 2.0100000000000002
      },
      "avg_margin": 0.53,
      "race_name": "小倉12R",
      "pred_prob_won": 0.054774603247642516,
      "pred_prob_in_top2": 0.07223305106163025,
      "pred_prob_in_top3": 0.21524051427841187,
      "score_z": 0.17614358617383855,
      "上り3F平均": 34.73,
      "Ave-3F平均": 34.06,
      "PCI平均": 48.15,
      "-3F差平均": 0.49,
      "想定脚質": "先行",
      "track_bias_aptitude_score": 92.0,
      "investment_value_score": 50.8,
      "total_investment_index": 63.4,
      "investment_rating": 0.34077472567558287,
      "stability_score": 75,
      "investment_mark": "☆"
    },
    {
      "horse_number": 9,
      "name": "ミッキーチャレンジ",
      "popularity": 8,
      "odds": 20.9,
      "mark": "△",
      "score": 99.7,
      "track_aptitude": 1,
      "total_points": 84.02456181604413,
      "detail_points": {
        "score": 45.084561816044136,
        "bias": 10.95,
        "pace": 12.0,
        "3f": 9.0,
        "margin": 6.0,
        "track": 0.99
      },
      "avg_margin": 0.5449999999999999,
      "race_name": "小倉12R",
      "pred_prob_won": 0.04022080153226852,
      "pred_prob_in_top2": 0.06261589527130126,
      "pred_prob_in_top3": 0.15583514273166657,
      "score_z": 0.14765675283036048,
      "上り3F平均": 34.98,
      "Ave-3F平均": 34.95,
      "PCI平均": 49.97,
      "-3F差平均": 0.91,
      "想定脚質": "中団",
      "track_bias_aptitude_score": 49.0,
      "investment_value_score": 34.9,
      "total_investment_index": 40.9,
      "investment_rating": 0.09734491348266605,
      "stability_score": 75,
      "investment_mark": "☆"
    },
    {
      "horse_number": 1,
      "name": "アイヲツグモノ",
      "popularity": 7,
      "odds": 14.0,
      "mark": "△",
      "score": 91.97,
      "track_aptitude": 2,
      "total_points": 81.54903861807,
      "detail_points": {
        "score": 41.58903861807,
        "bias": 10.95,
        "pace": 12.0,
        "3f": 9.0,
        "margin": 6.0,
        "track": 2.0100000000000002
      },
      "avg_margin": 0.8150000000000001,
      "race_name": "小倉12R",
      "pred_prob_won": 0.030865153297781944,
      "pred_prob_in_top2": 0.03846610113978386,
      "pred_prob_in_top3": 0.11227451711893081,
      "score_z": -0.46401886312821183,
      "上り3F平均": 35.2,
      "Ave-3F平均": 34.87,
      "PCI平均": 49.3,
      "-3F差平均": 0.86,
      "想定脚質": "中団",
      "track_bias_aptitude_score": 57.1,
      "investment_value_score": 27.6,
      "total_investment_index": 37.9,
      "investment_rating": -0.19319407485425477,
      "stability_score": 75,
      "investment_mark": "××"
    },
    {
      "horse_number": 6,
      "name": "システムリブート",
      "popularity": 1,
      "odds": 2.9,
      "mark": "消",
      "score": 89.22,
      "track_aptitude": 0,
      "total_points": 64.5754824997739,
      "detail_points": {
        "score": 40.3454824997739,
        "bias": 4.95,
        "pace": 8.28,
        "3f": 7.0,
        "margin": 4.0,
        "track": 0.0
      },
      "avg_margin": 1.15,
      "race_name": "小倉12R",
      "pred_prob_won": 0.016709504835307597,
      "pred_prob_in_top2": 0.022894993796944617,
      "pred_prob_in_top3": 0.06697562634944916,
      "score_z": -0.6816266178353364,
      "上り3F平均": 36.12,
      "Ave-3F平均": 34.92,
      "PCI平均": 46.92,
      "-3F差平均": 0.28,
      "想定脚質": "逃げ",
      "track_bias_aptitude_score": 1,
      "investment_value_score": 62.5,
      "total_investment_index": 41.7,
      "investment_rating": -0.37921215280890463,
      "stability_score": 60,
      "investment_mark": "××"
    },
    {
      "horse_number": 8,
      "name": "ベンガン",
      "popularity": 10,
      "odds": 33.4,
      "mark": "△",
      "score": 84.24,
      "track_aptitude": 0,
      "total_points": 76.04351542009587,