{
  "horses": [
    {
      "horse_number": 4,
      "name": "サウンドレイラ",
      "popularity": 10,
      "odds": 26.5,
      "mark": "○",
      "score": 104.07,
      "track_aptitude": 1,
      "total_points": 83.73713629277098,
      "detail_points": {
        "score": 42.697136292770985,
        "bias": 13.05,
        "pace": 12.0,
        "3f": 9.0,
        "margin": 6.0,
        "track": 0.99
      },
      "avg_margin": 0.6950000000000001,
      "race_name": "小倉12R",
      "pred_prob_won": 0.1278699591755867,
      "pred_prob_in_top2": 0.12254906743764878,
      "pred_prob_in_top3": 0.3624380052089691,
      "score_z": 0.8230570277200253,
      "上り3F平均": 35.23,
      "Ave-3F平均": 34.9,
      "PCI平均": 49.13,
      "-3F差平均": 0.64,
      "想定脚質": "先行",
      "track_bias_aptitude_score": 83.4,
      "investment_value_score": 44.4,
      "total_investment_index": 58.0,
      "investment_rating": 1.9414317372441294,
      "stability_score": 75,
      "investment_mark": "◎"
    },
    {
      "horse_number": 7,
      "name": "ディーエストッキー",
      "popularity": 3,
      "odds": 5.4,
      "mark": "◎",
      "score": 110.87,
      "track_aptitude": 0,
      "total_points": 87.53699433822926,
      "detail_points": {
        "score": 45.48699433822926,
        "bias": 13.05,
        "pace": 12.0,
        "3f": 9.0,
        "margin": 8.0,
        "track": 0.0
      },
      "avg_margin": 0.29500000000000004,
      "race_name": "小倉12R",
      "pred_prob_won": 0.19642399549484252,
      "pred_prob_in_top2": 0.14975106418132783,
      "pred_prob_in_top3": 0.4990808844566345,
      "score_z": 1.4259680752102684,
      "上り3F平均": 35.74,
      "Ave-3F平均": 34.83,
      "PCI平均": 47.54,
      "-3F差平均": 0.74,
      "想定脚質": "中団",
      "track_bias_aptitude_score": 73.4,
      "investment_value_score": 73.2,
      "total_investment_index": 73.3,
      "investment_rating": 1.3469669187068938,
      "stability_score": 90,
      "investment_mark": "○"
    },
    {
      "horse_number": 6,
      "name": "スノーサイレンス",
      "popularity": 1,
      "odds": 3.6,
      "mark": "▲",
      "score": 121.87,
      "track_aptitude": 0,
      "total_points": 82.33,
      "detail_points": {
        "score": 50.0,
        "bias": 7.05,
        "pace": 8.28,
        "3f": 9.0,
        "margin": 8.0,
        "track": 0.0
      },
      "avg_margin": 0.4166666666666667,
      "race_name": "小倉12R",
      "pred_prob_won": 0.25308712422847746,
      "pred_prob_in_top2": 0.16991409808397293,
      "pred_prob_in_top3": 0.555316710472107,
      "score_z": 2.4012653579150713,
      "上り3F平均": 37.8,
      "Ave-3F平均": 34.85,
      "PCI平均": 42.27,
      "-3F差平均": 0,
      "想定脚質": "逃げ",
      "track_bias_aptitude_score": 25.4,
      "investment_value_score": 100,
      "total_investment_index": 76.6,
      "investment_rating": 1.0216967630386353,
      "stability_score": 90,
      "investment_mark": "▲"
    },
    {
      "horse_number": 13,
      "name": "ビーグラッド",
      "popularity": 8,
      "odds": 23.0,
      "mark": "△",
      "score": 101.79,
      "track_aptitude": 0,
      "total_points": 81.8117133010585,
      "detail_points": {
        "score": 41.761713301058506,
        "bias": 13.05,
        "pace": 12.0,
        "3f": 9.0,
        "margin": 6.0,
        "track": 0.0
      },
      "avg_margin": 0.71,
      "race_name": "小倉12R",
      "pred_prob_won": 0.07326932847499848,
      "pred_prob_in_top2": 0.06827045679092407,
      "pred_prob_in_top3": 0.24023472368717194,
      "score_z": 0.6209045000321218,
      "上り3F平均": 35.17,
      "Ave-3F平均": 35.28,
      "PCI平均": 50.36,
      "-3F差平均": 0.46,
      "想定脚質": "先行",
      "track_bias_aptitude_score": 75.1,
      "investment_value_score": 40.5,
      "total_investment_index": 52.9,
      "investment_rating": 0.9034200783073902,
      "stability_score": 75,
      "investment_mark": "▲"
    },
    {
      "horse_number": 14,
      "name": "タマモブラウンタイ",
      "popularity": 5,
      "odds": 11.2,
      "mark": "▲",
      "score": 102.42,
      "track_aptitude": 0,
      "total_points": 82.07018544350538,
      "detail_points": {
        "score": 42.020185443505376,
        "bias": 13.05,
        "pace": 12.0,
        "3f": 7.0,
        "margin": 8.0,
        "track": 0.0
      },
      "avg_margin": 0.4166666666666667,
      "race_name": "小倉12R",
      "pred_prob_won": 0.0902388870716095,
      "pred_prob_in_top2": 0.09598474949598312,
      "pred_prob_in_top3": 0.2912921130657196,
      "score_z": 0.6767624353143056,
      "上り3F平均": 35.83,
      "Ave-3F平均": 34.83,
      "PCI平均": 47.2,
      "-3F差平均": 0.2,
      "想定脚質": "先行",
      "track_bias_aptitude_score": 75.1,
      "investment_value_score": 51.9,
      "total_investment_index": 59.8,
      "investment_rating": 0.8816852974891664,
      "stability_score": 90,
      "investment_mark": "△"
    },
    {
      "horse_number": 5,
      "name": "トモジャアルマンド",
      "popularity": 13,
      "odds": 53.5,
      "mark": "△",
      "score": 95.79,
      "track_aptitude": 0,
      "total_points": 79.35007384918356,
      "detail_points": {
        "score": 39.30007384918356,
        "bias": 13.05,
        "pace": 12.0,
        "3f": 9.0,
        "margin": 6.0,
        "track": 0.0
      },
      "avg_margin": 0.805,
      "race_name": "小倉12R",
      "pred_prob_won": 0.03360662646591663,
      "pred_prob_in_top2": 0.05546436831355095,
      "pred_prob_in_top3": 0.14887044429779053,
      "score_z": 0.08892416401132006,
      "上り3F平均": 37.6,
      "Ave-3F平均": 35.15,
      "PCI平均": 43.56,
      "-3F差平均": 0.45,
      "想定脚質": "先行",
      "track_bias_aptitude_score": 75.1,
      "investment_value_score": 23.3,
      "total_investment_index": 41.7,
      "investment_rating": 0.5100599098205566,
      "stability_score": 75,
      "investment_mark": "△"
    },
    {
      "horse_number": 12,
      "name": "フォティック",
      "popularity": 12,
      "odds": 51.9,
      "mark": "△",
      "score": 95.84,
      "track_aptitude": 0,
      "total_points": 79.37058751128251,
      "detail_points": {
        "score": 39.32058751128251,
        "bias": 13.05,
        "pace": 12.0,
        "3f": 9.0,
        "margin": 6.0,
        "track": 0.0
      },
      "avg_margin": 0.71,
      "race_name": "小倉12R",
      "pred_prob_won": 0.035585556924343106,
      "pred_prob_in_top2": 0.05705502331256866,
      "pred_prob_in_top3": 0.1467861920595169,
      "score_z": 0.09335733347815982,
      "上り3F平均": 37.47,
      "Ave-3F平均": 35.67,
      "PCI平均": 45.26,
      "-3F差平均": 0.84,
      "想定脚質": "先行",
      "track_bias_aptitude_score": 75.1,
      "investment_value_score": 24.3,
      "total_investment_index": 42.3,
      "investment_rating": 0.4609860844910145,
      "stability_score": 75,
      "investment_mark": "☆"
    },
    {
      "horse_number": 15,
      "name": "レディメローラ",
      "popularity": 9,
      "odds": 23.7,
      "mark": "△",
      "score": 95.42,
      "track_aptitude": 1,
      "total_points": 80.18827274965126,
      "detail_points": {
        "score": 39.14827274965127,
        "bias": 13.05,
        "pace": 12.0,
        "3f": 9.0,
        "margin": 6.0,
        "track": 0.99
      },
      "avg_margin": 0.6399999999999999,
      "race_name": "小倉12R",
      "pred_prob_won": 0.037577849626541135,
      "pred_prob_in_top2": 0.05878595188260079,
      "pred_prob_in_top3": 0.15299955308437346,
      "score_z": 0.056118709956703546,
      "上り3F平均": 35.9,
      "Ave-3F平均": 34.32,
      "PCI平均": 45.7,
      "-3F差平均": 0.4,
      "想定脚質": "先行",
      "track_bias_aptitude_score": 83.4,
      "investment_value_score": 29.5,
      "total_investment_index": 47.8,
      "investment_rating": 0.40979705035686487,
      "stability_score": 75,
      "investment_mark": "☆"
    },
    {
      "horse_number": 17,
      "name": "ダノンモンテローザ",
      "popularity": 2,
      "odds": 4.9,
      "mark": "消",
      "score": 98.77,
      "track_aptitude": 0,
      "total_points": 64.85268811028143,