{
  "horses": [
    {
      "horse_number": 4,
      "name": "ルクスマーベリック",
      "popularity": 7,
      "odds": 12.3,
      "mark": "○",
      "score": 118.09,
      "track_aptitude": 1,
      "total_points": 84.20786079836233,
      "detail_points": {
        "score": 43.167860798362334,
        "bias": 13.05,
        "pace": 12.0,
        "3f": 9.0,
        "margin": 6.0,
        "track": 0.99
      },
      "avg_margin": 0.665,
      "race_name": "小倉8R",
      "pred_prob_won": 0.0953060269355774,
      "pred_prob_in_top2": 0.10893919169902802,
      "pred_prob_in_top3": 0.32131254076957705,
      "score_z": 0.47873967333189293,
      "上り3F平均": 36.36,
      "Ave-3F平均": 36.74,
      "PCI平均": 51.23,
      "-3F差平均": 0.76,
      "想定脚質": "中団",
      "track_bias_aptitude_score": 86.8,
      "investment_value_score": 52.1,
      "total_investment_index": 63.1,
      "investment_rating": 1.2332846012711525,
      "stability_score": 75,
      "investment_mark": "◎"
    },
    {
      "horse_number": 10,
      "name": "シンドリームシン",
      "popularity": 8,
      "odds": 13.0,
      "mark": "⭐︎",
      "score": 121.06,
      "track_aptitude": 1,
      "total_points": 69.52354584003508,
      "detail_points": {
        "score": 44.25354584003509,
        "bias": 3.0,
        "pace": 8.28,
        "3f": 7.0,
        "margin": 6.0,
        "track": 0.99
      },
      "avg_margin": 0.9600000000000002,
      "race_name": "小倉8R",
      "pred_prob_won": 0.08825574666261674,
      "pred_prob_in_top2": 0.09012306630611419,
      "pred_prob_in_top3": 0.2687569856643677,
      "score_z": 0.6401423641919961,
      "上り3F平均": 36.03,
      "Ave-3F平均": 36.7,
      "PCI平均": 52.08,
      "-3F差平均": 0.97,
      "想定脚質": "後方",
      "track_bias_aptitude_score": 20.1,
      "investment_value_score": 47.5,
      "total_investment_index": 40.6,
      "investment_rating": 1.0394176125526429,
      "stability_score": 75,
      "investment_mark": "○"
    },
    {
      "horse_number": 3,
      "name": "インヴォーグ",
      "popularity": 1,
      "odds": 4.7,
      "mark": "◎",
      "score": 136.78,
      "track_aptitude": 2,
      "total_points": 86.01,
      "detail_points": {
        "score": 50.0,
        "bias": 9.0,
        "pace": 12.0,
        "3f": 7.0,
        "margin": 6.0,
        "track": 2.0100000000000002
      },
      "avg_margin": 0.6874999999999999,
      "race_name": "小倉8R",
      "pred_prob_won": 0.23868755996227264,
      "pred_prob_in_top2": 0.1898876965045929,
      "pred_prob_in_top3": 0.570963191986084,
      "score_z": 1.4944353946030473,
      "上り3F平均": 35.73,
      "Ave-3F平均": 36.28,
      "PCI平均": 51.65,
      "-3F差平均": 0.2,
      "想定脚質": "先行",
      "track_bias_aptitude_score": 61.4,
      "investment_value_score": 100,
      "total_investment_index": 85.9,
      "investment_rating": 1.034667181968689,
      "stability_score": 75,
      "investment_mark": "▲"
    },
    {
      "horse_number": 2,
      "name": "フェイトライン",
      "popularity": 3,
      "odds": 8.6,
      "mark": "▲",
      "score": 124.23,
      "track_aptitude": 1,
      "total_points": 80.40234098552419,
      "detail_points": {
        "score": 45.4123409855242,
        "bias": 9.0,
        "pace": 12.0,
        "3f": 9.0,
        "margin": 4.0,
        "track": 0.99
      },
      "avg_margin": 1.105,
      "race_name": "小倉8R",
      "pred_prob_won": 0.1406759113073349,
      "pred_prob_in_top2": 0.1283832460641861,
      "pred_prob_in_top3": 0.38126000165939333,
      "score_z": 0.8124139231234868,
      "上り3F平均": 37.43,
      "Ave-3F平均": 36.59,
      "PCI平均": 48.06,
      "-3F差平均": 0.42,
      "想定脚質": "先行",
      "track_bias_aptitude_score": 54.8,
      "investment_value_score": 70.5,
      "total_investment_index": 65.1,
      "investment_rating": 0.9272210055589678,
      "stability_score": 60,
      "investment_mark": "▲"
    },
    {
      "horse_number": 16,
      "name": "フェアリーブルー",
      "popularity": 9,
      "odds": 18.3,
      "mark": "△",
      "score": 114.26,
      "track_aptitude": 1,
      "total_points": 76.75780231027927,
      "detail_points": {
        "score": 41.767802310279286,
        "bias": 9.0,
        "pace": 12.0,
        "3f": 9.0,
        "margin": 4.0,
        "track": 0.99
      },
      "avg_margin": 1.0857142857142856,
      "race_name": "小倉8R",
      "pred_prob_won": 0.05124064087867737,
      "pred_prob_in_top2": 0.073759263753891,
      "pred_prob_in_top3": 0.1954064190387726,
      "score_z": 0.27060084976482396,
      "上り3F平均": 39.04,
      "Ave-3F平均": 36.8,
      "PCI平均": 44.34,
      "-3F差平均": 0.35,
      "想定脚質": "先行",
      "track_bias_aptitude_score": 54.8,
      "investment_value_score": 39.1,
      "total_investment_index": 45.4,
      "investment_rating": 0.649452686607838,
      "stability_score": 60,
      "investment_mark": "△"
    },
    {
      "horse_number": 5,
      "name": "エレガンシア",
      "popularity": 2,
      "odds": 6.0,
      "mark": "▲",
      "score": 122.0,
      "track_aptitude": 0,
      "total_points": 78.59716332797191,
      "detail_points": {
        "score": 44.59716332797192,
        "bias": 9.0,
        "pace": 12.0,
        "3f": 9.0,
        "margin": 4.0,
        "track": 0.0
      },
      "avg_margin": 1.46,
      "race_name": "小倉8R",
      "pred_prob_won": 0.0908435419201851,
      "pred_prob_in_top2": 0.11502485424280166,
      "pred_prob_in_top3": 0.3230124771595001,
      "score_z": 0.6912260441275169,
      "上り3F平均": 36.26,
      "Ave-3F平均": 37.57,
      "PCI平均": 53.8,
      "-3F差平均": 0.88,
      "想定脚質": "先行",
      "track_bias_aptitude_score": 48.2,
      "investment_value_score": 74.1,
      "total_investment_index": 65.1,
      "investment_rating": 0.6044349360466004,
      "stability_score": 60,
      "investment_mark": "△"
    },
    {
      "horse_number": 9,
      "name": "オーサムユニバンス",
      "popularity": 10,
      "odds": 19.0,
      "mark": "×",
      "score": 113.38,
      "track_aptitude": 1,
      "total_points": 66.71611785348735,
      "detail_points": {
        "score": 41.44611785348735,
        "bias": 3.0,
        "pace": 8.28,
        "3f": 9.0,
        "margin": 4.0,
        "track": 0.99
      },
      "avg_margin": 1.46,
      "race_name": "小倉8R",
      "pred_prob_won": 0.04286818653345108,
      "pred_prob_in_top2": 0.0650472417473793,
      "pred_prob_in_top3": 0.17177839279174806,
      "score_z": 0.22277783025071876,
      "上り3F平均": 35.22,
      "Ave-3F平均": 36.67,
      "PCI平均": 54.18,
      "-3F差平均": 1.18,
      "想定脚質": "後方",
      "track_bias_aptitude_score": 20.1,
      "investment_value_score": 35.2,
      "total_investment_index": 32.5,
      "investment_rating": 0.536804428100586,
      "stability_score": 60,
      "investment_mark": "☆"
    },
    {
      "horse_number": 7,
      "name": "ベルノレイズ",
      "popularity": 14,
      "odds": 33.3,
      "mark": "△",
      "score": 109.19,
      "track_aptitude": 0,
      "total_points": 75.91446117853488,
      "detail_points": {
        "score": 39.91446117853487,
        "bias": 9.0,
        "pace": 12.0,
        "3f": 9.0,
        "margin": 6.0,
        "track": 0.0
      },
      "avg_margin": 0.9500000000000002,
      "race_name": "小倉8R",
      "pred_prob_won": 0.03290352895855904,
      "pred_prob_in_top2": 0.057143718004226685,
      "pred_prob_in_top3": 0.1439549058675766,
      "score_z": -0.00492495584484758,
      "上り3F平均": 37.89,
      "Ave-3F平均": 37.45,
      "PCI平均": 49.02,
      "-3F差平均": 0.41,
      "想定脚質": "先行",
      "track_bias_aptitude_score": 48.2,
      "investment_value_score": 26.5,
      "total_investment_index": 35.4,
      "investment_rating": 0.4531761151552198,
      "stability_score": 75,
      "investment_mark": "☆"
    },
    {
      "horse_number": 15,
      "name": "メイケイロゼッタ",
      "popularity": 13,
      "odds": 32.1,
      "mark": "△",
      "score": 108.59,
      "track_aptitude": 0,
      "total_points": 77.74513086708583,
      "detail_points": {
        "score": 39.69513086708583,