{
  "horses": [
    {
      "horse_number": 10,
      "name": "ナムライリス",
      "popularity": 8,
      "odds": 19.8,
      "mark": "○",
      "score": 103.77,
      "track_aptitude": 0,
      "total_points": 89.54691211401426,
      "detail_points": {
        "score": 49.296912114014255,
        "bias": 13.05,
        "pace": 10.2,
        "3f": 9.0,
        "margin": 8.0,
        "track": 0.0
      },
      "avg_margin": 0.5,
      "race_name": "小倉12R",
      "pred_prob_won": 0.1369094431400299,
      "pred_prob_in_top2": 0.13703498542308806,
      "pred_prob_in_top3": 0.3770423710346222,
      "score_z": 1.052708162241446,
      "上り3F平均": 35.47,
      "Ave-3F平均": 35.35,
      "PCI平均": 49.75,
      "-3F差平均": 0.76,
      "想定脚質": "中団",
      "track_bias_aptitude_score": 73.4,
      "investment_value_score": 66.7,
      "total_investment_index": 68.8,
      "investment_rating": 1.6376627004146576,
      "stability_score": 90,
      "investment_mark": "◎"
    },
    {
      "horse_number": 8,
      "name": "ディーエストッキー",
      "popularity": 5,
      "odds": 13.3,
      "mark": "◎",
      "score": 102.47,
      "track_aptitude": 2,
      "total_points": 90.93933491686462,
      "detail_points": {
        "score": 48.67933491686461,
        "bias": 13.05,
        "pace": 10.2,
        "3f": 9.0,
        "margin": 8.0,
        "track": 2.0100000000000002
      },
      "avg_margin": 0.34,
      "race_name": "小倉12R",
      "pred_prob_won": 0.1384999543428421,
      "pred_prob_in_top2": 0.12291920930147171,
      "pred_prob_in_top3": 0.3915207028388977,
      "score_z": 0.908555814391064,
      "上り3F平均": 35.87,
      "Ave-3F平均": 35.22,
      "PCI平均": 48.26,
      "-3F差平均": 0.71,
      "想定脚質": "中団",
      "track_bias_aptitude_score": 90.0,
      "investment_value_score": 78.5,
      "total_investment_index": 80.6,
      "investment_rating": 1.2314191979169846,
      "stability_score": 90,
      "investment_mark": "○"
    },
    {
      "horse_number": 11,
      "name": "ガットネロ",
      "popularity": 4,
      "odds": 9.6,
      "mark": "▲",
      "score": 105.25,
      "track_aptitude": 0,
      "total_points": 88.25,
      "detail_points": {
        "score": 50.0,
        "bias": 13.05,
        "pace": 10.2,
        "3f": 9.0,
        "margin": 6.0,
        "track": 0.0
      },
      "avg_margin": 0.7300000000000002,
      "race_name": "小倉12R",
      "pred_prob_won": 0.13335280418395995,
      "pred_prob_in_top2": 0.1318495288491249,
      "pred_prob_in_top3": 0.38256428241729734,
      "score_z": 1.2168200659480357,
      "上り3F平均": 35.33,
      "Ave-3F平均": 35.17,
      "PCI平均": 49.81,
      "-3F差平均": 0.54,
      "想定脚質": "中団",
      "track_bias_aptitude_score": 73.4,
      "investment_value_score": 85.2,
      "total_investment_index": 80.2,
      "investment_rating": 1.0302571296691894,
      "stability_score": 75,
      "investment_mark": "▲"
    },
    {
      "horse_number": 4,
      "name": "エクストラバック",
      "popularity": 2,
      "odds": 6.6,
      "mark": "▲",
      "score": 103.17,
      "track_aptitude": 0,
      "total_points": 87.26187648456057,
      "detail_points": {
        "score": 49.01187648456057,
        "bias": 13.05,
        "pace": 10.2,
        "3f": 9.0,
        "margin": 6.0,
        "track": 0.0
      },
      "avg_margin": 0.645,
      "race_name": "小倉12R",
      "pred_prob_won": 0.12909524142742157,
      "pred_prob_in_top2": 0.1119959145784378,
      "pred_prob_in_top3": 0.34762898087501526,
      "score_z": 0.9861763093874241,
      "上り3F平均": 35.67,
      "Ave-3F平均": 34.63,
      "PCI平均": 47.2,
      "-3F差平均": 0.41,
      "想定脚質": "先行",
      "track_bias_aptitude_score": 75.1,
      "investment_value_score": 98.7,
      "total_investment_index": 88.4,
      "investment_rating": 0.6081240445375443,
      "stability_score": 75,
      "investment_mark": "△"
    },
    {
      "horse_number": 5,
      "name": "サウンドレイラ",
      "popularity": 9,
      "odds": 22.2,
      "mark": "△",
      "score": 98.18,
      "track_aptitude": 0,
      "total_points": 84.89133016627079,
      "detail_points": {
        "score": 46.64133016627079,
        "bias": 13.05,
        "pace": 10.2,
        "3f": 9.0,
        "margin": 6.0,
        "track": 0.0
      },
      "avg_margin": 0.595,
      "race_name": "小倉12R",
      "pred_prob_won": 0.05345820039510727,
      "pred_prob_in_top2": 0.07415996938943863,
      "pred_prob_in_top3": 0.19717346131801605,
      "score_z": 0.43285306648480315,
      "上り3F平均": 35.33,
      "Ave-3F平均": 35.19,
      "PCI平均": 49.65,
      "-3F差平均": 0.52,
      "想定脚質": "先行",
      "track_bias_aptitude_score": 75.1,
      "investment_value_score": 45.4,
      "total_investment_index": 55.5,
      "investment_rating": 0.5809208638966084,
      "stability_score": 75,
      "investment_mark": "△"
    },
    {
      "horse_number": 13,
      "name": "エンドレスロード",
      "popularity": 10,
      "odds": 24.9,
      "mark": "△",
      "score": 96.42,
      "track_aptitude": 0,
      "total_points": 82.05522565320665,
      "detail_points": {
        "score": 45.80522565320665,
        "bias": 13.05,
        "pace": 10.2,
        "3f": 9.0,
        "margin": 4.0,
        "track": 0.0
      },
      "avg_margin": 1.1549999999999998,
      "race_name": "小倉12R",
      "pred_prob_won": 0.03606759831309318,
      "pred_prob_in_top2": 0.0731119990348816,
      "pred_prob_in_top3": 0.18028109669685363,
      "score_z": 0.23769296477966953,
      "上り3F平均": 38.62,
      "Ave-3F平均": 35.53,
      "PCI平均": 42.19,
      "-3F差平均": 0.66,
      "想定脚質": "先行",
      "track_bias_aptitude_score": 75.1,
      "investment_value_score": 40.1,
      "total_investment_index": 52.0,
      "investment_rating": 0.5160520058870314,
      "stability_score": 60,
      "investment_mark": "△"
    },
    {
      "horse_number": 14,
      "name": "ビーグラッド",
      "popularity": 7,
      "odds": 18.8,
      "mark": "△",
      "score": 97.76,
      "track_aptitude": 0,
      "total_points": 84.69180522565321,
      "detail_points": {
        "score": 46.44180522565321,
        "bias": 13.05,
        "pace": 10.2,
        "3f": 9.0,
        "margin": 6.0,
        "track": 0.0
      },
      "avg_margin": 0.6799999999999999,
      "race_name": "小倉12R",
      "pred_prob_won": 0.05278757363557816,
      "pred_prob_in_top2": 0.0709979236125946,
      "pred_prob_in_top3": 0.19776473343372344,
      "score_z": 0.38628076948698714,
      "上り3F平均": 35.1,
      "Ave-3F平均": 35.46,
      "PCI平均": 51.07,
      "-3F差平均": 0.49,
      "想定脚質": "中団",
      "track_bias_aptitude_score": 73.4,
      "investment_value_score": 51.2,
      "total_investment_index": 58.4,
      "investment_rating": 0.46737074390053757,
      "stability_score": 75,
      "investment_mark": "☆"
    },
    {
      "horse_number": 9,
      "name": "インブロリオ",
      "popularity": 1,
      "odds": 2.1,
      "mark": "△",
      "score": 98.52,
      "track_aptitude": 0,
      "total_points": 87.05285035629454,
      "detail_points": {
        "score": 46.802850356294535,
        "bias": 13.05,
        "pace": 10.2,
        "3f": 9.0,
        "margin": 8.0,
        "track": 0.0
      },
      "avg_margin": 0.3875,
      "race_name": "小倉12R",
      "pred_prob_won": 0.06011108830571175,
      "pred_prob_in_top2": 0.07423081994056702,
      "pred_prob_in_top3": 0.2111639529466629,
      "score_z": 0.4705544497687481,
      "上り3F平均": 34.92,
      "Ave-3F平均": 35.24,
      "PCI平均": 50.92,
      "-3F差平均": 0.35,
      "想定脚質": "先行",
      "track_bias_aptitude_score": 75.1,
      "investment_value_score": 100,
      "total_investment_index": 88.3,
      "investment_rating": 0.14623528942465785,
      "stability_score": 90,
      "investment_mark": "×"
    },
    {
      "horse_number": 7,
      "name": "ダニエルバローズ",
      "popularity": 3,
      "odds": 9.4,
      "mark": "⭐︎",
      "score": 92.87,
      "track_aptitude": 0,
      "total_points": 78.36876484560571,
      "detail_points": {
        "score": 44.1187648456057,