{
  "horses": [
    {
      "horse_number": 10,
      "name": "ジーニアスバローズ",
      "popularity": 8,
      "odds": 16.2,
      "mark": "◎",
      "score": 120.58,
      "track_aptitude": 0,
      "total_points": 86.43820845156837,
      "detail_points": {
        "score": 46.238208451568376,
        "bias": 15.0,
        "pace": 10.2,
        "3f": 9.0,
        "margin": 6.0,
        "track": 0.0
      },
      "avg_margin": 0.6799999999999999,
      "race_name": "小倉10R",
      "pred_prob_won": 0.13112617135047913,
      "pred_prob_in_top2": 0.13026736676692963,
      "pred_prob_in_top3": 0.39941253662109377,
      "score_z": 0.7741523261880591,
      "上り3F平均": 37.93,
      "Ave-3F平均": 37.69,
      "PCI平均": 49.43,
      "-3F差平均": 0.5,
      "想定脚質": "先行",
      "track_bias_aptitude_score": 82.3,
      "investment_value_score": 59.5,
      "total_investment_index": 66.7,
      "investment_rating": 1.836416473388672,
      "stability_score": 75,
      "investment_mark": "◎"
    },
    {
      "horse_number": 3,
      "name": "イサナ",
      "popularity": 4,
      "odds": 10.0,
      "mark": "△",
      "score": 127.69,
      "track_aptitude": 0,
      "total_points": 77.11464452795461,
      "detail_points": {
        "score": 48.964644527954604,
        "bias": 4.95,
        "pace": 10.2,
        "3f": 7.0,
        "margin": 6.0,
        "track": 0.0
      },
      "avg_margin": 0.7571428571428572,
      "race_name": "小倉10R",
      "pred_prob_won": 0.20911654233932495,
      "pred_prob_in_top2": 0.15670232176780702,
      "pred_prob_in_top3": 0.504693204164505,
      "score_z": 1.3896651066406287,
      "上り3F平均": 37.4,
      "Ave-3F平均": 37.57,
      "PCI平均": 50.55,
      "-3F差平均": 0.2,
      "想定脚質": "逃げ",
      "track_bias_aptitude_score": 21.5,
      "investment_value_score": 82.6,
      "total_investment_index": 63.3,
      "investment_rating": 1.5683034962415696,
      "stability_score": 75,
      "investment_mark": "○"
    },
    {
      "horse_number": 11,
      "name": "レッドダンルース",
      "popularity": 3,
      "odds": 5.3,
      "mark": "▲",
      "score": 130.39,
      "track_aptitude": 0,
      "total_points": 84.2,
      "detail_points": {
        "score": 50.0,
        "bias": 9.0,
        "pace": 10.2,
        "3f": 9.0,
        "margin": 6.0,
        "track": 0.0
      },
      "avg_margin": 0.7750000000000001,
      "race_name": "小倉10R",
      "pred_prob_won": 0.24944711327552796,
      "pred_prob_in_top2": 0.16012572646141052,
      "pred_prob_in_top3": 0.5365506172180176,
      "score_z": 1.6234041371922363,
      "上り3F平均": 37.02,
      "Ave-3F平均": 36.07,
      "PCI平均": 47.5,
      "-3F差平均": 0.48,
      "想定脚質": "中団",
      "track_bias_aptitude_score": 41.4,
      "investment_value_score": 91.6,
      "total_investment_index": 75.1,
      "investment_rating": 1.4474445676803587,
      "stability_score": 75,
      "investment_mark": "▲"
    },
    {
      "horse_number": 6,
      "name": "メイショウカシワデ",
      "popularity": 5,
      "odds": 10.2,
      "mark": "○",
      "score": 117.91,
      "track_aptitude": 0,
      "total_points": 85.41435692921237,
      "detail_points": {
        "score": 45.21435692921237,
        "bias": 15.0,
        "pace": 10.2,
        "3f": 9.0,
        "margin": 6.0,
        "track": 0.0
      },
      "avg_margin": 0.74,
      "race_name": "小倉10R",
      "pred_prob_won": 0.1035789668560028,
      "pred_prob_in_top2": 0.11070221215486527,
      "pred_prob_in_top3": 0.3250585377216339,
      "score_z": 0.5430103959759126,
      "上り3F平均": 37.85,
      "Ave-3F平均": 37.8,
      "PCI平均": 49.9,
      "-3F差平均": 0.49,
      "想定脚質": "先行",
      "track_bias_aptitude_score": 82.3,
      "investment_value_score": 64.0,
      "total_investment_index": 69.0,
      "investment_rating": 0.9965104928612709,
      "stability_score": 75,
      "investment_mark": "▲"
    },
    {
      "horse_number": 9,
      "name": "ネーヴェフレスカ",
      "popularity": 2,
      "odds": 5.0,
      "mark": "▲",
      "score": 120.86,
      "track_aptitude": 2,
      "total_points": 84.55557864866938,
      "detail_points": {
        "score": 46.34557864866938,
        "bias": 9.0,
        "pace": 10.2,
        "3f": 9.0,
        "margin": 8.0,
        "track": 2.0100000000000002
      },
      "avg_margin": 0.30624999999999997,
      "race_name": "小倉10R",
      "pred_prob_won": 0.10542423725128174,
      "pred_prob_in_top2": 0.12171560823917389,
      "pred_prob_in_top3": 0.3538180649280548,
      "score_z": 0.7983919293563742,
      "上り3F平均": 35.48,
      "Ave-3F平均": 35.74,
      "PCI平均": 50.87,
      "-3F差平均": 0.48,
      "想定脚質": "中団",
      "track_bias_aptitude_score": 53.2,
      "investment_value_score": 86.5,
      "total_investment_index": 74.2,
      "investment_rating": 0.6906905817985535,
      "stability_score": 90,
      "investment_mark": "△"
    },
    {
      "horse_number": 15,
      "name": "レイナデアルシーラ",
      "popularity": 1,
      "odds": 4.2,
      "mark": "⭐︎",
      "score": 122.21,
      "track_aptitude": 2,
      "total_points": 73.02325638469209,
      "detail_points": {
        "score": 46.86325638469208,
        "bias": 4.95,
        "pace": 10.2,
        "3f": 5.0,
        "margin": 4.0,
        "track": 2.0100000000000002
      },
      "avg_margin": 1.11875,
      "race_name": "小倉10R",
      "pred_prob_won": 0.12116406559944153,
      "pred_prob_in_top2": 0.10745586603879928,
      "pred_prob_in_top3": 0.3206269919872284,
      "score_z": 0.9152614446321781,
      "上り3F平均": 39.1,
      "Ave-3F平均": 36.71,
      "PCI平均": 43.93,
      "-3F差平均": 0.5,
      "想定脚質": "逃げ",
      "track_bias_aptitude_score": 33.4,
      "investment_value_score": 100,
      "total_investment_index": 76.5,
      "investment_rating": 0.4714107319712639,
      "stability_score": 60,
      "investment_mark": "☆"
    },
    {
      "horse_number": 16,
      "name": "ジューンエオス",
      "popularity": 6,
      "odds": 10.7,
      "mark": "⭐︎",
      "score": 116.72,
      "track_aptitude": 2,
      "total_points": 71.9180335915331,
      "detail_points": {
        "score": 44.7580335915331,
        "bias": 4.95,
        "pace": 10.2,
        "3f": 4.0,
        "margin": 6.0,
        "track": 2.0100000000000002
      },
      "avg_margin": 0.9500000000000002,
      "race_name": "小倉10R",
      "pred_prob_won": 0.06097033321857452,
      "pred_prob_in_top2": 0.06520995944738388,
      "pred_prob_in_top3": 0.19330351650714875,
      "score_z": 0.43999208251057415,
      "上り3F平均": 36.86,
      "Ave-3F平均": 36.57,
      "PCI平均": 49.24,
      "-3F差平均": 1.1,
      "想定脚質": "逃げ",
      "track_bias_aptitude_score": 33.4,
      "investment_value_score": 48.9,
      "total_investment_index": 45.1,
      "investment_rating": 0.46651758253574377,
      "stability_score": 75,
      "investment_mark": "☆"
    },
    {
      "horse_number": 5,
      "name": "コパノアントニオ",
      "popularity": 7,
      "odds": 13.4,
      "mark": "△",
      "score": 113.63,
      "track_aptitude": 2,
      "total_points": 77.78312677352558,
      "detail_points": {
        "score": 43.57312677352558,
        "bias": 9.0,
        "pace": 10.2,
        "3f": 9.0,
        "margin": 4.0,
        "track": 2.0100000000000002
      },
      "avg_margin": 1.0499999999999998,
      "race_name": "小倉10R",
      "pred_prob_won": 0.04558547362685204,
      "pred_prob_in_top2": 0.06456704288721085,
      "pred_prob_in_top3": 0.17344630062580108,
      "score_z": 0.17249074754595503,
      "上り3F平均": 37.69,
      "Ave-3F平均": 36.72,
      "PCI平均": 47.63,
      "-3F差平均": 0.71,
      "想定脚質": "中団",
      "track_bias_aptitude_score": 53.2,
      "investment_value_score": 42.5,
      "total_investment_index": 46.7,
      "investment_rating": 0.412626968473196,
      "stability_score": 60,
      "investment_mark": "☆"
    },
    {
      "horse_number": 4,
      "name": "マサハヤウォルズ",
      "popularity": 10,
      "odds": 31.0,
      "mark": "△",
      "score": 107.73,
      "track_aptitude": 0,