{
  "horses": [
    {
      "horse_number": 4,
      "name": "バレルターン",
      "popularity": 3,
      "odds": 4.3,
      "mark": "○",
      "score": 134.05,
      "track_aptitude": 2,
      "total_points": 88.21000000000001,
      "detail_points": {
        "score": 50.0,
        "bias": 9.0,
        "pace": 10.2,
        "3f": 9.0,
        "margin": 8.0,
        "track": 2.0100000000000002
      },
      "avg_margin": 0.29,
      "race_name": "小倉10R",
      "pred_prob_won": 0.15196704864501953,
      "pred_prob_in_top2": 0.16472036242485047,
      "pred_prob_in_top3": 0.4654362559318542,
      "score_z": 0.9285128240155422,
      "上り3F平均": 35.27,
      "Ave-3F平均": 36.3,
      "PCI平均": 53.01,
      "-3F差平均": 0.56,
      "想定脚質": "中団",
      "track_bias_aptitude_score": 57.0,
      "investment_value_score": 73.8,
      "total_investment_index": 67.9,
      "investment_rating": 0.9419295853376386,
      "stability_score": 90,
      "investment_mark": "◎"
    },
    {
      "horse_number": 2,
      "name": "ミッキーゴールド",
      "popularity": 1,
      "odds": 1.7,
      "mark": "◎",
      "score": 132.02,
      "track_aptitude": 2,
      "total_points": 92.50281984334204,
      "detail_points": {
        "score": 49.24281984334203,
        "bias": 13.05,
        "pace": 10.2,
        "3f": 9.0,
        "margin": 9.0,
        "track": 2.0100000000000002
      },
      "avg_margin": 0.037500000000000006,
      "race_name": "小倉10R",
      "pred_prob_won": 0.16015333235263823,
      "pred_prob_in_top2": 0.13484659045934677,
      "pred_prob_in_top3": 0.44012790322303774,
      "score_z": 0.8170803065605289,
      "上り3F平均": 34.7,
      "Ave-3F平均": 37.06,
      "PCI平均": 56.78,
      "-3F差平均": 0.45,
      "想定脚質": "先行",
      "track_bias_aptitude_score": 91.3,
      "investment_value_score": 100,
      "total_investment_index": 93.8,
      "investment_rating": 0.4603517338633538,
      "stability_score": 90,
      "investment_mark": "○"
    },
    {
      "horse_number": 3,
      "name": "テレサ",
      "popularity": 2,
      "odds": 3.0,
      "mark": "▲",
      "score": 128.09,
      "track_aptitude": 0,
      "total_points": 74.9769488996643,
      "detail_points": {
        "score": 47.7769488996643,
        "bias": 3.0,
        "pace": 10.2,
        "3f": 5.0,
        "margin": 9.0,
        "track": 0.0
      },
      "avg_margin": 0.2,
      "race_name": "小倉10R",
      "pred_prob_won": 0.10764156579971314,
      "pred_prob_in_top2": 0.11458058208227158,
      "pred_prob_in_top3": 0.3457454025745392,
      "score_z": 0.6013513441968821,
      "上り3F平均": 34.55,
      "Ave-3F平均": 35.88,
      "PCI平均": 53.97,
      "-3F差平均": 0.7,
      "想定脚質": "逃げ",
      "track_bias_aptitude_score": 2.7,
      "investment_value_score": 74.7,
      "total_investment_index": 51.6,
      "investment_rating": 0.3409598284959793,
      "stability_score": 90,
      "investment_mark": "△"
    },
    {
      "horse_number": 1,
      "name": "マテンロウボンド",
      "popularity": 4,
      "odds": 14.1,
      "mark": "▲",
      "score": 115.49,
      "track_aptitude": 0,
      "total_points": 67.35720999627004,
      "detail_points": {
        "score": 43.07720999627004,
        "bias": 3.0,
        "pace": 8.28,
        "3f": 7.0,
        "margin": 6.0,
        "track": 0.0
      },
      "avg_margin": 0.9199999999999999,
      "race_name": "小倉10R",
      "pred_prob_won": 0.04478395134210587,
      "pred_prob_in_top2": 0.06823658347129821,
      "pred_prob_in_top3": 0.19745252132415772,
      "score_z": -0.09029876414458031,
      "上り3F平均": 34.97,
      "Ave-3F平均": 35.86,
      "PCI平均": 52.73,
      "-3F差平均": 0.91,
      "想定脚質": "後方",
      "track_bias_aptitude_score": 1,
      "investment_value_score": 40.2,
      "total_investment_index": 29.3,
      "investment_rating": -0.031208906173706086,
      "stability_score": 75,
      "investment_mark": "××"
    },
    {
      "horse_number": 5,
      "name": "ラレーヌデリス",
      "popularity": 5,
      "odds": 29.3,
      "mark": "△",
      "score": 106.17,
      "track_aptitude": 1,
      "total_points": 66.87089518836255,
      "detail_points": {
        "score": 39.60089518836255,
        "bias": 3.0,
        "pace": 8.28,
        "3f": 9.0,
        "margin": 6.0,
        "track": 0.99
      },
      "avg_margin": 0.9899999999999999,
      "race_name": "小倉10R",
      "pred_prob_won": 0.021057530865073205,
      "pred_prob_in_top2": 0.03989507183432579,
      "pred_prob_in_top3": 0.10560382157564163,
      "score_z": -0.6019002728542963,
      "上り3F平均": 35.08,
      "Ave-3F平均": 36.14,
      "PCI平均": 53.25,
      "-3F差平均": 1.01,
      "想定脚質": "後方",
      "track_bias_aptitude_score": 9.7,
      "investment_value_score": 18.6,
      "total_investment_index": 18.1,
      "investment_rating": -0.4272610832005739,
      "stability_score": 75,
      "investment_mark": "××"
    },
    {
      "horse_number": 6,
      "name": "エコロスヴァル",
      "popularity": 6,
      "odds": 57.7,
      "mark": "△",
      "score": 86.99,
      "track_aptitude": 0,
      "total_points": 52.72684819097351,
      "detail_points": {
        "score": 32.44684819097351,
        "bias": 3.0,
        "pace": 8.28,
        "3f": 7.0,
        "margin": 2.0,
        "track": 0.0
      },
      "avg_margin": 2.5500000000000003,
      "race_name": "小倉10R",
      "pred_prob_won": 0.016225732676684857,
      "pred_prob_in_top2": 0.024105022475123406,
      "pred_prob_in_top3": 0.06347618773579597,
      "score_z": -1.6547454377740776,
      "上り3F平均": 40.78,
      "Ave-3F平均": 37.53,
      "PCI平均": 42.14,
      "-3F差平均": 0.96,
      "想定脚質": "後方",
      "track_bias_aptitude_score": 1,
      "investment_value_score": 1,
      "total_investment_index": 3.1,
      "investment_rating": -0.6508809674531222,
      "stability_score": 45,
      "investment_mark": "××"
    }
  ]
}