{
  "horses": [
    {
      "horse_number": 12,
      "name": "メイショウマサツラ",
      "popularity": 7,
      "odds": 13.0,
      "mark": "○",
      "score": 108.99,
      "track_aptitude": 0,
      "total_points": 86.15091463414635,
      "detail_points": {
        "score": 46.15091463414634,
        "bias": 15.0,
        "pace": 12.0,
        "3f": 9.0,
        "margin": 4.0,
        "track": 0.0
      },
      "avg_margin": 1.4124999999999999,
      "race_name": "小倉2R",
      "pred_prob_won": 0.12679224461317062,
      "pred_prob_in_top2": 0.1365865647792816,
      "pred_prob_in_top3": 0.38844660520553587,
      "score_z": 0.9521644022989991,
      "上り3F平均": 36.41,
      "Ave-3F平均": 34.71,
      "PCI平均": 45.52,
      "-3F差平均": 0.33,
      "想定脚質": "先行",
      "track_bias_aptitude_score": 81.7,
      "investment_value_score": 55.6,
      "total_investment_index": 64.5,
      "investment_rating": 1.6670339983701705,
      "stability_score": 60,
      "investment_mark": "◎"
    },
    {
      "horse_number": 16,
      "name": "ベルヴィヴァン",
      "popularity": 9,
      "odds": 17.3,
      "mark": "△",
      "score": 106.3,
      "track_aptitude": 0,
      "total_points": 79.06185636856368,
      "detail_points": {
        "score": 45.011856368563684,
        "bias": 7.05,
        "pace": 12.0,
        "3f": 9.0,
        "margin": 6.0,
        "track": 0.0
      },
      "avg_margin": 0.9499999999999998,
      "race_name": "小倉2R",
      "pred_prob_won": 0.07436971440911293,
      "pred_prob_in_top2": 0.09470001012086868,
      "pred_prob_in_top3": 0.26758005619049074,
      "score_z": 0.7347756793674756,
      "上り3F平均": 35.99,
      "Ave-3F平均": 35.39,
      "PCI平均": 48.53,
      "-3F差平均": 0.74,
      "想定脚質": "中団",
      "track_bias_aptitude_score": 35.0,
      "investment_value_score": 43.6,
      "total_investment_index": 42.9,
      "investment_rating": 1.2026493680477144,
      "stability_score": 75,
      "investment_mark": "○"
    },
    {
      "horse_number": 1,
      "name": "ワインクーラー",
      "popularity": 2,
      "odds": 5.3,
      "mark": "◎",
      "score": 115.11,
      "track_aptitude": 0,
      "total_points": 92.7423780487805,
      "detail_points": {
        "score": 48.74237804878049,
        "bias": 15.0,
        "pace": 12.0,
        "3f": 9.0,
        "margin": 8.0,
        "track": 0.0
      },
      "avg_margin": 0.48,
      "race_name": "小倉2R",
      "pred_prob_won": 0.21313323974609374,
      "pred_prob_in_top2": 0.16140395998954774,
      "pred_prob_in_top3": 0.5053207039833069,
      "score_z": 1.446743950381128,
      "上り3F平均": 35.22,
      "Ave-3F平均": 36.07,
      "PCI平均": 52.54,
      "-3F差平均": 0.42,
      "想定脚質": "先行",
      "track_bias_aptitude_score": 81.7,
      "investment_value_score": 85.8,
      "total_investment_index": 83.4,
      "investment_rating": 1.1643659007549285,
      "stability_score": 90,
      "investment_mark": "▲"
    },
    {
      "horse_number": 4,
      "name": "セガンティーニ",
      "popularity": 4,
      "odds": 9.6,
      "mark": "△",
      "score": 110.02,
      "track_aptitude": 1,
      "total_points": 81.6270596205962,
      "detail_points": {
        "score": 46.58705962059621,
        "bias": 7.05,
        "pace": 12.0,
        "3f": 9.0,
        "margin": 6.0,
        "track": 0.99
      },
      "avg_margin": 0.9000000000000001,
      "race_name": "小倉2R",
      "pred_prob_won": 0.13289537131786347,
      "pred_prob_in_top2": 0.1279617354273796,
      "pred_prob_in_top3": 0.3798263370990753,
      "score_z": 1.035402463495828,
      "上り3F平均": 36.57,
      "Ave-3F平均": 35.92,
      "PCI平均": 48.3,
      "-3F差平均": 0.81,
      "想定脚質": "中団",
      "track_bias_aptitude_score": 41.1,
      "investment_value_score": 65.7,
      "total_investment_index": 58.5,
      "investment_rating": 1.1433400809764862,
      "stability_score": 75,
      "investment_mark": "▲"
    },
    {
      "horse_number": 14,
      "name": "マローソ",
      "popularity": 8,
      "odds": 14.1,
      "mark": "▲",
      "score": 103.59,
      "track_aptitude": 0,
      "total_points": 85.86432926829269,
      "detail_points": {
        "score": 43.864329268292686,
        "bias": 15.0,
        "pace": 12.0,
        "3f": 9.0,
        "margin": 6.0,
        "track": 0.0
      },
      "avg_margin": 0.7749999999999999,
      "race_name": "小倉2R",
      "pred_prob_won": 0.08087573945522308,
      "pred_prob_in_top2": 0.08817534297704696,
      "pred_prob_in_top3": 0.2624450415372849,
      "score_z": 0.5157706834030041,
      "上り3F平均": 37.4,
      "Ave-3F平均": 35.78,
      "PCI平均": 45.7,
      "-3F差平均": 0.4,
      "想定脚質": "先行",
      "track_bias_aptitude_score": 81.7,
      "investment_value_score": 44.6,
      "total_investment_index": 57.1,
      "investment_rating": 1.0746702492237092,
      "stability_score": 75,
      "investment_mark": "△"
    },
    {
      "horse_number": 10,
      "name": "コンタンゴ",
      "popularity": 1,
      "odds": 4.5,
      "mark": "△",
      "score": 118.08,
      "track_aptitude": 0,
      "total_points": 78.33,
      "detail_points": {
        "score": 50.0,
        "bias": 7.05,
        "pace": 8.28,
        "3f": 7.0,
        "margin": 6.0,
        "track": 0.0
      },
      "avg_margin": 0.6599999999999999,
      "race_name": "小倉2R",
      "pred_prob_won": 0.2321201741695404,
      "pred_prob_in_top2": 0.13336429595947266,
      "pred_prob_in_top3": 0.5020781576633453,
      "score_z": 1.6867604957739255,
      "上り3F平均": 35.48,
      "Ave-3F平均": 35.64,
      "PCI平均": 50.56,
      "-3F差平均": 0.43,
      "想定脚質": "逃げ",
      "track_bias_aptitude_score": 35.0,
      "investment_value_score": 100,
      "total_investment_index": 78.3,
      "investment_rating": 0.9294680389761925,
      "stability_score": 75,
      "investment_mark": "△"
    },
    {
      "horse_number": 11,
      "name": "マサウッドテール",
      "popularity": 5,
      "odds": 10.6,
      "mark": "▲",
      "score": 102.89,
      "track_aptitude": 1,
      "total_points": 84.55792005420054,
      "detail_points": {
        "score": 43.56792005420054,
        "bias": 15.0,
        "pace": 12.0,
        "3f": 9.0,
        "margin": 4.0,
        "track": 0.99
      },
      "avg_margin": 1.3555555555555554,
      "race_name": "小倉2R",
      "pred_prob_won": 0.07925818115472794,
      "pred_prob_in_top2": 0.0937564104795456,
      "pred_prob_in_top3": 0.265783554315567,
      "score_z": 0.4592011272498193,
      "上り3F平均": 37.12,
      "Ave-3F平均": 34.53,
      "PCI平均": 43.18,
      "-3F差平均": 0.4,
      "想定脚質": "先行",
      "track_bias_aptitude_score": 87.8,
      "investment_value_score": 52.9,
      "total_investment_index": 63.8,
      "investment_rating": 0.8061584612727164,
      "stability_score": 60,
      "investment_mark": "☆"
    },
    {
      "horse_number": 18,
      "name": "ラッキーカムカム",
      "popularity": 3,
      "odds": 8.9,
      "mark": "⭐︎",
      "score": 106.17,
      "track_aptitude": 0,
      "total_points": 71.28680894308943,
      "detail_points": {
        "score": 44.956808943089435,
        "bias": 7.05,
        "pace": 8.28,
        "3f": 7.0,
        "margin": 4.0,
        "track": 0.0
      },
      "avg_margin": 1.0285714285714287,
      "race_name": "小倉2R",
      "pred_prob_won": 0.05136955752968788,
      "pred_prob_in_top2": 0.07375027090311051,
      "pred_prob_in_top3": 0.21561567783355712,
      "score_z": 0.7242699046533131,
      "上り3F平均": 36.66,
      "Ave-3F平均": 35.31,
      "PCI平均": 46.44,
      "-3F差平均": 0.3,
      "想定脚質": "逃げ",
      "track_bias_aptitude_score": 35.0,
      "investment_value_score": 59.3,
      "total_investment_index": 52.3,
      "investment_rating": 0.4507509529590606,
      "stability_score": 60,
      "investment_mark": "☆"
    },
    {
      "horse_number": 3,
      "name": "ハツコイサイダー",
      "popularity": 6,
      "odds": 11.0,
      "mark": "△",
      "score": 95.06,
      "track_aptitude": 0,
      "total_points": 78.25237127371274,
      "detail_points": {
        "score": 40.25237127371274,