{
  "horses": [
    {
      "horse_number": 8,
      "name": "フォーキャンドルズ",
      "popularity": 5,
      "odds": 7.1,
      "mark": "△",
      "score": 126.26,
      "track_aptitude": 0,
      "total_points": 73.23696006203956,
      "detail_points": {
        "score": 48.956960062039556,
        "bias": 3.0,
        "pace": 8.28,
        "3f": 7.0,
        "margin": 6.0,
        "track": 0.0
      },
      "avg_margin": 0.5857142857142857,
      "race_name": "小倉9R",
      "pred_prob_won": 0.13144352436065673,
      "pred_prob_in_top2": 0.12054519653320313,
      "pred_prob_in_top3": 0.35012457370758054,
      "score_z": 0.8166133057426245,
      "上り3F平均": 34.74,
      "Ave-3F平均": 37.04,
      "PCI平均": 56.64,
      "-3F差平均": 0.63,
      "想定脚質": "後方",
      "track_bias_aptitude_score": 13.4,
      "investment_value_score": 57.2,
      "total_investment_index": 44.7,
      "investment_rating": 0.8481041824817657,
      "stability_score": 75,
      "investment_mark": "◎"
    },
    {
      "horse_number": 5,
      "name": "スライビングロード",
      "popularity": 2,
      "odds": 3.6,
      "mark": "◎",
      "score": 128.95,
      "track_aptitude": 0,
      "total_points": 90.05,
      "detail_points": {
        "score": 50.0,
        "bias": 13.05,
        "pace": 12.0,
        "3f": 9.0,
        "margin": 6.0,
        "track": 0.0
      },
      "avg_margin": 0.625,
      "race_name": "小倉9R",
      "pred_prob_won": 0.17157505452632904,
      "pred_prob_in_top2": 0.15053679943084716,
      "pred_prob_in_top3": 0.4721861958503723,
      "score_z": 1.0242154125303524,
      "上り3F平均": 35.25,
      "Ave-3F平均": 35.49,
      "PCI平均": 50.77,
      "-3F差平均": 0.82,
      "想定脚質": "中団",
      "track_bias_aptitude_score": 80.2,
      "investment_value_score": 87.2,
      "total_investment_index": 83.1,
      "investment_rating": 0.8109958267211914,
      "stability_score": 75,
      "investment_mark": "○"
    },
    {
      "horse_number": 1,
      "name": "ワンモアスマイル",
      "popularity": 1,
      "odds": 3.0,
      "mark": "○",
      "score": 126.87,
      "track_aptitude": 0,
      "total_points": 87.1934858472276,
      "detail_points": {
        "score": 49.19348584722761,
        "bias": 9.0,
        "pace": 12.0,
        "3f": 9.0,
        "margin": 8.0,
        "track": 0.0
      },
      "avg_margin": 0.48125000000000007,
      "race_name": "小倉9R",
      "pred_prob_won": 0.14116539657115937,
      "pred_prob_in_top2": 0.14105164408683776,
      "pred_prob_in_top3": 0.42079383730888364,
      "score_z": 0.8636903634156783,
      "上り3F平均": 34.69,
      "Ave-3F平均": 36.93,
      "PCI平均": 56.56,
      "-3F差平均": 0.34,
      "想定脚質": "先行",
      "track_bias_aptitude_score": 48.2,
      "investment_value_score": 100.0,
      "total_investment_index": 80.9,
      "investment_rating": 0.4651036688685417,
      "stability_score": 90,
      "investment_mark": "△"
    },
    {
      "horse_number": 6,
      "name": "レディーミコノス",
      "popularity": 4,
      "odds": 4.9,
      "mark": "▲",
      "score": 114.97,
      "track_aptitude": 0,
      "total_points": 80.57929430011633,
      "detail_points": {
        "score": 44.57929430011633,
        "bias": 9.0,
        "pace": 12.0,
        "3f": 9.0,
        "margin": 6.0,
        "track": 0.0
      },
      "avg_margin": 0.85,
      "race_name": "小倉9R",
      "pred_prob_won": 0.04654015749692917,
      "pred_prob_in_top2": 0.06293969005346298,
      "pred_prob_in_top3": 0.18064857721328736,
      "score_z": -0.05469813873078253,
      "上り3F平均": 34.4,
      "Ave-3F平均": 36.87,
      "PCI平均": 57.4,
      "-3F差平均": 0.35,
      "想定脚質": "先行",
      "track_bias_aptitude_score": 48.2,
      "investment_value_score": 43.3,
      "total_investment_index": 45.3,
      "investment_rating": -0.02321111798286435,
      "stability_score": 75,
      "investment_mark": "××"
    },
    {
      "horse_number": 4,
      "name": "スター",
      "popularity": 3,
      "odds": 4.9,
      "mark": "▲",
      "score": 114.8,
      "track_aptitude": 0,
      "total_points": 84.51337727801473,
      "detail_points": {
        "score": 44.51337727801474,
        "bias": 9.0,
        "pace": 12.0,
        "3f": 9.0,
        "margin": 10.0,
        "track": 0.0
      },
      "avg_margin": 0.0,
      "race_name": "小倉9R",
      "pred_prob_won": 0.047062226384878156,
      "pred_prob_in_top2": 0.06393341645598412,
      "pred_prob_in_top3": 0.18982713520526887,
      "score_z": -0.0678179744757321,
      "上り3F平均": 35.6,
      "Ave-3F平均": 37.8,
      "PCI平均": 56.2,
      "-3F差平均": 0.3,
      "想定脚質": "先行",
      "track_bias_aptitude_score": 48.2,
      "investment_value_score": 50.8,
      "total_investment_index": 49.8,
      "investment_rating": -0.038148242980241776,
      "stability_score": 90,
      "investment_mark": "××"
    },
    {
      "horse_number": 2,
      "name": "ビッキーファースト",
      "popularity": 7,
      "odds": 31.2,
      "mark": "△",
      "score": 112.98,
      "track_aptitude": 0,
      "total_points": 66.0876773943389,
      "detail_points": {
        "score": 43.807677394338896,
        "bias": 3.0,
        "pace": 8.28,
        "3f": 7.0,
        "margin": 4.0,
        "track": 0.0
      },
      "avg_margin": 1.3166666666666667,
      "race_name": "小倉9R",
      "pred_prob_won": 0.03051811531186104,
      "pred_prob_in_top2": 0.05595891401171684,
      "pred_prob_in_top3": 0.13765203356742858,
      "score_z": -0.20827739245107257,
      "上り3F平均": 35.9,
      "Ave-3F平均": 36.91,
      "PCI平均": 53.08,
      "-3F差平均": 0.87,
      "想定脚質": "後方",
      "track_bias_aptitude_score": 13.4,
      "investment_value_score": 24.5,
      "total_investment_index": 23.4,
      "investment_rating": -0.1309704002737998,
      "stability_score": 60,
      "investment_mark": "××"
    },
    {
      "horse_number": 3,
      "name": "キーチパルフェ",
      "popularity": 6,
      "odds": 18.4,
      "mark": "△",
      "score": 112.14,
      "track_aptitude": 0,
      "total_points": 79.48196975571928,
      "detail_points": {
        "score": 43.48196975571928,
        "bias": 9.0,
        "pace": 12.0,
        "3f": 9.0,
        "margin": 6.0,
        "track": 0.0
      },
      "avg_margin": 0.5142857142857143,
      "race_name": "小倉9R",
      "pred_prob_won": 0.02817637473344803,
      "pred_prob_in_top2": 0.050953257083892825,
      "pred_prob_in_top3": 0.12925630658864976,
      "score_z": -0.27310481613199944,
      "上り3F平均": 36.01,
      "Ave-3F平均": 37.41,
      "PCI平均": 54.0,
      "-3F差平均": 0.44,
      "想定脚質": "先行",
      "track_bias_aptitude_score": 48.2,
      "investment_value_score": 26.3,
      "total_investment_index": 34.8,
      "investment_rating": -0.20201594442129134,
      "stability_score": 75,
      "investment_mark": "××"
    },
    {
      "horse_number": 7,
      "name": "ウフフトルンナ",
      "popularity": 8,
      "odds": 87.9,
      "mark": "△",
      "score": 88.46,
      "track_aptitude": 0,
      "total_points": 70.35011632415664,
      "detail_points": {
        "score": 34.30011632415665,
        "bias": 13.05,
        "pace": 12.0,
        "3f": 9.0,
        "margin": 2.0,
        "track": 0.0
      },
      "avg_margin": 2.6555555555555554,
      "race_name": "小倉9R",
      "pred_prob_won": 0.018232331052422522,
      "pred_prob_in_top2": 0.01659763101488352,
      "pred_prob_in_top3": 0.061774489283561704,
      "score_z": -2.100620759899074,
      "上り3F平均": 39.01,
      "Ave-3F平均": 37.62,
      "PCI平均": 46.59,
      "-3F差平均": 1.0,
      "想定脚質": "中団",
      "track_bias_aptitude_score": 80.2,
      "investment_value_score": 1,
      "total_investment_index": 26.2,
      "investment_rating": -0.598465819656849,
      "stability_score": 45,
      "investment_mark": "××"
    }
  ]
}