{
  "horses": [
    {
      "horse_number": 5,
      "name": "アイスグリーン",
      "popularity": 6,
      "odds": 9.6,
      "mark": "○",
      "score": 127.29,
      "track_aptitude": 1,
      "total_points": 83.52190596137699,
      "detail_points": {
        "score": 44.531905961377,
        "bias": 9.0,
        "pace": 12.0,
        "3f": 9.0,
        "margin": 8.0,
        "track": 0.99
      },
      "avg_margin": 0.35,
      "race_name": "小倉11R",
      "pred_prob_won": 0.1529286742210388,
      "pred_prob_in_top2": 0.15301356315612794,
      "pred_prob_in_top3": 0.4388742983341217,
      "score_z": 0.9213869506692062,
      "上り3F平均": 34.48,
      "Ave-3F平均": 35.75,
      "PCI平均": 53.72,
      "-3F差平均": 0.91,
      "想定脚質": "中団",
      "track_bias_aptitude_score": 67.2,
      "investment_value_score": 50.6,
      "total_investment_index": 57.1,
      "investment_rating": 1.554090066254139,
      "stability_score": 90,
      "investment_mark": "◎"
    },
    {
      "horse_number": 6,
      "name": "バッデレイト",
      "popularity": 1,
      "odds": 3.3,
      "mark": "◎",
      "score": 142.92,
      "track_aptitude": 2,
      "total_points": 91.96000000000001,
      "detail_points": {
        "score": 50.0,
        "bias": 10.95,
        "pace": 12.0,
        "3f": 9.0,
        "margin": 8.0,
        "track": 2.0100000000000002
      },
      "avg_margin": 0.2214285714285714,
      "race_name": "小倉11R",
      "pred_prob_won": 0.3146909952163696,
      "pred_prob_in_top2": 0.18520069718360901,
      "pred_prob_in_top3": 0.6494746088981629,
      "score_z": 2.1617099887881857,
      "上り3F平均": 34.81,
      "Ave-3F平均": 36.7,
      "PCI平均": 55.47,
      "-3F差平均": 0.5,
      "想定脚質": "先行",
      "track_bias_aptitude_score": 90.0,
      "investment_value_score": 100,
      "total_investment_index": 95.6,
      "investment_rating": 1.123686522245407,
      "stability_score": 90,
      "investment_mark": "○"
    },
    {
      "horse_number": 4,
      "name": "コルレオニス",
      "popularity": 2,
      "odds": 4.6,
      "mark": "⭐︎",
      "score": 127.35,
      "track_aptitude": 1,
      "total_points": 69.8228967254408,
      "detail_points": {
        "score": 44.55289672544081,
        "bias": 3.0,
        "pace": 8.28,
        "3f": 5.0,
        "margin": 8.0,
        "track": 0.99
      },
      "avg_margin": 0.23500000000000001,
      "race_name": "小倉11R",
      "pred_prob_won": 0.13319161534309387,
      "pred_prob_in_top2": 0.1253245070576668,
      "pred_prob_in_top3": 0.3737817645072937,
      "score_z": 0.9261482675141917,
      "上り3F平均": 35.28,
      "Ave-3F平均": 36.51,
      "PCI平均": 53.51,
      "-3F差平均": 0.78,
      "想定脚質": "逃げ",
      "track_bias_aptitude_score": 11.0,
      "investment_value_score": 68.6,
      "total_investment_index": 51.0,
      "investment_rating": 0.5900343817472458,
      "stability_score": 90,
      "investment_mark": "△"
    },
    {
      "horse_number": 8,
      "name": "ワンダイレクト",
      "popularity": 5,
      "odds": 8.8,
      "mark": "▲",
      "score": 117.43,
      "track_aptitude": 1,
      "total_points": 80.07242373355723,
      "detail_points": {
        "score": 41.082423733557235,
        "bias": 9.0,
        "pace": 12.0,
        "3f": 9.0,
        "margin": 8.0,
        "track": 0.99
      },
      "avg_margin": 0.39499999999999996,
      "race_name": "小倉11R",
      "pred_prob_won": 0.06662592217326165,
      "pred_prob_in_top2": 0.07793668657541275,
      "pred_prob_in_top3": 0.24109726250171662,
      "score_z": 0.13894388247642614,
      "上り3F平均": 34.07,
      "Ave-3F平均": 35.75,
      "PCI平均": 54.95,
      "-3F差平均": 0.94,
      "想定脚質": "中団",
      "track_bias_aptitude_score": 67.2,
      "investment_value_score": 39.9,
      "total_investment_index": 49.3,
      "investment_rating": 0.4331571337580681,
      "stability_score": 90,
      "investment_mark": "△"
    },
    {
      "horse_number": 10,
      "name": "メルトユアハート",
      "popularity": 3,
      "odds": 6.7,
      "mark": "▲",
      "score": 115.11,
      "track_aptitude": 2,
      "total_points": 82.23078085642318,
      "detail_points": {
        "score": 40.27078085642318,
        "bias": 10.95,
        "pace": 12.0,
        "3f": 9.0,
        "margin": 8.0,
        "track": 2.0100000000000002
      },
      "avg_margin": 0.39499999999999996,
      "race_name": "小倉11R",
      "pred_prob_won": 0.04804914966225624,
      "pred_prob_in_top2": 0.06313360333442689,
      "pred_prob_in_top3": 0.19455592036247255,
      "score_z": -0.04516036886305208,
      "上り3F平均": 34.72,
      "Ave-3F平均": 36.63,
      "PCI平均": 55.55,
      "-3F差平均": 0.56,
      "想定脚質": "先行",
      "track_bias_aptitude_score": 90.0,
      "investment_value_score": 44.5,
      "total_investment_index": 58.6,
      "investment_rating": 0.10040131330490121,
      "stability_score": 90,
      "investment_mark": "☆"
    },
    {
      "horse_number": 1,
      "name": "ドットクルー",
      "popularity": 8,
      "odds": 18.0,
      "mark": "△",
      "score": 113.77,
      "track_aptitude": 2,
      "total_points": 77.81198712566471,
      "detail_points": {
        "score": 39.80198712566471,
        "bias": 9.0,
        "pace": 12.0,
        "3f": 9.0,
        "margin": 6.0,
        "track": 2.0100000000000002
      },
      "avg_margin": 0.6450000000000001,
      "race_name": "小倉11R",
      "pred_prob_won": 0.031928467378020284,
      "pred_prob_in_top2": 0.048639508336782454,
      "pred_prob_in_top3": 0.13951603770256044,
      "score_z": -0.15149644506775065,
      "上り3F平均": 34.6,
      "Ave-3F平均": 36.23,
      "PCI平均": 54.81,
      "-3F差平均": 0.66,
      "想定脚質": "中団",
      "track_bias_aptitude_score": 77.2,
      "investment_value_score": 20.8,
      "total_investment_index": 40.4,
      "investment_rating": 0.03592683941125874,
      "stability_score": 75,
      "investment_mark": "☆"
    },
    {
      "horse_number": 3,
      "name": "アウフヘーベン",
      "popularity": 4,
      "odds": 6.9,
      "mark": "△",
      "score": 111.29,
      "track_aptitude": 0,
      "total_points": 78.88436887769382,
      "detail_points": {
        "score": 38.93436887769382,
        "bias": 10.95,
        "pace": 12.0,
        "3f": 9.0,
        "margin": 8.0,
        "track": 0.0
      },
      "avg_margin": 0.35000000000000003,
      "race_name": "小倉11R",
      "pred_prob_won": 0.024699729681015015,
      "pred_prob_in_top2": 0.04302041903138161,
      "pred_prob_in_top3": 0.12002831995487213,
      "score_z": -0.3482975413271915,
      "上り3F平均": 34.46,
      "Ave-3F平均": 37.08,
      "PCI平均": 57.71,
      "-3F差平均": 0.57,
      "想定脚質": "先行",
      "track_bias_aptitude_score": 70.0,
      "investment_value_score": 29.7,
      "total_investment_index": 43.2,
      "investment_rating": -0.15188247218728052,
      "stability_score": 90,
      "investment_mark": "××"
    },
    {
      "horse_number": 7,
      "name": "ウインリブルマン",
      "popularity": 7,
      "odds": 14.6,
      "mark": "△",
      "score": 105.23,
      "track_aptitude": 1,
      "total_points": 73.75430170724881,
      "detail_points": {
        "score": 36.814301707248816,
        "bias": 10.95,
        "pace": 12.0,
        "3f": 9.0,
        "margin": 4.0,
        "track": 0.99
      },
      "avg_margin": 1.3699999999999999,
      "race_name": "小倉11R",
      "pred_prob_won": 0.023484332486987114,
      "pred_prob_in_top2": 0.03696809522807598,
      "pred_prob_in_top3": 0.09808310270309448,
      "score_z": -0.8291905426708273,
      "上り3F平均": 36.57,
      "Ave-3F平均": 35.89,
      "PCI平均": 48.36,
      "-3F差平均": 0.48,
      "想定脚質": "先行",
      "track_bias_aptitude_score": 80.0,
      "investment_value_score": 15.3,
      "total_investment_index": 36.8,
      "investment_rating": -0.23111800432205198,
      "stability_score": 60,
      "investment_mark": "××"
    },
    {
      "horse_number": 11,
      "name": "バールデュヴァン",
      "popularity": 9,
      "odds": 19.6,
      "mark": "消",
      "score": 108.01,
      "track_aptitude": 0,