{
  "horses": [
    {
      "horse_number": 12,
      "name": "ノアチュロス",
      "popularity": 13,
      "odds": 39.0,
      "mark": "○",
      "score": 122.25,
      "track_aptitude": 1,
      "total_points": 80.93349518541281,
      "detail_points": {
        "score": 41.74349518541282,
        "bias": 15.0,
        "pace": 10.2,
        "3f": 9.0,
        "margin": 4.0,
        "track": 0.99
      },
      "avg_margin": 1.1333333333333335,
      "race_name": "小倉7R",
      "pred_prob_won": 0.10705310851335526,
      "pred_prob_in_top2": 0.11773330122232437,
      "pred_prob_in_top3": 0.3406621515750885,
      "score_z": 0.6088581707432391,
      "上り3F平均": 36.07,
      "Ave-3F平均": 37.24,
      "PCI平均": 53.33,
      "-3F差平均": 0.7,
      "想定脚質": "先行",
      "track_bias_aptitude_score": 89.0,
      "investment_value_score": 35.8,
      "total_investment_index": 54.2,
      "investment_rating": 2.2307938262820244,
      "stability_score": 60,
      "investment_mark": "◎"
    },
    {
      "horse_number": 10,
      "name": "ケイコウギュウゴ",
      "popularity": 8,
      "odds": 22.3,
      "mark": "×",
      "score": 128.33,
      "track_aptitude": 1,
      "total_points": 67.08957249197569,
      "detail_points": {
        "score": 43.81957249197569,
        "bias": 3.0,
        "pace": 8.28,
        "3f": 7.0,
        "margin": 4.0,
        "track": 0.99
      },
      "avg_margin": 1.2062499999999998,
      "race_name": "小倉7R",
      "pred_prob_won": 0.1370397001504898,
      "pred_prob_in_top2": 0.12347427159547805,
      "pred_prob_in_top3": 0.37716261148452757,
      "score_z": 0.9692727002009426,
      "上り3F平均": 37.66,
      "Ave-3F平均": 37.88,
      "PCI平均": 50.86,
      "-3F差平均": 0.95,
      "想定脚質": "後方",
      "track_bias_aptitude_score": 6.5,
      "investment_value_score": 47.3,
      "total_investment_index": 36.9,
      "investment_rating": 1.7629756689071654,
      "stability_score": 60,
      "investment_mark": "○"
    },
    {
      "horse_number": 6,
      "name": "ロックエンジェル",
      "popularity": 6,
      "odds": 20.2,
      "mark": "△",
      "score": 124.69,
      "track_aptitude": 2,
      "total_points": 76.7866577887045,
      "detail_points": {
        "score": 42.576657788704495,
        "bias": 9.0,
        "pace": 10.2,
        "3f": 9.0,
        "margin": 4.0,
        "track": 2.0100000000000002
      },
      "avg_margin": 1.7,
      "race_name": "小倉7R",
      "pred_prob_won": 0.1097256675362587,
      "pred_prob_in_top2": 0.11773615926504136,
      "pred_prob_in_top3": 0.34953783750534057,
      "score_z": 0.7534982121703433,
      "上り3F平均": 36.67,
      "Ave-3F平均": 37.27,
      "PCI平均": 51.67,
      "-3F差平均": 0.57,
      "想定脚質": "中団",
      "track_bias_aptitude_score": 59.7,
      "investment_value_score": 50.1,
      "total_investment_index": 54.2,
      "investment_rating": 1.3127354037761687,
      "stability_score": 60,
      "investment_mark": "▲"
    },
    {
      "horse_number": 16,
      "name": "ダイヤノエース",
      "popularity": 7,
      "odds": 21.5,
      "mark": "×",
      "score": 125.16,
      "track_aptitude": 0,
      "total_points": 65.01714402786314,
      "detail_points": {
        "score": 42.73714402786314,
        "bias": 3.0,
        "pace": 8.28,
        "3f": 7.0,
        "margin": 4.0,
        "track": 0.0
      },
      "avg_margin": 1.88125,
      "race_name": "小倉7R",
      "pred_prob_won": 0.10666673481464387,
      "pred_prob_in_top2": 0.1002238780260086,
      "pred_prob_in_top3": 0.31534326672554014,
      "score_z": 0.7813592037567118,
      "上り3F平均": 39.26,
      "Ave-3F平均": 37.74,
      "PCI平均": 46.74,
      "-3F差平均": 0.8,
      "想定脚質": "後方",
      "track_bias_aptitude_score": 1,
      "investment_value_score": 45.8,
      "total_investment_index": 34.1,
      "investment_rating": 1.268620803654194,
      "stability_score": 60,
      "investment_mark": "▲"
    },
    {
      "horse_number": 11,
      "name": "ノーランサンライズ",
      "popularity": 9,
      "odds": 22.4,
      "mark": "▲",
      "score": 118.27,
      "track_aptitude": 2,
      "total_points": 78.59448405381411,
      "detail_points": {
        "score": 40.384484053814106,
        "bias": 15.0,
        "pace": 10.2,
        "3f": 9.0,
        "margin": 2.0,
        "track": 2.0100000000000002
      },
      "avg_margin": 2.442857142857143,
      "race_name": "小倉7R",
      "pred_prob_won": 0.07735332921147346,
      "pred_prob_in_top2": 0.08777031451463699,
      "pred_prob_in_top3": 0.27326629757881166,
      "score_z": 0.3729289228416505,
      "上り3F平均": 38.61,
      "Ave-3F平均": 36.74,
      "PCI平均": 45.4,
      "-3F差平均": 0.51,
      "想定脚質": "先行",
      "track_bias_aptitude_score": 94.5,
      "investment_value_score": 37.5,
      "total_investment_index": 56.5,
      "investment_rating": 1.2398942491412164,
      "stability_score": 45,
      "investment_mark": "△"
    },
    {
      "horse_number": 3,
      "name": "リビングストン",
      "popularity": 1,
      "odds": 1.7,
      "mark": "◎",
      "score": 146.43,
      "track_aptitude": 2,
      "total_points": 92.21000000000001,
      "detail_points": {
        "score": 50.0,
        "bias": 15.0,
        "pace": 10.2,
        "3f": 7.0,
        "margin": 8.0,
        "track": 2.0100000000000002
      },
      "avg_margin": 0.39,
      "race_name": "小倉7R",
      "pred_prob_won": 0.3210186898708344,
      "pred_prob_in_top2": 0.19337048828601838,
      "pred_prob_in_top3": 0.6451305985450745,
      "score_z": 2.042217269803643,
      "上り3F平均": 36.34,
      "Ave-3F平均": 37.01,
      "PCI平均": 52.02,
      "-3F差平均": 0.23,
      "想定脚質": "先行",
      "track_bias_aptitude_score": 94.5,
      "investment_value_score": 100,
      "total_investment_index": 96.8,
      "investment_rating": 1.2370307868719101,
      "stability_score": 90,
      "investment_mark": "△"
    },
    {
      "horse_number": 14,
      "name": "オーバースタンド",
      "popularity": 12,
      "odds": 34.8,
      "mark": "△",
      "score": 118.28,
      "track_aptitude": 0,
      "total_points": 78.58789865464728,
      "detail_points": {
        "score": 40.38789865464727,
        "bias": 15.0,
        "pace": 10.2,
        "3f": 9.0,
        "margin": 4.0,
        "track": 0.0
      },
      "avg_margin": 1.1,
      "race_name": "小倉7R",
      "pred_prob_won": 0.05243653655052185,
      "pred_prob_in_top2": 0.07332593053579331,
      "pred_prob_in_top3": 0.22289572060108184,
      "score_z": 0.37352170989667993,
      "上り3F平均": 35.95,
      "Ave-3F平均": 36.08,
      "PCI平均": 50.45,
      "-3F差平均": 0.45,
      "想定脚質": "先行",
      "track_bias_aptitude_score": 83.5,
      "investment_value_score": 29.3,
      "total_investment_index": 48.3,
      "investment_rating": 1.1277449089288711,
      "stability_score": 60,
      "investment_mark": "☆"
    },
    {
      "horse_number": 7,
      "name": "コスモナッシュビル",
      "popularity": 5,
      "odds": 15.4,
      "mark": "▲",
      "score": 118.94,
      "track_aptitude": 1,
      "total_points": 79.803262309636,
      "detail_points": {
        "score": 40.613262309636,
        "bias": 15.0,
        "pace": 10.2,
        "3f": 9.0,
        "margin": 4.0,
        "track": 0.99
      },
      "avg_margin": 1.5,
      "race_name": "小倉7R",
      "pred_prob_won": 0.07922341376543045,
      "pred_prob_in_top2": 0.09586030393838882,
      "pred_prob_in_top3": 0.2811832964420319,
      "score_z": 0.41264565552860144,
      "上り3F平均": 37.13,
      "Ave-3F平均": 37.25,
      "PCI平均": 50.43,
      "-3F差平均": 0.74,
      "想定脚質": "先行",
      "track_bias_aptitude_score": 89.0,
      "investment_value_score": 48.2,
      "total_investment_index": 61.3,
      "investment_rating": 0.8731473395228386,
      "stability_score": 60,
      "investment_mark": "☆"
    },
    {
      "horse_number": 8,
      "name": "ヒルノガリシア",
      "popularity": 17,
      "odds": 85.9,
      "mark": "△",
      "score": 112.69,
      "track_aptitude": 2,
      "total_points": 76.68913678890938,