{
  "horses": [
    {
      "horse_number": 13,
      "name": "グーヴェルナイユ",
      "popularity": 3,
      "odds": 7.9,
      "mark": "◎",
      "score": 123.64,
      "track_aptitude": 2,
      "total_points": 94.01,
      "detail_points": {
        "score": 50.0,
        "bias": 15.0,
        "pace": 12.0,
        "3f": 9.0,
        "margin": 6.0,
        "track": 2.0100000000000002
      },
      "avg_margin": 0.7550000000000001,
      "race_name": "小倉10R",
      "pred_prob_won": 0.28232890367507935,
      "pred_prob_in_top2": 0.17433763146400452,
      "pred_prob_in_top3": 0.5873554229736329,
      "score_z": 2.0578136187016765,
      "上り3F平均": 38.23,
      "Ave-3F平均": 37.69,
      "PCI平均": 48.64,
      "-3F差平均": 0.31,
      "想定脚質": "先行",
      "track_bias_aptitude_score": 94.1,
      "investment_value_score": 85.5,
      "total_investment_index": 88.0,
      "investment_rating": 1.5970084381103518,
      "stability_score": 75,
      "investment_mark": "◎"
    },
    {
      "horse_number": 10,
      "name": "ダノンスウィッチ",
      "popularity": 5,
      "odds": 10.9,
      "mark": "○",
      "score": 114.58,
      "track_aptitude": 1,
      "total_points": 89.3261371724361,
      "detail_points": {
        "score": 46.3361371724361,
        "bias": 15.0,
        "pace": 12.0,
        "3f": 9.0,
        "margin": 6.0,
        "track": 0.99
      },
      "avg_margin": 0.8300000000000001,
      "race_name": "小倉10R",
      "pred_prob_won": 0.09964195936918259,
      "pred_prob_in_top2": 0.11472444832324982,
      "pred_prob_in_top3": 0.32601180076599123,
      "score_z": 0.6190274336856882,
      "上り3F平均": 37.55,
      "Ave-3F平均": 36.3,
      "PCI平均": 46.68,
      "-3F差平均": 0.51,
      "想定脚質": "先行",
      "track_bias_aptitude_score": 88.2,
      "investment_value_score": 56.6,
      "total_investment_index": 66.5,
      "investment_rating": 0.9670531034469605,
      "stability_score": 75,
      "investment_mark": "○"
    },
    {
      "horse_number": 9,
      "name": "ハリーケーン",
      "popularity": 1,
      "odds": 2.2,
      "mark": "×",
      "score": 120.51,
      "track_aptitude": 1,
      "total_points": 72.95422840504692,
      "detail_points": {
        "score": 48.73422840504691,
        "bias": 4.95,
        "pace": 8.28,
        "3f": 4.0,
        "margin": 6.0,
        "track": 0.99
      },
      "avg_margin": 0.8374999999999999,
      "race_name": "小倉10R",
      "pred_prob_won": 0.20741599500179292,
      "pred_prob_in_top2": 0.13119662553071976,
      "pred_prob_in_top3": 0.4571958303451538,
      "score_z": 1.5607495172557564,
      "上り3F平均": 37.34,
      "Ave-3F平均": 36.25,
      "PCI平均": 47.21,
      "-3F差平均": 1.4,
      "想定脚質": "逃げ",
      "track_bias_aptitude_score": 27.5,
      "investment_value_score": 100,
      "total_investment_index": 75.9,
      "investment_rating": 0.7515504097938538,
      "stability_score": 75,
      "investment_mark": "△"
    },
    {
      "horse_number": 15,
      "name": "ワイノナオミ",
      "popularity": 9,
      "odds": 23.5,
      "mark": "⭐︎",
      "score": 113.84,
      "track_aptitude": 2,
      "total_points": 74.326881268198,
      "detail_points": {
        "score": 46.036881268197995,
        "bias": 3.0,
        "pace": 8.28,
        "3f": 9.0,
        "margin": 6.0,
        "track": 2.0100000000000002
      },
      "avg_margin": 0.755,
      "race_name": "小倉10R",
      "pred_prob_won": 0.0704270526766777,
      "pred_prob_in_top2": 0.06052568033337593,
      "pred_prob_in_top3": 0.20605656504631042,
      "score_z": 0.5015106812671647,
      "上り3F平均": 36.48,
      "Ave-3F平均": 36.55,
      "PCI平均": 50.22,
      "-3F差平均": 1.05,
      "想定脚質": "後方",
      "track_bias_aptitude_score": 12.8,
      "investment_value_score": 36.3,
      "total_investment_index": 31.5,
      "investment_rating": 0.6805789858102799,
      "stability_score": 75,
      "investment_mark": "△"
    },
    {
      "horse_number": 6,
      "name": "クリノクリスタル",
      "popularity": 13,
      "odds": 42.8,
      "mark": "⭐︎",
      "score": 112.56,
      "track_aptitude": 0,
      "total_points": 77.51924943384017,
      "detail_points": {
        "score": 45.51924943384018,
        "bias": 9.0,
        "pace": 12.0,
        "3f": 7.0,
        "margin": 4.0,
        "track": 0.0
      },
      "avg_margin": 1.25,
      "race_name": "小倉10R",
      "pred_prob_won": 0.04218937009572983,
      "pred_prob_in_top2": 0.062359335273504256,
      "pred_prob_in_top3": 0.16420495212078096,
      "score_z": 0.29823846086755473,
      "上り3F平均": 37.85,
      "Ave-3F平均": 37.74,
      "PCI平均": 49.73,
      "-3F差平均": 1.1,
      "想定脚質": "中団",
      "track_bias_aptitude_score": 41.4,
      "investment_value_score": 24.7,
      "total_investment_index": 32.7,
      "investment_rating": 0.5614240738749504,
      "stability_score": 60,
      "investment_mark": "△"
    },
    {
      "horse_number": 2,
      "name": "スマートハンター",
      "popularity": 12,
      "odds": 40.4,
      "mark": "△",
      "score": 111.04,
      "track_aptitude": 1,
      "total_points": 85.89456163054028,
      "detail_points": {
        "score": 44.90456163054028,
        "bias": 15.0,
        "pace": 12.0,
        "3f": 9.0,
        "margin": 4.0,
        "track": 0.99
      },
      "avg_margin": 1.0599999999999998,
      "race_name": "小倉10R",
      "pred_prob_won": 0.034685426577925685,
      "pred_prob_in_top2": 0.06263457611203194,
      "pred_prob_in_top3": 0.1614248812198639,
      "score_z": 0.056852699143018756,
      "上り3F平均": 38.49,
      "Ave-3F平均": 37.18,
      "PCI平均": 46.68,
      "-3F差平均": 0.57,
      "想定脚質": "先行",
      "track_bias_aptitude_score": 88.2,
      "investment_value_score": 25.1,
      "total_investment_index": 46.6,
      "investment_rating": 0.49789775818586346,
      "stability_score": 60,
      "investment_mark": "☆"
    },
    {
      "horse_number": 3,
      "name": "バトンインディ",
      "popularity": 10,
      "odds": 24.1,
      "mark": "▲",
      "score": 109.38,
      "track_aptitude": 0,
      "total_points": 86.23325784535749,
      "detail_points": {
        "score": 44.233257845357485,
        "bias": 15.0,
        "pace": 12.0,
        "3f": 9.0,
        "margin": 6.0,
        "track": 0.0
      },
      "avg_margin": 0.9550000000000001,
      "race_name": "小倉10R",
      "pred_prob_won": 0.037135378643870356,
      "pred_prob_in_top2": 0.05702968090772629,
      "pred_prob_in_top3": 0.16365401744842528,
      "score_z": -0.20676596168772685,
      "上り3F平均": 38.84,
      "Ave-3F平均": 37.74,
      "PCI平均": 47.26,
      "-3F差平均": 0.43,
      "想定脚質": "先行",
      "track_bias_aptitude_score": 82.3,
      "investment_value_score": 27.9,
      "total_investment_index": 46.1,
      "investment_rating": 0.4364916265010834,
      "stability_score": 75,
      "investment_mark": "☆"
    },
    {
      "horse_number": 1,
      "name": "タイセイウォリアー",
      "popularity": 6,
      "odds": 15.1,
      "mark": "△",
      "score": 110.63,
      "track_aptitude": 1,
      "total_points": 85.72875768359754,
      "detail_points": {
        "score": 44.73875768359754,
        "bias": 15.0,
        "pace": 12.0,
        "3f": 9.0,
        "margin": 4.0,
        "track": 0.99
      },
      "avg_margin": 1.225,
      "race_name": "小倉10R",
      "pred_prob_won": 0.038842391967773435,
      "pred_prob_in_top2": 0.059781425446271894,
      "pred_prob_in_top3": 0.1640980839729309,
      "score_z": -0.008257933953732954,
      "上り3F平均": 38.0,
      "Ave-3F平均": 36.52,
      "PCI平均": 46.16,
      "-3F差平均": 0.36,
      "想定脚質": "先行",
      "track_bias_aptitude_score": 88.2,
      "investment_value_score": 37.8,
      "total_investment_index": 54.1,
      "investment_rating": 0.27869532406330105,
      "stability_score": 60,
      "investment_mark": "☆"
    },
    {
      "horse_number": 4,
      "name": "ダブルジャッジ",
      "popularity": 2,
      "odds": 7.2,
      "mark": "▲",
      "score": 111.46,
      "track_aptitude": 0,
      "total_points": 87.07440957618894,