{
  "horses": [
    {
      "horse_number": 7,
      "name": "アンクルクロス",
      "popularity": 3,
      "odds": 5.9,
      "mark": "○",
      "score": 118.08,
      "track_aptitude": 0,
      "total_points": 88.15,
      "detail_points": {
        "score": 50.0,
        "bias": 10.95,
        "pace": 10.2,
        "3f": 9.0,
        "margin": 8.0,
        "track": 0.0
      },
      "avg_margin": 0.29000000000000004,
      "race_name": "小倉11R",
      "pred_prob_won": 0.2527052164077759,
      "pred_prob_in_top2": 0.15829764902591706,
      "pred_prob_in_top3": 0.5513535618782044,
      "score_z": 1.9891636531603336,
      "上り3F平均": 34.04,
      "Ave-3F平均": 34.93,
      "PCI平均": 52.66,
      "-3F差平均": 0.78,
      "想定脚質": "中団",
      "track_bias_aptitude_score": 57.0,
      "investment_value_score": 92.0,
      "total_investment_index": 80.6,
      "investment_rating": 1.5194667541980744,
      "stability_score": 90,
      "investment_mark": "◎"
    },
    {
      "horse_number": 15,
      "name": "レッドエヴァンス",
      "popularity": 4,
      "odds": 7.4,
      "mark": "◎",
      "score": 109.2,
      "track_aptitude": 2,
      "total_points": 89.499837398374,
      "detail_points": {
        "score": 46.239837398373986,
        "bias": 13.05,
        "pace": 10.2,
        "3f": 9.0,
        "margin": 9.0,
        "track": 2.0100000000000002
      },
      "avg_margin": 0.195,
      "race_name": "小倉11R",
      "pred_prob_won": 0.15457853376865388,
      "pred_prob_in_top2": 0.14123258292675017,
      "pred_prob_in_top3": 0.43038199543952943,
      "score_z": 1.0621604577752692,
      "上り3F平均": 34.76,
      "Ave-3F平均": 34.53,
      "PCI平均": 49.39,
      "-3F差平均": 0.46,
      "想定脚質": "先行",
      "track_bias_aptitude_score": 91.6,
      "investment_value_score": 75.6,
      "total_investment_index": 79.6,
      "investment_rating": 1.3069706824421883,
      "stability_score": 90,
      "investment_mark": "○"
    },
    {
      "horse_number": 4,
      "name": "ミルテンベルク",
      "popularity": 2,
      "odds": 5.1,
      "mark": "▲",
      "score": 117.62,
      "track_aptitude": 0,
      "total_points": 85.95521680216802,
      "detail_points": {
        "score": 49.805216802168026,
        "bias": 10.95,
        "pace": 10.2,
        "3f": 9.0,
        "margin": 6.0,
        "track": 0.0
      },
      "avg_margin": 0.53,
      "race_name": "小倉11R",
      "pred_prob_won": 0.2581945061683655,
      "pred_prob_in_top2": 0.1492478907108307,
      "pred_prob_in_top3": 0.5403929471969604,
      "score_z": 1.9411432173633603,
      "上り3F平均": 34.58,
      "Ave-3F平均": 34.74,
      "PCI平均": 50.5,
      "-3F差平均": 0.85,
      "想定脚質": "中団",
      "track_bias_aptitude_score": 57.0,
      "investment_value_score": 100,
      "total_investment_index": 85.3,
      "investment_rating": 1.2360806047916413,
      "stability_score": 75,
      "investment_mark": "▲"
    },
    {
      "horse_number": 14,
      "name": "トールキン",
      "popularity": 9,
      "odds": 17.7,
      "mark": "△",
      "score": 101.19,
      "track_aptitude": 2,
      "total_points": 83.00806910569106,
      "detail_points": {
        "score": 42.84806910569105,
        "bias": 10.95,
        "pace": 10.2,
        "3f": 9.0,
        "margin": 8.0,
        "track": 2.0100000000000002
      },
      "avg_margin": 0.4750000000000001,
      "race_name": "小倉11R",
      "pred_prob_won": 0.04161638617515564,
      "pred_prob_in_top2": 0.06445251479744911,
      "pred_prob_in_top3": 0.17532328963279725,
      "score_z": 0.22597852139752428,
      "上り3F平均": 34.86,
      "Ave-3F平均": 34.5,
      "PCI平均": 49.03,
      "-3F差平均": 0.71,
      "想定脚質": "中団",
      "track_bias_aptitude_score": 73.7,
      "investment_value_score": 37.8,
      "total_investment_index": 50.2,
      "investment_rating": 0.557133711576462,
      "stability_score": 90,
      "investment_mark": "△"
    },
    {
      "horse_number": 6,
      "name": "セシリエプラージュ",
      "popularity": 1,
      "odds": 4.9,
      "mark": "▲",
      "score": 107.09,
      "track_aptitude": 0,
      "total_points": 83.4963753387534,
      "detail_points": {
        "score": 45.34637533875339,
        "bias": 10.95,
        "pace": 10.2,
        "3f": 9.0,
        "margin": 8.0,
        "track": 0.0
      },
      "avg_margin": 0.3071428571428571,
      "race_name": "小倉11R",
      "pred_prob_won": 0.11232804358005524,
      "pred_prob_in_top2": 0.11101292818784714,
      "pred_prob_in_top3": 0.32345271706581114,
      "score_z": 0.8418928066195838,
      "上り3F平均": 34.09,
      "Ave-3F平均": 35.83,
      "PCI平均": 55.17,
      "-3F差平均": 0.8,
      "想定脚質": "中団",
      "track_bias_aptitude_score": 57.0,
      "investment_value_score": 97.0,
      "total_investment_index": 81.7,
      "investment_rating": 0.5115959775447845,
      "stability_score": 90,
      "investment_mark": "△"
    },
    {
      "horse_number": 13,
      "name": "パクスロマーナ",
      "popularity": 6,
      "odds": 13.1,
      "mark": "△",
      "score": 100.82,
      "track_aptitude": 1,
      "total_points": 81.93139566395664,
      "detail_points": {
        "score": 42.69139566395664,
        "bias": 13.05,
        "pace": 10.2,
        "3f": 9.0,
        "margin": 6.0,
        "track": 0.99
      },
      "avg_margin": 0.66,
      "race_name": "小倉11R",
      "pred_prob_won": 0.04622173607349396,
      "pred_prob_in_top2": 0.0715449258685112,
      "pred_prob_in_top3": 0.17661902606487273,
      "score_z": 0.18735338825647946,
      "上り3F平均": 35.59,
      "Ave-3F平均": 34.42,
      "PCI平均": 46.76,
      "-3F差平均": 0.52,
      "想定脚質": "先行",
      "track_bias_aptitude_score": 83.2,
      "investment_value_score": 45.7,
      "total_investment_index": 57.7,
      "investment_rating": 0.4242641790211201,
      "stability_score": 75,
      "investment_mark": "☆"
    },
    {
      "horse_number": 9,
      "name": "デイトナモード",
      "popularity": 11,
      "odds": 26.6,
      "mark": "△",
      "score": 97.25,
      "track_aptitude": 2,
      "total_points": 81.43970867208674,
      "detail_points": {
        "score": 41.179708672086726,
        "bias": 13.05,
        "pace": 10.2,
        "3f": 9.0,
        "margin": 6.0,
        "track": 2.0100000000000002
      },
      "avg_margin": 0.6,
      "race_name": "小倉11R",
      "pred_prob_won": 0.02644975744187832,
      "pred_prob_in_top2": 0.05058893263339996,
      "pred_prob_in_top3": 0.12577394992113114,
      "score_z": -0.18532695042873173,
      "上り3F平均": 35.43,
      "Ave-3F平均": 35.07,
      "PCI平均": 49.05,
      "-3F差平均": 0.5,
      "想定脚質": "先行",
      "track_bias_aptitude_score": 91.6,
      "investment_value_score": 26.3,
      "total_investment_index": 48.0,
      "investment_rating": 0.2684594143927098,
      "stability_score": 75,
      "investment_mark": "☆"
    },
    {
      "horse_number": 1,
      "name": "エイムインライフ",
      "popularity": 8,
      "odds": 16.2,
      "mark": "×",
      "score": 99.66,
      "track_aptitude": 1,
      "total_points": 69.34020325203252,
      "detail_points": {
        "score": 42.20020325203252,
        "bias": 4.95,
        "pace": 10.2,
        "3f": 5.0,
        "margin": 6.0,
        "track": 0.99
      },
      "avg_margin": 0.7699999999999999,
      "race_name": "小倉11R",
      "pred_prob_won": 0.03194393813610077,
      "pred_prob_in_top2": 0.041863381117582324,
      "pred_prob_in_top3": 0.11924186497926711,
      "score_z": 0.06625837624671907,
      "上り3F平均": 36.16,
      "Ave-3F平均": 34.52,
      "PCI平均": 45.55,
      "-3F差平均": 0.6,
      "想定脚質": "逃げ",
      "track_bias_aptitude_score": 9.4,
      "investment_value_score": 32.1,
      "total_investment_index": 27.2,
      "investment_rating": 0.171413283124566,
      "stability_score": 75,
      "investment_mark": "×"
    },
    {
      "horse_number": 16,
      "name": "ワンダーキサラ",
      "popularity": 5,
      "odds": 12.4,
      "mark": "△",
      "score": 95.42,
      "track_aptitude": 2,
      "total_points": 80.66481029810299,