{
  "horses": [
    {
      "horse_number": 3,
      "name": "オテモヤン",
      "popularity": 8,
      "odds": 61.6,
      "mark": "▲",
      "score": 53.3,
      "track_aptitude": 0,
      "total_points": 72.03149289477886,
      "detail_points": {
        "score": 42.55149289477886,
        "bias": 9.0,
        "pace": 6.48,
        "3f": 4.0,
        "margin": 10.0,
        "track": 0.0
      },
      "avg_margin": 0.0,
      "race_name": "小倉5R",
      "pred_prob_won": 0.1155115932226181,
      "pred_prob_in_top2": 0.1395571857690811,
      "pred_prob_in_top3": 0.3996286153793335,
      "score_z": 0.8364802513729996,
      "上り3F平均": 0,
      "Ave-3F平均": 0,
      "PCI平均": 0,
      "-3F差平均": 0,
      "想定脚質": "不明",
      "track_bias_aptitude_score": null,
      "investment_value_score": 49.4,
      "total_investment_index": null,
      "investment_rating": 1.7776974153518674,
      "stability_score": 90,
      "investment_mark": "◎"
    },
    {
      "horse_number": 8,
      "name": "カシノアラート",
      "popularity": 11,
      "odds": 158.2,
      "mark": "△",
      "score": 50.91,
      "track_aptitude": 0,
      "total_points": 70.12346159987226,
      "detail_points": {
        "score": 40.64346159987226,
        "bias": 9.0,
        "pace": 6.48,
        "3f": 4.0,
        "margin": 10.0,
        "track": 0.0
      },
      "avg_margin": 0.0,
      "race_name": "小倉5R",
      "pred_prob_won": 0.09142157286405564,
      "pred_prob_in_top2": 0.08076986074447631,
      "pred_prob_in_top3": 0.26203571259975433,
      "score_z": 0.49602739635608456,
      "上り3F平均": 0,
      "Ave-3F平均": 0,
      "PCI平均": 0,
      "-3F差平均": 0,
      "想定脚質": "不明",
      "track_bias_aptitude_score": null,
      "investment_value_score": 29.9,
      "total_investment_index": null,
      "investment_rating": 1.2069803439080715,
      "stability_score": 90,
      "investment_mark": "○"
    },
    {
      "horse_number": 14,
      "name": "コパノバハマ",
      "popularity": 7,
      "odds": 43.8,
      "mark": "○",
      "score": 56.01,
      "track_aptitude": 0,
      "total_points": 74.19499281494491,
      "detail_points": {
        "score": 44.71499281494491,
        "bias": 9.0,
        "pace": 6.48,
        "3f": 4.0,
        "margin": 10.0,
        "track": 0.0
      },
      "avg_margin": 0.0,
      "race_name": "小倉5R",
      "pred_prob_won": 0.12025657594203949,
      "pred_prob_in_top2": 0.10686349719762803,
      "pred_prob_in_top3": 0.32817235589027405,
      "score_z": 1.22251675224992,
      "上り3F平均": 0,
      "Ave-3F平均": 0,
      "PCI平均": 0,
      "-3F差平均": 0,
      "想定脚質": "不明",
      "track_bias_aptitude_score": null,
      "investment_value_score": 49.8,
      "total_investment_index": null,
      "investment_rating": 1.2041738107800484,
      "stability_score": 90,
      "investment_mark": "▲"
    },
    {
      "horse_number": 7,
      "name": "ウイントッペン",
      "popularity": 2,
      "odds": 3.5,
      "mark": "◎",
      "score": 62.63,
      "track_aptitude": 0,
      "total_points": 79.48,
      "detail_points": {
        "score": 50.0,
        "bias": 9.0,
        "pace": 6.48,
        "3f": 4.0,
        "margin": 10.0,
        "track": 0.0
      },
      "avg_margin": 0.0,
      "race_name": "小倉5R",
      "pred_prob_won": 0.16267361342906952,
      "pred_prob_in_top2": 0.17111307382583618,
      "pred_prob_in_top3": 0.5212834537029266,
      "score_z": 2.1655284259787813,
      "上り3F平均": 0,
      "Ave-3F平均": 0,
      "PCI平均": 0,
      "-3F差平均": 0,
      "想定脚質": "不明",
      "track_bias_aptitude_score": null,
      "investment_value_score": 99.6,
      "total_investment_index": null,
      "investment_rating": 1.1117220157384873,
      "stability_score": 90,
      "investment_mark": "▲"
    },
    {
      "horse_number": 4,
      "name": "ファーストアタック",
      "popularity": 10,
      "odds": 68.0,
      "mark": "△",
      "score": 46.63,
      "track_aptitude": 0,
      "total_points": 66.70656873702698,
      "detail_points": {
        "score": 37.22656873702698,
        "bias": 9.0,
        "pace": 6.48,
        "3f": 4.0,
        "margin": 10.0,
        "track": 0.0
      },
      "avg_margin": 0.0,
      "race_name": "小倉5R",
      "pred_prob_won": 0.05667343102395535,
      "pred_prob_in_top2": 0.0419167447835207,
      "pred_prob_in_top3": 0.22838518917560577,
      "score_z": -0.11365386702148614,
      "上り3F平均": 0,
      "Ave-3F平均": 0,
      "PCI平均": 0,
      "-3F差平均": 0,
      "想定脚質": "不明",
      "track_bias_aptitude_score": null,
      "investment_value_score": 26.4,
      "total_investment_index": null,
      "investment_rating": 0.867211880981922,
      "stability_score": 90,
      "investment_mark": "△"
    },
    {
      "horse_number": 12,
      "name": "カラクニダケ",
      "popularity": 1,
      "odds": 2.0,
      "mark": "▲",
      "score": 53.77,
      "track_aptitude": 0,
      "total_points": 72.4067124381287,
      "detail_points": {
        "score": 42.926712438128696,
        "bias": 9.0,
        "pace": 6.48,
        "3f": 4.0,
        "margin": 10.0,
        "track": 0.0
      },
      "avg_margin": 0.0,
      "race_name": "小倉5R",
      "pred_prob_won": 0.12354782968759537,
      "pred_prob_in_top2": 0.12310512512922286,
      "pred_prob_in_top3": 0.37893749475479127,
      "score_z": 0.9034312312298833,
      "上り3F平均": 0,
      "Ave-3F平均": 0,
      "PCI平均": 0,
      "-3F差平均": 0,
      "想定脚質": "不明",
      "track_bias_aptitude_score": null,
      "investment_value_score": 100,
      "total_investment_index": null,
      "investment_rating": 0.5405031126737595,
      "stability_score": 90,
      "investment_mark": "△"
    },
    {
      "horse_number": 11,
      "name": "アクティングエリア",
      "popularity": 4,
      "odds": 11.4,
      "mark": "△",
      "score": 46.69,
      "track_aptitude": 0,
      "total_points": 66.75446910426314,
      "detail_points": {
        "score": 37.27446910426313,
        "bias": 9.0,
        "pace": 6.48,
        "3f": 4.0,
        "margin": 10.0,
        "track": 0.0
      },
      "avg_margin": 0.0,
      "race_name": "小倉5R",
      "pred_prob_won": 0.05000464655458927,
      "pred_prob_in_top2": 0.04291507862508297,
      "pred_prob_in_top3": 0.24253227412700654,
      "score_z": -0.10510693342273582,
      "上り3F平均": 0,
      "Ave-3F平均": 0,
      "PCI平均": 0,
      "-3F差平均": 0,
      "想定脚質": "不明",
      "track_bias_aptitude_score": null,
      "investment_value_score": 49.2,
      "total_investment_index": null,
      "investment_rating": 0.4701290965080261,
      "stability_score": 90,
      "investment_mark": "☆"
    },
    {
      "horse_number": 1,
      "name": "ナンテヒダ",
      "popularity": 3,
      "odds": 5.2,
      "mark": "△",
      "score": 46.28,
      "track_aptitude": 0,
      "total_points": 66.42714992814945,
      "detail_points": {
        "score": 36.94714992814945,
        "bias": 9.0,
        "pace": 6.48,
        "3f": 4.0,
        "margin": 10.0,
        "track": 0.0
      },
      "avg_margin": 0.0,
      "race_name": "小倉5R",
      "pred_prob_won": 0.10120837688446045,
      "pred_prob_in_top2": 0.09968679696321488,
      "pred_prob_in_top3": 0.25166943967342376,
      "score_z": -0.1635109796808672,
      "上り3F平均": 0,
      "Ave-3F平均": 0,
      "PCI平均": 0,
      "-3F差平均": 0,
      "想定脚質": "不明",
      "track_bias_aptitude_score": null,
      "investment_value_score": 56.5,
      "total_investment_index": null,
      "investment_rating": 0.41825956687331195,
      "stability_score": 90,
      "investment_mark": "☆"
    },
    {
      "horse_number": 13,
      "name": "キリシマネロ",
      "popularity": 14,
      "odds": 210.2,
      "mark": "⭐︎",
      "score": 39.48,
      "track_aptitude": 0,
      "total_points": 60.99844164138591,
      "detail_points": {
        "score": 31.518441641385913,
        "bias": 9.0,
        "pace": 6.48,
        "3f": 4.0,
        "margin": 10.0,
        "track": 0.0
      },
      "avg_margin": 0.0,
      "race_name": "小倉5R",
      "pred_prob_won": 0.04127803221344948,