{
  "horses": [
    {
      "horse_number": 5,
      "name": "ショウナンマハト",
      "popularity": 15,
      "odds": 80.1,
      "mark": "▲",
      "score": 123.46,
      "track_aptitude": 1,
      "total_points": 83.21587044257473,
      "detail_points": {
        "score": 42.22587044257473,
        "bias": 15.0,
        "pace": 12.0,
        "3f": 9.0,
        "margin": 4.0,
        "track": 0.99
      },
      "avg_margin": 1.4700000000000002,
      "race_name": "小倉3R",
      "pred_prob_won": 0.08611328005790711,
      "pred_prob_in_top2": 0.10193447172641754,
      "pred_prob_in_top3": 0.2986352264881134,
      "score_z": 0.38801543218292,
      "上り3F平均": 37.4,
      "Ave-3F平均": 37.09,
      "PCI平均": 49.29,
      "-3F差平均": 0.49,
      "想定脚質": "先行",
      "track_bias_aptitude_score": 89.0,
      "investment_value_score": 35.4,
      "total_investment_index": 53.6,
      "investment_rating": 2.0915569809079173,
      "stability_score": 60,
      "investment_mark": "◎"
    },
    {
      "horse_number": 15,
      "name": "アイスモント",
      "popularity": 2,
      "odds": 3.8,
      "mark": "○",
      "score": 146.19,
      "track_aptitude": 1,
      "total_points": 85.27,
      "detail_points": {
        "score": 50.0,
        "bias": 9.0,
        "pace": 8.28,
        "3f": 9.0,
        "margin": 8.0,
        "track": 0.99
      },
      "avg_margin": 0.3,
      "race_name": "小倉3R",
      "pred_prob_won": 0.29237833619117737,
      "pred_prob_in_top2": 0.19088965952396392,
      "pred_prob_in_top3": 0.6115895509719849,
      "score_z": 1.8303033755218798,
      "上り3F平均": 35.97,
      "Ave-3F平均": 36.19,
      "PCI平均": 50.66,
      "-3F差平均": 0.55,
      "想定脚質": "中団",
      "track_bias_aptitude_score": 54.2,
      "investment_value_score": 91.8,
      "total_investment_index": 79.4,
      "investment_rating": 1.4512917876243592,
      "stability_score": 90,
      "investment_mark": "○"
    },
    {
      "horse_number": 6,
      "name": "ディナーラッシュ",
      "popularity": 3,
      "odds": 5.9,
      "mark": "▲",
      "score": 134.06,
      "track_aptitude": 2,
      "total_points": 74.14128941788086,
      "detail_points": {
        "score": 45.85128941788084,
        "bias": 3.0,
        "pace": 8.28,
        "3f": 9.0,
        "margin": 6.0,
        "track": 2.0100000000000002
      },
      "avg_margin": 1.0,
      "race_name": "小倉3R",
      "pred_prob_won": 0.15934386551380159,
      "pred_prob_in_top2": 0.1631786972284317,
      "pred_prob_in_top3": 0.4737383723258972,
      "score_z": 1.0606178166700728,
      "上り3F平均": 34.4,
      "Ave-3F平均": 36.84,
      "PCI平均": 57.1,
      "-3F差平均": 1.8,
      "想定脚質": "後方",
      "track_bias_aptitude_score": 12.0,
      "investment_value_score": 75.4,
      "total_investment_index": 55.6,
      "investment_rating": 1.289649710059166,
      "stability_score": 75,
      "investment_mark": "▲"
    },
    {
      "horse_number": 10,
      "name": "メイショウサノサ",
      "popularity": 7,
      "odds": 31.4,
      "mark": "△",
      "score": 126.95,
      "track_aptitude": 0,
      "total_points": 73.69952253916136,
      "detail_points": {
        "score": 43.41952253916136,
        "bias": 9.0,
        "pace": 8.28,
        "3f": 9.0,
        "margin": 4.0,
        "track": 0.0
      },
      "avg_margin": 1.6416666666666666,
      "race_name": "小倉3R",
      "pred_prob_won": 0.09737135767936707,
      "pred_prob_in_top2": 0.10308509916067124,
      "pred_prob_in_top3": 0.3104701817035675,
      "score_z": 0.6094665946225585,
      "上り3F平均": 37.35,
      "Ave-3F平均": 37.53,
      "PCI平均": 50.7,
      "-3F差平均": 0.93,
      "想定脚質": "中団",
      "track_bias_aptitude_score": 48.7,
      "investment_value_score": 50.3,
      "total_investment_index": 50.8,
      "investment_rating": 1.242062490284443,
      "stability_score": 60,
      "investment_mark": "▲"
    },
    {
      "horse_number": 2,
      "name": "ニューヤンキー",
      "popularity": 1,
      "odds": 3.1,
      "mark": "◎",
      "score": 137.69,
      "track_aptitude": 2,
      "total_points": 94.10282440659417,
      "detail_points": {
        "score": 47.09282440659416,
        "bias": 15.0,
        "pace": 12.0,
        "3f": 9.0,
        "margin": 9.0,
        "track": 2.0100000000000002
      },
      "avg_margin": 0.125,
      "race_name": "小倉3R",
      "pred_prob_won": 0.2330338954925537,
      "pred_prob_in_top2": 0.19492689073085784,
      "pred_prob_in_top3": 0.5564211010932922,
      "score_z": 1.290952406829352,
      "上り3F平均": 36.3,
      "Ave-3F平均": 36.53,
      "PCI平均": 50.7,
      "-3F差平均": 0.4,
      "想定脚質": "先行",
      "track_bias_aptitude_score": 94.5,
      "investment_value_score": 100,
      "total_investment_index": 95.5,
      "investment_rating": 1.0463053673505784,
      "stability_score": 90,
      "investment_mark": "△"
    },
    {
      "horse_number": 13,
      "name": "ポジターノ",
      "popularity": 6,
      "odds": 24.8,
      "mark": "△",
      "score": 124.06,
      "track_aptitude": 2,
      "total_points": 72.72108283740339,
      "detail_points": {
        "score": 42.43108283740338,
        "bias": 9.0,
        "pace": 8.28,
        "3f": 7.0,
        "margin": 4.0,
        "track": 2.0100000000000002
      },
      "avg_margin": 1.5599999999999998,
      "race_name": "小倉3R",
      "pred_prob_won": 0.06061455085873604,
      "pred_prob_in_top2": 0.08053052127361297,
      "pred_prob_in_top3": 0.25241200625896454,
      "score_z": 0.426087265267099,
      "上り3F平均": 37.28,
      "Ave-3F平均": 36.94,
      "PCI平均": 49.3,
      "-3F差平均": 1.38,
      "想定脚質": "中団",
      "track_bias_aptitude_score": 59.7,
      "investment_value_score": 48.7,
      "total_investment_index": 52.8,
      "investment_rating": 0.8368188306689264,
      "stability_score": 60,
      "investment_mark": "△"
    },
    {
      "horse_number": 7,
      "name": "エルモドンナ",
      "popularity": 12,
      "odds": 41.9,
      "mark": "×",
      "score": 121.96,
      "track_aptitude": 2,
      "total_points": 66.0028394555031,
      "detail_points": {
        "score": 41.71283945550311,
        "bias": 3.0,
        "pace": 8.28,
        "3f": 7.0,
        "margin": 4.0,
        "track": 2.0100000000000002
      },
      "avg_margin": 1.6,
      "race_name": "小倉3R",
      "pred_prob_won": 0.05383337289094925,
      "pred_prob_in_top2": 0.06688299924135208,
      "pred_prob_in_top3": 0.17799327075481414,
      "score_z": 0.29283584947247393,
      "上り3F平均": 36.78,
      "Ave-3F平均": 37.17,
      "PCI平均": 51.12,
      "-3F差平均": 0.96,
      "想定脚質": "後方",
      "track_bias_aptitude_score": 12.0,
      "investment_value_score": 30.0,
      "total_investment_index": 27.1,
      "investment_rating": 0.7595448201894761,
      "stability_score": 60,
      "investment_mark": "☆"
    },
    {
      "horse_number": 9,
      "name": "シェーラ",
      "popularity": 9,
      "odds": 33.6,
      "mark": "△",
      "score": 118.99,
      "track_aptitude": 1,
      "total_points": 69.9670381011013,
      "detail_points": {
        "score": 40.697038101101306,
        "bias": 9.0,
        "pace": 8.28,
        "3f": 7.0,
        "margin": 4.0,
        "track": 0.99
      },
      "avg_margin": 1.06,
      "race_name": "小倉3R",
      "pred_prob_won": 0.04942139759659767,
      "pred_prob_in_top2": 0.06622676849365235,
      "pred_prob_in_top3": 0.19516745805740357,
      "score_z": 0.10438027570579075,
      "上り3F平均": 35.12,
      "Ave-3F平均": 37.24,
      "PCI平均": 56.22,
      "-3F差平均": 1.02,
      "想定脚質": "中団",
      "track_bias_aptitude_score": 54.2,
      "investment_value_score": 35.9,
      "total_investment_index": 43.0,
      "investment_rating": 0.7283468502759933,
      "stability_score": 60,
      "investment_mark": "☆"
    },
    {
      "horse_number": 18,
      "name": "ミッキータンバリン",
      "popularity": 14,
      "odds": 57.3,
      "mark": "⭐︎",
      "score": 117.44,
      "track_aptitude": 1,
      "total_points": 69.4369060811273,
      "detail_points": {
        "score": 40.1669060811273,