{
  "horses": [
    {
      "horse_number": 14,
      "name": "アブキールベイ",
      "popularity": 7,
      "odds": 10.3,
      "mark": "○",
      "score": 110.25,
      "track_aptitude": 0,
      "total_points": 87.57023121387283,
      "detail_points": {
        "score": 45.52023121387283,
        "bias": 13.05,
        "pace": 12.0,
        "3f": 9.0,
        "margin": 8.0,
        "track": 0.0
      },
      "avg_margin": 0.25,
      "race_name": "小倉11R",
      "pred_prob_won": 0.19012962877750397,
      "pred_prob_in_top2": 0.1441688895225525,
      "pred_prob_in_top3": 0.46506783962249754,
      "score_z": 1.3561664540377227,
      "上り3F平均": 34.33,
      "Ave-3F平均": 35.34,
      "PCI平均": 52.97,
      "-3F差平均": 0.59,
      "想定脚質": "先行",
      "track_bias_aptitude_score": 73.8,
      "investment_value_score": 56.5,
      "total_investment_index": 63.3,
      "investment_rating": 2.084619725942612,
      "stability_score": 90,
      "investment_mark": "◎"
    },
    {
      "horse_number": 15,
      "name": "ロードフォアエース",
      "popularity": 1,
      "odds": 6.3,
      "mark": "◎",
      "score": 121.1,
      "track_aptitude": 0,
      "total_points": 92.05,
      "detail_points": {
        "score": 50.0,
        "bias": 13.05,
        "pace": 12.0,
        "3f": 9.0,
        "margin": 8.0,
        "track": 0.0
      },
      "avg_margin": 0.21000000000000002,
      "race_name": "小倉11R",
      "pred_prob_won": 0.2973556637763977,
      "pred_prob_in_top2": 0.12004590481519699,
      "pred_prob_in_top3": 0.5855043649673461,
      "score_z": 2.5511642363584555,
      "上り3F平均": 35.56,
      "Ave-3F平均": 34.85,
      "PCI平均": 48.16,
      "-3F差平均": 0.51,
      "想定脚質": "先行",
      "track_bias_aptitude_score": 73.8,
      "investment_value_score": 100,
      "total_investment_index": 91.4,
      "investment_rating": 1.1088343846797943,
      "stability_score": 90,
      "investment_mark": "○"
    },
    {
      "horse_number": 4,
      "name": "ミルトクレイモー",
      "popularity": 11,
      "odds": 21.9,
      "mark": "△",
      "score": 101.82,
      "track_aptitude": 1,
      "total_points": 85.07963666391412,
      "detail_points": {
        "score": 42.03963666391412,
        "bias": 13.05,
        "pace": 12.0,
        "3f": 9.0,
        "margin": 8.0,
        "track": 0.99
      },
      "avg_margin": 0.42499999999999993,
      "race_name": "小倉11R",
      "pred_prob_won": 0.05236275568604469,
      "pred_prob_in_top2": 0.06689131483435631,
      "pred_prob_in_top3": 0.20287866592407228,
      "score_z": 0.4277027392945165,
      "上り3F平均": 33.67,
      "Ave-3F平均": 34.32,
      "PCI平均": 52.0,
      "-3F差平均": 0.62,
      "想定脚質": "中団",
      "track_bias_aptitude_score": 69.9,
      "investment_value_score": 32.5,
      "total_investment_index": 46.2,
      "investment_rating": 0.902021794319153,
      "stability_score": 90,
      "investment_mark": "▲"
    },
    {
      "horse_number": 18,
      "name": "ヨシノイースター",
      "popularity": 5,
      "odds": 9.6,
      "mark": "▲",
      "score": 102.68,
      "track_aptitude": 2,
      "total_points": 86.45471511147812,
      "detail_points": {
        "score": 42.39471511147812,
        "bias": 13.05,
        "pace": 12.0,
        "3f": 9.0,
        "margin": 8.0,
        "track": 2.0100000000000002
      },
      "avg_margin": 0.33999999999999997,
      "race_name": "小倉11R",
      "pred_prob_won": 0.08163571655750275,
      "pred_prob_in_top2": 0.08267664760351182,
      "pred_prob_in_top3": 0.2589886784553528,
      "score_z": 0.5224214575245485,
      "上り3F平均": 34.28,
      "Ave-3F平均": 34.17,
      "PCI平均": 49.72,
      "-3F差平均": 0.61,
      "想定脚質": "先行",
      "track_bias_aptitude_score": 91.3,
      "investment_value_score": 49.3,
      "total_investment_index": 62.8,
      "investment_rating": 0.7766007512807847,
      "stability_score": 90,
      "investment_mark": "△"
    },
    {
      "horse_number": 9,
      "name": "ヤマニンアルリフラ",
      "popularity": 2,
      "odds": 7.0,
      "mark": "▲",
      "score": 107.73,
      "track_aptitude": 1,
      "total_points": 87.51976878612717,
      "detail_points": {
        "score": 44.479768786127174,
        "bias": 13.05,
        "pace": 12.0,
        "3f": 9.0,
        "margin": 8.0,
        "track": 0.99
      },
      "avg_margin": 0.24499999999999997,
      "race_name": "小倉11R",
      "pred_prob_won": 0.13711865842342377,
      "pred_prob_in_top2": 0.12794688642024993,
      "pred_prob_in_top3": 0.36047461032867434,
      "score_z": 1.0786185820148433,
      "上り3F平均": 35.86,
      "Ave-3F平均": 35.4,
      "PCI平均": 48.87,
      "-3F差平均": 0.48,
      "想定脚質": "先行",
      "track_bias_aptitude_score": 82.5,
      "investment_value_score": 72.1,
      "total_investment_index": 74.8,
      "investment_rating": 0.7732814478874207,
      "stability_score": 90,
      "investment_mark": "△"
    },
    {
      "horse_number": 5,
      "name": "モズメイメイ",
      "popularity": 12,
      "odds": 22.8,
      "mark": "⭐︎",
      "score": 100.06,
      "track_aptitude": 0,
      "total_points": 81.36296449215524,
      "detail_points": {
        "score": 41.312964492155245,
        "bias": 13.05,
        "pace": 12.0,
        "3f": 9.0,
        "margin": 6.0,
        "track": 0.0
      },
      "avg_margin": 0.76,
      "race_name": "小倉11R",
      "pred_prob_won": 0.032106893882155416,
      "pred_prob_in_top2": 0.052299168705940244,
      "pred_prob_in_top3": 0.13250894099473953,
      "score_z": 0.23385978105631566,
      "上り3F平均": 34.36,
      "Ave-3F平均": 34.51,
      "PCI平均": 50.47,
      "-3F差平均": 0.91,
      "想定脚質": "中団",
      "track_bias_aptitude_score": 61.2,
      "investment_value_score": 24.0,
      "total_investment_index": 38.2,
      "investment_rating": 0.3865733161568642,
      "stability_score": 75,
      "investment_mark": "☆"
    },
    {
      "horse_number": 6,
      "name": "メイショウソラフネ",
      "popularity": 3,
      "odds": 7.2,
      "mark": "△",
      "score": 98.85,
      "track_aptitude": 3,
      "total_points": 85.86337737407102,
      "detail_points": {
        "score": 40.81337737407102,
        "bias": 13.05,
        "pace": 12.0,
        "3f": 9.0,
        "margin": 8.0,
        "track": 3.0
      },
      "avg_margin": 0.495,
      "race_name": "小倉11R",
      "pred_prob_won": 0.0382082037627697,
      "pred_prob_in_top2": 0.05730235353112221,
      "pred_prob_in_top3": 0.15345147848129273,
      "score_z": 0.10059274726755102,
      "上り3F平均": 34.37,
      "Ave-3F平均": 34.15,
      "PCI平均": 49.41,
      "-3F差平均": 0.54,
      "想定脚質": "中団",
      "track_bias_aptitude_score": 87.4,
      "investment_value_score": 47.6,
      "total_investment_index": 59.9,
      "investment_rating": 0.2487173050642014,
      "stability_score": 90,
      "investment_mark": "☆"
    },
    {
      "horse_number": 17,
      "name": "キタノエクスプレス",
      "popularity": 4,
      "odds": 9.0,
      "mark": "△",
      "score": 97.5,
      "track_aptitude": 0,
      "total_points": 82.30598678777869,
      "detail_points": {
        "score": 40.255986787778696,
        "bias": 13.05,
        "pace": 12.0,
        "3f": 9.0,
        "margin": 8.0,
        "track": 0.0
      },
      "avg_margin": 0.255,
      "race_name": "小倉11R",
      "pred_prob_won": 0.03284479454159737,
      "pred_prob_in_top2": 0.050861166417598726,
      "pred_prob_in_top3": 0.14230004847049713,
      "score_z": -0.04809361274470547,
      "上り3F平均": 33.87,
      "Ave-3F平均": 34.52,
      "PCI平均": 51.94,
      "-3F差平均": 0.84,
      "想定脚質": "中団",
      "track_bias_aptitude_score": 61.2,
      "investment_value_score": 41.4,
      "total_investment_index": 48.1,
      "investment_rating": 0.24074018418788912,
      "stability_score": 90,
      "investment_mark": "☆"
    },
    {
      "horse_number": 1,
      "name": "ヤマニンアンフィル",
      "popularity": 8,
      "odds": 19.9,
      "mark": "△",
      "score": 95.77,
      "track_aptitude": 0,
      "total_points": 81.59170107349298,