{
  "horses": [
    {
      "horse_number": 4,
      "name": "ゲッティヴィラ",
      "popularity": 4,
      "odds": 8.4,
      "mark": "○",
      "score": 99.18,
      "track_aptitude": 2,
      "total_points": 91.6194470046083,
      "detail_points": {
        "score": 47.6094470046083,
        "bias": 15.0,
        "pace": 12.0,
        "3f": 9.0,
        "margin": 6.0,
        "track": 2.0100000000000002
      },
      "avg_margin": 0.6749999999999999,
      "race_name": "小倉9R",
      "pred_prob_won": 0.1273132011294365,
      "pred_prob_in_top2": 0.11945383548736573,
      "pred_prob_in_top3": 0.3687187433242798,
      "score_z": 0.9291808913424325,
      "上り3F平均": 36.35,
      "Ave-3F平均": 35.2,
      "PCI平均": 46.85,
      "-3F差平均": 0.53,
      "想定脚質": "先行",
      "track_bias_aptitude_score": 93.9,
      "investment_value_score": 76.6,
      "total_investment_index": 80.7,
      "investment_rating": 0.9748749732971191,
      "stability_score": 75,
      "investment_mark": "◎"
    },
    {
      "horse_number": 10,
      "name": "セントールビースト",
      "popularity": 10,
      "odds": 21.3,
      "mark": "▲",
      "score": 92.78,
      "track_aptitude": 0,
      "total_points": 84.53725038402459,
      "detail_points": {
        "score": 44.53725038402458,
        "bias": 15.0,
        "pace": 12.0,
        "3f": 9.0,
        "margin": 4.0,
        "track": 0.0
      },
      "avg_margin": 1.2166666666666666,
      "race_name": "小倉9R",
      "pred_prob_won": 0.06956223621964455,
      "pred_prob_in_top2": 0.08205122351646424,
      "pred_prob_in_top3": 0.23591244220733643,
      "score_z": 0.2969314391531702,
      "上り3F平均": 37.98,
      "Ave-3F平均": 35.17,
      "PCI平均": 42.75,
      "-3F差平均": 0.3,
      "想定脚質": "先行",
      "track_bias_aptitude_score": 81.6,
      "investment_value_score": 40.8,
      "total_investment_index": 54.5,
      "investment_rating": 0.9221608281135558,
      "stability_score": 60,
      "investment_mark": "○"
    },
    {
      "horse_number": 5,
      "name": "パルプフィクション",
      "popularity": 6,
      "odds": 15.4,
      "mark": "△",
      "score": 98.47,
      "track_aptitude": 2,
      "total_points": 81.5086251920123,
      "detail_points": {
        "score": 47.268625192012294,
        "bias": 10.95,
        "pace": 8.28,
        "3f": 7.0,
        "margin": 6.0,
        "track": 2.0100000000000002
      },
      "avg_margin": 0.9650000000000002,
      "race_name": "小倉9R",
      "pred_prob_won": 0.10337797254323959,
      "pred_prob_in_top2": 0.10422054082155227,
      "pred_prob_in_top3": 0.2977023720741272,
      "score_z": 0.8590407177401855,
      "上り3F平均": 36.35,
      "Ave-3F平均": 34.16,
      "PCI平均": 43.99,
      "-3F差平均": 0.42,
      "想定脚質": "逃げ",
      "track_bias_aptitude_score": 59.7,
      "investment_value_score": 61.1,
      "total_investment_index": 61.0,
      "investment_rating": 0.9182820975780488,
      "stability_score": 75,
      "investment_mark": "▲"
    },
    {
      "horse_number": 6,
      "name": "ディーエスショウマ",
      "popularity": 3,
      "odds": 8.2,
      "mark": "△",
      "score": 104.16,
      "track_aptitude": 0,
      "total_points": 84.23,
      "detail_points": {
        "score": 50.0,
        "bias": 10.95,
        "pace": 8.28,
        "3f": 7.0,
        "margin": 8.0,
        "track": 0.0
      },
      "avg_margin": 0.5,
      "race_name": "小倉9R",
      "pred_prob_won": 0.161640664935112,
      "pred_prob_in_top2": 0.1193595439195633,
      "pred_prob_in_top3": 0.39196631908416746,
      "score_z": 1.4211499963272007,
      "上り3F平均": 37.3,
      "Ave-3F平均": 34.92,
      "PCI平均": 43.7,
      "-3F差平均": 0.3,
      "想定脚質": "逃げ",
      "track_bias_aptitude_score": 47.4,
      "investment_value_score": 88.2,
      "total_investment_index": 74.5,
      "investment_rating": 0.9022838008403776,
      "stability_score": 90,
      "investment_mark": "▲"
    },
    {
      "horse_number": 8,
      "name": "ファムエレガンテ",
      "popularity": 2,
      "odds": 4.6,
      "mark": "◎",
      "score": 102.2,
      "track_aptitude": 2,
      "total_points": 93.06913978494624,
      "detail_points": {
        "score": 49.05913978494624,
        "bias": 15.0,
        "pace": 12.0,
        "3f": 7.0,
        "margin": 8.0,
        "track": 2.0100000000000002
      },
      "avg_margin": 0.3,
      "race_name": "小倉9R",
      "pred_prob_won": 0.1814531296491623,
      "pred_prob_in_top2": 0.13976755142211914,
      "pred_prob_in_top3": 0.4401041388511658,
      "score_z": 1.22752360159424,
      "上り3F平均": 36.43,
      "Ave-3F平均": 34.46,
      "PCI平均": 44.63,
      "-3F差平均": 0.17,
      "想定脚質": "先行",
      "track_bias_aptitude_score": 93.9,
      "investment_value_score": 100,
      "total_investment_index": 95.2,
      "investment_rating": 0.8763020026683808,
      "stability_score": 90,
      "investment_mark": "△"
    },
    {
      "horse_number": 3,
      "name": "ペプチドシュチク",
      "popularity": 14,
      "odds": 97.7,
      "mark": "▲",
      "score": 88.98,
      "track_aptitude": 0,
      "total_points": 84.713133640553,
      "detail_points": {
        "score": 42.713133640552996,
        "bias": 15.0,
        "pace": 12.0,
        "3f": 9.0,
        "margin": 6.0,
        "track": 0.0
      },
      "avg_margin": 0.8399999999999999,
      "race_name": "小倉9R",
      "pred_prob_won": 0.04643910601735115,
      "pred_prob_in_top2": 0.06348790526390076,
      "pred_prob_in_top3": 0.17964275181293488,
      "score_z": -0.07846667308420364,
      "上り3F平均": 37.08,
      "Ave-3F平均": 35.33,
      "PCI平均": 45.4,
      "-3F差平均": 0.41,
      "想定脚質": "先行",
      "track_bias_aptitude_score": 81.6,
      "investment_value_score": 25.5,
      "total_investment_index": 44.7,
      "investment_rating": 0.7066061422228813,
      "stability_score": 75,
      "investment_mark": "△"
    },
    {
      "horse_number": 11,
      "name": "アスタールフナ",
      "popularity": 1,
      "odds": 3.0,
      "mark": "⭐︎",
      "score": 97.3,
      "track_aptitude": 0,
      "total_points": 75.93698924731183,
      "detail_points": {
        "score": 46.70698924731183,
        "bias": 10.95,
        "pace": 8.28,
        "3f": 4.0,
        "margin": 6.0,
        "track": 0.0
      },
      "avg_margin": 0.5166666666666666,
      "race_name": "小倉9R",
      "pred_prob_won": 0.07137633040547371,
      "pred_prob_in_top2": 0.07638194411993027,
      "pred_prob_in_top3": 0.2377707004547119,
      "score_z": 0.7434576147618359,
      "上り3F平均": 37.5,
      "Ave-3F平均": 34.96,
      "PCI平均": 43.28,
      "-3F差平均": 0.9,
      "想定脚質": "逃げ",
      "track_bias_aptitude_score": 47.4,
      "investment_value_score": 98.6,
      "total_investment_index": 79.6,
      "investment_rating": 0.208761146068573,
      "stability_score": 75,
      "investment_mark": "☆"
    },
    {
      "horse_number": 2,
      "name": "エコロネオ",
      "popularity": 5,
      "odds": 10.3,
      "mark": "△",
      "score": 91.01,
      "track_aptitude": 0,
      "total_points": 83.68759600614439,
      "detail_points": {
        "score": 43.687596006144396,
        "bias": 15.0,
        "pace": 12.0,
        "3f": 9.0,
        "margin": 4.0,
        "track": 0.0
      },
      "avg_margin": 1.1222222222222222,
      "race_name": "小倉9R",
      "pred_prob_won": 0.036759636178612706,
      "pred_prob_in_top2": 0.05597344115376472,
      "pred_prob_in_top3": 0.15192331075668336,
      "score_z": 0.12207495003207791,
      "上り3F平均": 37.38,
      "Ave-3F平均": 35.85,
      "PCI平均": 45.96,
      "-3F差平均": 0.89,
      "想定脚質": "先行",
      "track_bias_aptitude_score": 81.6,
      "investment_value_score": 45.9,
      "total_investment_index": 57.2,
      "investment_rating": 0.1412510639429092,
      "stability_score": 60,
      "investment_mark": "×"
    },
    {
      "horse_number": 7,
      "name": "ゼンノツキヨミ",
      "popularity": 13,
      "odds": 60.9,
      "mark": "△",
      "score": 84.28,
      "track_aptitude": 2,
      "total_points": 84.46698924731184,