{
  "horses": [
    {
      "horse_number": 1,
      "name": "メイショウクモイ",
      "popularity": 8,
      "odds": 18.5,
      "mark": "▲",
      "score": 123.84,
      "track_aptitude": 1,
      "total_points": 88.31279314888009,
      "detail_points": {
        "score": 45.3227931488801,
        "bias": 15.0,
        "pace": 12.0,
        "3f": 9.0,
        "margin": 6.0,
        "track": 0.99
      },
      "avg_margin": 0.805,
      "race_name": "小倉12R",
      "pred_prob_won": 0.12252115905284881,
      "pred_prob_in_top2": 0.12486808151006698,
      "pred_prob_in_top3": 0.36597480773925783,
      "score_z": 0.7993732092516638,
      "上り3F平均": 37.93,
      "Ave-3F平均": 37.69,
      "PCI平均": 49.47,
      "-3F差平均": 0.63,
      "想定脚質": "先行",
      "track_bias_aptitude_score": 88.5,
      "investment_value_score": 48.6,
      "total_investment_index": 62.0,
      "investment_rating": 1.632446327209473,
      "stability_score": 75,
      "investment_mark": "◎"
    },
    {
      "horse_number": 3,
      "name": "スリーキングス",
      "popularity": 5,
      "odds": 8.1,
      "mark": "△",
      "score": 125.58,
      "track_aptitude": 2,
      "total_points": 83.96959595959596,
      "detail_points": {
        "score": 45.95959595959596,
        "bias": 9.0,
        "pace": 12.0,
        "3f": 9.0,
        "margin": 6.0,
        "track": 2.0100000000000002
      },
      "avg_margin": 0.7142857142857143,
      "race_name": "小倉12R",
      "pred_prob_won": 0.13566821813583374,
      "pred_prob_in_top2": 0.130661216378212,
      "pred_prob_in_top3": 0.38792060017585756,
      "score_z": 0.9349724667800959,
      "上り3F平均": 36.2,
      "Ave-3F平均": 37.0,
      "PCI平均": 52.31,
      "-3F差平均": 0.51,
      "想定脚質": "中団",
      "track_bias_aptitude_score": 52.9,
      "investment_value_score": 58.5,
      "total_investment_index": 57.5,
      "investment_rating": 1.2762466707825662,
      "stability_score": 75,
      "investment_mark": "○"
    },
    {
      "horse_number": 9,
      "name": "タケノシンセイ",
      "popularity": 10,
      "odds": 27.7,
      "mark": "▲",
      "score": 118.4,
      "track_aptitude": 2,
      "total_points": 87.34186941882594,
      "detail_points": {
        "score": 43.33186941882594,
        "bias": 15.0,
        "pace": 12.0,
        "3f": 9.0,
        "margin": 6.0,
        "track": 2.0100000000000002
      },
      "avg_margin": 0.5299999999999999,
      "race_name": "小倉12R",
      "pred_prob_won": 0.0758755087852478,
      "pred_prob_in_top2": 0.08929235339164734,
      "pred_prob_in_top3": 0.26967795491218566,
      "score_z": 0.37543070295587516,
      "上り3F平均": 38.44,
      "Ave-3F平均": 37.6,
      "PCI平均": 47.94,
      "-3F差平均": 0.7,
      "想定脚質": "先行",
      "track_bias_aptitude_score": 94.2,
      "investment_value_score": 37.9,
      "total_investment_index": 56.6,
      "investment_rating": 1.2416812753677369,
      "stability_score": 75,
      "investment_mark": "▲"
    },
    {
      "horse_number": 11,
      "name": "ダノンヴェステル",
      "popularity": 1,
      "odds": 2.7,
      "mark": "◎",
      "score": 136.62,
      "track_aptitude": 0,
      "total_points": 93.0,
      "detail_points": {
        "score": 50.0,
        "bias": 15.0,
        "pace": 12.0,
        "3f": 7.0,
        "margin": 9.0,
        "track": 0.0
      },
      "avg_margin": 0.13,
      "race_name": "小倉12R",
      "pred_prob_won": 0.2796622276306152,
      "pred_prob_in_top2": 0.18224280178546906,
      "pred_prob_in_top3": 0.5944664597511291,
      "score_z": 1.795326376615668,
      "上り3F平均": 37.92,
      "Ave-3F平均": 38.3,
      "PCI平均": 51.04,
      "-3F差平均": 0.2,
      "想定脚質": "先行",
      "track_bias_aptitude_score": 82.7,
      "investment_value_score": 100,
      "total_investment_index": 92.8,
      "investment_rating": 1.0875495344400405,
      "stability_score": 90,
      "investment_mark": "▲"
    },
    {
      "horse_number": 15,
      "name": "ゼロスネーク",
      "popularity": 2,
      "odds": 6.5,
      "mark": "○",
      "score": 126.29,
      "track_aptitude": 0,
      "total_points": 91.21944078465818,
      "detail_points": {
        "score": 46.219440784658175,
        "bias": 15.0,
        "pace": 12.0,
        "3f": 9.0,
        "margin": 9.0,
        "track": 0.0
      },
      "avg_margin": 0.1,
      "race_name": "小倉12R",
      "pred_prob_won": 0.16140084266662597,
      "pred_prob_in_top2": 0.143012073636055,
      "pred_prob_in_top3": 0.4217080295085907,
      "score_z": 0.990303198300319,
      "上り3F平均": 37.55,
      "Ave-3F平均": 37.81,
      "PCI平均": 50.75,
      "-3F差平均": 0.85,
      "想定脚質": "先行",
      "track_bias_aptitude_score": 82.7,
      "investment_value_score": 76.6,
      "total_investment_index": 77.4,
      "investment_rating": 0.880782482624054,
      "stability_score": 90,
      "investment_mark": "△"
    },
    {
      "horse_number": 10,
      "name": "チムニートップス",
      "popularity": 4,
      "odds": 7.9,
      "mark": "△",
      "score": 122.82,
      "track_aptitude": 1,
      "total_points": 81.93949494949494,
      "detail_points": {
        "score": 44.94949494949495,
        "bias": 9.0,
        "pace": 12.0,
        "3f": 9.0,
        "margin": 6.0,
        "track": 0.99
      },
      "avg_margin": 0.9,
      "race_name": "小倉12R",
      "pred_prob_won": 0.09433235079050065,
      "pred_prob_in_top2": 0.11815088987350464,
      "pred_prob_in_top3": 0.3166854321956635,
      "score_z": 0.7198839893212027,
      "上り3F平均": 38.56,
      "Ave-3F平均": 37.53,
      "PCI平均": 47.36,
      "-3F差平均": 0.64,
      "想定脚質": "中団",
      "track_bias_aptitude_score": 47.2,
      "investment_value_score": 57.9,
      "total_investment_index": 55.1,
      "investment_rating": 0.8350731855630877,
      "stability_score": 75,
      "investment_mark": "△"
    },
    {
      "horse_number": 8,
      "name": "チャチャピンク",
      "popularity": 9,
      "odds": 25.3,
      "mark": "△",
      "score": 114.9,
      "track_aptitude": 0,
      "total_points": 84.05094422485726,
      "detail_points": {
        "score": 42.05094422485727,
        "bias": 15.0,
        "pace": 12.0,
        "3f": 9.0,
        "margin": 6.0,
        "track": 0.0
      },
      "avg_margin": 0.9249999999999999,
      "race_name": "小倉12R",
      "pred_prob_won": 0.0423695832490921,
      "pred_prob_in_top2": 0.05865645408630371,
      "pred_prob_in_top3": 0.16332253217697143,
      "score_z": 0.102673575743511,
      "上り3F平均": 38.35,
      "Ave-3F平均": 38.16,
      "PCI平均": 49.53,
      "-3F差平均": 0.3,
      "想定脚質": "先行",
      "track_bias_aptitude_score": 82.7,
      "investment_value_score": 30.4,
      "total_investment_index": 48.2,
      "investment_rating": 0.4360948389768601,
      "stability_score": 75,
      "investment_mark": "☆"
    },
    {
      "horse_number": 12,
      "name": "アートレスマインド",
      "popularity": 7,
      "odds": 15.2,
      "mark": "×",
      "score": 115.87,
      "track_aptitude": 2,
      "total_points": 72.64594349290003,
      "detail_points": {
        "score": 42.405943492900015,
        "bias": 4.95,
        "pace": 8.28,
        "3f": 7.0,
        "margin": 8.0,
        "track": 2.0100000000000002
      },
      "avg_margin": 0.47777777777777775,
      "race_name": "小倉12R",
      "pred_prob_won": 0.04687154963612557,
      "pred_prob_in_top2": 0.05223434120416641,
      "pred_prob_in_top3": 0.16720615923404694,
      "score_z": 0.17826626528522327,
      "上り3F平均": 38.6,
      "Ave-3F平均": 37.63,
      "PCI平均": 47.52,
      "-3F差平均": 0.4,
      "想定脚質": "逃げ",
      "track_bias_aptitude_score": 36.0,
      "investment_value_score": 35.2,
      "total_investment_index": 37.2,
      "investment_rating": 0.37799418374896043,
      "stability_score": 90,
      "investment_mark": "☆"
    },
    {
      "horse_number": 6,
      "name": "グランキングオー",
      "popularity": 3,
      "odds": 7.7,
      "mark": "△",
      "score": 116.59,
      "track_aptitude": 1,
      "total_points": 85.6594481042307,