{
  "horses": [
    {
      "horse_number": 2,
      "name": "ラブルラウザー",
      "popularity": 1,
      "odds": 1.9,
      "mark": "◎",
      "score": 121.19,
      "track_aptitude": 0,
      "total_points": 95.0,
      "detail_points": {
        "score": 50.0,
        "bias": 15.0,
        "pace": 12.0,
        "3f": 9.0,
        "margin": 9.0,
        "track": 0.0
      },
      "avg_margin": 0.15,
      "race_name": "小倉2R",
      "pred_prob_won": 0.22822919189929963,
      "pred_prob_in_top2": 0.16364179253578187,
      "pred_prob_in_top3": 0.5295908033847809,
      "score_z": 1.4196925767651116,
      "上り3F平均": 34.8,
      "Ave-3F平均": 35.48,
      "PCI平均": 51.9,
      "-3F差平均": 0.8,
      "想定脚質": "先行",
      "track_bias_aptitude_score": 80.5,
      "investment_value_score": 100,
      "total_investment_index": 91.5,
      "investment_rating": 0.7063747093081476,
      "stability_score": 90,
      "investment_mark": "◎"
    },
    {
      "horse_number": 4,
      "name": "トライアンフパス",
      "popularity": 2,
      "odds": 2.2,
      "mark": "○",
      "score": 110.13,
      "track_aptitude": 0,
      "total_points": 90.43691723739582,
      "detail_points": {
        "score": 45.436917237395825,
        "bias": 15.0,
        "pace": 12.0,
        "3f": 9.0,
        "margin": 9.0,
        "track": 0.0
      },
      "avg_margin": 0.1,
      "race_name": "小倉2R",
      "pred_prob_won": 0.0950169876217842,
      "pred_prob_in_top2": 0.11633607149124145,
      "pred_prob_in_top3": 0.3198253810405731,
      "score_z": 0.6174205900995844,
      "上り3F平均": 34.7,
      "Ave-3F平均": 35.48,
      "PCI平均": 52.2,
      "-3F差平均": 0.8,
      "想定脚質": "先行",
      "track_bias_aptitude_score": 80.5,
      "investment_value_score": 65.6,
      "total_investment_index": 69.5,
      "investment_rating": 0.25542375743389123,
      "stability_score": 90,
      "investment_mark": "○"
    },
    {
      "horse_number": 1,
      "name": "ユウファラオ",
      "popularity": 5,
      "odds": 19.1,
      "mark": "▲",
      "score": 102.41,
      "track_aptitude": 0,
      "total_points": 74.25183596006272,
      "detail_points": {
        "score": 42.251835960062714,
        "bias": 9.0,
        "pace": 12.0,
        "3f": 7.0,
        "margin": 4.0,
        "track": 0.0
      },
      "avg_margin": 1.2,
      "race_name": "小倉2R",
      "pred_prob_won": 0.045080877095460894,
      "pred_prob_in_top2": 0.05940353348851204,
      "pred_prob_in_top3": 0.1832832306623459,
      "score_z": 0.05742603882852936,
      "上り3F平均": 35.2,
      "Ave-3F平均": 35.85,
      "PCI平均": 51.8,
      "-3F差平均": 1.3,
      "想定脚質": "中団",
      "track_bias_aptitude_score": 39.8,
      "investment_value_score": 28.6,
      "total_investment_index": 34.2,
      "investment_rating": -0.0427480082213878,
      "stability_score": 60,
      "investment_mark": "××"
    },
    {
      "horse_number": 3,
      "name": "エボニードール",
      "popularity": 4,
      "odds": 10.5,
      "mark": "△",
      "score": 102.51,
      "track_aptitude": 0,
      "total_points": 66.57309348956184,
      "detail_points": {
        "score": 42.29309348956185,
        "bias": 3.0,
        "pace": 8.28,
        "3f": 7.0,
        "margin": 6.0,
        "track": 0.0
      },
      "avg_margin": 0.7,
      "race_name": "小倉2R",
      "pred_prob_won": 0.03629707731306553,
      "pred_prob_in_top2": 0.04915140122175217,
      "pred_prob_in_top3": 0.14710947573184968,
      "score_z": 0.06467985425950219,
      "上り3F平均": 35.3,
      "Ave-3F平均": 35.9,
      "PCI平均": 51.7,
      "-3F差平均": 0.7,
      "想定脚質": "後方",
      "track_bias_aptitude_score": 1,
      "investment_value_score": 28.7,
      "total_investment_index": 22.6,
      "investment_rating": -0.2527183067798614,
      "stability_score": 75,
      "investment_mark": "××"
    },
    {
      "horse_number": 6,
      "name": "トモジャプレジール",
      "popularity": 3,
      "odds": 6.9,
      "mark": "▲",
      "score": 91.75,
      "track_aptitude": 2,
      "total_points": 72.19378331545506,
      "detail_points": {
        "score": 37.85378331545507,
        "bias": 7.05,
        "pace": 8.28,
        "3f": 9.0,
        "margin": 8.0,
        "track": 2.0100000000000002
      },
      "avg_margin": 0.5,
      "race_name": "小倉2R",
      "pred_prob_won": 0.027452099323272704,
      "pred_prob_in_top2": 0.03270896077156067,
      "pred_prob_in_top3": 0.11321822255849838,
      "score_z": -0.7158306861131086,
      "上り3F平均": 35.8,
      "Ave-3F平均": 34.88,
      "PCI平均": 47.4,
      "-3F差平均": 0,
      "想定脚質": "逃げ",
      "track_bias_aptitude_score": 38.5,
      "investment_value_score": 26.4,
      "total_investment_index": 31.2,
      "investment_rating": -0.4141098431497813,
      "stability_score": 90,
      "investment_mark": "××"
    },
    {
      "horse_number": 5,
      "name": "メイワキラリ",
      "popularity": 6,
      "odds": 94.6,
      "mark": "△",
      "score": 81.72,
      "track_aptitude": 0,
      "total_points": 55.995653106691975,
      "detail_points": {
        "score": 33.715653106691974,
        "bias": 3.0,
        "pace": 8.28,
        "3f": 7.0,
        "margin": 4.0,
        "track": 0.0
      },
      "avg_margin": 1.8,
      "race_name": "小倉2R",
      "pred_prob_won": 0.02803400196135044,
      "pred_prob_in_top2": 0.021381574124097823,
      "pred_prob_in_top3": 0.07370472848415374,
      "score_z": -1.443388373839622,
      "上り3F平均": 36.3,
      "Ave-3F平均": 36.0,
      "PCI平均": 49.2,
      "-3F差平均": 0.8,
      "想定脚質": "後方",
      "track_bias_aptitude_score": 1,
      "investment_value_score": 1,
      "total_investment_index": 3.5,
      "investment_rating": -0.5946239933371544,
      "stability_score": 60,
      "investment_mark": "××"
    }
  ]
}