{
  "horses": [
    {
      "horse_number": 5,
      "name": "ブルーレース",
      "popularity": 9,
      "odds": 11.9,
      "mark": "▲",
      "score": 106.47,
      "track_aptitude": 1,
      "total_points": 85.70462131837307,
      "detail_points": {
        "score": 46.66462131837307,
        "bias": 13.05,
        "pace": 12.0,
        "3f": 7.0,
        "margin": 6.0,
        "track": 0.99
      },
      "avg_margin": 0.6799999999999999,
      "race_name": "小倉8R",
      "pred_prob_won": 0.09158353805541992,
      "pred_prob_in_top2": 0.11147912591695786,
      "pred_prob_in_top3": 0.3192397773265839,
      "score_z": 0.7475841476628082,
      "上り3F平均": 35.34,
      "Ave-3F平均": 34.55,
      "PCI平均": 47.78,
      "-3F差平均": 0.22,
      "想定脚質": "先行",
      "track_bias_aptitude_score": 83.4,
      "investment_value_score": 56.2,
      "total_investment_index": 65.0,
      "investment_rating": 1.3367924746870996,
      "stability_score": 75,
      "investment_mark": "◎"
    },
    {
      "horse_number": 7,
      "name": "エクストラバック",
      "popularity": 3,
      "odds": 6.1,
      "mark": "○",
      "score": 111.01,
      "track_aptitude": 1,
      "total_points": 89.69445301542777,
      "detail_points": {
        "score": 48.65445301542778,
        "bias": 13.05,
        "pace": 12.0,
        "3f": 9.0,
        "margin": 6.0,
        "track": 0.99
      },
      "avg_margin": 0.6050000000000001,
      "race_name": "小倉8R",
      "pred_prob_won": 0.1328432872891426,
      "pred_prob_in_top2": 0.14128735661506653,
      "pred_prob_in_top3": 0.4079358994960785,
      "score_z": 0.971096299812242,
      "上り3F平均": 35.31,
      "Ave-3F平均": 34.45,
      "PCI平均": 47.64,
      "-3F差平均": 0.43,
      "想定脚質": "先行",
      "track_bias_aptitude_score": 83.4,
      "investment_value_score": 87.2,
      "total_investment_index": 84.0,
      "investment_rating": 0.8981724432110787,
      "stability_score": 75,
      "investment_mark": "○"
    },
    {
      "horse_number": 1,
      "name": "コウセキ",
      "popularity": 2,
      "odds": 5.8,
      "mark": "◎",
      "score": 114.08,
      "track_aptitude": 2,
      "total_points": 94.06,
      "detail_points": {
        "score": 50.0,
        "bias": 13.05,
        "pace": 12.0,
        "3f": 9.0,
        "margin": 8.0,
        "track": 2.0100000000000002
      },
      "avg_margin": 0.26666666666666666,
      "race_name": "小倉8R",
      "pred_prob_won": 0.17378278970718383,
      "pred_prob_in_top2": 0.1443981945514679,
      "pred_prob_in_top3": 0.45770904421806335,
      "score_z": 1.1222377771467704,
      "上り3F平均": 35.07,
      "Ave-3F平均": 34.6,
      "PCI平均": 48.73,
      "-3F差平均": 0.6,
      "想定脚質": "先行",
      "track_bias_aptitude_score": 91.7,
      "investment_value_score": 99.8,
      "total_investment_index": 94.3,
      "investment_rating": 0.8731271326541901,
      "stability_score": 90,
      "investment_mark": "▲"
    },
    {
      "horse_number": 12,
      "name": "ウインラウダ",
      "popularity": 7,
      "odds": 9.4,
      "mark": "△",
      "score": 98.42,
      "track_aptitude": 1,
      "total_points": 80.17639551192146,
      "detail_points": {
        "score": 43.136395511921464,
        "bias": 13.05,
        "pace": 12.0,
        "3f": 7.0,
        "margin": 4.0,
        "track": 0.99
      },
      "avg_margin": 1.6099999999999999,
      "race_name": "小倉8R",
      "pred_prob_won": 0.0553280770778656,
      "pred_prob_in_top2": 0.07754976600408554,
      "pred_prob_in_top3": 0.204133540391922,
      "score_z": 0.35126854748594966,
      "上り3F平均": 38.33,
      "Ave-3F平均": 37.44,
      "PCI平均": 47.81,
      "-3F差平均": 1.15,
      "想定脚質": "中団",
      "track_bias_aptitude_score": 81.7,
      "investment_value_score": 50.4,
      "total_investment_index": 60.3,
      "investment_rating": 0.4237678572535515,
      "stability_score": 60,
      "investment_mark": "△"
    },
    {
      "horse_number": 10,
      "name": "ツッチーフェイス",
      "popularity": 11,
      "odds": 19.9,
      "mark": "△",
      "score": 95.4,
      "track_aptitude": 0,
      "total_points": 81.86276297335203,
      "detail_points": {
        "score": 41.81276297335204,
        "bias": 13.05,
        "pace": 12.0,
        "3f": 9.0,
        "margin": 6.0,
        "track": 0.0
      },
      "avg_margin": 0.96,
      "race_name": "小倉8R",
      "pred_prob_won": 0.038884426653385165,
      "pred_prob_in_top2": 0.06609798371791839,
      "pred_prob_in_top3": 0.16881975829601287,
      "score_z": 0.20258865773015938,
      "上り3F平均": 36.3,
      "Ave-3F平均": 36.15,
      "PCI平均": 49.73,
      "-3F差平均": 0.71,
      "想定脚質": "先行",
      "track_bias_aptitude_score": 75.1,
      "investment_value_score": 36.4,
      "total_investment_index": 49.7,
      "investment_rating": 0.39211707845330235,
      "stability_score": 75,
      "investment_mark": "☆"
    },
    {
      "horse_number": 4,
      "name": "リンゲルブルーメ",
      "popularity": 8,
      "odds": 10.7,
      "mark": "△",
      "score": 95.4,
      "track_aptitude": 0,
      "total_points": 79.86276297335203,
      "detail_points": {
        "score": 41.81276297335204,
        "bias": 13.05,
        "pace": 12.0,
        "3f": 9.0,
        "margin": 4.0,
        "track": 0.0
      },
      "avg_margin": 1.2949999999999997,
      "race_name": "小倉8R",
      "pred_prob_won": 0.038884426653385165,
      "pred_prob_in_top2": 0.06609798371791839,
      "pred_prob_in_top3": 0.16881975829601287,
      "score_z": 0.20258865773015938,
      "上り3F平均": 37.87,
      "Ave-3F平均": 36.19,
      "PCI平均": 45.75,
      "-3F差平均": 0.62,
      "想定脚質": "先行",
      "track_bias_aptitude_score": 75.1,
      "investment_value_score": 43.0,
      "total_investment_index": 53.7,
      "investment_rating": 0.2635644772648811,
      "stability_score": 60,
      "investment_mark": "☆"
    },
    {
      "horse_number": 9,
      "name": "ショウナンラフィネ",
      "popularity": 1,
      "odds": 5.4,
      "mark": "▲",
      "score": 102.55,
      "track_aptitude": 0,
      "total_points": 84.99652875175316,
      "detail_points": {
        "score": 44.946528751753156,
        "bias": 13.05,
        "pace": 12.0,
        "3f": 9.0,
        "margin": 6.0,
        "track": 0.0
      },
      "avg_margin": 0.925,
      "race_name": "小倉8R",
      "pred_prob_won": 0.07949403077363967,
      "pred_prob_in_top2": 0.08226955831050872,
      "pred_prob_in_top3": 0.2693136751651764,
      "score_z": 0.5545956814897292,
      "上り3F平均": 35.06,
      "Ave-3F平均": 36.03,
      "PCI平均": 52.81,
      "-3F差平均": 0.48,
      "想定脚質": "先行",
      "track_bias_aptitude_score": 75.1,
      "investment_value_score": 100,
      "total_investment_index": 88.5,
      "investment_rating": 0.20981850415468217,
      "stability_score": 75,
      "investment_mark": "☆"
    },
    {
      "horse_number": 2,
      "name": "カフジキアッキエレ",
      "popularity": 5,
      "odds": 9.4,
      "mark": "△",
      "score": 89.11,
      "track_aptitude": 0,
      "total_points": 75.10592566619916,
      "detail_points": {
        "score": 39.05592566619916,
        "bias": 13.05,
        "pace": 12.0,
        "3f": 7.0,
        "margin": 4.0,
        "track": 0.0
      },
      "avg_margin": 1.225,
      "race_name": "小倉8R",
      "pred_prob_won": 0.028394850343465804,
      "pred_prob_in_top2": 0.045500310510396956,
      "pred_prob_in_top3": 0.13028636276721955,
      "score_z": -0.10707905967511316,
      "上り3F平均": 35.3,
      "Ave-3F平均": 35.28,
      "PCI平均": 50.41,
      "-3F差平均": 1.07,
      "想定脚質": "中団",
      "track_bias_aptitude_score": 73.4,
      "investment_value_score": 46.3,
      "total_investment_index": 54.6,
      "investment_rating": -0.04416841313242903,
      "stability_score": 60,
      "investment_mark": "××"
    },
    {
      "horse_number": 8,
      "name": "ラブアイミー",
      "popularity": 6,
      "odds": 9.4,
      "mark": "⭐︎",
      "score": 86.02,
      "track_aptitude": 0,
      "total_points": 73.7516129032258,