{
  "horses": [
    {
      "horse_number": 13,
      "name": "メイショウマサツラ",
      "popularity": 2,
      "odds": 5.2,
      "mark": "○",
      "score": 110.84,
      "track_aptitude": 0,
      "total_points": 87.23429642887582,
      "detail_points": {
        "score": 47.23429642887582,
        "bias": 15.0,
        "pace": 12.0,
        "3f": 9.0,
        "margin": 4.0,
        "track": 0.0
      },
      "avg_margin": 1.5571428571428572,
      "race_name": "小倉2R",
      "pred_prob_won": 0.17661985754966736,
      "pred_prob_in_top2": 0.1465981960296631,
      "pred_prob_in_top3": 0.4612339615821838,
      "score_z": 1.3258675169080891,
      "上り3F平均": 36.57,
      "Ave-3F平均": 34.86,
      "PCI平均": 45.53,
      "-3F差平均": 0.36,
      "想定脚質": "先行",
      "track_bias_aptitude_score": 81.7,
      "investment_value_score": 81.1,
      "total_investment_index": 80.4,
      "investment_rating": 1.0183933943510055,
      "stability_score": 60,
      "investment_mark": "◎"
    },
    {
      "horse_number": 17,
      "name": "ラインピクシー",
      "popularity": 1,
      "odds": 3.7,
      "mark": "◎",
      "score": 117.33,
      "track_aptitude": 0,
      "total_points": 90.0,
      "detail_points": {
        "score": 50.0,
        "bias": 15.0,
        "pace": 12.0,
        "3f": 9.0,
        "margin": 4.0,
        "track": 0.0
      },
      "avg_margin": 1.4749999999999999,
      "race_name": "小倉2R",
      "pred_prob_won": 0.25810977816581726,
      "pred_prob_in_top2": 0.163196462392807,
      "pred_prob_in_top3": 0.5447257876396179,
      "score_z": 1.78716789576864,
      "上り3F平均": 36.0,
      "Ave-3F平均": 36.39,
      "PCI平均": 51.3,
      "-3F差平均": 0.83,
      "想定脚質": "先行",
      "track_bias_aptitude_score": 81.7,
      "investment_value_score": 100,
      "total_investment_index": 92.5,
      "investment_rating": 0.9983967328071593,
      "stability_score": 60,
      "investment_mark": "○"
    },
    {
      "horse_number": 3,
      "name": "サトノスピカ",
      "popularity": 5,
      "odds": 13.1,
      "mark": "△",
      "score": 105.53,
      "track_aptitude": 0,
      "total_points": 77.02144805250148,
      "detail_points": {
        "score": 44.97144805250149,
        "bias": 7.05,
        "pace": 12.0,
        "3f": 9.0,
        "margin": 4.0,
        "track": 0.0
      },
      "avg_margin": 1.15,
      "race_name": "小倉2R",
      "pred_prob_won": 0.10662848949432373,
      "pred_prob_in_top2": 0.1078705757856369,
      "pred_prob_in_top3": 0.300712651014328,
      "score_z": 0.9484399342040014,
      "上り3F平均": 37.23,
      "Ave-3F平均": 37.39,
      "PCI平均": 50.7,
      "-3F差平均": 0.75,
      "想定脚質": "中団",
      "track_bias_aptitude_score": 35.0,
      "investment_value_score": 54.5,
      "total_investment_index": 49.8,
      "investment_rating": 0.9231356644630432,
      "stability_score": 60,
      "investment_mark": "▲"
    },
    {
      "horse_number": 1,
      "name": "スマートロベール",
      "popularity": 4,
      "odds": 8.1,
      "mark": "▲",
      "score": 104.53,
      "track_aptitude": 0,
      "total_points": 86.5452995823745,
      "detail_points": {
        "score": 44.5452995823745,
        "bias": 15.0,
        "pace": 12.0,
        "3f": 9.0,
        "margin": 6.0,
        "track": 0.0
      },
      "avg_margin": 0.9666666666666665,
      "race_name": "小倉2R",
      "pred_prob_won": 0.11804471760988236,
      "pred_prob_in_top2": 0.1096806988120079,
      "pred_prob_in_top3": 0.32928234338760376,
      "score_z": 0.8773612933934388,
      "上り3F平均": 35.1,
      "Ave-3F平均": 35.49,
      "PCI平均": 51.13,
      "-3F差平均": 0.87,
      "想定脚質": "先行",
      "track_bias_aptitude_score": 81.7,
      "investment_value_score": 59.9,
      "total_investment_index": 66.9,
      "investment_rating": 0.9177370220422745,
      "stability_score": 75,
      "investment_mark": "▲"
    },
    {
      "horse_number": 4,
      "name": "ドゥラルーナ",
      "popularity": 3,
      "odds": 7.1,
      "mark": "▲",
      "score": 106.9,
      "track_aptitude": 0,
      "total_points": 85.55527145657547,
      "detail_points": {
        "score": 45.555271456575475,
        "bias": 15.0,
        "pace": 12.0,
        "3f": 9.0,
        "margin": 4.0,
        "track": 0.0
      },
      "avg_margin": 1.092857142857143,
      "race_name": "小倉2R",
      "pred_prob_won": 0.12901293933391572,
      "pred_prob_in_top2": 0.1221083641052246,
      "pred_prob_in_top3": 0.3455425798892975,
      "score_z": 1.0458176721144725,
      "上り3F平均": 35.39,
      "Ave-3F平均": 36.6,
      "PCI平均": 53.46,
      "-3F差平均": 0.67,
      "想定脚質": "先行",
      "track_bias_aptitude_score": 81.7,
      "investment_value_score": 66.8,
      "total_investment_index": 71.3,
      "investment_rating": 0.8402905136346818,
      "stability_score": 60,
      "investment_mark": "△"
    },
    {
      "horse_number": 11,
      "name": "ニーナバイリッカ",
      "popularity": 12,
      "odds": 35.3,
      "mark": "×",
      "score": 99.82,
      "track_aptitude": 0,
      "total_points": 66.81814028807636,
      "detail_points": {
        "score": 42.53814028807636,
        "bias": 3.0,
        "pace": 8.28,
        "3f": 9.0,
        "margin": 4.0,
        "track": 0.0
      },
      "avg_margin": 1.3,
      "race_name": "小倉2R",
      "pred_prob_won": 0.056252371519804,
      "pred_prob_in_top2": 0.06163685992360115,
      "pred_prob_in_top3": 0.18888337910175323,
      "score_z": 0.5425808951756883,
      "上り3F平均": 37.7,
      "Ave-3F平均": 37.39,
      "PCI平均": 49.2,
      "-3F差平均": 1.9,
      "想定脚質": "後方",
      "track_bias_aptitude_score": 1,
      "investment_value_score": 29.1,
      "total_investment_index": 23.7,
      "investment_rating": 0.8082878775894642,
      "stability_score": 60,
      "investment_mark": "△"
    },
    {
      "horse_number": 14,
      "name": "トウカイリュタン",
      "popularity": 9,
      "odds": 17.8,
      "mark": "△",
      "score": 98.64,
      "track_aptitude": 0,
      "total_points": 72.08528509332652,
      "detail_points": {
        "score": 42.035285093326515,
        "bias": 7.05,
        "pace": 12.0,
        "3f": 7.0,
        "margin": 4.0,
        "track": 0.0
      },
      "avg_margin": 1.2999999999999998,
      "race_name": "小倉2R",
      "pred_prob_won": 0.06085842773318291,
      "pred_prob_in_top2": 0.07689810395240784,
      "pred_prob_in_top3": 0.20436563789844514,
      "score_z": 0.45870809901922494,
      "上り3F平均": 34.9,
      "Ave-3F平均": 36.35,
      "PCI平均": 54.15,
      "-3F差平均": 1.4,
      "想定脚質": "中団",
      "track_bias_aptitude_score": 35.0,
      "investment_value_score": 35.2,
      "total_investment_index": 37.4,
      "investment_rating": 0.748813210129738,
      "stability_score": 60,
      "investment_mark": "☆"
    },
    {
      "horse_number": 10,
      "name": "アルピノ",
      "popularity": 7,
      "odds": 14.4,
      "mark": "△",
      "score": 94.38,
      "track_aptitude": 0,
      "total_points": 72.26989261058552,
      "detail_points": {
        "score": 40.219892610585525,
        "bias": 7.05,
        "pace": 12.0,
        "3f": 9.0,
        "margin": 4.0,
        "track": 0.0
      },
      "avg_margin": 1.2125000000000001,
      "race_name": "小倉2R",
      "pred_prob_won": 0.04167141020298004,
      "pred_prob_in_top2": 0.0585881233215332,
      "pred_prob_in_top3": 0.15131613612174988,
      "score_z": 0.15591308916622784,
      "上り3F平均": 36.27,
      "Ave-3F平均": 35.95,
      "PCI平均": 49.23,
      "-3F差平均": 0.88,
      "想定脚質": "中団",
      "track_bias_aptitude_score": 35.0,
      "investment_value_score": 33.4,
      "total_investment_index": 35.8,
      "investment_rating": 0.33223874866962433,
      "stability_score": 60,
      "investment_mark": "☆"
    },
    {
      "horse_number": 16,
      "name": "ソニックサンライズ",
      "popularity": 11,
      "odds": 25.5,
      "mark": "△",
      "score": 88.92,
      "track_aptitude": 0,
      "total_points": 77.89312196369215,
      "detail_points": {
        "score": 37.89312196369215,
        "bias": 15.0,