{
  "horses": [
    {
      "horse_number": 4,
      "name": "ミルテンベルク",
      "popularity": 3,
      "odds": 6.3,
      "mark": "○",
      "score": 112.5,
      "track_aptitude": 0,
      "total_points": 87.95,
      "detail_points": {
        "score": 50.0,
        "bias": 10.95,
        "pace": 12.0,
        "3f": 9.0,
        "margin": 6.0,
        "track": 0.0
      },
      "avg_margin": 0.5833333333333334,
      "race_name": "小倉11R",
      "pred_prob_won": 0.22832427322864532,
      "pred_prob_in_top2": 0.1597448080778122,
      "pred_prob_in_top3": 0.49428380131721494,
      "score_z": 1.730398941586462,
      "上り3F平均": 34.6,
      "Ave-3F平均": 34.88,
      "PCI平均": 50.84,
      "-3F差平均": 0.91,
      "想定脚質": "中団",
      "track_bias_aptitude_score": 57.0,
      "investment_value_score": 80.2,
      "total_investment_index": 73.1,
      "investment_rating": 1.2299933046102522,
      "stability_score": 75,
      "investment_mark": "◎"
    },
    {
      "horse_number": 11,
      "name": "トールキン",
      "popularity": 5,
      "odds": 10.5,
      "mark": "▲",
      "score": 102.48,
      "track_aptitude": 1,
      "total_points": 86.48666666666666,
      "detail_points": {
        "score": 45.54666666666667,
        "bias": 10.95,
        "pace": 12.0,
        "3f": 9.0,
        "margin": 8.0,
        "track": 0.99
      },
      "avg_margin": 0.48500000000000004,
      "race_name": "小倉11R",
      "pred_prob_won": 0.09485290646553039,
      "pred_prob_in_top2": 0.09949197322130203,
      "pred_prob_in_top3": 0.29882838726043703,
      "score_z": 0.6737125877772057,
      "上り3F平均": 34.8,
      "Ave-3F平均": 34.61,
      "PCI平均": 49.53,
      "-3F差平均": 0.75,
      "想定脚質": "中団",
      "track_bias_aptitude_score": 65.3,
      "investment_value_score": 53.9,
      "total_investment_index": 58.1,
      "investment_rating": 0.7746105813980104,
      "stability_score": 90,
      "investment_mark": "○"
    },
    {
      "horse_number": 5,
      "name": "レッドエヴァンス",
      "popularity": 1,
      "odds": 2.8,
      "mark": "◎",
      "score": 108.62,
      "track_aptitude": 0,
      "total_points": 90.32555555555555,
      "detail_points": {
        "score": 48.275555555555556,
        "bias": 13.05,
        "pace": 12.0,
        "3f": 9.0,
        "margin": 8.0,
        "track": 0.0
      },
      "avg_margin": 0.32,
      "race_name": "小倉11R",
      "pred_prob_won": 0.17923641800880433,
      "pred_prob_in_top2": 0.1545265346765518,
      "pred_prob_in_top3": 0.46895337104797363,
      "score_z": 1.3212229882152133,
      "上り3F平均": 34.73,
      "Ave-3F平均": 34.71,
      "PCI平均": 50.01,
      "-3F差平均": 0.57,
      "想定脚質": "先行",
      "track_bias_aptitude_score": 74.9,
      "investment_value_score": 100,
      "total_investment_index": 89.7,
      "investment_rating": 0.7254880905151367,
      "stability_score": 90,
      "investment_mark": "△"
    },
    {
      "horse_number": 3,
      "name": "ヤマニンアンフィル",
      "popularity": 2,
      "odds": 5.7,
      "mark": "▲",
      "score": 104.42,
      "track_aptitude": 0,
      "total_points": 86.35888888888888,
      "detail_points": {
        "score": 46.40888888888889,
        "bias": 10.95,
        "pace": 12.0,
        "3f": 9.0,
        "margin": 8.0,
        "track": 0.0
      },
      "avg_margin": 0.43499999999999994,
      "race_name": "小倉11R",
      "pred_prob_won": 0.11804471760988236,
      "pred_prob_in_top2": 0.1096806988120079,
      "pred_prob_in_top3": 0.3253134906291962,
      "score_z": 0.87830056446283,
      "上り3F平均": 34.2,
      "Ave-3F平均": 34.75,
      "PCI平均": 51.64,
      "-3F差平均": 0.91,
      "想定脚質": "中団",
      "track_bias_aptitude_score": 57.0,
      "investment_value_score": 75.4,
      "total_investment_index": 68.8,
      "investment_rating": 0.5096747973561286,
      "stability_score": 90,
      "investment_mark": "△"
    },
    {
      "horse_number": 8,
      "name": "メイショウウネビ",
      "popularity": 9,
      "odds": 18.5,
      "mark": "×",
      "score": 98.97,
      "track_aptitude": 0,
      "total_points": 70.21666666666667,
      "detail_points": {
        "score": 43.98666666666667,
        "bias": 4.95,
        "pace": 8.28,
        "3f": 7.0,
        "margin": 6.0,
        "track": 0.0
      },
      "avg_margin": 0.655,
      "race_name": "小倉11R",
      "pred_prob_won": 0.03845493718981743,
      "pred_prob_in_top2": 0.053403929620981214,
      "pred_prob_in_top3": 0.1447863906621933,
      "score_z": 0.30355599078414214,
      "上り3F平均": 34.53,
      "Ave-3F平均": 36.59,
      "PCI平均": 56.02,
      "-3F差平均": 0.7,
      "想定脚質": "後方",
      "track_bias_aptitude_score": 8.5,
      "investment_value_score": 26.6,
      "total_investment_index": 24.0,
      "investment_rating": 0.18454745650291438,
      "stability_score": 75,
      "investment_mark": "☆"
    },
    {
      "horse_number": 2,
      "name": "トーホウディアス",
      "popularity": 10,
      "odds": 25.0,
      "mark": "△",
      "score": 94.72,
      "track_aptitude": 0,
      "total_points": 82.04777777777778,
      "detail_points": {
        "score": 42.09777777777778,
        "bias": 10.95,
        "pace": 12.0,
        "3f": 9.0,
        "margin": 8.0,
        "track": 0.0
      },
      "avg_margin": 0.3549999999999999,
      "race_name": "小倉11R",
      "pred_prob_won": 0.029349775239825248,
      "pred_prob_in_top2": 0.050599587708711626,
      "pred_prob_in_top3": 0.12783035188913344,
      "score_z": -0.14463931896529306,
      "上り3F平均": 34.34,
      "Ave-3F平均": 34.8,
      "PCI平均": 51.42,
      "-3F差平均": 0.72,
      "想定脚質": "中団",
      "track_bias_aptitude_score": 57.0,
      "investment_value_score": 21.0,
      "total_investment_index": 34.5,
      "investment_rating": 0.08955308638513093,
      "stability_score": 90,
      "investment_mark": "☆"
    },
    {
      "horse_number": 9,
      "name": "パクスロマーナ",
      "popularity": 7,
      "odds": 15.8,
      "mark": "△",
      "score": 94.84,
      "track_aptitude": 0,
      "total_points": 82.20111111111112,
      "detail_points": {
        "score": 42.15111111111111,
        "bias": 13.05,
        "pace": 12.0,
        "3f": 9.0,
        "margin": 6.0,
        "track": 0.0
      },
      "avg_margin": 0.7699999999999999,
      "race_name": "小倉11R",
      "pred_prob_won": 0.0288478959351778,
      "pred_prob_in_top2": 0.05318663343787193,
      "pred_prob_in_top3": 0.12584568709135055,
      "score_z": -0.13198439257236735,
      "上り3F平均": 35.72,
      "Ave-3F平均": 34.73,
      "PCI平均": 47.28,
      "-3F差平均": 0.63,
      "想定脚質": "先行",
      "track_bias_aptitude_score": 74.9,
      "investment_value_score": 27.4,
      "total_investment_index": 43.7,
      "investment_rating": 0.01732041642069826,
      "stability_score": 75,
      "investment_mark": "×"
    },
    {
      "horse_number": 1,
      "name": "エイムインライフ",
      "popularity": 4,
      "odds": 7.7,
      "mark": "消",
      "score": 97.33,
      "track_aptitude": 0,
      "total_points": 67.48777777777778,
      "detail_points": {
        "score": 43.257777777777775,
        "bias": 4.95,
        "pace": 8.28,
        "3f": 5.0,
        "margin": 6.0,
        "track": 0.0
      },
      "avg_margin": 0.9,
      "race_name": "小倉11R",
      "pred_prob_won": 0.03008100055158138,
      "pred_prob_in_top2": 0.04335470795631409,
      "pred_prob_in_top3": 0.12001375555992126,
      "score_z": 0.1306053300808306,
      "上り3F平均": 36.36,
      "Ave-3F平均": 34.75,
      "PCI平均": 45.65,
      "-3F差平均": 0.77,
      "想定脚質": "逃げ",
      "track_bias_aptitude_score": 1,
      "investment_value_score": 38.1,
      "total_investment_index": 28.4,
      "investment_rating": -0.06394428998231894,
      "stability_score": 75,
      "investment_mark": "××"
    },
    {
      "horse_number": 10,
      "name": "ショウナンマッハ",
      "popularity": 13,
      "odds": 89.2,
      "mark": "△",
      "score": 90.03,
      "track_aptitude": 2,
      "total_points": 79.97333333333334,
      "detail_points": {
        "score": 40.013333333333335,