{
  "horses": [
    {
      "horse_number": 3,
      "name": "カシノフレックス",
      "popularity": 4,
      "odds": 9.8,
      "mark": "◎",
      "score": 99.18,
      "track_aptitude": 0,
      "total_points": 91.41595871377531,
      "detail_points": {
        "score": 49.21595871377531,
        "bias": 15.0,
        "pace": 10.2,
        "3f": 9.0,
        "margin": 8.0,
        "track": 0.0
      },
      "avg_margin": 0.45,
      "race_name": "小倉1R",
      "pred_prob_won": 0.15974043905735016,
      "pred_prob_in_top2": 0.13487490862607956,
      "pred_prob_in_top3": 0.42153310775756836,
      "score_z": 1.1167996624187475,
      "上り3F平均": 36.7,
      "Ave-3F平均": 35.0,
      "PCI平均": 45.4,
      "-3F差平均": 0.4,
      "想定脚質": "先行",
      "track_bias_aptitude_score": 80.5,
      "investment_value_score": 72.6,
      "total_investment_index": 74.6,
      "investment_rating": 1.2439791202545167,
      "stability_score": 90,
      "investment_mark": "◎"
    },
    {
      "horse_number": 16,
      "name": "ダイラントウ",
      "popularity": 11,
      "odds": 50.4,
      "mark": "△",
      "score": 93.16,
      "track_aptitude": 1,
      "total_points": 79.41866216752679,
      "detail_points": {
        "score": 46.22866216752679,
        "bias": 9.0,
        "pace": 10.2,
        "3f": 9.0,
        "margin": 4.0,
        "track": 0.99
      },
      "avg_margin": 1.4,
      "race_name": "小倉1R",
      "pred_prob_won": 0.07724652290344239,
      "pred_prob_in_top2": 0.08212249577045441,
      "pred_prob_in_top3": 0.23396652340888976,
      "score_z": 0.5574125408161794,
      "上り3F平均": 36.7,
      "Ave-3F平均": 35.5,
      "PCI平均": 46.7,
      "-3F差平均": 0.9,
      "想定脚質": "中団",
      "track_bias_aptitude_score": 46.3,
      "investment_value_score": 38.3,
      "total_investment_index": 42.8,
      "investment_rating": 1.0632405564188958,
      "stability_score": 60,
      "investment_mark": "○"
    },
    {
      "horse_number": 4,
      "name": "カシノハンゾウ",
      "popularity": 3,
      "odds": 5.2,
      "mark": "▲",
      "score": 100.76,
      "track_aptitude": 0,
      "total_points": 84.2,
      "detail_points": {
        "score": 50.0,
        "bias": 9.0,
        "pace": 10.2,
        "3f": 7.0,
        "margin": 8.0,
        "track": 0.0
      },
      "avg_margin": 0.25,
      "race_name": "小倉1R",
      "pred_prob_won": 0.1684029370546341,
      "pred_prob_in_top2": 0.13753728568553925,
      "pred_prob_in_top3": 0.39563648104667665,
      "score_z": 1.2636155514772285,
      "上り3F平均": 35.3,
      "Ave-3F平均": 36.0,
      "PCI平均": 52.0,
      "-3F差平均": 1.4,
      "想定脚質": "中団",
      "track_bias_aptitude_score": 39.8,
      "investment_value_score": 78.0,
      "total_investment_index": 65.8,
      "investment_rating": 0.9753822115063668,
      "stability_score": 90,
      "investment_mark": "▲"
    },
    {
      "horse_number": 14,
      "name": "ヴィジュイイジャン",
      "popularity": 5,
      "odds": 13.0,
      "mark": "△",
      "score": 96.22,
      "track_aptitude": 0,
      "total_points": 77.94712187375943,
      "detail_points": {
        "score": 47.747121873759426,
        "bias": 9.0,
        "pace": 10.2,
        "3f": 7.0,
        "margin": 4.0,
        "track": 0.0
      },
      "avg_margin": 1.2,
      "race_name": "小倉1R",
      "pred_prob_won": 0.10644910931587219,
      "pred_prob_in_top2": 0.10323020666837693,
      "pred_prob_in_top3": 0.2969062030315399,
      "score_z": 0.8417521740560228,
      "上り3F平均": 36.2,
      "Ave-3F平均": 35.8,
      "PCI平均": 48.9,
      "-3F差平均": 1.2,
      "想定脚質": "中団",
      "track_bias_aptitude_score": 39.8,
      "investment_value_score": 59.7,
      "total_investment_index": 54.2,
      "investment_rating": 0.8712326034903526,
      "stability_score": 60,
      "investment_mark": "▲"
    },
    {
      "horse_number": 1,
      "name": "エイシンディアマン",
      "popularity": 7,
      "odds": 16.3,
      "mark": "▲",
      "score": 91.36,
      "track_aptitude": 0,
      "total_points": 85.53545057562525,
      "detail_points": {
        "score": 45.335450575625245,
        "bias": 15.0,
        "pace": 10.2,
        "3f": 9.0,
        "margin": 6.0,
        "track": 0.0
      },
      "avg_margin": 1.0,
      "race_name": "小倉1R",
      "pred_prob_won": 0.07546163499355316,
      "pred_prob_in_top2": 0.08680296093225479,
      "pred_prob_in_top3": 0.25282312333583834,
      "score_z": 0.3901539330280367,
      "上り3F平均": 36.8,
      "Ave-3F平均": 35.0,
      "PCI平均": 45.1,
      "-3F差平均": 0.4,
      "想定脚質": "先行",
      "track_bias_aptitude_score": 80.5,
      "investment_value_score": 48.0,
      "total_investment_index": 58.6,
      "investment_rating": 0.8531683345139027,
      "stability_score": 75,
      "investment_mark": "△"
    },
    {
      "horse_number": 6,
      "name": "ダイチノナポリ",
      "popularity": 1,
      "odds": 3.0,
      "mark": "○",
      "score": 99.13,
      "track_aptitude": 0,
      "total_points": 91.39114728066693,
      "detail_points": {
        "score": 49.191147280666925,
        "bias": 15.0,
        "pace": 10.2,
        "3f": 9.0,
        "margin": 8.0,
        "track": 0.0
      },
      "avg_margin": 0.35,
      "race_name": "小倉1R",
      "pred_prob_won": 0.14736965894699097,
      "pred_prob_in_top2": 0.13808181434869765,
      "pred_prob_in_top3": 0.4021689832210541,
      "score_z": 1.1121535899801869,
      "上り3F平均": 35.6,
      "Ave-3F平均": 35.0,
      "PCI平均": 48.3,
      "-3F差平均": 0.4,
      "想定脚質": "先行",
      "track_bias_aptitude_score": 80.5,
      "investment_value_score": 100,
      "total_investment_index": 91.0,
      "investment_rating": 0.6548802122473717,
      "stability_score": 90,
      "investment_mark": "△"
    },
    {
      "horse_number": 2,
      "name": "サツマフジ",
      "popularity": 8,
      "odds": 17.2,
      "mark": "△",
      "score": 90.11,
      "track_aptitude": 1,
      "total_points": 83.90516474791583,
      "detail_points": {
        "score": 44.715164747915836,
        "bias": 15.0,
        "pace": 10.2,
        "3f": 9.0,
        "margin": 4.0,
        "track": 0.99
      },
      "avg_margin": 2.0,
      "race_name": "小倉1R",
      "pred_prob_won": 0.046492882817983625,
      "pred_prob_in_top2": 0.07297582924365997,
      "pred_prob_in_top3": 0.18754009902477264,
      "score_z": 0.2740021220640485,
      "上り3F平均": 37.9,
      "Ave-3F平均": 34.9,
      "PCI平均": 42.1,
      "-3F差平均": 0.3,
      "想定脚質": "先行",
      "track_bias_aptitude_score": 87.0,
      "investment_value_score": 39.2,
      "total_investment_index": 55.1,
      "investment_rating": 0.5439946040511132,
      "stability_score": 60,
      "investment_mark": "☆"
    },
    {
      "horse_number": 10,
      "name": "ナンテヒダ",
      "popularity": 6,
      "odds": 13.7,
      "mark": "△",
      "score": 90.07,
      "track_aptitude": 0,
      "total_points": 82.89531560142913,
      "detail_points": {
        "score": 44.69531560142913,
        "bias": 15.0,
        "pace": 10.2,
        "3f": 9.0,
        "margin": 4.0,
        "track": 0.0
      },
      "avg_margin": 1.5,
      "race_name": "小倉1R",
      "pred_prob_won": 0.045286869257688524,
      "pred_prob_in_top2": 0.06956863105297088,
      "pred_prob_in_top3": 0.17722214460372926,
      "score_z": 0.2702852641132003,
      "上り3F平均": 36.4,
      "Ave-3F平均": 35.0,
      "PCI平均": 46.2,
      "-3F差平均": 0.4,
      "想定脚質": "先行",
      "track_bias_aptitude_score": 80.5,
      "investment_value_score": 43.7,
      "total_investment_index": 55.8,
      "investment_rating": 0.38611072301864624,
      "stability_score": 60,
      "investment_mark": "☆"
    },
    {
      "horse_number": 8,
      "name": "ニシノメイホウ",
      "popularity": 2,
      "odds": 4.9,
      "mark": "⭐︎",
      "score": 95.99,
      "track_aptitude": 0,
      "total_points": 71.9129892814609,
      "detail_points": {
        "score": 47.632989281460894,
        "bias": 3.0,
        "pace": 8.28,
        "3f": 9.0,
        "margin": 4.0,
        "track": 0.0
      },