{
  "horses": [
    {
      "horse_number": 4,
      "name": "ミルテンベルク",
      "popularity": 2,
      "odds": 5.1,
      "mark": "○",
      "score": 112.78,
      "track_aptitude": 0,
      "total_points": 87.95,
      "detail_points": {
        "score": 50.0,
        "bias": 10.95,
        "pace": 12.0,
        "3f": 9.0,
        "margin": 6.0,
        "track": 0.0
      },
      "avg_margin": 0.5833333333333334,
      "race_name": "小倉11R",
      "pred_prob_won": 0.23489105105400085,
      "pred_prob_in_top2": 0.16028864085674285,
      "pred_prob_in_top3": 0.5144572854042053,
      "score_z": 1.782994017766258,
      "上り3F平均": 34.6,
      "Ave-3F平均": 34.88,
      "PCI平均": 50.84,
      "-3F差平均": 0.91,
      "想定脚質": "中団",
      "track_bias_aptitude_score": 57.0,
      "investment_value_score": 90.1,
      "total_investment_index": 79.1,
      "investment_rating": 1.0676489919424057,
      "stability_score": 75,
      "investment_mark": "◎"
    },
    {
      "horse_number": 11,
      "name": "トールキン",
      "popularity": 7,
      "odds": 13.3,
      "mark": "▲",
      "score": 102.53,
      "track_aptitude": 1,
      "total_points": 86.39575456641248,
      "detail_points": {
        "score": 45.45575456641248,
        "bias": 10.95,
        "pace": 12.0,
        "3f": 9.0,
        "margin": 8.0,
        "track": 0.99
      },
      "avg_margin": 0.48500000000000004,
      "race_name": "小倉11R",
      "pred_prob_won": 0.09705528616905212,
      "pred_prob_in_top2": 0.09871546328067779,
      "pred_prob_in_top3": 0.3026376187801361,
      "score_z": 0.6872786976198121,
      "上り3F平均": 34.8,
      "Ave-3F平均": 34.61,
      "PCI平均": 49.53,
      "-3F差平均": 0.75,
      "想定脚質": "中団",
      "track_bias_aptitude_score": 65.3,
      "investment_value_score": 47.4,
      "total_investment_index": 54.2,
      "investment_rating": 1.025034427046776,
      "stability_score": 90,
      "investment_mark": "○"
    },
    {
      "horse_number": 5,
      "name": "レッドエヴァンス",
      "popularity": 1,
      "odds": 2.9,
      "mark": "◎",
      "score": 108.4,
      "track_aptitude": 0,
      "total_points": 90.10816634154992,
      "detail_points": {
        "score": 48.05816634154992,
        "bias": 13.05,
        "pace": 12.0,
        "3f": 9.0,
        "margin": 8.0,
        "track": 0.0
      },
      "avg_margin": 0.32,
      "race_name": "小倉11R",
      "pred_prob_won": 0.18266772031784057,
      "pred_prob_in_top2": 0.15739564299583436,
      "pred_prob_in_top3": 0.4678738534450531,
      "score_z": 1.314776154132948,
      "上り3F平均": 34.73,
      "Ave-3F平均": 34.71,
      "PCI平均": 50.01,
      "-3F差平均": 0.57,
      "想定脚質": "先行",
      "track_bias_aptitude_score": 74.9,
      "investment_value_score": 100,
      "total_investment_index": 89.7,
      "investment_rating": 0.7228972482681275,
      "stability_score": 90,
      "investment_mark": "△"
    },
    {
      "horse_number": 3,
      "name": "ヤマニンアンフィル",
      "popularity": 3,
      "odds": 6.6,
      "mark": "▲",
      "score": 104.52,
      "track_aptitude": 0,
      "total_points": 86.28800319205533,
      "detail_points": {
        "score": 46.338003192055325,
        "bias": 10.95,
        "pace": 12.0,
        "3f": 9.0,
        "margin": 8.0,
        "track": 0.0
      },
      "avg_margin": 0.43499999999999994,
      "race_name": "小倉11R",
      "pred_prob_won": 0.1117931067943573,
      "pred_prob_in_top2": 0.1117840901017189,
      "pred_prob_in_top3": 0.33302255868911745,
      "score_z": 0.9000078183116581,
      "上り3F平均": 34.2,
      "Ave-3F平均": 34.75,
      "PCI平均": 51.64,
      "-3F差平均": 0.91,
      "想定脚質": "中団",
      "track_bias_aptitude_score": 57.0,
      "investment_value_score": 67.6,
      "total_investment_index": 64.2,
      "investment_rating": 0.6655789554119111,
      "stability_score": 90,
      "investment_mark": "△"
    },
    {
      "horse_number": 2,
      "name": "トーホウディアス",
      "popularity": 10,
      "odds": 22.2,
      "mark": "△",
      "score": 95.62,
      "track_aptitude": 0,
      "total_points": 82.34226813264763,
      "detail_points": {
        "score": 42.39226813264763,
        "bias": 10.95,
        "pace": 12.0,
        "3f": 9.0,
        "margin": 8.0,
        "track": 0.0
      },
      "avg_margin": 0.3549999999999999,
      "race_name": "小倉11R",
      "pred_prob_won": 0.028565361723303796,
      "pred_prob_in_top2": 0.0513271689414978,
      "pred_prob_in_top3": 0.13827598094940186,
      "score_z": -0.05139377674232814,
      "上り3F平均": 34.34,
      "Ave-3F平均": 34.8,
      "PCI平均": 51.42,
      "-3F差平均": 0.72,
      "想定脚質": "中団",
      "track_bias_aptitude_score": 57.0,
      "investment_value_score": 22.6,
      "total_investment_index": 35.6,
      "investment_rating": 0.16632845997810364,
      "stability_score": 90,
      "investment_mark": "☆"
    },
    {
      "horse_number": 8,
      "name": "メイショウウネビ",
      "popularity": 9,
      "odds": 20.0,
      "mark": "×",
      "score": 98.32,
      "track_aptitude": 0,
      "total_points": 69.81928888100727,
      "detail_points": {
        "score": 43.58928888100726,
        "bias": 4.95,
        "pace": 8.28,
        "3f": 7.0,
        "margin": 6.0,
        "track": 0.0
      },
      "avg_margin": 0.655,
      "race_name": "小倉11R",
      "pred_prob_won": 0.03225813321769237,
      "pred_prob_in_top2": 0.0519768089056015,
      "pred_prob_in_top3": 0.1366483360528946,
      "score_z": 0.2372336734425881,
      "上り3F平均": 34.53,
      "Ave-3F平均": 36.59,
      "PCI平均": 56.02,
      "-3F差平均": 0.7,
      "想定脚質": "後方",
      "track_bias_aptitude_score": 8.5,
      "investment_value_score": 25.2,
      "total_investment_index": 23.1,
      "investment_rating": 0.1292086851596831,
      "stability_score": 75,
      "investment_mark": "☆"
    },
    {
      "horse_number": 9,
      "name": "パクスロマーナ",
      "popularity": 6,
      "odds": 12.8,
      "mark": "△",
      "score": 94.77,
      "track_aptitude": 0,
      "total_points": 82.0654282674233,
      "detail_points": {
        "score": 42.015428267423296,
        "bias": 13.05,
        "pace": 12.0,
        "3f": 9.0,
        "margin": 6.0,
        "track": 0.0
      },
      "avg_margin": 0.7699999999999999,
      "race_name": "小倉11R",
      "pred_prob_won": 0.030325299128890038,
      "pred_prob_in_top2": 0.050599587708711626,
      "pred_prob_in_top3": 0.12783035188913344,
      "score_z": -0.14225797402276602,
      "上り3F平均": 35.72,
      "Ave-3F平均": 34.73,
      "PCI平均": 47.28,
      "-3F差平均": 0.63,
      "想定脚質": "先行",
      "track_bias_aptitude_score": 74.9,
      "investment_value_score": 30.5,
      "total_investment_index": 45.5,
      "investment_rating": 0.008326312229037347,
      "stability_score": 75,
      "investment_mark": "×"
    },
    {
      "horse_number": 1,
      "name": "エイムインライフ",
      "popularity": 4,
      "odds": 8.0,
      "mark": "消",
      "score": 96.58,
      "track_aptitude": 0,
      "total_points": 67.04787550984217,
      "detail_points": {
        "score": 42.81787550984217,
        "bias": 4.95,
        "pace": 8.28,
        "3f": 5.0,
        "margin": 6.0,
        "track": 0.0
      },
      "avg_margin": 0.9,
      "race_name": "小倉11R",
      "pred_prob_won": 0.023687729984521864,
      "pred_prob_in_top2": 0.04203734770417213,
      "pred_prob_in_top3": 0.11365458071231842,
      "score_z": 0.051229316656752955,
      "上り3F平均": 36.36,
      "Ave-3F平均": 34.75,
      "PCI平均": 45.65,
      "-3F差平均": 0.77,
      "想定脚質": "逃げ",
      "track_bias_aptitude_score": 1,
      "investment_value_score": 36.7,
      "total_investment_index": 27.4,
      "investment_rating": -0.08969894811511048,
      "stability_score": 75,
      "investment_mark": "××"
    },
    {
      "horse_number": 6,
      "name": "ウルトラソニック",
      "popularity": 11,
      "odds": 44.7,
      "mark": "△",
      "score": 88.67,
      "track_aptitude": 2,
      "total_points": 81.37104805816635,
      "detail_points": {
        "score": 39.31104805816634,