{
  "horses": [
    {
      "horse_number": 17,
      "name": "ロードマイライフ",
      "popularity": 7,
      "odds": 17.8,
      "mark": "○",
      "score": 108.65,
      "track_aptitude": 2,
      "total_points": 90.77701895655092,
      "detail_points": {
        "score": 45.56701895655092,
        "bias": 15.0,
        "pace": 10.2,
        "3f": 9.0,
        "margin": 9.0,
        "track": 2.0100000000000002
      },
      "avg_margin": 0.15000000000000002,
      "race_name": "小倉12R",
      "pred_prob_won": 0.12908827811479567,
      "pred_prob_in_top2": 0.1534568637609482,
      "pred_prob_in_top3": 0.41936025619506834,
      "score_z": 1.137887163101766,
      "上り3F平均": 34.93,
      "Ave-3F平均": 34.44,
      "PCI平均": 48.65,
      "-3F差平均": 0.41,
      "想定脚質": "先行",
      "track_bias_aptitude_score": 92.0,
      "investment_value_score": 58.8,
      "total_investment_index": 69.8,
      "investment_rating": 1.8355133962631225,
      "stability_score": 90,
      "investment_mark": "◎"
    },
    {
      "horse_number": 18,
      "name": "インブロリオ",
      "popularity": 3,
      "odds": 7.3,
      "mark": "◎",
      "score": 119.22,
      "track_aptitude": 1,
      "total_points": 93.19,
      "detail_points": {
        "score": 50.0,
        "bias": 15.0,
        "pace": 10.2,
        "3f": 9.0,
        "margin": 8.0,
        "track": 0.99
      },
      "avg_margin": 0.31,
      "race_name": "小倉12R",
      "pred_prob_won": 0.2867011666297913,
      "pred_prob_in_top2": 0.1691921293735504,
      "pred_prob_in_top3": 0.5648327946662903,
      "score_z": 2.1905171609222642,
      "上り3F平均": 34.88,
      "Ave-3F平均": 34.85,
      "PCI平均": 49.94,
      "-3F差平均": 0.35,
      "想定脚質": "先行",
      "track_bias_aptitude_score": 83.9,
      "investment_value_score": 87.0,
      "total_investment_index": 86.0,
      "investment_rating": 1.5857065826654435,
      "stability_score": 90,
      "investment_mark": "○"
    },
    {
      "horse_number": 10,
      "name": "ディアドコス",
      "popularity": 10,
      "odds": 23.9,
      "mark": "▲",
      "score": 98.84,
      "track_aptitude": 2,
      "total_points": 81.61277637980206,
      "detail_points": {
        "score": 41.452776379802046,
        "bias": 10.95,
        "pace": 10.2,
        "3f": 9.0,
        "margin": 8.0,
        "track": 2.0100000000000002
      },
      "avg_margin": 0.35,
      "race_name": "小倉12R",
      "pred_prob_won": 0.05877237170934677,
      "pred_prob_in_top2": 0.07273126095533371,
      "pred_prob_in_top3": 0.19903567731380462,
      "score_z": 0.16094295509617515,
      "上り3F平均": 34.18,
      "Ave-3F平均": 34.42,
      "PCI平均": 50.77,
      "-3F差平均": 0.72,
      "想定脚質": "中団",
      "track_bias_aptitude_score": 57.1,
      "investment_value_score": 34.1,
      "total_investment_index": 42.9,
      "investment_rating": 0.8131533089280129,
      "stability_score": 90,
      "investment_mark": "▲"
    },
    {
      "horse_number": 2,
      "name": "フリッカージャブ",
      "popularity": 1,
      "odds": 2.7,
      "mark": "⭐︎",
      "score": 113.26,
      "track_aptitude": 0,
      "total_points": 75.65041939271934,
      "detail_points": {
        "score": 47.500419392719344,
        "bias": 4.95,
        "pace": 10.2,
        "3f": 7.0,
        "margin": 6.0,
        "track": 0.0
      },
      "avg_margin": 0.6833333333333332,
      "race_name": "小倉12R",
      "pred_prob_won": 0.1821441352367401,
      "pred_prob_in_top2": 0.10898960232734681,
      "pred_prob_in_top3": 0.4209976851940155,
      "score_z": 1.5969812302685114,
      "上り3F平均": 36.5,
      "Ave-3F平均": 34.83,
      "PCI平均": 45.77,
      "-3F差平均": 0.3,
      "想定脚質": "逃げ",
      "track_bias_aptitude_score": 1,
      "investment_value_score": 100,
      "total_investment_index": 68.0,
      "investment_rating": 0.7551450231671333,
      "stability_score": 75,
      "investment_mark": "△"
    },
    {
      "horse_number": 6,
      "name": "ガリレイ",
      "popularity": 16,
      "odds": 47.2,
      "mark": "△",
      "score": 97.36,
      "track_aptitude": 1,
      "total_points": 79.9720751551753,
      "detail_points": {
        "score": 40.8320751551753,
        "bias": 10.95,
        "pace": 10.2,
        "3f": 9.0,
        "margin": 8.0,
        "track": 0.99
      },
      "avg_margin": 0.35,
      "race_name": "小倉12R",
      "pred_prob_won": 0.03337203860282898,
      "pred_prob_in_top2": 0.06190052777528763,
      "pred_prob_in_top3": 0.15268484652042388,
      "score_z": 0.013554838088195733,
      "上り3F平均": 34.56,
      "Ave-3F平均": 34.8,
      "PCI平均": 50.77,
      "-3F差平均": 0.95,
      "想定脚質": "中団",
      "track_bias_aptitude_score": 49.0,
      "investment_value_score": 20.4,
      "total_investment_index": 32.0,
      "investment_rating": 0.6879224038124085,
      "stability_score": 90,
      "investment_mark": "△"
    },
    {
      "horse_number": 9,
      "name": "テーオースパロー",
      "popularity": 18,
      "odds": 54.0,
      "mark": "⭐︎",
      "score": 99.34,
      "track_aptitude": 0,
      "total_points": 77.81247273947325,
      "detail_points": {
        "score": 41.662472739473245,
        "bias": 10.95,
        "pace": 10.2,
        "3f": 9.0,
        "margin": 6.0,
        "track": 0.0
      },
      "avg_margin": 0.78,
      "race_name": "小倉12R",
      "pred_prob_won": 0.033612660691142084,
      "pred_prob_in_top2": 0.050303468108177186,
      "pred_prob_in_top3": 0.1336849272251129,
      "score_z": 0.21073623786914103,
      "上り3F平均": 34.78,
      "Ave-3F平均": 34.96,
      "PCI平均": 50.52,
      "-3F差平均": 0.7,
      "想定脚質": "中団",
      "track_bias_aptitude_score": 41.0,
      "investment_value_score": 16.5,
      "total_investment_index": 27.6,
      "investment_rating": 0.5373766630887985,
      "stability_score": 75,
      "investment_mark": "△"
    },
    {
      "horse_number": 11,
      "name": "サンドロナイト",
      "popularity": 11,
      "odds": 33.5,
      "mark": "△",
      "score": 97.8,
      "track_aptitude": 1,
      "total_points": 80.15660795168596,
      "detail_points": {
        "score": 41.016607951685955,
        "bias": 10.95,
        "pace": 10.2,
        "3f": 9.0,
        "margin": 8.0,
        "track": 0.99
      },
      "avg_margin": 0.37142857142857144,
      "race_name": "小倉12R",
      "pred_prob_won": 0.03667939230799675,
      "pred_prob_in_top2": 0.05639595463871956,
      "pred_prob_in_top3": 0.15288251638412476,
      "score_z": 0.05737292692840548,
      "上り3F平均": 34.91,
      "Ave-3F平均": 34.96,
      "PCI平均": 50.17,
      "-3F差平均": 0.5,
      "想定脚質": "中団",
      "track_bias_aptitude_score": 49.0,
      "investment_value_score": 27.2,
      "total_investment_index": 36.1,
      "investment_rating": 0.5195512503385544,
      "stability_score": 90,
      "investment_mark": "☆"
    },
    {
      "horse_number": 1,
      "name": "ヒーローインチーフ",
      "popularity": 6,
      "odds": 16.5,
      "mark": "⭐︎",
      "score": 102.2,
      "track_aptitude": 0,
      "total_points": 71.0919359167925,
      "detail_points": {
        "score": 42.86193591679249,
        "bias": 4.95,
        "pace": 8.28,
        "3f": 9.0,
        "margin": 6.0,
        "track": 0.0
      },
      "avg_margin": 0.6849999999999999,
      "race_name": "小倉12R",
      "pred_prob_won": 0.05705051049590111,
      "pred_prob_in_top2": 0.05056188702583313,
      "pred_prob_in_top3": 0.18118432760238648,
      "score_z": 0.49555381533050585,
      "上り3F平均": 35.06,
      "Ave-3F平均": 35.58,
      "PCI平均": 51.57,
      "-3F差平均": 1.21,
      "想定脚質": "後方",
      "track_bias_aptitude_score": 2.3,
      "investment_value_score": 43.0,
      "total_investment_index": 32.3,
      "investment_rating": 0.48780320525169385,
      "stability_score": 75,
      "investment_mark": "☆"
    },
    {
      "horse_number": 16,
      "name": "システムリブート",
      "popularity": 4,
      "odds": 14.1,
      "mark": "△",
      "score": 100.06,
      "track_aptitude": 1,
      "total_points": 79.15443549739976,