{
  "horses": [
    {
      "horse_number": 13,
      "name": "ミトノキャット",
      "popularity": 3,
      "odds": 6.2,
      "mark": "○",
      "score": 111.14,
      "track_aptitude": 1,
      "total_points": 89.28589752466678,
      "detail_points": {
        "score": 48.09589752466678,
        "bias": 15.0,
        "pace": 10.2,
        "3f": 9.0,
        "margin": 6.0,
        "track": 0.99
      },
      "avg_margin": 0.605,
      "race_name": "小倉3R",
      "pred_prob_won": 0.17091318368911743,
      "pred_prob_in_top2": 0.1611732006072998,
      "pred_prob_in_top3": 0.453199964761734,
      "score_z": 1.2255993017959226,
      "上り3F平均": 38.0,
      "Ave-3F平均": 35.32,
      "PCI平均": 43.01,
      "-3F差平均": 0.39,
      "想定脚質": "先行",
      "track_bias_aptitude_score": 88.2,
      "investment_value_score": 74.3,
      "total_investment_index": 78.1,
      "investment_rating": 1.1135398784279824,
      "stability_score": 75,
      "investment_mark": "◎"
    },
    {
      "horse_number": 2,
      "name": "デーモンスレイヤー",
      "popularity": 1,
      "odds": 2.9,
      "mark": "◎",
      "score": 115.54,
      "track_aptitude": 0,
      "total_points": 90.2,
      "detail_points": {
        "score": 50.0,
        "bias": 15.0,
        "pace": 10.2,
        "3f": 9.0,
        "margin": 6.0,
        "track": 0.0
      },
      "avg_margin": 0.67,
      "race_name": "小倉3R",
      "pred_prob_won": 0.22523081302642822,
      "pred_prob_in_top2": 0.1614404171705246,
      "pred_prob_in_top3": 0.5152840256690979,
      "score_z": 1.5098818525005544,
      "上り3F平均": 37.26,
      "Ave-3F平均": 35.36,
      "PCI平均": 44.96,
      "-3F差平均": 0.62,
      "想定脚質": "先行",
      "track_bias_aptitude_score": 82.3,
      "investment_value_score": 100,
      "total_investment_index": 92.2,
      "investment_rating": 0.8609174603223801,
      "stability_score": 75,
      "investment_mark": "○"
    },
    {
      "horse_number": 3,
      "name": "チムニーパイプ",
      "popularity": 8,
      "odds": 19.1,
      "mark": "△",
      "score": 102.31,
      "track_aptitude": 2,
      "total_points": 76.53471005712308,
      "detail_points": {
        "score": 44.27471005712307,
        "bias": 7.05,
        "pace": 10.2,
        "3f": 9.0,
        "margin": 4.0,
        "track": 2.0100000000000002
      },
      "avg_margin": 1.092857142857143,
      "race_name": "小倉3R",
      "pred_prob_won": 0.08040663003921508,
      "pred_prob_in_top2": 0.07608631551265717,
      "pred_prob_in_top3": 0.24945270419120788,
      "score_z": 0.6550959102682195,
      "上り3F平均": 37.8,
      "Ave-3F平均": 36.29,
      "PCI平均": 46.07,
      "-3F差平均": 1.0,
      "想定脚質": "中団",
      "track_bias_aptitude_score": 41.7,
      "investment_value_score": 41.6,
      "total_investment_index": 43.6,
      "investment_rating": 0.8466067659854889,
      "stability_score": 60,
      "investment_mark": "▲"
    },
    {
      "horse_number": 8,
      "name": "キーガッツ",
      "popularity": 4,
      "odds": 6.5,
      "mark": "△",
      "score": 106.89,
      "track_aptitude": 1,
      "total_points": 79.49670763371992,
      "detail_points": {
        "score": 46.25670763371993,
        "bias": 7.05,
        "pace": 10.2,
        "3f": 9.0,
        "margin": 6.0,
        "track": 0.99
      },
      "avg_margin": 0.6625,
      "race_name": "小倉3R",
      "pred_prob_won": 0.10640564411878586,
      "pred_prob_in_top2": 0.11417770981788636,
      "pred_prob_in_top3": 0.30134154558181764,
      "score_z": 0.9510082016834946,
      "上り3F平均": 37.23,
      "Ave-3F平均": 35.65,
      "PCI平均": 45.8,
      "-3F差平均": 0.67,
      "想定脚質": "中団",
      "track_bias_aptitude_score": 35.8,
      "investment_value_score": 59.5,
      "total_investment_index": 53.0,
      "investment_rating": 0.7053661823272704,
      "stability_score": 75,
      "investment_mark": "△"
    },
    {
      "horse_number": 12,
      "name": "トップレジェンド",
      "popularity": 6,
      "odds": 13.6,
      "mark": "▲",
      "score": 98.67,
      "track_aptitude": 2,
      "total_points": 82.90949800934742,
      "detail_points": {
        "score": 42.69949800934741,
        "bias": 15.0,
        "pace": 10.2,
        "3f": 9.0,
        "margin": 4.0,
        "track": 2.0100000000000002
      },
      "avg_margin": 1.7333333333333334,
      "race_name": "小倉3R",
      "pred_prob_won": 0.07428908348083496,
      "pred_prob_in_top2": 0.08610662370920182,
      "pred_prob_in_top3": 0.25278002619743345,
      "score_z": 0.41991670923075175,
      "上り3F平均": 37.27,
      "Ave-3F平均": 35.9,
      "PCI平均": 46.47,
      "-3F差平均": 0.77,
      "想定脚質": "先行",
      "track_bias_aptitude_score": 94.1,
      "investment_value_score": 46.4,
      "total_investment_index": 61.8,
      "investment_rating": 0.6891781336069107,
      "stability_score": 60,
      "investment_mark": "△"
    },
    {
      "horse_number": 7,
      "name": "ロードバルセロナ",
      "popularity": 5,
      "odds": 8.9,
      "mark": "△",
      "score": 100.77,
      "track_aptitude": 0,
      "total_points": 71.85827419075645,
      "detail_points": {
        "score": 43.60827419075645,
        "bias": 7.05,
        "pace": 10.2,
        "3f": 7.0,
        "margin": 4.0,
        "track": 0.0
      },
      "avg_margin": 1.1333333333333335,
      "race_name": "小倉3R",
      "pred_prob_won": 0.06775038689374924,
      "pred_prob_in_top2": 0.08042354136705399,
      "pred_prob_in_top3": 0.22673700153827667,
      "score_z": 0.5555970175215982,
      "上り3F平均": 37.03,
      "Ave-3F平均": 36.11,
      "PCI平均": 47.5,
      "-3F差平均": 1.07,
      "想定脚質": "中団",
      "track_bias_aptitude_score": 29.9,
      "investment_value_score": 48.3,
      "total_investment_index": 43.9,
      "investment_rating": 0.4816533569991588,
      "stability_score": 60,
      "investment_mark": "☆"
    },
    {
      "horse_number": 1,
      "name": "クライスラー",
      "popularity": 7,
      "odds": 15.7,
      "mark": "▲",
      "score": 93.42,
      "track_aptitude": 0,
      "total_points": 80.62755755582482,
      "detail_points": {
        "score": 40.42755755582482,
        "bias": 15.0,
        "pace": 10.2,
        "3f": 9.0,
        "margin": 6.0,
        "track": 0.0
      },
      "avg_margin": 0.7000000000000001,
      "race_name": "小倉3R",
      "pred_prob_won": 0.05403576716780663,
      "pred_prob_in_top2": 0.06636063009500504,
      "pred_prob_in_top3": 0.18822994828224182,
      "score_z": 0.08071593850363486,
      "上り3F平均": 38.23,
      "Ave-3F平均": 35.8,
      "PCI平均": 43.67,
      "-3F差平均": 0.33,
      "想定脚質": "先行",
      "track_bias_aptitude_score": 82.3,
      "investment_value_score": 36.9,
      "total_investment_index": 52.0,
      "investment_rating": 0.4134992077946663,
      "stability_score": 75,
      "investment_mark": "☆"
    },
    {
      "horse_number": 11,
      "name": "スマートフランキー",
      "popularity": 9,
      "odds": 24.2,
      "mark": "⭐︎",
      "score": 91.57,
      "track_aptitude": 0,
      "total_points": 69.87696901505971,
      "detail_points": {
        "score": 39.626969015059714,
        "bias": 7.05,
        "pace": 10.2,
        "3f": 9.0,
        "margin": 4.0,
        "track": 0.0
      },
      "avg_margin": 1.5999999999999999,
      "race_name": "小倉3R",
      "pred_prob_won": 0.02579251043498516,
      "pred_prob_in_top2": 0.03548724949359894,
      "pred_prob_in_top3": 0.10699907839298248,
      "score_z": -0.03881195213354022,
      "上り3F平均": 37.52,
      "Ave-3F平均": 36.34,
      "PCI平均": 47.0,
      "-3F差平均": 0.98,
      "想定脚質": "中団",
      "track_bias_aptitude_score": 29.9,
      "investment_value_score": 22.1,
      "total_investment_index": 27.2,
      "investment_rating": -0.027756220847368285,
      "stability_score": 60,
      "investment_mark": "××"
    },
    {
      "horse_number": 6,
      "name": "タマモペルリーナ",
      "popularity": 2,
      "odds": 5.4,
      "mark": "△",
      "score": 89.61,
      "track_aptitude": 0,
      "total_points": 76.97877791241129,