{
  "horses": [
    {
      "horse_number": 16,
      "name": "ヴォワラクテ",
      "popularity": 5,
      "odds": 9.3,
      "mark": "○",
      "score": 130.28,
      "track_aptitude": 2,
      "total_points": 83.9813369414174,
      "detail_points": {
        "score": 47.64133694141739,
        "bias": 13.05,
        "pace": 8.28,
        "3f": 7.0,
        "margin": 6.0,
        "track": 2.0100000000000002
      },
      "avg_margin": 0.57,
      "race_name": "小倉2R",
      "pred_prob_won": 0.18259608149528503,
      "pred_prob_in_top2": 0.16855680346488952,
      "pred_prob_in_top3": 0.4923989474773407,
      "score_z": 1.1828176479345751,
      "上り3F平均": 35.44,
      "Ave-3F平均": 36.75,
      "PCI平均": 53.74,
      "-3F差平均": 1.36,
      "想定脚質": "中団",
      "track_bias_aptitude_score": 93.2,
      "investment_value_score": 75.0,
      "total_investment_index": 79.9,
      "investment_rating": 1.741175316274166,
      "stability_score": 75,
      "investment_mark": "◎"
    },
    {
      "horse_number": 14,
      "name": "アドラビーレ",
      "popularity": 3,
      "odds": 6.1,
      "mark": "◎",
      "score": 136.73,
      "track_aptitude": 3,
      "total_points": 92.95,
      "detail_points": {
        "score": 50.0,
        "bias": 10.95,
        "pace": 12.0,
        "3f": 9.0,
        "margin": 8.0,
        "track": 3.0
      },
      "avg_margin": 0.48750000000000004,
      "race_name": "小倉2R",
      "pred_prob_won": 0.27241734862327577,
      "pred_prob_in_top2": 0.18943713903427123,
      "pred_prob_in_top3": 0.5943250775337219,
      "score_z": 1.6138900823974345,
      "上り3F平均": 35.33,
      "Ave-3F平均": 36.8,
      "PCI平均": 54.25,
      "-3F差平均": 0.35,
      "想定脚質": "先行",
      "track_bias_aptitude_score": 73.6,
      "investment_value_score": 91.7,
      "total_investment_index": 84.8,
      "investment_rating": 1.6409890097379682,
      "stability_score": 90,
      "investment_mark": "○"
    },
    {
      "horse_number": 8,
      "name": "サマンサバローズ",
      "popularity": 4,
      "odds": 7.4,
      "mark": "▲",
      "score": 127.5,
      "track_aptitude": 2,
      "total_points": 82.96473487895854,
      "detail_points": {
        "score": 46.624734878958535,
        "bias": 13.05,
        "pace": 8.28,
        "3f": 9.0,
        "margin": 4.0,
        "track": 2.0100000000000002
      },
      "avg_margin": 1.0750000000000002,
      "race_name": "小倉2R",
      "pred_prob_won": 0.15790437459945678,
      "pred_prob_in_top2": 0.13598994314670562,
      "pred_prob_in_top3": 0.4384139120578766,
      "score_z": 0.9970220870343035,
      "上り3F平均": 35.08,
      "Ave-3F平均": 36.36,
      "PCI平均": 53.82,
      "-3F差平均": 0.98,
      "想定脚質": "中団",
      "track_bias_aptitude_score": 93.2,
      "investment_value_score": 76.2,
      "total_investment_index": 80.3,
      "investment_rating": 1.309814257025719,
      "stability_score": 60,
      "investment_mark": "▲"
    },
    {
      "horse_number": 9,
      "name": "リオンプライム",
      "popularity": 2,
      "odds": 4.4,
      "mark": "▲",
      "score": 124.94,
      "track_aptitude": 2,
      "total_points": 82.02858333942808,
      "detail_points": {
        "score": 45.68858333942807,
        "bias": 13.05,
        "pace": 8.28,
        "3f": 9.0,
        "margin": 4.0,
        "track": 2.0100000000000002
      },
      "avg_margin": 1.41,
      "race_name": "小倉2R",
      "pred_prob_won": 0.1395965039730072,
      "pred_prob_in_top2": 0.12213406562805176,
      "pred_prob_in_top3": 0.38279053568840027,
      "score_z": 0.8259297719606721,
      "上り3F平均": 37.8,
      "Ave-3F平均": 36.6,
      "PCI平均": 47.12,
      "-3F差平均": 0.96,
      "想定脚質": "中団",
      "track_bias_aptitude_score": 93.2,
      "investment_value_score": 86.6,
      "total_investment_index": 86.3,
      "investment_rating": 0.7718134999275208,
      "stability_score": 60,
      "investment_mark": "△"
    },
    {
      "horse_number": 13,
      "name": "エルモサメロディア",
      "popularity": 14,
      "odds": 70.3,
      "mark": "△",
      "score": 113.48,
      "track_aptitude": 1,
      "total_points": 76.81784246324874,
      "detail_points": {
        "score": 41.49784246324874,
        "bias": 13.05,
        "pace": 8.28,
        "3f": 9.0,
        "margin": 4.0,
        "track": 0.99
      },
      "avg_margin": 1.35,
      "race_name": "小倉2R",
      "pred_prob_won": 0.042060719430446626,
      "pred_prob_in_top2": 0.06376795023679734,
      "pred_prob_in_top3": 0.17660494148731232,
      "score_z": 0.06002433026386969,
      "上り3F平均": 36.1,
      "Ave-3F平均": 36.17,
      "PCI平均": 50.2,
      "-3F差平均": 0.85,
      "想定脚質": "中団",
      "track_bias_aptitude_score": 86.4,
      "investment_value_score": 30.1,
      "total_investment_index": 49.1,
      "investment_rating": 0.7600864499807357,
      "stability_score": 60,
      "investment_mark": "△"
    },
    {
      "horse_number": 15,
      "name": "ララベルドゥニュイ",
      "popularity": 7,
      "odds": 14.7,
      "mark": "△",
      "score": 116.82,
      "track_aptitude": 0,
      "total_points": 76.6692276749799,
      "detail_points": {
        "score": 42.71922767497989,
        "bias": 10.95,
        "pace": 12.0,
        "3f": 7.0,
        "margin": 4.0,
        "track": 0.0
      },
      "avg_margin": 1.5333333333333332,
      "race_name": "小倉2R",
      "pred_prob_won": 0.054535623639822006,
      "pred_prob_in_top2": 0.07277226448059082,
      "pred_prob_in_top3": 0.2033399760723114,
      "score_z": 0.2832463350864973,
      "上り3F平均": 38.73,
      "Ave-3F平均": 37.91,
      "PCI平均": 48.07,
      "-3F差平均": 1.3,
      "想定脚質": "先行",
      "track_bias_aptitude_score": 53.2,
      "investment_value_score": 46.7,
      "total_investment_index": 49.5,
      "investment_rating": 0.5785368672013282,
      "stability_score": 60,
      "investment_mark": "△"
    },
    {
      "horse_number": 4,
      "name": "アズユーライク",
      "popularity": 1,
      "odds": 4.0,
      "mark": "△",
      "score": 125.77,
      "track_aptitude": 0,
      "total_points": 75.32210122138521,
      "detail_points": {
        "score": 45.99210122138521,
        "bias": 13.05,
        "pace": 8.28,
        "3f": 7.0,
        "margin": 1.0,
        "track": 0.0
      },
      "avg_margin": 3.275,
      "race_name": "小倉2R",
      "pred_prob_won": 0.12563196420669556,
      "pred_prob_in_top2": 0.1292461484670639,
      "pred_prob_in_top3": 0.36480873823165894,
      "score_z": 0.8814011084884509,
      "上り3F平均": 38.83,
      "Ave-3F平均": 37.23,
      "PCI平均": 47.07,
      "-3F差平均": 1.35,
      "想定脚質": "中団",
      "track_bias_aptitude_score": 79.6,
      "investment_value_score": 100,
      "total_investment_index": 90.4,
      "investment_rating": 0.5708196610212326,
      "stability_score": 30,
      "investment_mark": "☆"
    },
    {
      "horse_number": 5,
      "name": "スマイルラッシュ",
      "popularity": 10,
      "odds": 36.4,
      "mark": "△",
      "score": 115.2,
      "track_aptitude": 2,
      "total_points": 80.08681927887078,
      "detail_points": {
        "score": 42.12681927887077,
        "bias": 10.95,
        "pace": 12.0,
        "3f": 9.0,
        "margin": 4.0,
        "track": 2.0100000000000002
      },
      "avg_margin": 1.75,
      "race_name": "小倉2R",
      "pred_prob_won": 0.04347910657525063,
      "pred_prob_in_top2": 0.06159097626805306,
      "pred_prob_in_top3": 0.17557477355003356,
      "score_z": 0.17497697945396568,
      "上り3F平均": 38.45,
      "Ave-3F平均": 36.64,
      "PCI平均": 45.35,
      "-3F差平均": 0.65,
      "想定脚質": "先行",
      "track_bias_aptitude_score": 66.8,
      "investment_value_score": 36.7,
      "total_investment_index": 47.4,
      "investment_rating": 0.5641383695602417,
      "stability_score": 60,
      "investment_mark": "☆"
    },
    {
      "horse_number": 2,
      "name": "パクシー",
      "popularity": 6,
      "odds": 9.5,
      "mark": "⭐︎",
      "score": 118.56,
      "track_aptitude": 2,
      "total_points": 69.64551817450452,