{
  "horses": [
    {
      "horse_number": 13,
      "name": "シュパネントウィル",
      "popularity": 5,
      "odds": 7.9,
      "mark": "▲",
      "score": 140.01,
      "track_aptitude": 2,
      "total_points": 84.34,
      "detail_points": {
        "score": 50.0,
        "bias": 7.05,
        "pace": 8.28,
        "3f": 9.0,
        "margin": 8.0,
        "track": 2.0100000000000002
      },
      "avg_margin": 0.2833333333333333,
      "race_name": "小倉6R",
      "pred_prob_won": 0.26686915159225466,
      "pred_prob_in_top2": 0.18718983829021454,
      "pred_prob_in_top3": 0.5881141185760498,
      "score_z": 1.7103482494203688,
      "上り3F平均": 38.77,
      "Ave-3F平均": 37.92,
      "PCI平均": 47.83,
      "-3F差平均": 0.1,
      "想定脚質": "逃げ",
      "track_bias_aptitude_score": 43.2,
      "investment_value_score": 73.7,
      "total_investment_index": 65.0,
      "investment_rating": 2.1671078276634215,
      "stability_score": 90,
      "investment_mark": "◎"
    },
    {
      "horse_number": 5,
      "name": "アルデフォックス",
      "popularity": 4,
      "odds": 7.6,
      "mark": "△",
      "score": 130.12,
      "track_aptitude": 2,
      "total_points": 72.80810942075567,
      "detail_points": {
        "score": 46.46810942075567,
        "bias": 7.05,
        "pace": 8.28,
        "3f": 5.0,
        "margin": 4.0,
        "track": 2.0100000000000002
      },
      "avg_margin": 1.925,
      "race_name": "小倉6R",
      "pred_prob_won": 0.15861117243766784,
      "pred_prob_in_top2": 0.14125082790851592,
      "pred_prob_in_top3": 0.43855795860290525,
      "score_z": 1.0904263405187269,
      "上り3F平均": 39.08,
      "Ave-3F平均": 37.33,
      "PCI平均": 45.63,
      "-3F差平均": 0.53,
      "想定脚質": "逃げ",
      "track_bias_aptitude_score": 43.2,
      "investment_value_score": 69.4,
      "total_investment_index": 61.4,
      "investment_rating": 1.3103760385513306,
      "stability_score": 60,
      "investment_mark": "○"
    },
    {
      "horse_number": 15,
      "name": "ストラーダレアーレ",
      "popularity": 6,
      "odds": 12.1,
      "mark": "○",
      "score": 120.63,
      "track_aptitude": 2,
      "total_points": 85.08906578101565,
      "detail_points": {
        "score": 43.07906578101564,
        "bias": 15.0,
        "pace": 12.0,
        "3f": 9.0,
        "margin": 4.0,
        "track": 2.0100000000000002
      },
      "avg_margin": 1.05,
      "race_name": "小倉6R",
      "pred_prob_won": 0.09960780143737794,
      "pred_prob_in_top2": 0.10465164482593536,
      "pred_prob_in_top3": 0.3116470456123352,
      "score_z": 0.4955771074068365,
      "上り3F平均": 39.4,
      "Ave-3F平均": 37.34,
      "PCI平均": 44.75,
      "-3F差平均": 0.6,
      "想定脚質": "先行",
      "track_bias_aptitude_score": 94.3,
      "investment_value_score": 52.7,
      "total_investment_index": 65.7,
      "investment_rating": 1.058235228061676,
      "stability_score": 60,
      "investment_mark": "▲"
    },
    {
      "horse_number": 14,
      "name": "カルミアクラウン",
      "popularity": 3,
      "odds": 7.0,
      "mark": "△",
      "score": 128.11,
      "track_aptitude": 1,
      "total_points": 80.79030354974644,
      "detail_points": {
        "score": 45.750303549746455,
        "bias": 7.05,
        "pace": 12.0,
        "3f": 9.0,
        "margin": 6.0,
        "track": 0.99
      },
      "avg_margin": 0.9875,
      "race_name": "小倉6R",
      "pred_prob_won": 0.14031991958618165,
      "pred_prob_in_top2": 0.1415273517370224,
      "pred_prob_in_top3": 0.38558021783828733,
      "score_z": 0.9644361446752187,
      "上り3F平均": 36.9,
      "Ave-3F平均": 36.0,
      "PCI平均": 47.65,
      "-3F差平均": 0.7,
      "想定脚質": "中団",
      "track_bias_aptitude_score": 37.9,
      "investment_value_score": 71.9,
      "total_investment_index": 61.1,
      "investment_rating": 0.9416937297582625,
      "stability_score": 75,
      "investment_mark": "▲"
    },
    {
      "horse_number": 10,
      "name": "ドウジャスティ",
      "popularity": 1,
      "odds": 2.9,
      "mark": "◎",
      "score": 131.82,
      "track_aptitude": 2,
      "total_points": 91.08520891364903,
      "detail_points": {
        "score": 47.07520891364902,
        "bias": 15.0,
        "pace": 12.0,
        "3f": 9.0,
        "margin": 6.0,
        "track": 2.0100000000000002
      },
      "avg_margin": 0.675,
      "race_name": "小倉6R",
      "pred_prob_won": 0.19695592820644378,
      "pred_prob_in_top2": 0.17031086087226868,
      "pred_prob_in_top3": 0.5205932676792144,
      "score_z": 1.1969852126251763,
      "上り3F平均": 36.1,
      "Ave-3F平均": 36.48,
      "PCI平均": 51.15,
      "-3F差平均": 0.3,
      "想定脚質": "先行",
      "track_bias_aptitude_score": 94.3,
      "investment_value_score": 100,
      "total_investment_index": 95.3,
      "investment_rating": 0.9213348522782325,
      "stability_score": 75,
      "investment_mark": "△"
    },
    {
      "horse_number": 8,
      "name": "マナエトレ",
      "popularity": 2,
      "odds": 6.0,
      "mark": "▲",
      "score": 126.67,
      "track_aptitude": 1,
      "total_points": 83.27605456753089,
      "detail_points": {
        "score": 45.23605456753089,
        "bias": 7.05,
        "pace": 12.0,
        "3f": 9.0,
        "margin": 9.0,
        "track": 0.99
      },
      "avg_margin": 0.05,
      "race_name": "小倉6R",
      "pred_prob_won": 0.13749824464321136,
      "pred_prob_in_top2": 0.13981035351753235,
      "pred_prob_in_top3": 0.40551391839981077,
      "score_z": 0.874174511832107,
      "上り3F平均": 40.1,
      "Ave-3F平均": 37.09,
      "PCI平均": 42.5,
      "-3F差平均": 0.8,
      "想定脚質": "中団",
      "track_bias_aptitude_score": 37.9,
      "investment_value_score": 80.1,
      "total_investment_index": 65.9,
      "investment_rating": 0.8354389715194702,
      "stability_score": 90,
      "investment_mark": "△"
    },
    {
      "horse_number": 16,
      "name": "エイシンキャロッツ",
      "popularity": 7,
      "odds": 17.4,
      "mark": "△",
      "score": 116.92,
      "track_aptitude": 0,
      "total_points": 71.80416041711307,
      "detail_points": {
        "score": 41.75416041711307,
        "bias": 7.05,
        "pace": 12.0,
        "3f": 7.0,
        "margin": 4.0,
        "track": 0.0
      },
      "avg_margin": 1.2,
      "race_name": "小倉6R",
      "pred_prob_won": 0.05435653254389763,
      "pred_prob_in_top2": 0.07021087557077407,
      "pred_prob_in_top3": 0.2040288805961609,
      "score_z": 0.26302803945687786,
      "上り3F平均": 38.5,
      "Ave-3F平均": 36.71,
      "PCI平均": 45.38,
      "-3F差平均": 1.03,
      "想定脚質": "中団",
      "track_bias_aptitude_score": 32.2,
      "investment_value_score": 41.3,
      "total_investment_index": 39.9,
      "investment_rating": 0.5823602873086928,
      "stability_score": 60,
      "investment_mark": "☆"
    },
    {
      "horse_number": 1,
      "name": "インマイブラッド",
      "popularity": 12,
      "odds": 63.1,
      "mark": "△",
      "score": 109.3,
      "track_aptitude": 2,
      "total_points": 71.09292621955575,
      "detail_points": {
        "score": 39.03292621955575,
        "bias": 7.05,
        "pace": 12.0,
        "3f": 9.0,
        "margin": 2.0,
        "track": 2.0100000000000002
      },
      "avg_margin": 2.2875,
      "race_name": "小倉6R",
      "pred_prob_won": 0.032567793503403664,
      "pred_prob_in_top2": 0.049764910340309144,
      "pred_prob_in_top3": 0.1417335331439972,
      "score_z": -0.21460643433791693,
      "上り3F平均": 39.34,
      "Ave-3F平均": 37.19,
      "PCI平均": 44.75,
      "-3F差平均": 0.83,
      "想定脚質": "中団",
      "track_bias_aptitude_score": 43.6,
      "investment_value_score": 23.8,
      "total_investment_index": 32.0,
      "investment_rating": 0.3763883250951766,
      "stability_score": 45,
      "investment_mark": "☆"
    },
    {
      "horse_number": 6,
      "name": "ゼンノソブリン",
      "popularity": 8,
      "odds": 19.4,
      "mark": "×",
      "score": 111.95,
      "track_aptitude": 2,
      "total_points": 66.31928719377188,