{
  "horses": [
    {
      "horse_number": 6,
      "name": "ベルビースタローン",
      "popularity": 1,
      "odds": 1.5,
      "mark": "◎",
      "score": 123.2,
      "track_aptitude": 0,
      "total_points": 88.05,
      "detail_points": {
        "score": 50.0,
        "bias": 13.05,
        "pace": 12.0,
        "3f": 7.0,
        "margin": 6.0,
        "track": 0.0
      },
      "avg_margin": 0.5687500000000001,
      "race_name": "小倉7R",
      "pred_prob_won": 0.288291996717453,
      "pred_prob_in_top2": 0.17397146821022033,
      "pred_prob_in_top3": 0.5876193881034851,
      "score_z": 2.091680877431658,
      "上り3F平均": 35.77,
      "Ave-3F平均": 34.83,
      "PCI平均": 47.5,
      "-3F差平均": 0.15,
      "想定脚質": "先行",
      "track_bias_aptitude_score": 75.1,
      "investment_value_score": 100,
      "total_investment_index": 91.0,
      "investment_rating": 0.9278104090690613,
      "stability_score": 75,
      "investment_mark": "◎"
    },
    {
      "horse_number": 1,
      "name": "アンダースコア",
      "popularity": 6,
      "odds": 15.7,
      "mark": "▲",
      "score": 102.26,
      "track_aptitude": 0,
      "total_points": 81.55162337662338,
      "detail_points": {
        "score": 41.50162337662338,
        "bias": 13.05,
        "pace": 12.0,
        "3f": 9.0,
        "margin": 6.0,
        "track": 0.0
      },
      "avg_margin": 0.5642857142857143,
      "race_name": "小倉7R",
      "pred_prob_won": 0.08591603934764862,
      "pred_prob_in_top2": 0.0821589097380638,
      "pred_prob_in_top3": 0.2629393696784973,
      "score_z": 0.5033889310971151,
      "上り3F平均": 34.87,
      "Ave-3F平均": 35.11,
      "PCI平均": 50.7,
      "-3F差平均": 0.89,
      "想定脚質": "中団",
      "track_bias_aptitude_score": 73.4,
      "investment_value_score": 41.2,
      "total_investment_index": 52.6,
      "investment_rating": 0.5567256277799606,
      "stability_score": 75,
      "investment_mark": "○"
    },
    {
      "horse_number": 5,
      "name": "ナムライリス",
      "popularity": 4,
      "odds": 10.3,
      "mark": "▲",
      "score": 101.43,
      "track_aptitude": 0,
      "total_points": 81.21477272727273,
      "detail_points": {
        "score": 41.164772727272734,
        "bias": 13.05,
        "pace": 12.0,
        "3f": 9.0,
        "margin": 6.0,
        "track": 0.0
      },
      "avg_margin": 0.5199999999999999,
      "race_name": "小倉7R",
      "pred_prob_won": 0.07012238577008248,
      "pred_prob_in_top2": 0.07998295873403549,
      "pred_prob_in_top3": 0.24922914206981658,
      "score_z": 0.440433710683664,
      "上り3F平均": 35.48,
      "Ave-3F平均": 35.27,
      "PCI平均": 49.48,
      "-3F差平均": 0.73,
      "想定脚質": "中団",
      "track_bias_aptitude_score": 73.4,
      "investment_value_score": 47.6,
      "total_investment_index": 56.3,
      "investment_rating": 0.30922385379672057,
      "stability_score": 75,
      "investment_mark": "△"
    },
    {
      "horse_number": 9,
      "name": "デボラ",
      "popularity": 2,
      "odds": 6.5,
      "mark": "○",
      "score": 96.41,
      "track_aptitude": 1,
      "total_points": 82.16743506493506,
      "detail_points": {
        "score": 39.127435064935064,
        "bias": 13.05,
        "pace": 12.0,
        "3f": 9.0,
        "margin": 8.0,
        "track": 0.99
      },
      "avg_margin": 0.4833333333333334,
      "race_name": "小倉7R",
      "pred_prob_won": 0.05013511255383492,
      "pred_prob_in_top2": 0.08925071209669114,
      "pred_prob_in_top3": 0.225212761759758,
      "score_z": 0.05966840167700571,
      "上り3F平均": 36.07,
      "Ave-3F平均": 34.38,
      "PCI平均": 45.48,
      "-3F差平均": 0.4,
      "想定脚質": "先行",
      "track_bias_aptitude_score": 83.4,
      "investment_value_score": 57.1,
      "total_investment_index": 64.4,
      "investment_rating": 0.05942019954323774,
      "stability_score": 90,
      "investment_mark": "△"
    },
    {
      "horse_number": 7,
      "name": "バニーラビット",
      "popularity": 5,
      "odds": 12.9,
      "mark": "△",
      "score": 93.76,
      "track_aptitude": 0,
      "total_points": 74.10194805194806,
      "detail_points": {
        "score": 38.05194805194805,
        "bias": 13.05,
        "pace": 12.0,
        "3f": 7.0,
        "margin": 4.0,
        "track": 0.0
      },
      "avg_margin": 1.3166666666666667,
      "race_name": "小倉7R",
      "pred_prob_won": 0.02850957363843918,
      "pred_prob_in_top2": 0.049388863146305084,
      "pred_prob_in_top3": 0.12509439289569854,
      "score_z": -0.1413332056671455,
      "上り3F平均": 35.47,
      "Ave-3F平均": 36.03,
      "PCI平均": 51.65,
      "-3F差平均": 1.07,
      "想定脚質": "先行",
      "track_bias_aptitude_score": 75.1,
      "investment_value_score": 28.8,
      "total_investment_index": 44.6,
      "investment_rating": -0.19954691410064707,
      "stability_score": 60,
      "investment_mark": "××"
    },
    {
      "horse_number": 2,
      "name": "ジェニファー",
      "popularity": 3,
      "odds": 8.3,
      "mark": "△",
      "score": 94.14,
      "track_aptitude": 0,
      "total_points": 76.25616883116884,
      "detail_points": {
        "score": 38.20616883116883,
        "bias": 13.05,
        "pace": 12.0,
        "3f": 9.0,
        "margin": 4.0,
        "track": 0.0
      },
      "avg_margin": 1.14,
      "race_name": "小倉7R",
      "pred_prob_won": 0.033161218464374545,
      "pred_prob_in_top2": 0.050951164215803146,
      "pred_prob_in_top3": 0.12659267634153365,
      "score_z": -0.11251033367062596,
      "上り3F平均": 37.48,
      "Ave-3F平均": 35.18,
      "PCI平均": 44.0,
      "-3F差平均": 0.3,
      "想定脚質": "先行",
      "track_bias_aptitude_score": 75.1,
      "investment_value_score": 38.4,
      "total_investment_index": 50.4,
      "investment_rating": -0.2316070975363254,
      "stability_score": 60,
      "investment_mark": "××"
    },
    {
      "horse_number": 3,
      "name": "レディメローラ",
      "popularity": 7,
      "odds": 22.2,
      "mark": "△",
      "score": 86.2,
      "track_aptitude": 1,
      "total_points": 76.02376623376622,
      "detail_points": {
        "score": 34.98376623376623,
        "bias": 13.05,
        "pace": 12.0,
        "3f": 9.0,
        "margin": 6.0,
        "track": 0.99
      },
      "avg_margin": 0.5900000000000001,
      "race_name": "小倉7R",
      "pred_prob_won": 0.021581051871180534,
      "pred_prob_in_top2": 0.03266617357730865,
      "pred_prob_in_top3": 0.09790702760219575,
      "score_z": -0.714756659071594,
      "上り3F平均": 35.85,
      "Ave-3F平均": 34.3,
      "PCI平均": 45.79,
      "-3F差平均": 0.48,
      "想定脚質": "先行",
      "track_bias_aptitude_score": 83.4,
      "investment_value_score": 17.2,
      "total_investment_index": 39.1,
      "investment_rating": -0.32234853714704514,
      "stability_score": 75,
      "investment_mark": "××"
    },
    {
      "horse_number": 4,
      "name": "ファルシオン",
      "popularity": 8,
      "odds": 35.5,
      "mark": "△",
      "score": 87.27,
      "track_aptitude": 0,
      "total_points": 73.46801948051949,
      "detail_points": {
        "score": 35.41801948051948,
        "bias": 13.05,
        "pace": 12.0,
        "3f": 9.0,
        "margin": 4.0,
        "track": 0.0
      },
      "avg_margin": 1.52,
      "race_name": "小倉7R",
      "pred_prob_won": 0.02076013423502445,
      "pred_prob_in_top2": 0.027827100455760957,
      "pred_prob_in_top3": 0.08828170895576477,
      "score_z": -0.6335975195024464,
      "上り3F平均": 35.88,
      "Ave-3F平均": 35.89,
      "PCI平均": 50.8,
      "-3F差平均": 0.85,
      "想定脚質": "中団",
      "track_bias_aptitude_score": 73.4,
      "investment_value_score": 13.5,
      "total_investment_index": 34.1,
      "investment_rating": -0.3805829772353171,
      "stability_score": 60,
      "investment_mark": "××"
    },
    {
      "horse_number": 8,
      "name": "ミジョカスマイル",
      "popularity": 9,
      "odds": 118.7,
      "mark": "⭐︎",
      "score": 75.94,
      "track_aptitude": 2,
      "total_points": 70.8798051948052,