{
  "horses": [
    {
      "horse_number": 5,
      "name": "アメリカンチーフ",
      "popularity": 5,
      "odds": 12.9,
      "mark": "▲",
      "score": 128.54,
      "track_aptitude": 2,
      "total_points": 90.57797400438298,
      "detail_points": {
        "score": 48.567974004382975,
        "bias": 15.0,
        "pace": 12.0,
        "3f": 9.0,
        "margin": 4.0,
        "track": 2.0100000000000002
      },
      "avg_margin": 1.105,
      "race_name": "小倉12R",
      "pred_prob_won": 0.15927534997463227,
      "pred_prob_in_top2": 0.14883384108543396,
      "pred_prob_in_top3": 0.4494831144809723,
      "score_z": 1.050812553138321,
      "上り3F平均": 38.21,
      "Ave-3F平均": 36.9,
      "PCI平均": 46.64,
      "-3F差平均": 0.65,
      "想定脚質": "先行",
      "track_bias_aptitude_score": 94.2,
      "investment_value_score": 63.9,
      "total_investment_index": 73.4,
      "investment_rating": 1.5501998594403266,
      "stability_score": 60,
      "investment_mark": "◎"
    },
    {
      "horse_number": 11,
      "name": "ダノンヴェステル",
      "popularity": 2,
      "odds": 3.6,
      "mark": "○",
      "score": 130.22,
      "track_aptitude": 0,
      "total_points": 92.20275069901004,
      "detail_points": {
        "score": 49.202750699010046,
        "bias": 15.0,
        "pace": 12.0,
        "3f": 7.0,
        "margin": 9.0,
        "track": 0.0
      },
      "avg_margin": 0.1625,
      "race_name": "小倉12R",
      "pred_prob_won": 0.1816621243953705,
      "pred_prob_in_top2": 0.1659205138683319,
      "pred_prob_in_top3": 0.49139639735221863,
      "score_z": 1.1457406036453222,
      "上り3F平均": 37.95,
      "Ave-3F平均": 38.66,
      "PCI平均": 51.92,
      "-3F差平均": 0.23,
      "想定脚質": "先行",
      "track_bias_aptitude_score": 82.7,
      "investment_value_score": 83.8,
      "total_investment_index": 82.0,
      "investment_rating": 1.0759099125862122,
      "stability_score": 90,
      "investment_mark": "○"
    },
    {
      "horse_number": 9,
      "name": "テーオーマルコーニ",
      "popularity": 1,
      "odds": 2.4,
      "mark": "◎",
      "score": 132.33,
      "track_aptitude": 3,
      "total_points": 97.0,
      "detail_points": {
        "score": 50.0,
        "bias": 15.0,
        "pace": 12.0,
        "3f": 9.0,
        "margin": 8.0,
        "track": 3.0
      },
      "avg_margin": 0.425,
      "race_name": "小倉12R",
      "pred_prob_won": 0.22233073711395263,
      "pred_prob_in_top2": 0.18371872305870057,
      "pred_prob_in_top3": 0.5463094830513,
      "score_z": 1.2649657146987585,
      "上り3F平均": 37.92,
      "Ave-3F平均": 37.12,
      "PCI平均": 48.03,
      "-3F差平均": 0.58,
      "想定脚質": "先行",
      "track_bias_aptitude_score": 100,
      "investment_value_score": 100,
      "total_investment_index": 97.1,
      "investment_rating": 0.9791963368654251,
      "stability_score": 90,
      "investment_mark": "▲"
    },
    {
      "horse_number": 12,
      "name": "ゼンエスポワール",
      "popularity": 6,
      "odds": 16.2,
      "mark": "▲",
      "score": 118.36,
      "track_aptitude": 0,
      "total_points": 84.72152950955943,
      "detail_points": {
        "score": 44.72152950955943,
        "bias": 15.0,
        "pace": 12.0,
        "3f": 9.0,
        "margin": 4.0,
        "track": 0.0
      },
      "avg_margin": 1.1125,
      "race_name": "小倉12R",
      "pred_prob_won": 0.08026060461997986,
      "pred_prob_in_top2": 0.09493731260299683,
      "pred_prob_in_top3": 0.2769806832075119,
      "score_z": 0.4755937708994712,
      "上り3F平均": 38.62,
      "Ave-3F平均": 38.5,
      "PCI平均": 49.82,
      "-3F差平均": 0.85,
      "想定脚質": "先行",
      "track_bias_aptitude_score": 82.7,
      "investment_value_score": 48.9,
      "total_investment_index": 59.9,
      "investment_rating": 0.8849034160375595,
      "stability_score": 60,
      "investment_mark": "▲"
    },
    {
      "horse_number": 1,
      "name": "ピストンボーイ",
      "popularity": 9,
      "odds": 31.0,
      "mark": "△",
      "score": 114.38,
      "track_aptitude": 0,
      "total_points": 83.21771329252626,
      "detail_points": {
        "score": 43.217713292526255,
        "bias": 15.0,
        "pace": 12.0,
        "3f": 9.0,
        "margin": 4.0,
        "track": 0.0
      },
      "avg_margin": 1.225,
      "race_name": "小倉12R",
      "pred_prob_won": 0.049788156896829604,
      "pred_prob_in_top2": 0.06862035393714905,
      "pred_prob_in_top3": 0.18625954687595367,
      "score_z": 0.25070469886502855,
      "上り3F平均": 38.4,
      "Ave-3F平均": 35.82,
      "PCI平均": 43.39,
      "-3F差平均": 0.59,
      "想定脚質": "先行",
      "track_bias_aptitude_score": 82.7,
      "investment_value_score": 33.4,
      "total_investment_index": 50.3,
      "investment_rating": 0.5886259867250919,
      "stability_score": 60,
      "investment_mark": "△"
    },
    {
      "horse_number": 16,
      "name": "コズミックダンサー",
      "popularity": 7,
      "odds": 16.5,
      "mark": "消",
      "score": 117.36,
      "track_aptitude": 0,
      "total_points": 68.62368623894808,
      "detail_points": {
        "score": 44.34368623894808,
        "bias": 3.0,
        "pace": 8.28,
        "3f": 7.0,
        "margin": 6.0,
        "track": 0.0
      },
      "avg_margin": 0.9800000000000001,
      "race_name": "小倉12R",
      "pred_prob_won": 0.05961823835968971,
      "pred_prob_in_top2": 0.0700449824333191,
      "pred_prob_in_top3": 0.20386254787445068,
      "score_z": 0.4190889789310183,
      "上り3F平均": 37.56,
      "Ave-3F平均": 38.68,
      "PCI平均": 53.08,
      "-3F差平均": 0.74,
      "想定脚質": "後方",
      "track_bias_aptitude_score": 1,
      "investment_value_score": 40.2,
      "total_investment_index": 30.1,
      "investment_rating": 0.5814371407032013,
      "stability_score": 75,
      "investment_mark": "△"
    },
    {
      "horse_number": 7,
      "name": "ブラックドレス",
      "popularity": 11,
      "odds": 37.8,
      "mark": "△",
      "score": 110.16,
      "track_aptitude": 1,
      "total_points": 82.61321469054634,
      "detail_points": {
        "score": 41.623214690546355,
        "bias": 15.0,
        "pace": 12.0,
        "3f": 9.0,
        "margin": 4.0,
        "track": 0.99
      },
      "avg_margin": 1.4299999999999997,
      "race_name": "小倉12R",
      "pred_prob_won": 0.03597236201167107,
      "pred_prob_in_top2": 0.06718379110097886,
      "pred_prob_in_top3": 0.16030749082565307,
      "score_z": 0.01225447675815751,
      "上り3F平均": 39.22,
      "Ave-3F平均": 37.55,
      "PCI平均": 45.77,
      "-3F差平均": 0.38,
      "想定脚質": "先行",
      "track_bias_aptitude_score": 88.5,
      "investment_value_score": 26.4,
      "total_investment_index": 47.4,
      "investment_rating": 0.49238305389881143,
      "stability_score": 60,
      "investment_mark": "☆"
    },
    {
      "horse_number": 4,
      "name": "ディーエスソフィア",
      "popularity": 16,
      "odds": 104.3,
      "mark": "△",
      "score": 106.14,
      "track_aptitude": 1,
      "total_points": 81.09428474268871,
      "detail_points": {
        "score": 40.104284742688726,
        "bias": 15.0,
        "pace": 12.0,
        "3f": 9.0,
        "margin": 4.0,
        "track": 0.99
      },
      "avg_margin": 1.2142857142857146,
      "race_name": "小倉12R",
      "pred_prob_won": 0.029855960234999656,
      "pred_prob_in_top2": 0.04917947873473168,
      "pred_prob_in_top3": 0.13055745661258697,
      "score_z": -0.2148947869550228,
      "上り3F平均": 38.86,
      "Ave-3F平均": 37.51,
      "PCI平均": 46.71,
      "-3F差平均": 0.5,
      "想定脚質": "先行",
      "track_bias_aptitude_score": 88.5,
      "investment_value_score": 15.8,
      "total_investment_index": 40.7,
      "investment_rating": 0.3708532944321633,
      "stability_score": 60,
      "investment_mark": "☆"
    },
    {
      "horse_number": 2,
      "name": "テーオーミリカン",
      "popularity": 3,
      "odds": 10.9,
      "mark": "消",
      "score": 118.36,
      "track_aptitude": 0,
      "total_points": 69.00152950955943,
      "detail_points": {
        "score": 44.72152950955943,