{
  "horses": [
    {
      "horse_number": 13,
      "name": "グーヴェルナイユ",
      "popularity": 3,
      "odds": 7.6,
      "mark": "◎",
      "score": 123.35,
      "track_aptitude": 2,
      "total_points": 94.01,
      "detail_points": {
        "score": 50.0,
        "bias": 15.0,
        "pace": 12.0,
        "3f": 9.0,
        "margin": 6.0,
        "track": 2.0100000000000002
      },
      "avg_margin": 0.7550000000000001,
      "race_name": "小倉10R",
      "pred_prob_won": 0.2878452956676483,
      "pred_prob_in_top2": 0.17246968448162078,
      "pred_prob_in_top3": 0.5927147984504699,
      "score_z": 2.089174143243061,
      "上り3F平均": 38.23,
      "Ave-3F平均": 37.69,
      "PCI平均": 48.64,
      "-3F差平均": 0.31,
      "想定脚質": "先行",
      "track_bias_aptitude_score": 94.1,
      "investment_value_score": 85.9,
      "total_investment_index": 88.3,
      "investment_rating": 1.6152303147315978,
      "stability_score": 75,
      "investment_mark": "◎"
    },
    {
      "horse_number": 10,
      "name": "ダノンスウィッチ",
      "popularity": 5,
      "odds": 12.2,
      "mark": "○",
      "score": 114.39,
      "track_aptitude": 1,
      "total_points": 89.35805837049047,
      "detail_points": {
        "score": 46.36805837049048,
        "bias": 15.0,
        "pace": 12.0,
        "3f": 9.0,
        "margin": 6.0,
        "track": 0.99
      },
      "avg_margin": 0.8300000000000001,
      "race_name": "小倉10R",
      "pred_prob_won": 0.10149195343255997,
      "pred_prob_in_top2": 0.11517691016197204,
      "pred_prob_in_top3": 0.32724714279174805,
      "score_z": 0.6108915021360418,
      "上り3F平均": 37.55,
      "Ave-3F平均": 36.3,
      "PCI平均": 46.68,
      "-3F差平均": 0.51,
      "想定脚質": "先行",
      "track_bias_aptitude_score": 88.2,
      "investment_value_score": 56.8,
      "total_investment_index": 66.6,
      "investment_rating": 0.9726121425628662,
      "stability_score": 75,
      "investment_mark": "○"
    },
    {
      "horse_number": 9,
      "name": "ハリーケーン",
      "popularity": 1,
      "odds": 2.3,
      "mark": "×",
      "score": 120.36,
      "track_aptitude": 1,
      "total_points": 73.00800162140251,
      "detail_points": {
        "score": 48.788001621402515,
        "bias": 4.95,
        "pace": 8.28,
        "3f": 4.0,
        "margin": 6.0,
        "track": 0.99
      },
      "avg_margin": 0.8374999999999999,
      "race_name": "小倉10R",
      "pred_prob_won": 0.2117820292711258,
      "pred_prob_in_top2": 0.1262734740972519,
      "pred_prob_in_top3": 0.4525852918624878,
      "score_z": 1.5958633065343575,
      "上り3F平均": 37.34,
      "Ave-3F平均": 36.25,
      "PCI平均": 47.21,
      "-3F差平均": 1.4,
      "想定脚質": "逃げ",
      "track_bias_aptitude_score": 27.5,
      "investment_value_score": 100,
      "total_investment_index": 75.9,
      "investment_rating": 0.740946171283722,
      "stability_score": 75,
      "investment_mark": "△"
    },
    {
      "horse_number": 15,
      "name": "ワイノナオミ",
      "popularity": 8,
      "odds": 19.0,
      "mark": "⭐︎",
      "score": 113.74,
      "track_aptitude": 2,
      "total_points": 74.39458046209971,
      "detail_points": {
        "score": 46.10458046209971,
        "bias": 3.0,
        "pace": 8.28,
        "3f": 9.0,
        "margin": 6.0,
        "track": 2.0100000000000002
      },
      "avg_margin": 0.755,
      "race_name": "小倉10R",
      "pred_prob_won": 0.07196042239665985,
      "pred_prob_in_top2": 0.06153785213828087,
      "pred_prob_in_top3": 0.208635812997818,
      "score_z": 0.5036500158950182,
      "上り3F平均": 36.48,
      "Ave-3F平均": 36.55,
      "PCI平均": 50.22,
      "-3F差平均": 1.05,
      "想定脚質": "後方",
      "track_bias_aptitude_score": 12.8,
      "investment_value_score": 38.9,
      "total_investment_index": 33.0,
      "investment_rating": 0.6331102499365807,
      "stability_score": 75,
      "investment_mark": "△"
    },
    {
      "horse_number": 6,
      "name": "クリノクリスタル",
      "popularity": 13,
      "odds": 36.3,
      "mark": "⭐︎",
      "score": 112.71,
      "track_aptitude": 0,
      "total_points": 77.68706931495744,
      "detail_points": {
        "score": 45.68706931495744,
        "bias": 9.0,
        "pace": 12.0,
        "3f": 7.0,
        "margin": 4.0,
        "track": 0.0
      },
      "avg_margin": 1.25,
      "race_name": "小倉10R",
      "pred_prob_won": 0.04589613527059555,
      "pred_prob_in_top2": 0.059435291588306426,
      "pred_prob_in_top3": 0.17035208642482758,
      "score_z": 0.33371350692847446,
      "上り3F平均": 37.85,
      "Ave-3F平均": 37.74,
      "PCI平均": 49.73,
      "-3F差平均": 1.1,
      "想定脚質": "中団",
      "track_bias_aptitude_score": 41.4,
      "investment_value_score": 25.6,
      "total_investment_index": 33.3,
      "investment_rating": 0.6161335691809654,
      "stability_score": 60,
      "investment_mark": "△"
    },
    {
      "horse_number": 2,
      "name": "スマートハンター",
      "popularity": 11,
      "odds": 30.3,
      "mark": "△",
      "score": 110.41,
      "track_aptitude": 1,
      "total_points": 85.74476286988245,
      "detail_points": {
        "score": 44.75476286988245,
        "bias": 15.0,
        "pace": 12.0,
        "3f": 9.0,
        "margin": 4.0,
        "track": 0.99
      },
      "avg_margin": 1.0599999999999998,
      "race_name": "小倉10R",
      "pred_prob_won": 0.03540681041777134,
      "pred_prob_in_top2": 0.05631460398435593,
      "pred_prob_in_top3": 0.16214021742343904,
      "score_z": -0.045756367462835984,
      "上り3F平均": 38.49,
      "Ave-3F平均": 37.18,
      "PCI平均": 46.68,
      "-3F差平均": 0.57,
      "想定脚質": "先行",
      "track_bias_aptitude_score": 88.2,
      "investment_value_score": 26.7,
      "total_investment_index": 47.4,
      "investment_rating": 0.4646936959028245,
      "stability_score": 60,
      "investment_mark": "☆"
    },
    {
      "horse_number": 3,
      "name": "バトンインディ",
      "popularity": 10,
      "odds": 22.7,
      "mark": "▲",
      "score": 109.07,
      "track_aptitude": 0,
      "total_points": 86.2115930279692,
      "detail_points": {
        "score": 44.211593027969194,
        "bias": 15.0,
        "pace": 12.0,
        "3f": 9.0,
        "margin": 6.0,
        "track": 0.0
      },
      "avg_margin": 0.9550000000000001,
      "race_name": "小倉10R",
      "pred_prob_won": 0.031023069098591805,
      "pred_prob_in_top2": 0.047924260050058363,
      "pred_prob_in_top3": 0.1463739037513733,
      "score_z": -0.2668388160212525,
      "上り3F平均": 38.84,
      "Ave-3F平均": 37.74,
      "PCI平均": 47.26,
      "-3F差平均": 0.43,
      "想定脚質": "先行",
      "track_bias_aptitude_score": 82.3,
      "investment_value_score": 25.9,
      "total_investment_index": 44.8,
      "investment_rating": 0.31121080219745634,
      "stability_score": 75,
      "investment_mark": "☆"
    },
    {
      "horse_number": 1,
      "name": "タイセイウォリアー",
      "popularity": 6,
      "odds": 15.8,
      "mark": "△",
      "score": 110.55,
      "track_aptitude": 1,
      "total_points": 85.80151195784353,
      "detail_points": {
        "score": 44.811511957843535,
        "bias": 15.0,
        "pace": 12.0,
        "3f": 9.0,
        "margin": 4.0,
        "track": 0.99
      },
      "avg_margin": 1.225,
      "race_name": "小倉10R",
      "pred_prob_won": 0.03822127915918827,
      "pred_prob_in_top2": 0.05701739192008972,
      "pred_prob_in_top3": 0.15721489489078522,
      "score_z": -0.022658201195538703,
      "上り3F平均": 38.0,
      "Ave-3F平均": 36.52,
      "PCI平均": 46.16,
      "-3F差平均": 0.36,
      "想定脚質": "先行",
      "track_bias_aptitude_score": 88.2,
      "investment_value_score": 37.2,
      "total_investment_index": 53.7,
      "investment_rating": 0.24393521919846534,
      "stability_score": 60,
      "investment_mark": "☆"
    },
    {
      "horse_number": 4,
      "name": "ダブルジャッジ",
      "popularity": 2,
      "odds": 7.6,
      "mark": "▲",
      "score": 111.31,
      "track_aptitude": 0,
      "total_points": 87.11957843534658,