{
  "horses": [
    {
      "horse_number": 4,
      "name": "クラリティー",
      "popularity": 8,
      "odds": 16.8,
      "mark": "○",
      "score": 122.75,
      "track_aptitude": 1,
      "total_points": 85.7892700729927,
      "detail_points": {
        "score": 44.799270072992705,
        "bias": 15.0,
        "pace": 12.0,
        "3f": 9.0,
        "margin": 4.0,
        "track": 0.99
      },
      "avg_margin": 1.1333333333333335,
      "race_name": "小倉2R",
      "pred_prob_won": 0.10751567035913467,
      "pred_prob_in_top2": 0.1183326780796051,
      "pred_prob_in_top3": 0.34388813376426697,
      "score_z": 0.6111268360365473,
      "上り3F平均": 38.53,
      "Ave-3F平均": 37.86,
      "PCI平均": 48.5,
      "-3F差平均": 0.6,
      "想定脚質": "先行",
      "track_bias_aptitude_score": 88.6,
      "investment_value_score": 51.1,
      "total_investment_index": 63.3,
      "investment_rating": 1.4977176159620285,
      "stability_score": 60,
      "investment_mark": "◎"
    },
    {
      "horse_number": 3,
      "name": "フクノフィアーノン",
      "popularity": 10,
      "odds": 24.5,
      "mark": "△",
      "score": 121.73,
      "track_aptitude": 2,
      "total_points": 72.7170072992701,
      "detail_points": {
        "score": 44.42700729927008,
        "bias": 3.0,
        "pace": 8.28,
        "3f": 9.0,
        "margin": 6.0,
        "track": 2.0100000000000002
      },
      "avg_margin": 0.7833333333333333,
      "race_name": "小倉2R",
      "pred_prob_won": 0.08485145717859269,
      "pred_prob_in_top2": 0.08655762821435928,
      "pred_prob_in_top3": 0.2748885750770569,
      "score_z": 0.5592243070809041,
      "上り3F平均": 37.65,
      "Ave-3F平均": 37.18,
      "PCI平均": 48.83,
      "-3F差平均": 1.3,
      "想定脚質": "後方",
      "track_bias_aptitude_score": 12.4,
      "investment_value_score": 42.9,
      "total_investment_index": 35.4,
      "investment_rating": 1.2791977405548096,
      "stability_score": 75,
      "investment_mark": "○"
    },
    {
      "horse_number": 1,
      "name": "ヴァリオーサ",
      "popularity": 2,
      "odds": 6.2,
      "mark": "△",
      "score": 137.0,
      "track_aptitude": 2,
      "total_points": 74.29,
      "detail_points": {
        "score": 50.0,
        "bias": 3.0,
        "pace": 8.28,
        "3f": 7.0,
        "margin": 4.0,
        "track": 2.0100000000000002
      },
      "avg_margin": 1.1,
      "race_name": "小倉2R",
      "pred_prob_won": 0.20640023946762084,
      "pred_prob_in_top2": 0.1757993906736374,
      "pred_prob_in_top3": 0.5086166203022003,
      "score_z": 1.3362356964462723,
      "上り3F平均": 38.19,
      "Ave-3F平均": 37.67,
      "PCI平均": 48.74,
      "-3F差平均": 0.86,
      "想定脚質": "後方",
      "track_bias_aptitude_score": 12.4,
      "investment_value_score": 87.1,
      "total_investment_index": 63.2,
      "investment_rating": 1.1241265368461608,
      "stability_score": 60,
      "investment_mark": "▲"
    },
    {
      "horse_number": 16,
      "name": "ヴィヴァシャス",
      "popularity": 4,
      "odds": 9.0,
      "mark": "▲",
      "score": 127.03,
      "track_aptitude": 0,
      "total_points": 76.69131386861314,
      "detail_points": {
        "score": 46.36131386861314,
        "bias": 7.05,
        "pace": 8.28,
        "3f": 9.0,
        "margin": 6.0,
        "track": 0.0
      },
      "avg_margin": 0.8999999999999998,
      "race_name": "小倉2R",
      "pred_prob_won": 0.13879674673080444,
      "pred_prob_in_top2": 0.12845006883144378,
      "pred_prob_in_top3": 0.38799301981925965,
      "score_z": 0.8289139183210121,
      "上り3F平均": 37.22,
      "Ave-3F平均": 36.61,
      "PCI平均": 48.38,
      "-3F差平均": 0.82,
      "想定脚質": "中団",
      "track_bias_aptitude_score": 32.2,
      "investment_value_score": 66.7,
      "total_investment_index": 56.1,
      "investment_rating": 1.1131727772951125,
      "stability_score": 75,
      "investment_mark": "▲"
    },
    {
      "horse_number": 11,
      "name": "エスタンシア",
      "popularity": 1,
      "odds": 2.4,
      "mark": "◎",
      "score": 133.65,
      "track_aptitude": 2,
      "total_points": 94.78737226277373,
      "detail_points": {
        "score": 48.777372262773724,
        "bias": 15.0,
        "pace": 12.0,
        "3f": 9.0,
        "margin": 8.0,
        "track": 2.0100000000000002
      },
      "avg_margin": 0.4916666666666667,
      "race_name": "小倉2R",
      "pred_prob_won": 0.20138295590877534,
      "pred_prob_in_top2": 0.18467412889003754,
      "pred_prob_in_top3": 0.5333211421966553,
      "score_z": 1.1657715082096003,
      "上り3F平均": 36.15,
      "Ave-3F平均": 37.16,
      "PCI平均": 53.0,
      "-3F差平均": 0.42,
      "想定脚質": "先行",
      "track_bias_aptitude_score": 94.3,
      "investment_value_score": 100,
      "total_investment_index": 95.2,
      "investment_rating": 0.9499725699424744,
      "stability_score": 90,
      "investment_mark": "△"
    },
    {
      "horse_number": 8,
      "name": "アイドルアイズ",
      "popularity": 3,
      "odds": 8.2,
      "mark": "△",
      "score": 126.11,
      "track_aptitude": 2,
      "total_points": 76.36554744525547,
      "detail_points": {
        "score": 46.02554744525548,
        "bias": 7.05,
        "pace": 8.28,
        "3f": 9.0,
        "margin": 4.0,
        "track": 2.0100000000000002
      },
      "avg_margin": 1.125,
      "race_name": "小倉2R",
      "pred_prob_won": 0.11091487854719162,
      "pred_prob_in_top2": 0.1215373694896698,
      "pred_prob_in_top3": 0.3540510296821594,
      "score_z": 0.782099872596314,
      "上り3F平均": 38.62,
      "Ave-3F平均": 37.29,
      "PCI平均": 46.6,
      "-3F差平均": 0.63,
      "想定脚質": "中団",
      "track_bias_aptitude_score": 43.6,
      "investment_value_score": 70.1,
      "total_investment_index": 61.4,
      "investment_rating": 0.8360709494352339,
      "stability_score": 60,
      "investment_mark": "△"
    },
    {
      "horse_number": 2,
      "name": "スマートエレーヌ",
      "popularity": 9,
      "odds": 18.4,
      "mark": "△",
      "score": 116.46,
      "track_aptitude": 2,
      "total_points": 70.8436496350365,
      "detail_points": {
        "score": 42.503649635036496,
        "bias": 7.05,
        "pace": 8.28,
        "3f": 7.0,
        "margin": 4.0,
        "track": 2.0100000000000002
      },
      "avg_margin": 1.2,
      "race_name": "小倉2R",
      "pred_prob_won": 0.049367880821228026,
      "pred_prob_in_top2": 0.06939338445663452,
      "pred_prob_in_top3": 0.2080931395292282,
      "score_z": 0.291061240810079,
      "上り3F平均": 37.75,
      "Ave-3F平均": 36.8,
      "PCI平均": 47.45,
      "-3F差平均": 1.25,
      "想定脚質": "中団",
      "track_bias_aptitude_score": 43.6,
      "investment_value_score": 39.0,
      "total_investment_index": 42.0,
      "investment_rating": 0.7338193778693676,
      "stability_score": 60,
      "investment_mark": "☆"
    },
    {
      "horse_number": 12,
      "name": "エンブレイスメント",
      "popularity": 7,
      "odds": 16.5,
      "mark": "▲",
      "score": 114.0,
      "track_aptitude": 2,
      "total_points": 83.61583941605839,
      "detail_points": {
        "score": 41.605839416058394,
        "bias": 15.0,
        "pace": 12.0,
        "3f": 9.0,
        "margin": 4.0,
        "track": 2.0100000000000002
      },
      "avg_margin": 1.05,
      "race_name": "小倉2R",
      "pred_prob_won": 0.062149856239557266,
      "pred_prob_in_top2": 0.07146022170782089,
      "pred_prob_in_top3": 0.2096249580383301,
      "score_z": 0.16588455332882152,
      "上り3F平均": 34.75,
      "Ave-3F平均": 37.67,
      "PCI平均": 58.45,
      "-3F差平均": 0.5,
      "想定脚質": "先行",
      "track_bias_aptitude_score": 94.3,
      "investment_value_score": 43.1,
      "total_investment_index": 59.4,
      "investment_rating": 0.6134185171127319,
      "stability_score": 60,
      "investment_mark": "☆"
    },
    {
      "horse_number": 15,
      "name": "ヴォルクメア",
      "popularity": 11,
      "odds": 27.5,
      "mark": "⭐︎",
      "score": 114.64,
      "track_aptitude": 0,
      "total_points": 70.16941605839416,