{
  "horses": [
    {
      "horse_number": 6,
      "name": "ウィンストン",
      "popularity": 2,
      "odds": 3.6,
      "mark": "◎",
      "score": 119.29,
      "track_aptitude": 1,
      "total_points": 91.03999999999999,
      "detail_points": {
        "score": 50.0,
        "bias": 13.05,
        "pace": 12.0,
        "3f": 9.0,
        "margin": 6.0,
        "track": 0.99
      },
      "avg_margin": 0.6666666666666666,
      "race_name": "小倉8R",
      "pred_prob_won": 0.28786171078681944,
      "pred_prob_in_top2": 0.1854614794254303,
      "pred_prob_in_top3": 0.549924659729004,
      "score_z": 2.030080587408239,
      "上り3F平均": 35.68,
      "Ave-3F平均": 35.34,
      "PCI平均": 49.1,
      "-3F差平均": 0.45,
      "想定脚質": "先行",
      "track_bias_aptitude_score": 83.4,
      "investment_value_score": 100,
      "total_investment_index": 93.4,
      "investment_rating": 1.0822626781463625,
      "stability_score": 75,
      "investment_mark": "◎"
    },
    {
      "horse_number": 2,
      "name": "ブルーレース",
      "popularity": 4,
      "odds": 6.1,
      "mark": "○",
      "score": 101.98,
      "track_aptitude": 2,
      "total_points": 82.80457205130355,
      "detail_points": {
        "score": 42.74457205130355,
        "bias": 13.05,
        "pace": 12.0,
        "3f": 7.0,
        "margin": 6.0,
        "track": 2.0100000000000002
      },
      "avg_margin": 0.55,
      "race_name": "小倉8R",
      "pred_prob_won": 0.0777830258011818,
      "pred_prob_in_top2": 0.08697056621313096,
      "pred_prob_in_top3": 0.2694533407688141,
      "score_z": 0.3525425048095562,
      "上り3F平均": 35.4,
      "Ave-3F平均": 34.79,
      "PCI平均": 48.3,
      "-3F差平均": 0.25,
      "想定脚質": "先行",
      "track_bias_aptitude_score": 91.7,
      "investment_value_score": 52.7,
      "total_investment_index": 64.7,
      "investment_rating": 0.39517669826746005,
      "stability_score": 75,
      "investment_mark": "○"
    },
    {
      "horse_number": 4,
      "name": "フリッカージャブ",
      "popularity": 1,
      "odds": 2.7,
      "mark": "△",
      "score": 106.76,
      "track_aptitude": 0,
      "total_points": 73.07809288289043,
      "detail_points": {
        "score": 44.74809288289043,
        "bias": 7.05,
        "pace": 8.28,
        "3f": 7.0,
        "margin": 6.0,
        "track": 0.0
      },
      "avg_margin": 0.82,
      "race_name": "小倉8R",
      "pred_prob_won": 0.09289531856775284,
      "pred_prob_in_top2": 0.09764019548892974,
      "pred_prob_in_top3": 0.2769557237625122,
      "score_z": 0.8157794796692733,
      "上り3F平均": 37.0,
      "Ave-3F平均": 35.09,
      "PCI平均": 45.22,
      "-3F差平均": 0.3,
      "想定脚質": "逃げ",
      "track_bias_aptitude_score": 25.4,
      "investment_value_score": 91.8,
      "total_investment_index": 69.1,
      "investment_rating": 0.12008488178253174,
      "stability_score": 75,
      "investment_mark": "△"
    },
    {
      "horse_number": 9,
      "name": "ラストクリスマス",
      "popularity": 5,
      "odds": 15.0,
      "mark": "▲",
      "score": 98.89,
      "track_aptitude": 0,
      "total_points": 81.49940900326935,
      "detail_points": {
        "score": 41.449409003269345,
        "bias": 13.05,
        "pace": 12.0,
        "3f": 9.0,
        "margin": 6.0,
        "track": 0.0
      },
      "avg_margin": 0.62,
      "race_name": "小倉8R",
      "pred_prob_won": 0.04091595485806465,
      "pred_prob_in_top2": 0.06624322161078453,
      "pred_prob_in_top3": 0.18098692297935487,
      "score_z": 0.053085966668023295,
      "上り3F平均": 35.3,
      "Ave-3F平均": 35.22,
      "PCI平均": 49.76,
      "-3F差平均": 0.3,
      "想定脚質": "先行",
      "track_bias_aptitude_score": 75.1,
      "investment_value_score": 35.8,
      "total_investment_index": 49.1,
      "investment_rating": 0.06873723030090328,
      "stability_score": 75,
      "investment_mark": "△"
    },
    {
      "horse_number": 1,
      "name": "ブルーサンセット",
      "popularity": 3,
      "odds": 5.4,
      "mark": "▲",
      "score": 99.31,
      "track_aptitude": 0,
      "total_points": 81.6754505826138,
      "detail_points": {
        "score": 41.6254505826138,
        "bias": 13.05,
        "pace": 12.0,
        "3f": 9.0,
        "margin": 6.0,
        "track": 0.0
      },
      "avg_margin": 0.8187499999999999,
      "race_name": "小倉8R",
      "pred_prob_won": 0.0564461886882782,
      "pred_prob_in_top2": 0.06562063321471215,
      "pred_prob_in_top3": 0.19042713344097137,
      "score_z": 0.09378879709502788,
      "上り3F平均": 36.25,
      "Ave-3F平均": 34.81,
      "PCI平均": 46.4,
      "-3F差平均": 0.42,
      "想定脚質": "先行",
      "track_bias_aptitude_score": 75.1,
      "investment_value_score": 49.9,
      "total_investment_index": 57.6,
      "investment_rating": 0.0045803937315941345,
      "stability_score": 75,
      "investment_mark": "☆"
    },
    {
      "horse_number": 7,
      "name": "メイショウオオミネ",
      "popularity": 6,
      "odds": 16.7,
      "mark": "△",
      "score": 92.06,
      "track_aptitude": 0,
      "total_points": 76.63663760583452,
      "detail_points": {
        "score": 38.58663760583452,
        "bias": 13.05,
        "pace": 12.0,
        "3f": 9.0,
        "margin": 4.0,
        "track": 0.0
      },
      "avg_margin": 1.1600000000000001,
      "race_name": "小倉8R",
      "pred_prob_won": 0.02619893066585064,
      "pred_prob_in_top2": 0.038175509124994275,
      "pred_prob_in_top3": 0.10852520614862442,
      "score_z": -0.6088195852758819,
      "上り3F平均": 36.0,
      "Ave-3F平均": 36.14,
      "PCI平均": 50.48,
      "-3F差平均": 0.94,
      "想定脚質": "中団",
      "track_bias_aptitude_score": 73.4,
      "investment_value_score": 16.7,
      "total_investment_index": 36.0,
      "investment_rating": -0.26939014710485937,
      "stability_score": 60,
      "investment_mark": "××"
    },
    {
      "horse_number": 5,
      "name": "セントキルダ",
      "popularity": 9,
      "odds": 30.0,
      "mark": "△",
      "score": 91.45,
      "track_aptitude": 1,
      "total_points": 79.37095816916757,
      "detail_points": {
        "score": 38.33095816916757,
        "bias": 13.05,
        "pace": 12.0,
        "3f": 9.0,
        "margin": 6.0,
        "track": 0.99
      },
      "avg_margin": 0.9800000000000001,
      "race_name": "小倉8R",
      "pred_prob_won": 0.02150706611573696,
      "pred_prob_in_top2": 0.032928329706192014,
      "pred_prob_in_top3": 0.0971051275730133,
      "score_z": -0.6679356008960549,
      "上り3F平均": 35.87,
      "Ave-3F平均": 35.1,
      "PCI平均": 47.93,
      "-3F差平均": 0.66,
      "想定脚質": "先行",
      "track_bias_aptitude_score": 83.4,
      "investment_value_score": 4.9,
      "total_investment_index": 31.8,
      "investment_rating": -0.32026410698890695,
      "stability_score": 75,
      "investment_mark": "××"
    },
    {
      "horse_number": 8,
      "name": "ウインラグラス",
      "popularity": 8,
      "odds": 18.2,
      "mark": "△",
      "score": 85.13,
      "track_aptitude": 1,
      "total_points": 74.72195154665101,
      "detail_points": {
        "score": 35.681951546651014,
        "bias": 13.05,
        "pace": 12.0,
        "3f": 9.0,
        "margin": 4.0,
        "track": 0.99
      },
      "avg_margin": 1.1050000000000002,
      "race_name": "小倉8R",
      "pred_prob_won": 0.015374566987156868,
      "pred_prob_in_top2": 0.031189241260290147,
      "pred_prob_in_top3": 0.0822335198521614,
      "score_z": -1.2804162873214555,
      "上り3F平均": 35.48,
      "Ave-3F平均": 35.09,
      "PCI平均": 48.98,
      "-3F差平均": 1.0,
      "想定脚質": "先行",
      "track_bias_aptitude_score": 83.4,
      "investment_value_score": 2.0,
      "total_investment_index": 29.1,
      "investment_rating": -0.4195937969535589,
      "stability_score": 60,
      "investment_mark": "××"
    },
    {
      "horse_number": 3,
      "name": "ファルシオン",
      "popularity": 7,
      "odds": 17.5,
      "mark": "消",
      "score": 90.21,
      "track_aptitude": 0,
      "total_points": 60.091216363483944,