{
  "horses": [
    {
      "horse_number": 14,
      "name": "アドラビーレ",
      "popularity": 4,
      "odds": 7.2,
      "mark": "◎",
      "score": 136.72,
      "track_aptitude": 3,
      "total_points": 92.95,
      "detail_points": {
        "score": 50.0,
        "bias": 10.95,
        "pace": 12.0,
        "3f": 9.0,
        "margin": 8.0,
        "track": 3.0
      },
      "avg_margin": 0.48750000000000004,
      "race_name": "小倉2R",
      "pred_prob_won": 0.25695825815200807,
      "pred_prob_in_top2": 0.18943713903427123,
      "pred_prob_in_top3": 0.595494544506073,
      "score_z": 1.6111027255376986,
      "上り3F平均": 35.33,
      "Ave-3F平均": 36.8,
      "PCI平均": 54.25,
      "-3F差平均": 0.35,
      "想定脚質": "先行",
      "track_bias_aptitude_score": 73.6,
      "investment_value_score": 85.1,
      "total_investment_index": 80.8,
      "investment_rating": 1.9224287235736848,
      "stability_score": 90,
      "investment_mark": "◎"
    },
    {
      "horse_number": 8,
      "name": "サマンサバローズ",
      "popularity": 6,
      "odds": 9.5,
      "mark": "▲",
      "score": 127.64,
      "track_aptitude": 2,
      "total_points": 83.01934464599182,
      "detail_points": {
        "score": 46.67934464599181,
        "bias": 13.05,
        "pace": 8.28,
        "3f": 9.0,
        "margin": 4.0,
        "track": 2.0100000000000002
      },
      "avg_margin": 1.0750000000000002,
      "race_name": "小倉2R",
      "pred_prob_won": 0.1584947884082794,
      "pred_prob_in_top2": 0.14428374469280242,
      "pred_prob_in_top3": 0.44461019039154054,
      "score_z": 1.0051509198936754,
      "上り3F平均": 35.08,
      "Ave-3F平均": 36.36,
      "PCI平均": 53.82,
      "-3F差平均": 0.98,
      "想定脚質": "中団",
      "track_bias_aptitude_score": 93.2,
      "investment_value_score": 67.8,
      "total_investment_index": 75.3,
      "investment_rating": 1.7230509519577026,
      "stability_score": 60,
      "investment_mark": "○"
    },
    {
      "horse_number": 16,
      "name": "ヴォワラクテ",
      "popularity": 3,
      "odds": 6.9,
      "mark": "○",
      "score": 130.45,
      "track_aptitude": 2,
      "total_points": 84.0469923932124,
      "detail_points": {
        "score": 47.7069923932124,
        "bias": 13.05,
        "pace": 8.28,
        "3f": 7.0,
        "margin": 6.0,
        "track": 2.0100000000000002
      },
      "avg_margin": 0.57,
      "race_name": "小倉2R",
      "pred_prob_won": 0.18259608149528503,
      "pred_prob_in_top2": 0.16754884123802186,
      "pred_prob_in_top3": 0.5012897610664367,
      "score_z": 1.192675652697607,
      "上り3F平均": 35.44,
      "Ave-3F平均": 36.75,
      "PCI平均": 53.74,
      "-3F差平均": 1.36,
      "想定脚質": "中団",
      "track_bias_aptitude_score": 93.2,
      "investment_value_score": 85.3,
      "total_investment_index": 86.1,
      "investment_rating": 1.329320699572563,
      "stability_score": 75,
      "investment_mark": "▲"
    },
    {
      "horse_number": 4,
      "name": "アズユーライク",
      "popularity": 2,
      "odds": 4.5,
      "mark": "△",
      "score": 125.77,
      "track_aptitude": 0,
      "total_points": 75.32546518431832,
      "detail_points": {
        "score": 45.99546518431831,
        "bias": 13.05,
        "pace": 8.28,
        "3f": 7.0,
        "margin": 1.0,
        "track": 0.0
      },
      "avg_margin": 3.275,
      "race_name": "小倉2R",
      "pred_prob_won": 0.12563196420669556,
      "pred_prob_in_top2": 0.1292461484670639,
      "pred_prob_in_top3": 0.3701831817626953,
      "score_z": 0.8803568806255779,
      "上り3F平均": 38.83,
      "Ave-3F平均": 37.23,
      "PCI平均": 47.07,
      "-3F差平均": 1.35,
      "想定脚質": "中団",
      "track_bias_aptitude_score": 79.6,
      "investment_value_score": 85.6,
      "total_investment_index": 81.7,
      "investment_rating": 0.7365129089355469,
      "stability_score": 30,
      "investment_mark": "△"
    },
    {
      "horse_number": 13,
      "name": "エルモサメロディア",
      "popularity": 14,
      "odds": 76.7,
      "mark": "△",
      "score": 113.55,
      "track_aptitude": 1,
      "total_points": 76.84647747220596,
      "detail_points": {
        "score": 41.52647747220597,
        "bias": 13.05,
        "pace": 8.28,
        "3f": 9.0,
        "margin": 4.0,
        "track": 0.99
      },
      "avg_margin": 1.35,
      "race_name": "小倉2R",
      "pred_prob_won": 0.042125362902879715,
      "pred_prob_in_top2": 0.06362449228763581,
      "pred_prob_in_top3": 0.17310605347156524,
      "score_z": 0.06485786465972285,
      "上り3F平均": 36.1,
      "Ave-3F平均": 36.17,
      "PCI平均": 50.2,
      "-3F差平均": 0.85,
      "想定脚質": "中団",
      "track_bias_aptitude_score": 86.4,
      "investment_value_score": 29.5,
      "total_investment_index": 48.7,
      "investment_rating": 0.7271969026327132,
      "stability_score": 60,
      "investment_mark": "△"
    },
    {
      "horse_number": 5,
      "name": "スマイルラッシュ",
      "popularity": 10,
      "odds": 31.1,
      "mark": "△",
      "score": 115.48,
      "track_aptitude": 2,
      "total_points": 80.19229959040375,
      "detail_points": {
        "score": 42.23229959040375,
        "bias": 10.95,
        "pace": 12.0,
        "3f": 9.0,
        "margin": 4.0,
        "track": 2.0100000000000002
      },
      "avg_margin": 1.75,
      "race_name": "小倉2R",
      "pred_prob_won": 0.04905282482504845,
      "pred_prob_in_top2": 0.0668380856513977,
      "pred_prob_in_top3": 0.1931240200996399,
      "score_z": 0.19365599074925688,
      "上り3F平均": 38.45,
      "Ave-3F平均": 36.64,
      "PCI平均": 45.35,
      "-3F差平均": 0.65,
      "想定脚質": "先行",
      "track_bias_aptitude_score": 66.8,
      "investment_value_score": 38.3,
      "total_investment_index": 48.3,
      "investment_rating": 0.6904929447174072,
      "stability_score": 60,
      "investment_mark": "△"
    },
    {
      "horse_number": 9,
      "name": "リオンプライム",
      "popularity": 1,
      "odds": 3.9,
      "mark": "▲",
      "score": 125.04,
      "track_aptitude": 2,
      "total_points": 82.06849619660622,
      "detail_points": {
        "score": 45.72849619660621,
        "bias": 13.05,
        "pace": 8.28,
        "3f": 9.0,
        "margin": 4.0,
        "track": 2.0100000000000002
      },
      "avg_margin": 1.41,
      "race_name": "小倉2R",
      "pred_prob_won": 0.13919532001018525,
      "pred_prob_in_top2": 0.12257209718227387,
      "pred_prob_in_top3": 0.3836836040019989,
      "score_z": 0.8316404909647706,
      "上り3F平均": 37.8,
      "Ave-3F平均": 36.6,
      "PCI平均": 47.12,
      "-3F差平均": 0.96,
      "想定脚質": "中団",
      "track_bias_aptitude_score": 93.2,
      "investment_value_score": 100,
      "total_investment_index": 94.3,
      "investment_rating": 0.6132881090044975,
      "stability_score": 60,
      "investment_mark": "☆"
    },
    {
      "horse_number": 2,
      "name": "パクシー",
      "popularity": 5,
      "odds": 8.1,
      "mark": "⭐︎",
      "score": 118.67,
      "track_aptitude": 2,
      "total_points": 69.68891749561148,
      "detail_points": {
        "score": 43.39891749561147,
        "bias": 3.0,
        "pace": 8.28,
        "3f": 9.0,
        "margin": 4.0,
        "track": 2.0100000000000002
      },
      "avg_margin": 1.2,
      "race_name": "小倉2R",
      "pred_prob_won": 0.062208255380392076,
      "pred_prob_in_top2": 0.06725095510482788,
      "pred_prob_in_top3": 0.206903675198555,
      "score_z": 0.40653994008895217,
      "上り3F平均": 34.6,
      "Ave-3F平均": 36.78,
      "PCI平均": 56.3,
      "-3F差平均": 1.0,
      "想定脚質": "後方",
      "track_bias_aptitude_score": 16.9,
      "investment_value_score": 53.7,
      "total_investment_index": 43.0,
      "investment_rating": 0.47072135463356973,
      "stability_score": 60,
      "investment_mark": "☆"
    },
    {
      "horse_number": 15,
      "name": "ララベルドゥニュイ",
      "popularity": 7,
      "odds": 19.6,
      "mark": "△",
      "score": 115.54,
      "track_aptitude": 0,
      "total_points": 76.20424224692803,