{
  "horses": [
    {
      "horse_number": 6,
      "name": "ベルビースタローン",
      "popularity": 1,
      "odds": 2.3,
      "mark": "◎",
      "score": 124.13,
      "track_aptitude": 0,
      "total_points": 88.05,
      "detail_points": {
        "score": 50.0,
        "bias": 13.05,
        "pace": 12.0,
        "3f": 7.0,
        "margin": 6.0,
        "track": 0.0
      },
      "avg_margin": 0.5687500000000001,
      "race_name": "小倉7R",
      "pred_prob_won": 0.29577799439430236,
      "pred_prob_in_top2": 0.1787906140089035,
      "pred_prob_in_top3": 0.6073261141777039,
      "score_z": 2.1281020353282885,
      "上り3F平均": 35.77,
      "Ave-3F平均": 34.83,
      "PCI平均": 47.5,
      "-3F差平均": 0.15,
      "想定脚質": "先行",
      "track_bias_aptitude_score": 75.1,
      "investment_value_score": 100,
      "total_investment_index": 91.1,
      "investment_rating": 0.9790478968620301,
      "stability_score": 75,
      "investment_mark": "◎"
    },
    {
      "horse_number": 1,
      "name": "アンダースコア",
      "popularity": 7,
      "odds": 19.8,
      "mark": "▲",
      "score": 102.41,
      "track_aptitude": 0,
      "total_points": 81.30110770965923,
      "detail_points": {
        "score": 41.25110770965923,
        "bias": 13.05,
        "pace": 12.0,
        "3f": 9.0,
        "margin": 6.0,
        "track": 0.0
      },
      "avg_margin": 0.5642857142857143,
      "race_name": "小倉7R",
      "pred_prob_won": 0.07508081048727036,
      "pred_prob_in_top2": 0.0821638748049736,
      "pred_prob_in_top3": 0.259227579832077,
      "score_z": 0.47013150459625735,
      "上り3F平均": 34.87,
      "Ave-3F平均": 35.11,
      "PCI平均": 50.7,
      "-3F差平均": 0.89,
      "想定脚質": "中団",
      "track_bias_aptitude_score": 73.4,
      "investment_value_score": 37.3,
      "total_investment_index": 50.2,
      "investment_rating": 0.6294427210092545,
      "stability_score": 75,
      "investment_mark": "○"
    },
    {
      "horse_number": 5,
      "name": "ナムライリス",
      "popularity": 4,
      "odds": 6.5,
      "mark": "○",
      "score": 102.96,
      "track_aptitude": 0,
      "total_points": 81.52264964150487,
      "detail_points": {
        "score": 41.47264964150487,
        "bias": 13.05,
        "pace": 12.0,
        "3f": 9.0,
        "margin": 6.0,
        "track": 0.0
      },
      "avg_margin": 0.5199999999999999,
      "race_name": "小倉7R",
      "pred_prob_won": 0.08902607858181,
      "pred_prob_in_top2": 0.09896068871021271,
      "pred_prob_in_top3": 0.28745692372322085,
      "score_z": 0.5121151045917736,
      "上り3F平均": 35.48,
      "Ave-3F平均": 35.27,
      "PCI平均": 49.48,
      "-3F差平均": 0.73,
      "想定脚質": "中団",
      "track_bias_aptitude_score": 73.4,
      "investment_value_score": 49.9,
      "total_investment_index": 57.8,
      "investment_rating": 0.4716919258236887,
      "stability_score": 75,
      "investment_mark": "△"
    },
    {
      "horse_number": 9,
      "name": "デボラ",
      "popularity": 3,
      "odds": 6.0,
      "mark": "▲",
      "score": 95.47,
      "track_aptitude": 1,
      "total_points": 81.49565133327962,
      "detail_points": {
        "score": 38.455651333279626,
        "bias": 13.05,
        "pace": 12.0,
        "3f": 9.0,
        "margin": 8.0,
        "track": 0.99
      },
      "avg_margin": 0.4833333333333334,
      "race_name": "小倉7R",
      "pred_prob_won": 0.04704706370830536,
      "pred_prob_in_top2": 0.06445200964808465,
      "pred_prob_in_top3": 0.18691612482070924,
      "score_z": -0.059625193528986355,
      "上り3F平均": 36.07,
      "Ave-3F平均": 34.38,
      "PCI平均": 45.48,
      "-3F差平均": 0.4,
      "想定脚質": "先行",
      "track_bias_aptitude_score": 83.4,
      "investment_value_score": 45.0,
      "total_investment_index": 56.9,
      "investment_rating": -0.008410338163375775,
      "stability_score": 90,
      "investment_mark": "××"
    },
    {
      "horse_number": 7,
      "name": "バニーラビット",
      "popularity": 5,
      "odds": 8.3,
      "mark": "△",
      "score": 93.03,
      "track_aptitude": 0,
      "total_points": 73.52281076290986,
      "detail_points": {
        "score": 37.47281076290985,
        "bias": 13.05,
        "pace": 12.0,
        "3f": 7.0,
        "margin": 4.0,
        "track": 0.0
      },
      "avg_margin": 1.3166666666666667,
      "race_name": "小倉7R",
      "pred_prob_won": 0.029840755835175516,
      "pred_prob_in_top2": 0.04488414451479912,
      "pred_prob_in_top3": 0.11862033903598786,
      "score_z": -0.24587970987273186,
      "上り3F平均": 35.47,
      "Ave-3F平均": 36.03,
      "PCI平均": 51.65,
      "-3F差平均": 1.07,
      "想定脚質": "先行",
      "track_bias_aptitude_score": 75.1,
      "investment_value_score": 27.1,
      "total_investment_index": 43.4,
      "investment_rating": -0.23062237262725832,
      "stability_score": 60,
      "investment_mark": "××"
    },
    {
      "horse_number": 2,
      "name": "ジェニファー",
      "popularity": 2,
      "odds": 4.6,
      "mark": "△",
      "score": 94.19,
      "track_aptitude": 0,
      "total_points": 75.99006283734795,
      "detail_points": {
        "score": 37.940062837347945,
        "bias": 13.05,
        "pace": 12.0,
        "3f": 9.0,
        "margin": 4.0,
        "track": 0.0
      },
      "avg_margin": 1.14,
      "race_name": "小倉7R",
      "pred_prob_won": 0.030000275000929832,
      "pred_prob_in_top2": 0.05038267821073532,
      "pred_prob_in_top3": 0.12827443480491638,
      "score_z": -0.15733248079127926,
      "上り3F平均": 37.48,
      "Ave-3F平均": 35.18,
      "PCI平均": 44.0,
      "-3F差平均": 0.3,
      "想定脚質": "先行",
      "track_bias_aptitude_score": 75.1,
      "investment_value_score": 45.2,
      "total_investment_index": 54.4,
      "investment_rating": -0.24593553036451332,
      "stability_score": 60,
      "investment_mark": "××"
    },
    {
      "horse_number": 4,
      "name": "ファルシオン",
      "popularity": 8,
      "odds": 27.5,
      "mark": "△",
      "score": 88.91,
      "track_aptitude": 0,
      "total_points": 73.86326029162974,
      "detail_points": {
        "score": 35.813260291629746,
        "bias": 13.05,
        "pace": 12.0,
        "3f": 9.0,
        "margin": 4.0,
        "track": 0.0
      },
      "avg_margin": 1.52,
      "race_name": "小倉7R",
      "pred_prob_won": 0.022999075427651405,
      "pred_prob_in_top2": 0.03530179038643837,
      "pred_prob_in_top3": 0.1075656309723854,
      "score_z": -0.5603750407482372,
      "上り3F平均": 35.88,
      "Ave-3F平均": 35.89,
      "PCI平均": 50.8,
      "-3F差平均": 0.85,
      "想定脚質": "中団",
      "track_bias_aptitude_score": 73.4,
      "investment_value_score": 16.5,
      "total_investment_index": 36.0,
      "investment_rating": -0.2562016802281142,
      "stability_score": 60,
      "investment_mark": "××"
    },
    {
      "horse_number": 3,
      "name": "レディメローラ",
      "popularity": 6,
      "odds": 14.0,
      "mark": "△",
      "score": 88.49,
      "track_aptitude": 1,
      "total_points": 76.68408281640215,
      "detail_points": {
        "score": 35.644082816402154,
        "bias": 13.05,
        "pace": 12.0,
        "3f": 9.0,
        "margin": 6.0,
        "track": 0.99
      },
      "avg_margin": 0.5900000000000001,
      "race_name": "小倉7R",
      "pred_prob_won": 0.021232140809297563,
      "pred_prob_in_top2": 0.0362970519810915,
      "pred_prob_in_top3": 0.10557351559400559,
      "score_z": -0.5924352443811772,
      "上り3F平均": 35.85,
      "Ave-3F平均": 34.3,
      "PCI平均": 45.79,
      "-3F差平均": 0.48,
      "想定脚質": "先行",
      "track_bias_aptitude_score": 83.4,
      "investment_value_score": 20.9,
      "total_investment_index": 41.6,
      "investment_rating": -0.28518169157207,
      "stability_score": 75,
      "investment_mark": "××"
    },
    {
      "horse_number": 8,
      "name": "ミジョカスマイル",
      "popularity": 9,
      "odds": 97.8,
      "mark": "⭐︎",
      "score": 76.67,
      "track_aptitude": 2,
      "total_points": 70.94294529928301,