{
  "horses": [
    {
      "horse_number": 10,
      "name": "ジーニアスバローズ",
      "popularity": 8,
      "odds": 16.6,
      "mark": "◎",
      "score": 120.87,
      "track_aptitude": 0,
      "total_points": 86.44655647382919,
      "detail_points": {
        "score": 46.246556473829195,
        "bias": 15.0,
        "pace": 10.2,
        "3f": 9.0,
        "margin": 6.0,
        "track": 0.0
      },
      "avg_margin": 0.6799999999999999,
      "race_name": "小倉10R",
      "pred_prob_won": 0.14743565022945404,
      "pred_prob_in_top2": 0.12799261808395385,
      "pred_prob_in_top3": 0.4034177720546722,
      "score_z": 0.8139615118132518,
      "上り3F平均": 37.93,
      "Ave-3F平均": 37.69,
      "PCI平均": 49.43,
      "-3F差平均": 0.5,
      "想定脚質": "先行",
      "track_bias_aptitude_score": 82.3,
      "investment_value_score": 61.0,
      "total_investment_index": 67.6,
      "investment_rating": 1.8608484095335005,
      "stability_score": 75,
      "investment_mark": "◎"
    },
    {
      "horse_number": 11,
      "name": "レッドダンルース",
      "popularity": 4,
      "odds": 7.7,
      "mark": "▲",
      "score": 130.68,
      "track_aptitude": 0,
      "total_points": 84.2,
      "detail_points": {
        "score": 50.0,
        "bias": 9.0,
        "pace": 10.2,
        "3f": 9.0,
        "margin": 6.0,
        "track": 0.0
      },
      "avg_margin": 0.7750000000000001,
      "race_name": "小倉10R",
      "pred_prob_won": 0.25678551495075225,
      "pred_prob_in_top2": 0.1507708340883255,
      "pred_prob_in_top3": 0.5564301252365113,
      "score_z": 1.6752221218591457,
      "上り3F平均": 37.02,
      "Ave-3F平均": 36.07,
      "PCI平均": 47.5,
      "-3F差平均": 0.48,
      "想定脚質": "中団",
      "track_bias_aptitude_score": 41.4,
      "investment_value_score": 88.4,
      "total_investment_index": 73.3,
      "investment_rating": 1.770077488422394,
      "stability_score": 75,
      "investment_mark": "○"
    },
    {
      "horse_number": 3,
      "name": "イサナ",
      "popularity": 3,
      "odds": 6.2,
      "mark": "△",
      "score": 126.44,
      "track_aptitude": 0,
      "total_points": 76.52771655953474,
      "detail_points": {
        "score": 48.37771655953474,
        "bias": 4.95,
        "pace": 10.2,
        "3f": 7.0,
        "margin": 6.0,
        "track": 0.0
      },
      "avg_margin": 0.7571428571428572,
      "race_name": "小倉10R",
      "pred_prob_won": 0.20011637210845948,
      "pred_prob_in_top2": 0.15199258029460908,
      "pred_prob_in_top3": 0.479671311378479,
      "score_z": 1.3029749264876271,
      "上り3F平均": 37.4,
      "Ave-3F平均": 37.57,
      "PCI平均": 50.55,
      "-3F差平均": 0.2,
      "想定脚質": "逃げ",
      "track_bias_aptitude_score": 21.5,
      "investment_value_score": 89.4,
      "total_investment_index": 67.3,
      "investment_rating": 1.2568988931179048,
      "stability_score": 75,
      "investment_mark": "▲"
    },
    {
      "horse_number": 6,
      "name": "メイショウカシワデ",
      "popularity": 7,
      "odds": 12.9,
      "mark": "○",
      "score": 117.75,
      "track_aptitude": 0,
      "total_points": 85.25280073461892,
      "detail_points": {
        "score": 45.05280073461891,
        "bias": 15.0,
        "pace": 10.2,
        "3f": 9.0,
        "margin": 6.0,
        "track": 0.0
      },
      "avg_margin": 0.74,
      "race_name": "小倉10R",
      "pred_prob_won": 0.1018511563539505,
      "pred_prob_in_top2": 0.11089356094598771,
      "pred_prob_in_top3": 0.3223839819431305,
      "score_z": 0.5400437642757194,
      "上り3F平均": 37.85,
      "Ave-3F平均": 37.8,
      "PCI平均": 49.9,
      "-3F差平均": 0.49,
      "想定脚質": "先行",
      "track_bias_aptitude_score": 82.3,
      "investment_value_score": 57.7,
      "total_investment_index": 65.2,
      "investment_rating": 1.2392310997843743,
      "stability_score": 75,
      "investment_mark": "▲"
    },
    {
      "horse_number": 9,
      "name": "ネーヴェフレスカ",
      "popularity": 2,
      "odds": 5.1,
      "mark": "▲",
      "score": 120.69,
      "track_aptitude": 2,
      "total_points": 84.38768595041323,
      "detail_points": {
        "score": 46.17768595041322,
        "bias": 9.0,
        "pace": 10.2,
        "3f": 9.0,
        "margin": 8.0,
        "track": 2.0100000000000002
      },
      "avg_margin": 0.30624999999999997,
      "race_name": "小倉10R",
      "pred_prob_won": 0.10861247777938843,
      "pred_prob_in_top2": 0.12171560823917389,
      "pred_prob_in_top3": 0.3512215971946716,
      "score_z": 0.7981585648399321,
      "上り3F平均": 35.48,
      "Ave-3F平均": 35.74,
      "PCI平均": 50.87,
      "-3F差平均": 0.48,
      "想定脚質": "中団",
      "track_bias_aptitude_score": 53.2,
      "investment_value_score": 88.5,
      "total_investment_index": 75.4,
      "investment_rating": 0.6834204721450806,
      "stability_score": 90,
      "investment_mark": "△"
    },
    {
      "horse_number": 16,
      "name": "ジューンエオス",
      "popularity": 6,
      "odds": 12.2,
      "mark": "⭐︎",
      "score": 116.53,
      "track_aptitude": 2,
      "total_points": 71.74601163146619,
      "detail_points": {
        "score": 44.58601163146618,
        "bias": 4.95,
        "pace": 10.2,
        "3f": 4.0,
        "margin": 6.0,
        "track": 2.0100000000000002
      },
      "avg_margin": 0.9500000000000002,
      "race_name": "小倉10R",
      "pred_prob_won": 0.0594625324010849,
      "pred_prob_in_top2": 0.06898110508918762,
      "pred_prob_in_top3": 0.19818779230117797,
      "score_z": 0.4329349014565564,
      "上り3F平均": 36.86,
      "Ave-3F平均": 36.57,
      "PCI平均": 49.24,
      "-3F差平均": 1.1,
      "想定脚質": "逃げ",
      "track_bias_aptitude_score": 33.4,
      "investment_value_score": 50.0,
      "total_investment_index": 45.7,
      "investment_rating": 0.49093896150588984,
      "stability_score": 75,
      "investment_mark": "☆"
    },
    {
      "horse_number": 15,
      "name": "レイナデアルシーラ",
      "popularity": 1,
      "odds": 3.1,
      "mark": "⭐︎",
      "score": 120.37,
      "track_aptitude": 2,
      "total_points": 72.21524946434039,
      "detail_points": {
        "score": 46.05524946434038,
        "bias": 4.95,
        "pace": 10.2,
        "3f": 5.0,
        "margin": 4.0,
        "track": 2.0100000000000002
      },
      "avg_margin": 1.11875,
      "race_name": "小倉10R",
      "pred_prob_won": 0.10121657699346542,
      "pred_prob_in_top2": 0.10066481083631515,
      "pred_prob_in_top3": 0.29713619947433473,
      "score_z": 0.7700644368873653,
      "上り3F平均": 39.1,
      "Ave-3F平均": 36.71,
      "PCI平均": 43.93,
      "-3F差平均": 0.5,
      "想定脚質": "逃げ",
      "track_bias_aptitude_score": 33.4,
      "investment_value_score": 100,
      "total_investment_index": 76.3,
      "investment_rating": 0.4185564488172531,
      "stability_score": 60,
      "investment_mark": "☆"
    },
    {
      "horse_number": 5,
      "name": "コパノアントニオ",
      "popularity": 5,
      "odds": 10.7,
      "mark": "△",
      "score": 114.3,
      "track_aptitude": 2,
      "total_points": 77.942782369146,
      "detail_points": {
        "score": 43.732782369146,
        "bias": 9.0,
        "pace": 10.2,
        "3f": 9.0,
        "margin": 4.0,
        "track": 2.0100000000000002
      },
      "avg_margin": 1.0499999999999998,
      "race_name": "小倉10R",
      "pred_prob_won": 0.04637863263487816,
      "pred_prob_in_top2": 0.06986633092164993,
      "pred_prob_in_top3": 0.1884900748729706,
      "score_z": 0.23715394728710212,
      "上り3F平均": 37.69,
      "Ave-3F平均": 36.72,
      "PCI平均": 47.63,
      "-3F差平均": 0.71,
      "想定脚質": "中団",
      "track_bias_aptitude_score": 53.2,
      "investment_value_score": 52.0,
      "total_investment_index": 52.6,
      "investment_rating": 0.3887808331847191,
      "stability_score": 60,
      "investment_mark": "☆"
    },
    {
      "horse_number": 4,
      "name": "マサハヤウォルズ",
      "popularity": 15,
      "odds": 75.7,
      "mark": "△",
      "score": 108.34,
      "track_aptitude": 0,
      "total_points": 73.65240281603919,