{
  "horses": [
    {
      "horse_number": 8,
      "name": "アイドルアイズ",
      "popularity": 8,
      "odds": 13.1,
      "mark": "△",
      "score": 127.44,
      "track_aptitude": 2,
      "total_points": 76.99056007028334,
      "detail_points": {
        "score": 46.650560070283326,
        "bias": 7.05,
        "pace": 8.28,
        "3f": 9.0,
        "margin": 4.0,
        "track": 2.0100000000000002
      },
      "avg_margin": 1.125,
      "race_name": "小倉2R",
      "pred_prob_won": 0.1308604896068573,
      "pred_prob_in_top2": 0.1337610214948654,
      "pred_prob_in_top3": 0.38381178975105285,
      "score_z": 0.856915159949422,
      "上り3F平均": 38.62,
      "Ave-3F平均": 37.29,
      "PCI平均": 46.6,
      "-3F差平均": 0.63,
      "想定脚質": "中団",
      "track_bias_aptitude_score": 43.6,
      "investment_value_score": 51.8,
      "total_investment_index": 50.6,
      "investment_rating": 1.7412519174814225,
      "stability_score": 60,
      "investment_mark": "◎"
    },
    {
      "horse_number": 1,
      "name": "ヴァリオーサ",
      "popularity": 4,
      "odds": 9.0,
      "mark": "△",
      "score": 136.59,
      "track_aptitude": 2,
      "total_points": 74.29,
      "detail_points": {
        "score": 50.0,
        "bias": 3.0,
        "pace": 8.28,
        "3f": 7.0,
        "margin": 4.0,
        "track": 2.0100000000000002
      },
      "avg_margin": 1.1,
      "race_name": "小倉2R",
      "pred_prob_won": 0.20140271186828612,
      "pred_prob_in_top2": 0.1738368511199951,
      "pred_prob_in_top3": 0.5073267996311188,
      "score_z": 1.325931084192713,
      "上り3F平均": 38.19,
      "Ave-3F平均": 37.67,
      "PCI平均": 48.74,
      "-3F差平均": 0.86,
      "想定脚質": "後方",
      "track_bias_aptitude_score": 12.4,
      "investment_value_score": 72.7,
      "total_investment_index": 54.6,
      "investment_rating": 1.5785745185613635,
      "stability_score": 60,
      "investment_mark": "○"
    },
    {
      "horse_number": 3,
      "name": "フクノフィアーノン",
      "popularity": 9,
      "odds": 14.3,
      "mark": "△",
      "score": 123.85,
      "track_aptitude": 2,
      "total_points": 73.62640822900651,
      "detail_points": {
        "score": 45.336408229006516,
        "bias": 3.0,
        "pace": 8.28,
        "3f": 9.0,
        "margin": 6.0,
        "track": 2.0100000000000002
      },
      "avg_margin": 0.7833333333333333,
      "race_name": "小倉2R",
      "pred_prob_won": 0.09609887301921845,
      "pred_prob_in_top2": 0.10443738102912903,
      "pred_prob_in_top3": 0.3180145978927612,
      "score_z": 0.6728968902189942,
      "上り3F平均": 37.65,
      "Ave-3F平均": 37.18,
      "PCI平均": 48.83,
      "-3F差平均": 1.3,
      "想定脚質": "後方",
      "track_bias_aptitude_score": 12.4,
      "investment_value_score": 45.4,
      "total_investment_index": 37.1,
      "investment_rating": 1.464797075986862,
      "stability_score": 75,
      "investment_mark": "▲"
    },
    {
      "horse_number": 4,
      "name": "クラリティー",
      "popularity": 6,
      "odds": 10.3,
      "mark": "○",
      "score": 121.25,
      "track_aptitude": 1,
      "total_points": 85.37465480635477,
      "detail_points": {
        "score": 44.38465480635478,
        "bias": 15.0,
        "pace": 12.0,
        "3f": 9.0,
        "margin": 4.0,
        "track": 0.99
      },
      "avg_margin": 1.1333333333333335,
      "race_name": "小倉2R",
      "pred_prob_won": 0.10252360254526138,
      "pred_prob_in_top2": 0.1187104880809784,
      "pred_prob_in_top3": 0.3194032609462738,
      "score_z": 0.5396246057345622,
      "上り3F平均": 38.53,
      "Ave-3F平均": 37.86,
      "PCI平均": 48.5,
      "-3F差平均": 0.6,
      "想定脚質": "先行",
      "track_bias_aptitude_score": 88.6,
      "investment_value_score": 52.5,
      "total_investment_index": 64.0,
      "investment_rating": 1.097016304731369,
      "stability_score": 60,
      "investment_mark": "▲"
    },
    {
      "horse_number": 11,
      "name": "エスタンシア",
      "popularity": 1,
      "odds": 4.1,
      "mark": "◎",
      "score": 133.5,
      "track_aptitude": 2,
      "total_points": 94.8788776630793,
      "detail_points": {
        "score": 48.86887766307929,
        "bias": 15.0,
        "pace": 12.0,
        "3f": 9.0,
        "margin": 8.0,
        "track": 2.0100000000000002
      },
      "avg_margin": 0.4916666666666667,
      "race_name": "小倉2R",
      "pred_prob_won": 0.20138295590877534,
      "pred_prob_in_top2": 0.18731009364128112,
      "pred_prob_in_top3": 0.5373308897018433,
      "score_z": 1.1675420999400605,
      "上り3F平均": 36.15,
      "Ave-3F平均": 37.16,
      "PCI平均": 53.0,
      "-3F差平均": 0.42,
      "想定脚質": "先行",
      "track_bias_aptitude_score": 94.3,
      "investment_value_score": 100,
      "total_investment_index": 95.2,
      "investment_rating": 0.9589945018291474,
      "stability_score": 90,
      "investment_mark": "△"
    },
    {
      "horse_number": 16,
      "name": "ヴィヴァシャス",
      "popularity": 2,
      "odds": 6.4,
      "mark": "▲",
      "score": 128.46,
      "track_aptitude": 0,
      "total_points": 77.35394025916978,
      "detail_points": {
        "score": 47.02394025916978,
        "bias": 7.05,
        "pace": 8.28,
        "3f": 9.0,
        "margin": 6.0,
        "track": 0.0
      },
      "avg_margin": 0.8999999999999998,
      "race_name": "小倉2R",
      "pred_prob_won": 0.14553751349449157,
      "pred_prob_in_top2": 0.13649509251117706,
      "pred_prob_in_top3": 0.415051007270813,
      "score_z": 0.9091989023240845,
      "上り3F平均": 37.22,
      "Ave-3F平均": 36.61,
      "PCI平均": 48.38,
      "-3F差平均": 0.82,
      "想定脚質": "中団",
      "track_bias_aptitude_score": 32.2,
      "investment_value_score": 80.1,
      "total_investment_index": 64.2,
      "investment_rating": 0.8621428203582764,
      "stability_score": 75,
      "investment_mark": "△"
    },
    {
      "horse_number": 2,
      "name": "スマートエレーヌ",
      "popularity": 11,
      "odds": 27.0,
      "mark": "△",
      "score": 114.49,
      "track_aptitude": 2,
      "total_points": 70.25009590746028,
      "detail_points": {
        "score": 41.91009590746028,
        "bias": 7.05,
        "pace": 8.28,
        "3f": 7.0,
        "margin": 4.0,
        "track": 2.0100000000000002
      },
      "avg_margin": 1.2,
      "race_name": "小倉2R",
      "pred_prob_won": 0.04891258999705315,
      "pred_prob_in_top2": 0.06454638540744781,
      "pred_prob_in_top3": 0.1851952850818634,
      "score_z": 0.19311666607503788,
      "上り3F平均": 37.75,
      "Ave-3F平均": 36.8,
      "PCI平均": 47.45,
      "-3F差平均": 1.25,
      "想定脚質": "中団",
      "track_bias_aptitude_score": 43.6,
      "investment_value_score": 30.1,
      "total_investment_index": 36.5,
      "investment_rating": 0.6852634593844413,
      "stability_score": 60,
      "investment_mark": "☆"
    },
    {
      "horse_number": 12,
      "name": "エンブレイスメント",
      "popularity": 3,
      "odds": 8.7,
      "mark": "▲",
      "score": 113.34,
      "track_aptitude": 2,
      "total_points": 83.49912804744126,
      "detail_points": {
        "score": 41.48912804744125,
        "bias": 15.0,
        "pace": 12.0,
        "3f": 9.0,
        "margin": 4.0,
        "track": 2.0100000000000002
      },
      "avg_margin": 1.05,
      "race_name": "小倉2R",
      "pred_prob_won": 0.060332971066236495,
      "pred_prob_in_top2": 0.07297837287187577,
      "pred_prob_in_top3": 0.21130285263061524,
      "score_z": 0.1341693094761548,
      "上り3F平均": 34.75,
      "Ave-3F平均": 37.67,
      "PCI平均": 58.45,
      "-3F差平均": 0.5,
      "想定脚質": "先行",
      "track_bias_aptitude_score": 94.3,
      "investment_value_score": 56.0,
      "total_investment_index": 67.1,
      "investment_rating": 0.3578645563125611,
      "stability_score": 60,
      "investment_mark": "☆"
    },
    {
      "horse_number": 15,
      "name": "ヴォルクメア",
      "popularity": 10,
      "odds": 17.8,
      "mark": "⭐︎",
      "score": 113.09,
      "track_aptitude": 0,
      "total_points": 69.7276132952632,