{
  "horses": [
    {
      "horse_number": 2,
      "name": "フェルヴェンテ",
      "popularity": 8,
      "odds": 15.0,
      "mark": "▲",
      "score": 127.96,
      "track_aptitude": 0,
      "total_points": 82.47203880683463,
      "detail_points": {
        "score": 46.322038806834634,
        "bias": 10.95,
        "pace": 10.2,
        "3f": 9.0,
        "margin": 6.0,
        "track": 0.0
      },
      "avg_margin": 0.5849999999999999,
      "race_name": "小倉11R",
      "pred_prob_won": 0.20124283730983733,
      "pred_prob_in_top2": 0.1569983333349228,
      "pred_prob_in_top3": 0.4864902675151825,
      "score_z": 1.242188866270556,
      "上り3F平均": 36.9,
      "Ave-3F平均": 35.65,
      "PCI平均": 46.64,
      "-3F差平均": 0.78,
      "想定脚質": "中団",
      "track_bias_aptitude_score": 49.0,
      "investment_value_score": 55.1,
      "total_investment_index": 54.8,
      "investment_rating": 2.367590631842613,
      "stability_score": 75,
      "investment_mark": "◎"
    },
    {
      "horse_number": 16,
      "name": "メイショウミカワ",
      "popularity": 7,
      "odds": 14.9,
      "mark": "▲",
      "score": 122.74,
      "track_aptitude": 1,
      "total_points": 85.62237764262959,
      "detail_points": {
        "score": 44.432377642629596,
        "bias": 15.0,
        "pace": 10.2,
        "3f": 9.0,
        "margin": 6.0,
        "track": 0.99
      },
      "avg_margin": 0.8400000000000001,
      "race_name": "小倉11R",
      "pred_prob_won": 0.13087081015110016,
      "pred_prob_in_top2": 0.12285085022449493,
      "pred_prob_in_top3": 0.3666757166385651,
      "score_z": 0.804527553843149,
      "上り3F平均": 37.69,
      "Ave-3F平均": 36.85,
      "PCI平均": 47.83,
      "-3F差平均": 0.5,
      "想定脚質": "先行",
      "track_bias_aptitude_score": 88.1,
      "investment_value_score": 50.8,
      "total_investment_index": 63.3,
      "investment_rating": 1.485050227344036,
      "stability_score": 75,
      "investment_mark": "○"
    },
    {
      "horse_number": 7,
      "name": "キャピタルサックス",
      "popularity": 2,
      "odds": 6.9,
      "mark": "◎",
      "score": 126.94,
      "track_aptitude": 1,
      "total_points": 87.14279467130031,
      "detail_points": {
        "score": 45.95279467130032,
        "bias": 15.0,
        "pace": 10.2,
        "3f": 9.0,
        "margin": 6.0,
        "track": 0.99
      },
      "avg_margin": 0.705,
      "race_name": "小倉11R",
      "pred_prob_won": 0.19654070138931273,
      "pred_prob_in_top2": 0.17213288247585296,
      "pred_prob_in_top3": 0.5079311788082123,
      "score_z": 1.1566688397042815,
      "上り3F平均": 37.33,
      "Ave-3F平均": 37.08,
      "PCI平均": 49.38,
      "-3F差平均": 0.65,
      "想定脚質": "先行",
      "track_bias_aptitude_score": 88.1,
      "investment_value_score": 80.7,
      "total_investment_index": 81.8,
      "investment_rating": 1.1222073006629945,
      "stability_score": 75,
      "investment_mark": "▲"
    },
    {
      "horse_number": 14,
      "name": "プレイサーゴールド",
      "popularity": 13,
      "odds": 32.4,
      "mark": "△",
      "score": 116.85,
      "track_aptitude": 2,
      "total_points": 80.46017376194614,
      "detail_points": {
        "score": 42.300173761946134,
        "bias": 10.95,
        "pace": 10.2,
        "3f": 9.0,
        "margin": 6.0,
        "track": 2.0100000000000002
      },
      "avg_margin": 0.795,
      "race_name": "小倉11R",
      "pred_prob_won": 0.05795380175113678,
      "pred_prob_in_top2": 0.07214201837778092,
      "pred_prob_in_top3": 0.22054291963577272,
      "score_z": 0.31069132200456123,
      "上り3F平均": 37.9,
      "Ave-3F平均": 37.52,
      "PCI平均": 49.05,
      "-3F差平均": 0.88,
      "想定脚質": "中団",
      "track_bias_aptitude_score": 61.0,
      "investment_value_score": 29.6,
      "total_investment_index": 41.6,
      "investment_rating": 1.1018048387765886,
      "stability_score": 75,
      "investment_mark": "▲"
    },
    {
      "horse_number": 9,
      "name": "サイモンザナドゥ",
      "popularity": 1,
      "odds": 3.1,
      "mark": "⭐︎",
      "score": 138.12,
      "track_aptitude": 0,
      "total_points": 74.28,
      "detail_points": {
        "score": 50.0,
        "bias": 3.0,
        "pace": 8.28,
        "3f": 7.0,
        "margin": 6.0,
        "track": 0.0
      },
      "avg_margin": 0.62,
      "race_name": "小倉11R",
      "pred_prob_won": 0.26050653755664827,
      "pred_prob_in_top2": 0.14953451454639435,
      "pred_prob_in_top3": 0.542773962020874,
      "score_z": 2.094035405401296,
      "上り3F平均": 36.88,
      "Ave-3F平均": 37.49,
      "PCI平均": 51.74,
      "-3F差平均": 0.91,
      "想定脚質": "後方",
      "track_bias_aptitude_score": 1,
      "investment_value_score": 100,
      "total_investment_index": 68.8,
      "investment_rating": 0.9712414145469666,
      "stability_score": 75,
      "investment_mark": "△"
    },
    {
      "horse_number": 6,
      "name": "ドゥラリアル",
      "popularity": 3,
      "odds": 8.1,
      "mark": "○",
      "score": 116.28,
      "track_aptitude": 1,
      "total_points": 86.28383145091225,
      "detail_points": {
        "score": 42.09383145091225,
        "bias": 15.0,
        "pace": 10.2,
        "3f": 9.0,
        "margin": 9.0,
        "track": 0.99
      },
      "avg_margin": 0.08,
      "race_name": "小倉11R",
      "pred_prob_won": 0.07416232079267501,
      "pred_prob_in_top2": 0.0948615849018097,
      "pred_prob_in_top3": 0.2692457914352417,
      "score_z": 0.26290071892340816,
      "上り3F平均": 37.94,
      "Ave-3F平均": 37.64,
      "PCI平均": 49.2,
      "-3F差平均": 0.37,
      "想定脚質": "先行",
      "track_bias_aptitude_score": 88.1,
      "investment_value_score": 58.0,
      "total_investment_index": 66.7,
      "investment_rating": 0.5519734013080596,
      "stability_score": 90,
      "investment_mark": "△"
    },
    {
      "horse_number": 10,
      "name": "カマチョクイン",
      "popularity": 6,
      "odds": 12.4,
      "mark": "△",
      "score": 115.86,
      "track_aptitude": 0,
      "total_points": 82.14178974804517,
      "detail_points": {
        "score": 41.941789748045174,
        "bias": 15.0,
        "pace": 10.2,
        "3f": 9.0,
        "margin": 6.0,
        "track": 0.0
      },
      "avg_margin": 0.62,
      "race_name": "小倉11R",
      "pred_prob_won": 0.05252976343035698,
      "pred_prob_in_top2": 0.06723567247390747,
      "pred_prob_in_top3": 0.19741167426109313,
      "score_z": 0.22768659033729477,
      "上り3F平均": 37.61,
      "Ave-3F平均": 35.85,
      "PCI平均": 45.38,
      "-3F差平均": 0.6,
      "想定脚質": "先行",
      "track_bias_aptitude_score": 82.1,
      "investment_value_score": 40.6,
      "total_investment_index": 54.4,
      "investment_rating": 0.4870583713054657,
      "stability_score": 75,
      "investment_mark": "☆"
    },
    {
      "horse_number": 13,
      "name": "ダブルジョーク",
      "popularity": 10,
      "odds": 26.6,
      "mark": "消",
      "score": 115.45,
      "track_aptitude": 0,
      "total_points": 66.07336808572256,
      "detail_points": {
        "score": 41.79336808572256,
        "bias": 3.0,
        "pace": 8.28,
        "3f": 9.0,
        "margin": 4.0,
        "track": 0.0
      },
      "avg_margin": 1.3900000000000001,
      "race_name": "小倉11R",
      "pred_prob_won": 0.03960909247398377,
      "pred_prob_in_top2": 0.058157426118850705,
      "pred_prob_in_top3": 0.1551162928342819,
      "score_z": 0.19331089338418456,
      "上り3F平均": 37.54,
      "Ave-3F平均": 37.59,
      "PCI平均": 50.26,
      "-3F差平均": 1.11,
      "想定脚質": "後方",
      "track_bias_aptitude_score": 1,
      "investment_value_score": 27.7,
      "total_investment_index": 22.2,
      "investment_rating": 0.41683730840682987,
      "stability_score": 60,
      "investment_mark": "☆"
    },
    {
      "horse_number": 12,
      "name": "トウカイポワール",
      "popularity": 9,
      "odds": 22.3,
      "mark": "△",
      "score": 111.46,
      "track_aptitude": 2,
      "total_points": 78.50897190848538,
      "detail_points": {
        "score": 40.34897190848537,