{
  "horses": [
    {
      "horse_number": 2,
      "name": "メイショウコナン",
      "popularity": 8,
      "odds": 19.9,
      "mark": "△",
      "score": 126.56,
      "track_aptitude": 0,
      "total_points": 84.84223525779562,
      "detail_points": {
        "score": 48.84223525779562,
        "bias": 9.0,
        "pace": 12.0,
        "3f": 9.0,
        "margin": 6.0,
        "track": 0.0
      },
      "avg_margin": 0.6499999999999999,
      "race_name": "小倉8R",
      "pred_prob_won": 0.1660575360059738,
      "pred_prob_in_top2": 0.15513570010662078,
      "pred_prob_in_top3": 0.4607396304607391,
      "score_z": 1.2162206144146708,
      "上り3F平均": 37.92,
      "Ave-3F平均": 38.02,
      "PCI平均": 50.33,
      "-3F差平均": 0.82,
      "想定脚質": "中団",
      "track_bias_aptitude_score": 41.4,
      "investment_value_score": 63.0,
      "total_investment_index": 57.2,
      "investment_rating": 2.210511745810509,
      "stability_score": 75,
      "investment_mark": "◎"
    },
    {
      "horse_number": 5,
      "name": "ヨリノレジェンド",
      "popularity": 4,
      "odds": 6.9,
      "mark": "◎",
      "score": 129.56,
      "track_aptitude": 2,
      "total_points": 96.01,
      "detail_points": {
        "score": 50.0,
        "bias": 15.0,
        "pace": 12.0,
        "3f": 9.0,
        "margin": 8.0,
        "track": 2.0100000000000002
      },
      "avg_margin": 0.3666666666666667,
      "race_name": "小倉8R",
      "pred_prob_won": 0.2483510136604309,
      "pred_prob_in_top2": 0.17066928446292878,
      "pred_prob_in_top3": 0.550369918346405,
      "score_z": 1.5095803606051441,
      "上り3F平均": 36.7,
      "Ave-3F平均": 36.17,
      "PCI平均": 48.57,
      "-3F差平均": 0.9,
      "想定脚質": "先行",
      "track_bias_aptitude_score": 94.2,
      "investment_value_score": 82.2,
      "total_investment_index": 85.1,
      "investment_rating": 1.7464426815509797,
      "stability_score": 90,
      "investment_mark": "○"
    },
    {
      "horse_number": 4,
      "name": "ギュルヴィ",
      "popularity": 6,
      "odds": 9.7,
      "mark": "○",
      "score": 124.09,
      "track_aptitude": 0,
      "total_points": 91.88900895338068,
      "detail_points": {
        "score": 47.889008953380674,
        "bias": 15.0,
        "pace": 12.0,
        "3f": 9.0,
        "margin": 8.0,
        "track": 0.0
      },
      "avg_margin": 0.25,
      "race_name": "小倉8R",
      "pred_prob_won": 0.14324390590190889,
      "pred_prob_in_top2": 0.13822351396083832,
      "pred_prob_in_top3": 0.4235516130924225,
      "score_z": 0.9746877567178478,
      "上り3F平均": 38.45,
      "Ave-3F平均": 38.17,
      "PCI平均": 49.25,
      "-3F差平均": 0.5,
      "想定脚質": "先行",
      "track_bias_aptitude_score": 82.7,
      "investment_value_score": 66.0,
      "total_investment_index": 71.0,
      "investment_rating": 1.6177580654621124,
      "stability_score": 90,
      "investment_mark": "○"
    },
    {
      "horse_number": 10,
      "name": "サディーク",
      "popularity": 7,
      "odds": 16.1,
      "mark": "▲",
      "score": 122.54,
      "track_aptitude": 2,
      "total_points": 91.30083050324176,
      "detail_points": {
        "score": 47.29083050324174,
        "bias": 15.0,
        "pace": 12.0,
        "3f": 9.0,
        "margin": 6.0,
        "track": 2.0100000000000002
      },
      "avg_margin": 0.5714285714285714,
      "race_name": "小倉8R",
      "pred_prob_won": 0.12895112335681916,
      "pred_prob_in_top2": 0.11173817217350006,
      "pred_prob_in_top3": 0.3516416370868683,
      "score_z": 0.8231185545194368,
      "上り3F平均": 37.07,
      "Ave-3F平均": 36.32,
      "PCI平均": 48.11,
      "-3F差平均": 0.5,
      "想定脚質": "先行",
      "track_bias_aptitude_score": 94.2,
      "investment_value_score": 58.5,
      "total_investment_index": 69.7,
      "investment_rating": 1.401611085832119,
      "stability_score": 75,
      "investment_mark": "▲"
    },
    {
      "horse_number": 14,
      "name": "ステイクオール",
      "popularity": 1,
      "odds": 4.4,
      "mark": "△",
      "score": 123.35,
      "track_aptitude": 0,
      "total_points": 87.60342698363692,
      "detail_points": {
        "score": 47.60342698363692,
        "bias": 15.0,
        "pace": 12.0,
        "3f": 9.0,
        "margin": 4.0,
        "track": 0.0
      },
      "avg_margin": 1.1,
      "race_name": "小倉8R",
      "pred_prob_won": 0.14295205175876619,
      "pred_prob_in_top2": 0.13028714060783386,
      "pred_prob_in_top3": 0.3909850001335144,
      "score_z": 0.9023256859908635,
      "上り3F平均": 38.53,
      "Ave-3F平均": 38.26,
      "PCI平均": 49.47,
      "-3F差平均": 0.42,
      "想定脚質": "先行",
      "track_bias_aptitude_score": 82.7,
      "investment_value_score": 100,
      "total_investment_index": 91.3,
      "investment_rating": 0.6297162503004075,
      "stability_score": 60,
      "investment_mark": "△"
    },
    {
      "horse_number": 12,
      "name": "レヴァンテシチー",
      "popularity": 9,
      "odds": 19.9,
      "mark": "▲",
      "score": 113.61,
      "track_aptitude": 0,
      "total_points": 87.84455078728001,
      "detail_points": {
        "score": 43.84455078728002,
        "bias": 15.0,
        "pace": 12.0,
        "3f": 9.0,
        "margin": 8.0,
        "track": 0.0
      },
      "avg_margin": 0.25,
      "race_name": "小倉8R",
      "pred_prob_won": 0.047105510532855985,
      "pred_prob_in_top2": 0.06479159370064735,
      "pred_prob_in_top3": 0.1847270518541336,
      "score_z": -0.05011562330753947,
      "上り3F平均": 39.05,
      "Ave-3F平均": 38.0,
      "PCI平均": 47.3,
      "-3F差平均": 0.65,
      "想定脚質": "先行",
      "track_bias_aptitude_score": 82.7,
      "investment_value_score": 37.9,
      "total_investment_index": 52.5,
      "investment_rating": 0.5784348948299884,
      "stability_score": 90,
      "investment_mark": "△"
    },
    {
      "horse_number": 16,
      "name": "ヴィヴィッシモ",
      "popularity": 13,
      "odds": 57.8,
      "mark": "消",
      "score": 115.02,
      "track_aptitude": 0,
      "total_points": 70.6687002161161,
      "detail_points": {
        "score": 44.388700216116085,
        "bias": 3.0,
        "pace": 8.28,
        "3f": 9.0,
        "margin": 6.0,
        "track": 0.0
      },
      "avg_margin": 0.65,
      "race_name": "小倉8R",
      "pred_prob_won": 0.035625746846199034,
      "pred_prob_in_top2": 0.04768050909042358,
      "pred_prob_in_top3": 0.13764873445034026,
      "score_z": 0.08776345740198266,
      "上り3F平均": 34.65,
      "Ave-3F平均": 35.62,
      "PCI平均": 52.88,
      "-3F差平均": 1.04,
      "想定脚質": "後方",
      "track_bias_aptitude_score": 1,
      "investment_value_score": 26.1,
      "total_investment_index": 21.1,
      "investment_rating": 0.36819129988551136,
      "stability_score": 75,
      "investment_mark": "☆"
    },
    {
      "horse_number": 3,
      "name": "ストップヤーニング",
      "popularity": 3,
      "odds": 6.1,
      "mark": "⭐︎",
      "score": 117.98,
      "track_aptitude": 0,
      "total_points": 81.53102809509107,
      "detail_points": {
        "score": 45.53102809509108,
        "bias": 9.0,
        "pace": 12.0,
        "3f": 9.0,
        "margin": 6.0,
        "track": 0.0
      },
      "avg_margin": 0.58,
      "race_name": "小倉8R",
      "pred_prob_won": 0.05732780024409294,
      "pred_prob_in_top2": 0.06408822908997536,
      "pred_prob_in_top3": 0.19872719347476958,
      "score_z": 0.3772117403099171,
      "上り3F平均": 36.94,
      "Ave-3F平均": 35.88,
      "PCI平均": 47.18,
      "-3F差平均": 0.92,
      "想定脚質": "中団",
      "track_bias_aptitude_score": 41.4,
      "investment_value_score": 62.0,
      "total_investment_index": 55.2,
      "investment_rating": 0.3157360981404781,
      "stability_score": 75,
      "investment_mark": "☆"
    },
    {
      "horse_number": 13,
      "name": "ゴールドダイアー",
      "popularity": 10,
      "odds": 32.2,
      "mark": "△",
      "score": 110.69,
      "track_aptitude": 2,
      "total_points": 84.72765977153442,
      "detail_points": {
        "score": 42.71765977153442,
        "bias": 15.0,