{
  "horses": [
    {
      "horse_number": 8,
      "name": "フォーキャンドルズ",
      "popularity": 4,
      "odds": 7.3,
      "mark": "△",
      "score": 125.87,
      "track_aptitude": 0,
      "total_points": 73.0365850635265,
      "detail_points": {
        "score": 48.756585063526494,
        "bias": 3.0,
        "pace": 8.28,
        "3f": 7.0,
        "margin": 6.0,
        "track": 0.0
      },
      "avg_margin": 0.5857142857142857,
      "race_name": "小倉9R",
      "pred_prob_won": 0.11379752606153488,
      "pred_prob_in_top2": 0.12064475566148758,
      "pred_prob_in_top3": 0.34862014651298523,
      "score_z": 0.7825875089678892,
      "上り3F平均": 34.74,
      "Ave-3F平均": 37.04,
      "PCI平均": 56.64,
      "-3F差平均": 0.63,
      "想定脚質": "後方",
      "track_bias_aptitude_score": 13.4,
      "investment_value_score": 59.8,
      "total_investment_index": 46.2,
      "investment_rating": 0.6990666300058365,
      "stability_score": 75,
      "investment_mark": "◎"
    },
    {
      "horse_number": 1,
      "name": "ワンモアスマイル",
      "popularity": 2,
      "odds": 3.5,
      "mark": "○",
      "score": 127.17,
      "track_aptitude": 0,
      "total_points": 87.26014874496437,
      "detail_points": {
        "score": 49.26014874496436,
        "bias": 9.0,
        "pace": 12.0,
        "3f": 9.0,
        "margin": 8.0,
        "track": 0.0
      },
      "avg_margin": 0.48125000000000007,
      "race_name": "小倉9R",
      "pred_prob_won": 0.1417038232088089,
      "pred_prob_in_top2": 0.14359478056430816,
      "pred_prob_in_top3": 0.4219370424747467,
      "score_z": 0.8825004735304478,
      "上り3F平均": 34.69,
      "Ave-3F平均": 36.93,
      "PCI平均": 56.56,
      "-3F差平均": 0.34,
      "想定脚質": "先行",
      "track_bias_aptitude_score": 48.2,
      "investment_value_score": 80.5,
      "total_investment_index": 69.2,
      "investment_rating": 0.6501985359191895,
      "stability_score": 90,
      "investment_mark": "○"
    },
    {
      "horse_number": 5,
      "name": "スライビングロード",
      "popularity": 1,
      "odds": 2.2,
      "mark": "◎",
      "score": 129.08,
      "track_aptitude": 0,
      "total_points": 90.05,
      "detail_points": {
        "score": 50.0,
        "bias": 13.05,
        "pace": 12.0,
        "3f": 9.0,
        "margin": 6.0,
        "track": 0.0
      },
      "avg_margin": 0.625,
      "race_name": "小倉9R",
      "pred_prob_won": 0.17839266061782838,
      "pred_prob_in_top2": 0.15253138542175293,
      "pred_prob_in_top3": 0.47381611466407775,
      "score_z": 1.0292956753108236,
      "上り3F平均": 35.25,
      "Ave-3F平均": 35.49,
      "PCI平均": 50.77,
      "-3F差平均": 0.82,
      "想定脚質": "中団",
      "track_bias_aptitude_score": 80.2,
      "investment_value_score": 100.0,
      "total_investment_index": 90.8,
      "investment_rating": 0.605612703859806,
      "stability_score": 75,
      "investment_mark": "△"
    },
    {
      "horse_number": 6,
      "name": "レディーミコノス",
      "popularity": 5,
      "odds": 8.5,
      "mark": "▲",
      "score": 115.0,
      "track_aptitude": 0,
      "total_points": 80.54601797334985,
      "detail_points": {
        "score": 44.546017973349855,
        "bias": 9.0,
        "pace": 12.0,
        "3f": 9.0,
        "margin": 6.0,
        "track": 0.0
      },
      "avg_margin": 0.85,
      "race_name": "小倉9R",
      "pred_prob_won": 0.04654015749692917,
      "pred_prob_in_top2": 0.06293969005346298,
      "pred_prob_in_top3": 0.1809852570295334,
      "score_z": -0.05283858702827632,
      "上り3F平均": 34.4,
      "Ave-3F平均": 36.87,
      "PCI平均": 57.4,
      "-3F差平均": 0.35,
      "想定脚質": "先行",
      "track_bias_aptitude_score": 48.2,
      "investment_value_score": 36.9,
      "total_investment_index": 41.5,
      "investment_rating": 0.027778496593236945,
      "stability_score": 75,
      "investment_mark": "△"
    },
    {
      "horse_number": 4,
      "name": "スター",
      "popularity": 3,
      "odds": 5.9,
      "mark": "▲",
      "score": 114.85,
      "track_aptitude": 0,
      "total_points": 84.48791447164548,
      "detail_points": {
        "score": 44.48791447164548,
        "bias": 9.0,
        "pace": 12.0,
        "3f": 9.0,
        "margin": 10.0,
        "track": 0.0
      },
      "avg_margin": 0.0,
      "race_name": "小倉9R",
      "pred_prob_won": 0.047062226384878156,
      "pred_prob_in_top2": 0.06393341645598412,
      "pred_prob_in_top3": 0.18982713520526887,
      "score_z": -0.06436700601626431,
      "上り3F平均": 35.6,
      "Ave-3F平均": 37.8,
      "PCI平均": 56.2,
      "-3F差平均": 0.3,
      "想定脚質": "先行",
      "track_bias_aptitude_score": 48.2,
      "investment_value_score": 48.9,
      "total_investment_index": 48.7,
      "investment_rating": -0.038148242980241776,
      "stability_score": 90,
      "investment_mark": "××"
    },
    {
      "horse_number": 2,
      "name": "ビッキーファースト",
      "popularity": 7,
      "odds": 26.1,
      "mark": "△",
      "score": 112.76,
      "track_aptitude": 0,
      "total_points": 65.95833901456461,
      "detail_points": {
        "score": 43.67833901456461,
        "bias": 3.0,
        "pace": 8.28,
        "3f": 7.0,
        "margin": 4.0,
        "track": 0.0
      },
      "avg_margin": 1.3166666666666667,
      "race_name": "小倉9R",
      "pred_prob_won": 0.032412824034690854,
      "pred_prob_in_top2": 0.0485953763127327,
      "pred_prob_in_top3": 0.1426975816488266,
      "score_z": -0.2249963105822235,
      "上り3F平均": 35.9,
      "Ave-3F平均": 36.91,
      "PCI平均": 53.08,
      "-3F差平均": 0.87,
      "想定脚質": "後方",
      "track_bias_aptitude_score": 13.4,
      "investment_value_score": 24.3,
      "total_investment_index": 23.2,
      "investment_rating": -0.10094938918948171,
      "stability_score": 60,
      "investment_mark": "××"
    },
    {
      "horse_number": 3,
      "name": "キーチパルフェ",
      "popularity": 6,
      "odds": 18.5,
      "mark": "△",
      "score": 112.47,
      "track_aptitude": 0,
      "total_points": 79.56600557793615,
      "detail_points": {
        "score": 43.56600557793616,
        "bias": 9.0,
        "pace": 12.0,
        "3f": 9.0,
        "margin": 6.0,
        "track": 0.0
      },
      "avg_margin": 0.5142857142857143,
      "race_name": "小倉9R",
      "pred_prob_won": 0.03151105269789696,
      "pred_prob_in_top2": 0.04888622313737869,
      "pred_prob_in_top3": 0.1349886953830719,
      "score_z": -0.24728458729233324,
      "上り3F平均": 36.01,
      "Ave-3F平均": 37.41,
      "PCI平均": 54.0,
      "-3F差平均": 0.44,
      "想定脚質": "先行",
      "track_bias_aptitude_score": 48.2,
      "investment_value_score": 26.3,
      "total_investment_index": 34.8,
      "investment_rating": -0.17106104493141172,
      "stability_score": 75,
      "investment_mark": "××"
    },
    {
      "horse_number": 7,
      "name": "ウフフトルンナ",
      "popularity": 8,
      "odds": 73.4,
      "mark": "△",
      "score": 88.3,
      "track_aptitude": 0,
      "total_points": 70.2535946699721,
      "detail_points": {
        "score": 34.203594669972105,
        "bias": 13.05,
        "pace": 12.0,
        "3f": 9.0,
        "margin": 2.0,
        "track": 0.0
      },
      "avg_margin": 2.6555555555555554,
      "race_name": "小倉9R",
      "pred_prob_won": 0.02371996212750673,
      "pred_prob_in_top2": 0.016731304861605168,
      "pred_prob_in_top3": 0.061835209280252455,
      "score_z": -2.1048971668900625,
      "上り3F平均": 39.01,
      "Ave-3F平均": 37.62,
      "PCI平均": 46.59,
      "-3F差平均": 1.0,
      "想定脚質": "中団",
      "track_bias_aptitude_score": 80.2,
      "investment_value_score": 1,
      "total_investment_index": 26.2,
      "investment_rating": -0.5980711396783591,
      "stability_score": 45,
      "investment_mark": "××"
    }
  ]
}