{
  "horses": [
    {
      "horse_number": 9,
      "name": "テイクザクラウン",
      "popularity": 2,
      "odds": 4.1,
      "mark": "○",
      "score": 157.85,
      "track_aptitude": 2,
      "total_points": 89.96000000000001,
      "detail_points": {
        "score": 50.0,
        "bias": 10.95,
        "pace": 12.0,
        "3f": 9.0,
        "margin": 6.0,
        "track": 2.0100000000000002
      },
      "avg_margin": 0.595,
      "race_name": "小倉9R",
      "pred_prob_won": 0.25911636650562286,
      "pred_prob_in_top2": 0.1617383301258087,
      "pred_prob_in_top3": 0.5565270066261292,
      "score_z": 1.5719121340364142,
      "上り3F平均": 35.9,
      "Ave-3F平均": 37.24,
      "PCI平均": 53.91,
      "-3F差平均": 0.79,
      "想定脚質": "中団",
      "track_bias_aptitude_score": 92.0,
      "investment_value_score": 86.7,
      "total_investment_index": 87.2,
      "investment_rating": 1.1474073702096939,
      "stability_score": 75,
      "investment_mark": "◎"
    },
    {
      "horse_number": 7,
      "name": "トラストエムシー",
      "popularity": 5,
      "odds": 18.4,
      "mark": "▲",
      "score": 145.58,
      "track_aptitude": 1,
      "total_points": 85.05339879632562,
      "detail_points": {
        "score": 46.11339879632563,
        "bias": 10.95,
        "pace": 12.0,
        "3f": 9.0,
        "margin": 6.0,
        "track": 0.99
      },
      "avg_margin": 0.665,
      "race_name": "小倉9R",
      "pred_prob_won": 0.11464051753282548,
      "pred_prob_in_top2": 0.11330205202102661,
      "pred_prob_in_top3": 0.35194626450538635,
      "score_z": 0.5877261121832131,
      "上り3F平均": 35.31,
      "Ave-3F平均": 36.95,
      "PCI平均": 54.72,
      "-3F差平均": 0.3,
      "想定脚質": "先行",
      "track_bias_aptitude_score": 72.0,
      "investment_value_score": 53.3,
      "total_investment_index": 59.6,
      "investment_rating": 0.9541474431753159,
      "stability_score": 75,
      "investment_mark": "○"
    },
    {
      "horse_number": 1,
      "name": "ジョイボーイ",
      "popularity": 1,
      "odds": 1.9,
      "mark": "◎",
      "score": 156.55,
      "track_aptitude": 2,
      "total_points": 92.5482166613874,
      "detail_points": {
        "score": 49.5882166613874,
        "bias": 10.95,
        "pace": 12.0,
        "3f": 9.0,
        "margin": 9.0,
        "track": 2.0100000000000002
      },
      "avg_margin": 0.016666666666666666,
      "race_name": "小倉9R",
      "pred_prob_won": 0.24926603436470032,
      "pred_prob_in_top2": 0.1857043832540512,
      "pred_prob_in_top3": 0.5363262951374054,
      "score_z": 1.4676381463910069,
      "上り3F平均": 34.13,
      "Ave-3F平均": 38.21,
      "PCI平均": 62.07,
      "-3F差平均": 0.57,
      "想定脚質": "先行",
      "track_bias_aptitude_score": 80.0,
      "investment_value_score": 100,
      "total_investment_index": 91.4,
      "investment_rating": 0.8408157378435135,
      "stability_score": 90,
      "investment_mark": "▲"
    },
    {
      "horse_number": 10,
      "name": "ラブカ",
      "popularity": 6,
      "odds": 18.7,
      "mark": "⭐︎",
      "score": 145.41,
      "track_aptitude": 2,
      "total_points": 72.34955020589167,
      "detail_points": {
        "score": 46.05955020589167,
        "bias": 3.0,
        "pace": 8.28,
        "3f": 7.0,
        "margin": 6.0,
        "track": 2.0100000000000002
      },
      "avg_margin": 0.8833333333333334,
      "race_name": "小倉9R",
      "pred_prob_won": 0.09170960783958435,
      "pred_prob_in_top2": 0.08264825940132141,
      "pred_prob_in_top3": 0.2966509163379669,
      "score_z": 0.5740902830295815,
      "上り3F平均": 35.59,
      "Ave-3F平均": 37.24,
      "PCI平均": 54.72,
      "-3F差平均": 0.69,
      "想定脚質": "後方",
      "track_bias_aptitude_score": 23.0,
      "investment_value_score": 46.2,
      "total_investment_index": 40.6,
      "investment_rating": 0.8074173107743263,
      "stability_score": 75,
      "investment_mark": "▲"
    },
    {
      "horse_number": 4,
      "name": "シャインバオバブ",
      "popularity": 3,
      "odds": 7.5,
      "mark": "▲",
      "score": 142.06,
      "track_aptitude": 2,
      "total_points": 84.95841621792842,
      "detail_points": {
        "score": 44.998416217928416,
        "bias": 10.95,
        "pace": 12.0,
        "3f": 9.0,
        "margin": 6.0,
        "track": 2.0100000000000002
      },
      "avg_margin": 0.945,
      "race_name": "小倉9R",
      "pred_prob_won": 0.09548231214284897,
      "pred_prob_in_top2": 0.11127252578735351,
      "pred_prob_in_top3": 0.3169867813587189,
      "score_z": 0.3053842379433368,
      "上り3F平均": 35.89,
      "Ave-3F平均": 37.52,
      "PCI平均": 54.75,
      "-3F差平均": 0.82,
      "想定脚質": "中団",
      "track_bias_aptitude_score": 92.0,
      "investment_value_score": 60.2,
      "total_investment_index": 69.2,
      "investment_rating": 0.541152412891388,
      "stability_score": 75,
      "investment_mark": "△"
    },
    {
      "horse_number": 11,
      "name": "サンライズロジャー",
      "popularity": 7,
      "odds": 19.3,
      "mark": "△",
      "score": 138.21,
      "track_aptitude": 1,
      "total_points": 80.71890402280646,
      "detail_points": {
        "score": 43.778904022806465,
        "bias": 10.95,
        "pace": 12.0,
        "3f": 9.0,
        "margin": 4.0,
        "track": 0.99
      },
      "avg_margin": 1.25,
      "race_name": "小倉9R",
      "pred_prob_won": 0.04927863255143165,
      "pred_prob_in_top2": 0.09825205653905869,
      "pred_prob_in_top3": 0.21661023497581483,
      "score_z": -0.003427187006526577,
      "上り3F平均": 37.08,
      "Ave-3F平均": 37.87,
      "PCI平均": 52.3,
      "-3F差平均": 0.5,
      "想定脚質": "先行",
      "track_bias_aptitude_score": 72.0,
      "investment_value_score": 34.8,
      "total_investment_index": 47.5,
      "investment_rating": 0.45633936285972587,
      "stability_score": 60,
      "investment_mark": "☆"
    },
    {
      "horse_number": 6,
      "name": "ティータイム",
      "popularity": 8,
      "odds": 26.0,
      "mark": "△",
      "score": 132.54,
      "track_aptitude": 2,
      "total_points": 81.94289515362686,
      "detail_points": {
        "score": 41.982895153626856,
        "bias": 10.95,
        "pace": 12.0,
        "3f": 9.0,
        "margin": 6.0,
        "track": 2.0100000000000002
      },
      "avg_margin": 0.8150000000000001,
      "race_name": "小倉9R",
      "pred_prob_won": 0.03057281970977783,
      "pred_prob_in_top2": 0.05306386575102806,
      "pred_prob_in_top3": 0.15215502083301544,
      "score_z": -0.45822219465996367,
      "上り3F平均": 36.73,
      "Ave-3F平均": 37.37,
      "PCI平均": 51.74,
      "-3F差平均": 0.58,
      "想定脚質": "中団",
      "track_bias_aptitude_score": 92.0,
      "investment_value_score": 24.2,
      "total_investment_index": 46.4,
      "investment_rating": 0.116184382289648,
      "stability_score": 75,
      "investment_mark": "×"
    },
    {
      "horse_number": 8,
      "name": "ランツフート",
      "popularity": 4,
      "odds": 9.1,
      "mark": "△",
      "score": 131.09,
      "track_aptitude": 0,
      "total_points": 77.47359835286665,
      "detail_points": {
        "score": 41.52359835286665,
        "bias": 10.95,
        "pace": 12.0,
        "3f": 9.0,
        "margin": 4.0,
        "track": 0.0
      },
      "avg_margin": 1.0875,
      "race_name": "小倉9R",
      "pred_prob_won": 0.02486366294324398,
      "pred_prob_in_top2": 0.04299235045909881,
      "pred_prob_in_top3": 0.133349646627903,
      "score_z": -0.5745277962644569,
      "上り3F平均": 39.05,
      "Ave-3F平均": 38.25,
      "PCI平均": 47.98,
      "-3F差平均": 1.0,
      "想定脚質": "中団",
      "track_bias_aptitude_score": 76.0,
      "investment_value_score": 34.2,
      "total_investment_index": 47.4,
      "investment_rating": -0.09659896649420252,
      "stability_score": 60,
      "investment_mark": "××"
    },
    {
      "horse_number": 2,
      "name": "ニホンピロゴルディ",
      "popularity": 10,
      "odds": 41.0,
      "mark": "△",
      "score": 124.82,
      "track_aptitude": 1,
      "total_points": 74.4775356350966,