{
  "horses": [
    {
      "horse_number": 5,
      "name": "ジェントルバローズ",
      "popularity": 8,
      "odds": 12.8,
      "mark": "▲",
      "score": 126.56,
      "track_aptitude": 0,
      "total_points": 86.47760713763347,
      "detail_points": {
        "score": 46.27760713763347,
        "bias": 15.0,
        "pace": 10.2,
        "3f": 9.0,
        "margin": 6.0,
        "track": 0.0
      },
      "avg_margin": 0.9400000000000001,
      "race_name": "小倉4R",
      "pred_prob_won": 0.1165617659687996,
      "pred_prob_in_top2": 0.12727376967668533,
      "pred_prob_in_top3": 0.37743811011314393,
      "score_z": 0.7445974882903983,
      "上り3F平均": 38.5,
      "Ave-3F平均": 38.43,
      "PCI平均": 50.04,
      "-3F差平均": 0.57,
      "想定脚質": "先行",
      "track_bias_aptitude_score": 83.0,
      "investment_value_score": 52.0,
      "total_investment_index": 62.3,
      "investment_rating": 1.702372471690178,
      "stability_score": 75,
      "investment_mark": "◎"
    },
    {
      "horse_number": 16,
      "name": "インターアーバン",
      "popularity": 4,
      "odds": 7.2,
      "mark": "○",
      "score": 134.78,
      "track_aptitude": 2,
      "total_points": 89.49331139388622,
      "detail_points": {
        "score": 49.2833113938862,
        "bias": 15.0,
        "pace": 10.2,
        "3f": 9.0,
        "margin": 4.0,
        "track": 2.0100000000000002
      },
      "avg_margin": 1.1333333333333335,
      "race_name": "小倉4R",
      "pred_prob_won": 0.18572428524494172,
      "pred_prob_in_top2": 0.18755384981632234,
      "pred_prob_in_top3": 0.5216451525688172,
      "score_z": 1.1478649140026085,
      "上り3F平均": 40.48,
      "Ave-3F平均": 37.38,
      "PCI平均": 42.48,
      "-3F差平均": 0.44,
      "想定脚質": "先行",
      "track_bias_aptitude_score": 94.3,
      "investment_value_score": 72.8,
      "total_investment_index": 78.9,
      "investment_rating": 1.634416095018387,
      "stability_score": 60,
      "investment_mark": "○"
    },
    {
      "horse_number": 9,
      "name": "ワイドデコラシオン",
      "popularity": 5,
      "odds": 7.8,
      "mark": "▲",
      "score": 132.44,
      "track_aptitude": 0,
      "total_points": 88.62767295597483,
      "detail_points": {
        "score": 48.427672955974835,
        "bias": 15.0,
        "pace": 10.2,
        "3f": 9.0,
        "margin": 6.0,
        "track": 0.0
      },
      "avg_margin": 0.97,
      "race_name": "小倉4R",
      "pred_prob_won": 0.16472531259059905,
      "pred_prob_in_top2": 0.153237047791481,
      "pred_prob_in_top3": 0.46527268290519713,
      "score_z": 1.0330661577779645,
      "上り3F平均": 39.04,
      "Ave-3F平均": 36.51,
      "PCI平均": 43.5,
      "-3F差平均": 0.55,
      "想定脚質": "先行",
      "track_bias_aptitude_score": 83.0,
      "investment_value_score": 65.9,
      "total_investment_index": 71.2,
      "investment_rating": 1.6204634389281272,
      "stability_score": 75,
      "investment_mark": "○"
    },
    {
      "horse_number": 8,
      "name": "ケイコウギュウゴ",
      "popularity": 7,
      "odds": 11.4,
      "mark": "△",
      "score": 125.1,
      "track_aptitude": 1,
      "total_points": 71.01374725756911,
      "detail_points": {
        "score": 45.743747257569105,
        "bias": 3.0,
        "pace": 8.28,
        "3f": 9.0,
        "margin": 4.0,
        "track": 0.99
      },
      "avg_margin": 1.207142857142857,
      "race_name": "小倉4R",
      "pred_prob_won": 0.10569991022348404,
      "pred_prob_in_top2": 0.1135968655347824,
      "pred_prob_in_top3": 0.33120679259300234,
      "score_z": 0.6729709138938254,
      "上り3F平均": 37.51,
      "Ave-3F平均": 37.89,
      "PCI平均": 51.31,
      "-3F差平均": 1.01,
      "想定脚質": "後方",
      "track_bias_aptitude_score": 6.7,
      "investment_value_score": 51.8,
      "total_investment_index": 39.2,
      "investment_rating": 1.288197698891163,
      "stability_score": 60,
      "investment_mark": "▲"
    },
    {
      "horse_number": 7,
      "name": "ドウジギリ",
      "popularity": 1,
      "odds": 4.0,
      "mark": "◎",
      "score": 136.74,
      "track_aptitude": 0,
      "total_points": 90.2,
      "detail_points": {
        "score": 50.0,
        "bias": 15.0,
        "pace": 10.2,
        "3f": 9.0,
        "margin": 6.0,
        "track": 0.0
      },
      "avg_margin": 0.8071428571428572,
      "race_name": "小倉4R",
      "pred_prob_won": 0.2230076253414154,
      "pred_prob_in_top2": 0.17916768789291382,
      "pred_prob_in_top3": 0.5311793327331543,
      "score_z": 1.244021137165131,
      "上り3F平均": 38.99,
      "Ave-3F平均": 38.24,
      "PCI平均": 48.17,
      "-3F差平均": 0.35,
      "想定脚質": "先行",
      "track_bias_aptitude_score": 83.0,
      "investment_value_score": 100,
      "total_investment_index": 92.0,
      "investment_rating": 0.9451534986495972,
      "stability_score": 75,
      "investment_mark": "△"
    },
    {
      "horse_number": 14,
      "name": "チャチャピンク",
      "popularity": 2,
      "odds": 6.6,
      "mark": "△",
      "score": 126.71,
      "track_aptitude": 0,
      "total_points": 84.5324557554483,
      "detail_points": {
        "score": 46.332455755448294,
        "bias": 15.0,
        "pace": 10.2,
        "3f": 9.0,
        "margin": 4.0,
        "track": 0.0
      },
      "avg_margin": 1.1099999999999999,
      "race_name": "小倉4R",
      "pred_prob_won": 0.1060234010219574,
      "pred_prob_in_top2": 0.12377756834030151,
      "pred_prob_in_top3": 0.34916566014289857,
      "score_z": 0.7519563829201827,
      "上り3F平均": 38.48,
      "Ave-3F平均": 38.25,
      "PCI平均": 49.44,
      "-3F差平均": 0.3,
      "想定脚質": "先行",
      "track_bias_aptitude_score": 83.0,
      "investment_value_score": 76.3,
      "total_investment_index": 76.9,
      "investment_rating": 0.6776638484001161,
      "stability_score": 60,
      "investment_mark": "△"
    },
    {
      "horse_number": 11,
      "name": "シャドーストライク",
      "popularity": 10,
      "odds": 33.1,
      "mark": "△",
      "score": 114.52,
      "track_aptitude": 2,
      "total_points": 72.13509141436302,
      "detail_points": {
        "score": 41.87509141436302,
        "bias": 7.05,
        "pace": 10.2,
        "3f": 9.0,
        "margin": 2.0,
        "track": 2.0100000000000002
      },
      "avg_margin": 2.2,
      "race_name": "小倉4R",
      "pred_prob_won": 0.04480112120509148,
      "pred_prob_in_top2": 0.059846530854702,
      "pred_prob_in_top3": 0.16961399912834169,
      "score_z": 0.15392354600633343,
      "上り3F平均": 39.58,
      "Ave-3F平均": 38.32,
      "PCI平均": 46.89,
      "-3F差平均": 0.74,
      "想定脚質": "中団",
      "track_bias_aptitude_score": 43.6,
      "investment_value_score": 31.6,
      "total_investment_index": 37.3,
      "investment_rating": 0.5212207937240602,
      "stability_score": 45,
      "investment_mark": "☆"
    },
    {
      "horse_number": 13,
      "name": "アルデフォックス",
      "popularity": 3,
      "odds": 7.0,
      "mark": "⭐︎",
      "score": 121.07,
      "track_aptitude": 2,
      "total_points": 70.53014772561065,
      "detail_points": {
        "score": 44.27014772561064,
        "bias": 7.05,
        "pace": 10.2,
        "3f": 5.0,
        "margin": 2.0,
        "track": 2.0100000000000002
      },
      "avg_margin": 2.29,
      "race_name": "小倉4R",
      "pred_prob_won": 0.06612571105360984,
      "pred_prob_in_top2": 0.07528191953897476,
      "pred_prob_in_top3": 0.22483500838279724,
      "score_z": 0.47526194484027207,
      "上り3F平均": 39.26,
      "Ave-3F平均": 37.29,
      "PCI平均": 45.12,
      "-3F差平均": 0.53,
      "想定脚質": "逃げ",
      "track_bias_aptitude_score": 43.2,
      "investment_value_score": 59.4,
      "total_investment_index": 54.4,
      "investment_rating": 0.40319727808237077,
      "stability_score": 45,
      "investment_mark": "☆"
    },
    {
      "horse_number": 2,
      "name": "メイショウタビズキ",
      "popularity": 14,
      "odds": 57.8,
      "mark": "△",
      "score": 104.94,
      "track_aptitude": 0,
      "total_points": 76.5720930232558,