{
  "horses": [
    {
      "horse_number": 1,
      "name": "ウチナータイム",
      "popularity": 5,
      "odds": 11.8,
      "mark": "▲",
      "score": 127.18,
      "track_aptitude": 0,
      "total_points": 83.73216175922475,
      "detail_points": {
        "score": 47.40216175922475,
        "bias": 13.05,
        "pace": 8.28,
        "3f": 9.0,
        "margin": 6.0,
        "track": 0.0
      },
      "avg_margin": 1.0,
      "race_name": "小倉7R",
      "pred_prob_won": 0.1448976218700409,
      "pred_prob_in_top2": 0.13765013515949248,
      "pred_prob_in_top3": 0.4107771873474121,
      "score_z": 0.9446748043213444,
      "上り3F平均": 36.0,
      "Ave-3F平均": 35.7,
      "PCI平均": 49.2,
      "-3F差平均": 0.8,
      "想定脚質": "中団",
      "track_bias_aptitude_score": 79.6,
      "investment_value_score": 61.1,
      "total_investment_index": 67.1,
      "investment_rating": 1.3779584836959837,
      "stability_score": 75,
      "investment_mark": "◎"
    },
    {
      "horse_number": 4,
      "name": "ジェルブロア",
      "popularity": 3,
      "odds": 5.4,
      "mark": "▲",
      "score": 130.79,
      "track_aptitude": 3,
      "total_points": 86.07767051807677,
      "detail_points": {
        "score": 48.747670518076774,
        "bias": 13.05,
        "pace": 8.28,
        "3f": 7.0,
        "margin": 6.0,
        "track": 3.0
      },
      "avg_margin": 0.6,
      "race_name": "小倉7R",
      "pred_prob_won": 0.17773100435733796,
      "pred_prob_in_top2": 0.16423134207725526,
      "pred_prob_in_top3": 0.4986044645309448,
      "score_z": 1.183803635496735,
      "上り3F平均": 34.7,
      "Ave-3F平均": 36.42,
      "PCI平均": 55.0,
      "-3F差平均": 1.1,
      "想定脚質": "中団",
      "track_bias_aptitude_score": 100,
      "investment_value_score": 75.5,
      "total_investment_index": 82.3,
      "investment_rating": 1.3203249561786652,
      "stability_score": 75,
      "investment_mark": "○"
    },
    {
      "horse_number": 10,
      "name": "エルオンセ",
      "popularity": 2,
      "odds": 5.3,
      "mark": "○",
      "score": 132.97,
      "track_aptitude": 0,
      "total_points": 87.510193812896,
      "detail_points": {
        "score": 49.56019381289601,
        "bias": 10.95,
        "pace": 12.0,
        "3f": 9.0,
        "margin": 6.0,
        "track": 0.0
      },
      "avg_margin": 0.7,
      "race_name": "小倉7R",
      "pred_prob_won": 0.2139457255601883,
      "pred_prob_in_top2": 0.175398850440979,
      "pred_prob_in_top3": 0.5214982032775879,
      "score_z": 1.3282083036303514,
      "上り3F平均": 36.25,
      "Ave-3F平均": 35.89,
      "PCI平均": 49.05,
      "-3F差平均": 0.65,
      "想定脚質": "先行",
      "track_bias_aptitude_score": 53.2,
      "investment_value_score": 84.9,
      "total_investment_index": 74.1,
      "investment_rating": 1.1601949691772462,
      "stability_score": 75,
      "investment_mark": "▲"
    },
    {
      "horse_number": 6,
      "name": "ダノンブランニュー",
      "popularity": 4,
      "odds": 6.6,
      "mark": "△",
      "score": 125.99,
      "track_aptitude": 0,
      "total_points": 83.28862840104361,
      "detail_points": {
        "score": 46.958628401043605,
        "bias": 13.05,
        "pace": 8.28,
        "3f": 9.0,
        "margin": 6.0,
        "track": 0.0
      },
      "avg_margin": 0.7583333333333333,
      "race_name": "小倉7R",
      "pred_prob_won": 0.12458274364471436,
      "pred_prob_in_top2": 0.12912201285362243,
      "pred_prob_in_top3": 0.3656465470790863,
      "score_z": 0.8658484029089569,
      "上り3F平均": 36.95,
      "Ave-3F平均": 35.34,
      "PCI平均": 45.87,
      "-3F差平均": 0.5,
      "想定脚質": "中団",
      "track_bias_aptitude_score": 79.6,
      "investment_value_score": 62.7,
      "total_investment_index": 67.9,
      "investment_rating": 1.0260215336084366,
      "stability_score": 75,
      "investment_mark": "▲"
    },
    {
      "horse_number": 11,
      "name": "エンスエーニョ",
      "popularity": 1,
      "odds": 2.8,
      "mark": "◎",
      "score": 134.15,
      "track_aptitude": 1,
      "total_points": 90.94,
      "detail_points": {
        "score": 50.0,
        "bias": 10.95,
        "pace": 12.0,
        "3f": 9.0,
        "margin": 8.0,
        "track": 0.99
      },
      "avg_margin": 0.39,
      "race_name": "小倉7R",
      "pred_prob_won": 0.23074979186058045,
      "pred_prob_in_top2": 0.19906240403652192,
      "pred_prob_in_top3": 0.5571309924125671,
      "score_z": 1.4063722983081806,
      "上り3F平均": 35.46,
      "Ave-3F平均": 37.35,
      "PCI平均": 55.46,
      "-3F差平均": 0.45,
      "想定脚質": "先行",
      "track_bias_aptitude_score": 60.0,
      "investment_value_score": 100,
      "total_investment_index": 85.3,
      "investment_rating": 1.003544732928276,
      "stability_score": 90,
      "investment_mark": "△"
    },
    {
      "horse_number": 5,
      "name": "スピードイエロー",
      "popularity": 6,
      "odds": 13.6,
      "mark": "△",
      "score": 120.43,
      "track_aptitude": 2,
      "total_points": 79.22632128214686,
      "detail_points": {
        "score": 44.88632128214685,
        "bias": 13.05,
        "pace": 8.28,
        "3f": 7.0,
        "margin": 4.0,
        "track": 2.0100000000000002
      },
      "avg_margin": 1.35,
      "race_name": "小倉7R",
      "pred_prob_won": 0.08347648829221725,
      "pred_prob_in_top2": 0.08160784095525742,
      "pred_prob_in_top3": 0.2601849675178528,
      "score_z": 0.49755025849478135,
      "上り3F平均": 36.03,
      "Ave-3F平均": 36.42,
      "PCI平均": 51.2,
      "-3F差平均": 1.5,
      "想定脚質": "中団",
      "track_bias_aptitude_score": 93.2,
      "investment_value_score": 47.4,
      "total_investment_index": 62.2,
      "investment_rating": 0.8009248375892639,
      "stability_score": 60,
      "investment_mark": "△"
    },
    {
      "horse_number": 16,
      "name": "フェブルアーリア",
      "popularity": 11,
      "odds": 54.6,
      "mark": "△",
      "score": 113.67,
      "track_aptitude": 2,
      "total_points": 78.70675363399181,
      "detail_points": {
        "score": 42.3667536339918,
        "bias": 13.05,
        "pace": 8.28,
        "3f": 9.0,
        "margin": 4.0,
        "track": 2.0100000000000002
      },
      "avg_margin": 1.5333333333333332,
      "race_name": "小倉7R",
      "pred_prob_won": 0.03683202229440212,
      "pred_prob_in_top2": 0.0601151667535305,
      "pred_prob_in_top3": 0.16232550740242005,
      "score_z": 0.049763305933660004,
      "上り3F平均": 36.73,
      "Ave-3F平均": 36.47,
      "PCI平均": 49.47,
      "-3F差平均": 0.53,
      "想定脚質": "中団",
      "track_bias_aptitude_score": 93.2,
      "investment_value_score": 26.6,
      "total_investment_index": 49.0,
      "investment_rating": 0.5080226823687553,
      "stability_score": 60,
      "investment_mark": "☆"
    },
    {
      "horse_number": 8,
      "name": "キャスパインパクト",
      "popularity": 7,
      "odds": 16.3,
      "mark": "△",
      "score": 115.22,
      "track_aptitude": 2,
      "total_points": 81.28446515095044,
      "detail_points": {
        "score": 42.94446515095043,
        "bias": 13.05,
        "pace": 8.28,
        "3f": 9.0,
        "margin": 6.0,
        "track": 2.0100000000000002
      },
      "avg_margin": 0.9714285714285714,
      "race_name": "小倉7R",
      "pred_prob_won": 0.04698015302419663,
      "pred_prob_in_top2": 0.059895696491003035,
      "pred_prob_in_top3": 0.17064404487609863,
      "score_z": 0.15243634979012988,
      "上り3F平均": 35.67,
      "Ave-3F平均": 36.51,
      "PCI平均": 52.57,
      "-3F差平均": 0.83,
      "想定脚質": "中団",
      "track_bias_aptitude_score": 93.2,
      "investment_value_score": 35.8,
      "total_investment_index": 54.7,
      "investment_rating": 0.3970744490623474,
      "stability_score": 75,
      "investment_mark": "☆"
    },
    {
      "horse_number": 14,
      "name": "ショウナンアイバ",
      "popularity": 12,
      "odds": 63.1,
      "mark": "消",
      "score": 113.21,
      "track_aptitude": 2,
      "total_points": 66.48530376444279,
      "detail_points": {
        "score": 42.195303764442784,