{
  "horses": [
    {
      "horse_number": 11,
      "name": "アポロマインド",
      "popularity": 12,
      "odds": 44.2,
      "mark": "△",
      "score": 54.09,
      "track_aptitude": 0,
      "total_points": 72.21862199747156,
      "detail_points": {
        "score": 42.738621997471554,
        "bias": 9.0,
        "pace": 6.48,
        "3f": 4.0,
        "margin": 10.0,
        "track": 0.0
      },
      "avg_margin": 0.0,
      "race_name": "小倉5R",
      "pred_prob_won": 0.10439663380384445,
      "pred_prob_in_top2": 0.09823577255010604,
      "pred_prob_in_top3": 0.29416073560714723,
      "score_z": 0.676946481668643,
      "上り3F平均": 0,
      "Ave-3F平均": 0,
      "PCI平均": 0,
      "-3F差平均": 0,
      "想定脚質": "不明",
      "track_bias_aptitude_score": null,
      "investment_value_score": 31.8,
      "total_investment_index": null,
      "investment_rating": 1.6768260687589644,
      "stability_score": 90,
      "investment_mark": "◎"
    },
    {
      "horse_number": 9,
      "name": "ヴィジュイイジャン",
      "popularity": 7,
      "odds": 12.5,
      "mark": "▲",
      "score": 54.59,
      "track_aptitude": 0,
      "total_points": 72.61369152970923,
      "detail_points": {
        "score": 43.133691529709225,
        "bias": 9.0,
        "pace": 6.48,
        "3f": 4.0,
        "margin": 10.0,
        "track": 0.0
      },
      "avg_margin": 0.0,
      "race_name": "小倉5R",
      "pred_prob_won": 0.11646053045988083,
      "pred_prob_in_top2": 0.115549935400486,
      "pred_prob_in_top3": 0.35642067790031434,
      "score_z": 0.7479577749450032,
      "上り3F平均": 0,
      "Ave-3F平均": 0,
      "PCI平均": 0,
      "-3F差平均": 0,
      "想定脚質": "不明",
      "track_bias_aptitude_score": null,
      "investment_value_score": 46.3,
      "total_investment_index": null,
      "investment_rating": 1.460313728451729,
      "stability_score": 90,
      "investment_mark": "○"
    },
    {
      "horse_number": 2,
      "name": "サツマフジ",
      "popularity": 5,
      "odds": 8.0,
      "mark": "▲",
      "score": 58.83,
      "track_aptitude": 0,
      "total_points": 75.96388116308471,
      "detail_points": {
        "score": 46.4838811630847,
        "bias": 9.0,
        "pace": 6.48,
        "3f": 4.0,
        "margin": 10.0,
        "track": 0.0
      },
      "avg_margin": 0.0,
      "race_name": "小倉5R",
      "pred_prob_won": 0.1502305805683136,
      "pred_prob_in_top2": 0.13037906885147094,
      "pred_prob_in_top3": 0.4022976815700531,
      "score_z": 1.3501335419285359,
      "上り3F平均": 0,
      "Ave-3F平均": 0,
      "PCI平均": 0,
      "-3F差平均": 0,
      "想定脚質": "不明",
      "track_bias_aptitude_score": null,
      "investment_value_score": 58.2,
      "total_investment_index": null,
      "investment_rating": 1.3701097989082336,
      "stability_score": 90,
      "investment_mark": "▲"
    },
    {
      "horse_number": 3,
      "name": "ダイラントウ",
      "popularity": 10,
      "odds": 36.3,
      "mark": "△",
      "score": 53.44,
      "track_aptitude": 0,
      "total_points": 71.70503160556258,
      "detail_points": {
        "score": 42.22503160556258,
        "bias": 9.0,
        "pace": 6.48,
        "3f": 4.0,
        "margin": 10.0,
        "track": 0.0
      },
      "avg_margin": 0.0,
      "race_name": "小倉5R",
      "pred_prob_won": 0.06961382105946541,
      "pred_prob_in_top2": 0.10113698840141297,
      "pred_prob_in_top3": 0.27846320867538454,
      "score_z": 0.5846318004093741,
      "上り3F平均": 0,
      "Ave-3F平均": 0,
      "PCI平均": 0,
      "-3F差平均": 0,
      "想定脚質": "不明",
      "track_bias_aptitude_score": null,
      "investment_value_score": 33.9,
      "total_investment_index": null,
      "investment_rating": 1.3410119420289994,
      "stability_score": 90,
      "investment_mark": "▲"
    },
    {
      "horse_number": 14,
      "name": "コウユーネロガ",
      "popularity": 4,
      "odds": 7.8,
      "mark": "○",
      "score": 60.48,
      "track_aptitude": 0,
      "total_points": 77.26761061946902,
      "detail_points": {
        "score": 47.78761061946902,
        "bias": 9.0,
        "pace": 6.48,
        "3f": 4.0,
        "margin": 10.0,
        "track": 0.0
      },
      "avg_margin": 0.0,
      "race_name": "小倉5R",
      "pred_prob_won": 0.17978045642375945,
      "pred_prob_in_top2": 0.13898855447769165,
      "pred_prob_in_top3": 0.43359885215759275,
      "score_z": 1.584470809740524,
      "上り3F平均": 0,
      "Ave-3F平均": 0,
      "PCI平均": 0,
      "-3F差平均": 0,
      "想定脚質": "不明",
      "track_bias_aptitude_score": null,
      "investment_value_score": 65.4,
      "total_investment_index": null,
      "investment_rating": 1.319355580806732,
      "stability_score": 90,
      "investment_mark": "△"
    },
    {
      "horse_number": 7,
      "name": "テーオールーラー",
      "popularity": 13,
      "odds": 45.5,
      "mark": "△",
      "score": 50.83,
      "track_aptitude": 0,
      "total_points": 69.64276864728193,
      "detail_points": {
        "score": 40.16276864728192,
        "bias": 9.0,
        "pace": 6.48,
        "3f": 4.0,
        "margin": 10.0,
        "track": 0.0
      },
      "avg_margin": 0.0,
      "race_name": "小倉5R",
      "pred_prob_won": 0.06507170498371125,
      "pred_prob_in_top2": 0.0737791508436203,
      "pred_prob_in_top3": 0.22485365867614746,
      "score_z": 0.2139528495067745,
      "上り3F平均": 0,
      "Ave-3F平均": 0,
      "PCI平均": 0,
      "-3F差平均": 0,
      "想定脚質": "不明",
      "track_bias_aptitude_score": null,
      "investment_value_score": 23.5,
      "total_investment_index": null,
      "investment_rating": 1.1787121963500975,
      "stability_score": 90,
      "investment_mark": "△"
    },
    {
      "horse_number": 10,
      "name": "アンヘリータス",
      "popularity": 1,
      "odds": 3.5,
      "mark": "◎",
      "score": 63.28,
      "track_aptitude": 0,
      "total_points": 79.48,
      "detail_points": {
        "score": 50.0,
        "bias": 9.0,
        "pace": 6.48,
        "3f": 4.0,
        "margin": 10.0,
        "track": 0.0
      },
      "avg_margin": 0.0,
      "race_name": "小倉5R",
      "pred_prob_won": 0.21073744893074037,
      "pred_prob_in_top2": 0.15763261914253235,
      "pred_prob_in_top3": 0.5124677002429963,
      "score_z": 1.9821340520881412,
      "上り3F平均": 0,
      "Ave-3F平均": 0,
      "PCI平均": 0,
      "-3F差平均": 0,
      "想定脚質": "不明",
      "track_bias_aptitude_score": null,
      "investment_value_score": 100,
      "total_investment_index": null,
      "investment_rating": 0.9274289405345918,
      "stability_score": 90,
      "investment_mark": "☆"
    },
    {
      "horse_number": 15,
      "name": "カシノフレックス",
      "popularity": 6,
      "odds": 11.7,
      "mark": "△",
      "score": 49.09,
      "track_aptitude": 0,
      "total_points": 68.26792667509481,
      "detail_points": {
        "score": 38.787926675094816,
        "bias": 9.0,
        "pace": 6.48,
        "3f": 4.0,
        "margin": 10.0,
        "track": 0.0
      },
      "avg_margin": 0.0,
      "race_name": "小倉5R",
      "pred_prob_won": 0.06040139049291611,
      "pred_prob_in_top2": 0.05798061713576317,
      "pred_prob_in_top3": 0.21695818305015563,
      "score_z": -0.033166451094957874,
      "上り3F平均": 0,
      "Ave-3F平均": 0,
      "PCI平均": 0,
      "-3F差平均": 0,
      "想定脚質": "不明",
      "track_bias_aptitude_score": null,
      "investment_value_score": 36.5,
      "total_investment_index": null,
      "investment_rating": 0.6239430060982705,
      "stability_score": 90,
      "investment_mark": "☆"
    },
    {
      "horse_number": 8,
      "name": "ニシノメイホウ",
      "popularity": 3,
      "odds": 7.0,
      "mark": "⭐︎",
      "score": 48.3,
      "track_aptitude": 0,
      "total_points": 67.64371681415929,
      "detail_points": {
        "score": 38.16371681415929,
        "bias": 9.0,
        "pace": 6.48,
        "3f": 4.0,
        "margin": 10.0,
        "track": 0.0
      },
      "avg_margin": 0.0,
      "race_name": "小倉5R",
      "pred_prob_won": 0.03645671010017395,