{
  "horses": [
    {
      "horse_number": 2,
      "name": "ヤマニンシュラ",
      "popularity": 3,
      "odds": 4.1,
      "mark": "◎",
      "score": 106.28,
      "track_aptitude": 2,
      "total_points": 96.00529588860665,
      "detail_points": {
        "score": 49.99529588860664,
        "bias": 15.0,
        "pace": 12.0,
        "3f": 9.0,
        "margin": 8.0,
        "track": 2.0100000000000002
      },
      "avg_margin": 0.45,
      "race_name": "小倉8R",
      "pred_prob_won": 0.18735025227069854,
      "pred_prob_in_top2": 0.15563396811485292,
      "pred_prob_in_top3": 0.4719288766384125,
      "score_z": 1.397571091717253,
      "上り3F平均": 37.03,
      "Ave-3F平均": 35.71,
      "PCI平均": 46.53,
      "-3F差平均": 0.43,
      "想定脚質": "先行",
      "track_bias_aptitude_score": 94.0,
      "investment_value_score": 80.7,
      "total_investment_index": 84.0,
      "investment_rating": 1.1781546244025232,
      "stability_score": 90,
      "investment_mark": "◎"
    },
    {
      "horse_number": 14,
      "name": "イマージョン",
      "popularity": 6,
      "odds": 14.2,
      "mark": "▲",
      "score": 97.94,
      "track_aptitude": 0,
      "total_points": 88.07206698654625,
      "detail_points": {
        "score": 46.07206698654624,
        "bias": 15.0,
        "pace": 12.0,
        "3f": 9.0,
        "margin": 6.0,
        "track": 0.0
      },
      "avg_margin": 0.61,
      "race_name": "小倉8R",
      "pred_prob_won": 0.08455528616905213,
      "pred_prob_in_top2": 0.09072248637676239,
      "pred_prob_in_top3": 0.2582407593727112,
      "score_z": 0.5223745206853055,
      "上り3F平均": 37.44,
      "Ave-3F平均": 35.57,
      "PCI平均": 45.06,
      "-3F差平均": 0.6,
      "想定脚質": "先行",
      "track_bias_aptitude_score": 82.0,
      "investment_value_score": 49.6,
      "total_investment_index": 60.2,
      "investment_rating": 0.717027872800827,
      "stability_score": 75,
      "investment_mark": "○"
    },
    {
      "horse_number": 1,
      "name": "フィドルファドル",
      "popularity": 2,
      "odds": 3.8,
      "mark": "○",
      "score": 101.94,
      "track_aptitude": 2,
      "total_points": 89.96371154388936,
      "detail_points": {
        "score": 47.953711543889355,
        "bias": 15.0,
        "pace": 12.0,
        "3f": 9.0,
        "margin": 4.0,
        "track": 2.0100000000000002
      },
      "avg_margin": 1.1714285714285713,
      "race_name": "小倉8R",
      "pred_prob_won": 0.1260601133108139,
      "pred_prob_in_top2": 0.11802588701248169,
      "pred_prob_in_top3": 0.3733933329582214,
      "score_z": 0.9421330679428341,
      "上り3F平均": 37.4,
      "Ave-3F平均": 36.15,
      "PCI平均": 46.86,
      "-3F差平均": 0.45,
      "想定脚質": "先行",
      "track_bias_aptitude_score": 94.0,
      "investment_value_score": 81.8,
      "total_investment_index": 83.9,
      "investment_rating": 0.6828406655788422,
      "stability_score": 60,
      "investment_mark": "△"
    },
    {
      "horse_number": 13,
      "name": "ディーエスショウマ",
      "popularity": 4,
      "odds": 9.1,
      "mark": "⭐︎",
      "score": 103.01,
      "track_aptitude": 0,
      "total_points": 78.73705146297864,
      "detail_points": {
        "score": 48.45705146297865,
        "bias": 9.0,
        "pace": 8.28,
        "3f": 7.0,
        "margin": 6.0,
        "track": 0.0
      },
      "avg_margin": 0.6666666666666666,
      "race_name": "小倉8R",
      "pred_prob_won": 0.09240867048501969,
      "pred_prob_in_top2": 0.0831116184592247,
      "pred_prob_in_top3": 0.27636743783950807,
      "score_z": 1.0544184793342237,
      "上り3F平均": 37.93,
      "Ave-3F平均": 35.32,
      "PCI平均": 43.17,
      "-3F差平均": 0.3,
      "想定脚質": "逃げ",
      "track_bias_aptitude_score": 44.4,
      "investment_value_score": 61.6,
      "total_investment_index": 57.0,
      "investment_rating": 0.6054697513580323,
      "stability_score": 75,
      "investment_mark": "△"
    },
    {
      "horse_number": 12,
      "name": "スノーサイレンス",
      "popularity": 1,
      "odds": 2.9,
      "mark": "△",
      "score": 106.29,
      "track_aptitude": 0,
      "total_points": 84.28,
      "detail_points": {
        "score": 50.0,
        "bias": 9.0,
        "pace": 8.28,
        "3f": 9.0,
        "margin": 8.0,
        "track": 0.0
      },
      "avg_margin": 0.45,
      "race_name": "小倉8R",
      "pred_prob_won": 0.1566310167312622,
      "pred_prob_in_top2": 0.13084353655576705,
      "pred_prob_in_top3": 0.3889046847820282,
      "score_z": 1.3986204880853974,
      "上り3F平均": 38.65,
      "Ave-3F平均": 35.4,
      "PCI平均": 41.65,
      "-3F差平均": 0,
      "想定脚質": "逃げ",
      "track_bias_aptitude_score": 44.4,
      "investment_value_score": 100,
      "total_investment_index": 80.7,
      "investment_rating": 0.5639260092377664,
      "stability_score": 90,
      "investment_mark": "△"
    },
    {
      "horse_number": 8,
      "name": "ロードヴァルカン",
      "popularity": 8,
      "odds": 35.1,
      "mark": "▲",
      "score": 94.6,
      "track_aptitude": 0,
      "total_points": 86.50089378116473,
      "detail_points": {
        "score": 44.500893781164734,
        "bias": 15.0,
        "pace": 12.0,
        "3f": 9.0,
        "margin": 6.0,
        "track": 0.0
      },
      "avg_margin": 0.8428571428571429,
      "race_name": "小倉8R",
      "pred_prob_won": 0.05941146537661553,
      "pred_prob_in_top2": 0.06926124393939972,
      "pred_prob_in_top3": 0.19201846718788146,
      "score_z": 0.17187613372526875,
      "上り3F平均": 36.81,
      "Ave-3F平均": 36.36,
      "PCI平均": 49.01,
      "-3F差平均": 0.72,
      "想定脚質": "先行",
      "track_bias_aptitude_score": 82.0,
      "investment_value_score": 36.6,
      "total_investment_index": 51.8,
      "investment_rating": 0.4905144965648651,
      "stability_score": 75,
      "investment_mark": "☆"
    },
    {
      "horse_number": 7,
      "name": "フォティック",
      "popularity": 9,
      "odds": 41.0,
      "mark": "△",
      "score": 92.64,
      "track_aptitude": 0,
      "total_points": 85.57888794806661,
      "detail_points": {
        "score": 43.57888794806661,
        "bias": 15.0,
        "pace": 12.0,
        "3f": 9.0,
        "margin": 6.0,
        "track": 0.0
      },
      "avg_margin": 0.5900000000000001,
      "race_name": "小倉8R",
      "pred_prob_won": 0.033084636926651,
      "pred_prob_in_top2": 0.05395988672971726,
      "pred_prob_in_top3": 0.14377667903900146,
      "score_z": -0.03380555443091961,
      "上り3F平均": 37.75,
      "Ave-3F平均": 35.79,
      "PCI平均": 44.87,
      "-3F差平均": 0.85,
      "想定脚質": "先行",
      "track_bias_aptitude_score": 82.0,
      "investment_value_score": 28.0,
      "total_investment_index": 46.3,
      "investment_rating": 0.22049258351325984,
      "stability_score": 75,
      "investment_mark": "☆"
    },
    {
      "horse_number": 6,
      "name": "トモジャアルマンド",
      "popularity": 10,
      "odds": 93.3,
      "mark": "△",
      "score": 89.72,
      "track_aptitude": 0,
      "total_points": 84.20528742120614,
      "detail_points": {
        "score": 42.20528742120614,
        "bias": 15.0,
        "pace": 12.0,
        "3f": 9.0,
        "margin": 6.0,
        "track": 0.0
      },
      "avg_margin": 0.685,
      "race_name": "小倉8R",
      "pred_prob_won": 0.031934157758951184,
      "pred_prob_in_top2": 0.04354730248451233,
      "pred_prob_in_top3": 0.11830961555242539,
      "score_z": -0.34022929392891565,
      "上り3F平均": 37.73,
      "Ave-3F平均": 35.13,
      "PCI平均": 43.17,
      "-3F差平均": 0.41,
      "想定脚質": "先行",
      "track_bias_aptitude_score": 82.0,
      "investment_value_score": 21.4,
      "total_investment_index": 41.9,
      "investment_rating": 0.06366019353270524,
      "stability_score": 75,
      "investment_mark": "×"
    },
    {
      "horse_number": 3,
      "name": "シュークリーム",
      "popularity": 7,
      "odds": 22.3,
      "mark": "×",
      "score": 91.97,
      "track_aptitude": 1,
      "total_points": 70.53371248471163,
      "detail_points": {
        "score": 43.26371248471163,