{
  "horses": [
    {
      "horse_number": 7,
      "name": "ルクスコロン",
      "popularity": 3,
      "odds": 6.0,
      "mark": "○",
      "score": 114.6,
      "track_aptitude": 0,
      "total_points": 80.26005446166737,
      "detail_points": {
        "score": 48.010054461667366,
        "bias": 7.05,
        "pace": 10.2,
        "3f": 9.0,
        "margin": 6.0,
        "track": 0.0
      },
      "avg_margin": 0.5900000000000001,
      "race_name": "小倉6R",
      "pred_prob_won": 0.1931106388568878,
      "pred_prob_in_top2": 0.15977321565151215,
      "pred_prob_in_top3": 0.48033376336097716,
      "score_z": 1.3877667155426303,
      "上り3F平均": 35.36,
      "Ave-3F平均": 35.72,
      "PCI平均": 51.1,
      "-3F差平均": 0.55,
      "想定脚質": "中団",
      "track_bias_aptitude_score": 35.0,
      "investment_value_score": 77.1,
      "total_investment_index": 64.1,
      "investment_rating": 1.3110847309231757,
      "stability_score": 75,
      "investment_mark": "◎"
    },
    {
      "horse_number": 14,
      "name": "コンヴェックス",
      "popularity": 12,
      "odds": 95.2,
      "mark": "△",
      "score": 99.91,
      "track_aptitude": 0,
      "total_points": 67.10588604943443,
      "detail_points": {
        "score": 41.85588604943444,
        "bias": 7.05,
        "pace": 10.2,
        "3f": 4.0,
        "margin": 4.0,
        "track": 0.0
      },
      "avg_margin": 1.3,
      "race_name": "小倉6R",
      "pred_prob_won": 0.07330278754234314,
      "pred_prob_in_top2": 0.07925860434770585,
      "pred_prob_in_top3": 0.23810434937477112,
      "score_z": 0.6144683467908502,
      "上り3F平均": 35.35,
      "Ave-3F平均": 36.64,
      "PCI平均": 53.65,
      "-3F差平均": 1.2,
      "想定脚質": "逃げ",
      "track_bias_aptitude_score": 35.0,
      "investment_value_score": 36.5,
      "total_investment_index": 38.4,
      "investment_rating": 1.252455664873123,
      "stability_score": 60,
      "investment_mark": "○"
    },
    {
      "horse_number": 2,
      "name": "ヴァイスクレー",
      "popularity": 2,
      "odds": 4.5,
      "mark": "◎",
      "score": 111.36,
      "track_aptitude": 0,
      "total_points": 86.8527021365731,
      "detail_points": {
        "score": 46.652702136573104,
        "bias": 15.0,
        "pace": 10.2,
        "3f": 9.0,
        "margin": 6.0,
        "track": 0.0
      },
      "avg_margin": 0.8083333333333332,
      "race_name": "小倉6R",
      "pred_prob_won": 0.17332300841808318,
      "pred_prob_in_top2": 0.15427152216434478,
      "pred_prob_in_top3": 0.4723377227783203,
      "score_z": 1.2172094170568737,
      "上り3F平均": 35.12,
      "Ave-3F平均": 37.0,
      "PCI平均": 55.48,
      "-3F差平均": 0.64,
      "想定脚質": "先行",
      "track_bias_aptitude_score": 81.7,
      "investment_value_score": 83.4,
      "total_investment_index": 81.6,
      "investment_rating": 1.0753118515014648,
      "stability_score": 75,
      "investment_mark": "▲"
    },
    {
      "horse_number": 8,
      "name": "ニホンピロマーベル",
      "popularity": 6,
      "odds": 20.9,
      "mark": "▲",
      "score": 100.32,
      "track_aptitude": 0,
      "total_points": 72.27764976958525,
      "detail_points": {
        "score": 42.02764976958525,
        "bias": 7.05,
        "pace": 10.2,
        "3f": 9.0,
        "margin": 4.0,
        "track": 0.0
      },
      "avg_margin": 1.78125,
      "race_name": "小倉6R",
      "pred_prob_won": 0.0878779336810112,
      "pred_prob_in_top2": 0.09768271148204803,
      "pred_prob_in_top3": 0.2793006360530853,
      "score_z": 0.6360512148091094,
      "上り3F平均": 38.13,
      "Ave-3F平均": 36.62,
      "PCI平均": 46.53,
      "-3F差平均": 1.0,
      "想定脚質": "中団",
      "track_bias_aptitude_score": 35.0,
      "investment_value_score": 51.5,
      "total_investment_index": 47.5,
      "investment_rating": 0.9685731166601181,
      "stability_score": 60,
      "investment_mark": "▲"
    },
    {
      "horse_number": 10,
      "name": "パープルパライソ",
      "popularity": 1,
      "odds": 2.3,
      "mark": "▲",
      "score": 119.35,
      "track_aptitude": 0,
      "total_points": 74.28,
      "detail_points": {
        "score": 50.0,
        "bias": 3.0,
        "pace": 8.28,
        "3f": 7.0,
        "margin": 6.0,
        "track": 0.0
      },
      "avg_margin": 0.7571428571428571,
      "race_name": "小倉6R",
      "pred_prob_won": 0.23443022966384888,
      "pred_prob_in_top2": 0.15084722638130188,
      "pred_prob_in_top3": 0.5113340377807617,
      "score_z": 1.6378121377053911,
      "上り3F平均": 35.5,
      "Ave-3F平均": 35.83,
      "PCI平均": 51.03,
      "-3F差平均": 0.96,
      "想定脚質": "後方",
      "track_bias_aptitude_score": 1,
      "investment_value_score": 100,
      "total_investment_index": 68.0,
      "investment_rating": 0.9493681812286376,
      "stability_score": 75,
      "investment_mark": "△"
    },
    {
      "horse_number": 16,
      "name": "ナリタボニー",
      "popularity": 7,
      "odds": 23.0,
      "mark": "△",
      "score": 100.61,
      "track_aptitude": 2,
      "total_points": 68.43914118139925,
      "detail_points": {
        "score": 42.149141181399244,
        "bias": 3.0,
        "pace": 8.28,
        "3f": 9.0,
        "margin": 4.0,
        "track": 2.0100000000000002
      },
      "avg_margin": 1.9500000000000002,
      "race_name": "小倉6R",
      "pred_prob_won": 0.06956890001893043,
      "pred_prob_in_top2": 0.0812914326786995,
      "pred_prob_in_top3": 0.2478245586156845,
      "score_z": 0.6513171458464151,
      "上り3F平均": 36.95,
      "Ave-3F平均": 35.91,
      "PCI平均": 47.63,
      "-3F差平均": 1.47,
      "想定脚質": "後方",
      "track_bias_aptitude_score": 13.2,
      "investment_value_score": 46.7,
      "total_investment_index": 38.1,
      "investment_rating": 0.9006438444554806,
      "stability_score": 60,
      "investment_mark": "△"
    },
    {
      "horse_number": 5,
      "name": "メイショウロンド",
      "popularity": 11,
      "odds": 63.4,
      "mark": "△",
      "score": 95.98,
      "track_aptitude": 0,
      "total_points": 62.48946795140344,
      "detail_points": {
        "score": 40.20946795140344,
        "bias": 3.0,
        "pace": 8.28,
        "3f": 9.0,
        "margin": 2.0,
        "track": 0.0
      },
      "avg_margin": 2.4,
      "race_name": "小倉6R",
      "pred_prob_won": 0.0502498596906662,
      "pred_prob_in_top2": 0.07306560575962066,
      "pred_prob_in_top3": 0.19134424030780792,
      "score_z": 0.40758866066460847,
      "上り3F平均": 37.3,
      "Ave-3F平均": 37.4,
      "PCI平均": 50.3,
      "-3F差平均": 2.2,
      "想定脚質": "後方",
      "track_bias_aptitude_score": 1,
      "investment_value_score": 33.6,
      "total_investment_index": 26.1,
      "investment_rating": 0.8137834383547308,
      "stability_score": 45,
      "investment_mark": "☆"
    },
    {
      "horse_number": 12,
      "name": "ピアストイヤーズ",
      "popularity": 5,
      "odds": 11.0,
      "mark": "△",
      "score": 97.5,
      "track_aptitude": 2,
      "total_points": 69.13625052366989,
      "detail_points": {
        "score": 40.84625052366988,
        "bias": 3.0,
        "pace": 8.28,
        "3f": 9.0,
        "margin": 6.0,
        "track": 2.0100000000000002
      },
      "avg_margin": 0.8,
      "race_name": "小倉6R",
      "pred_prob_won": 0.059505914151668546,
      "pred_prob_in_top2": 0.06984285414218902,
      "pred_prob_in_top3": 0.2206488072872162,
      "score_z": 0.48760319575669175,
      "上り3F平均": 33.9,
      "Ave-3F平均": 35.8,
      "PCI平均": 55.6,
      "-3F差平均": 1.1,
      "想定脚質": "後方",
      "track_bias_aptitude_score": 13.2,
      "investment_value_score": 50.0,
      "total_investment_index": 39.8,
      "investment_rating": 0.6098223116993904,
      "stability_score": 75,
      "investment_mark": "☆"
    },
    {
      "horse_number": 15,
      "name": "アニュレス",
      "popularity": 10,
      "odds": 51.0,
      "mark": "×",
      "score": 91.63,
      "track_aptitude": 0,
      "total_points": 60.667096774193546,
      "detail_points": {
        "score": 38.387096774193544,
        "bias": 3.0,