{
  "horses": [
    {
      "horse_number": 15,
      "name": "コロニス",
      "popularity": 4,
      "odds": 11.0,
      "mark": "○",
      "score": 129.81,
      "track_aptitude": 0,
      "total_points": 85.46150627615063,
      "detail_points": {
        "score": 45.26150627615063,
        "bias": 15.0,
        "pace": 10.2,
        "3f": 9.0,
        "margin": 6.0,
        "track": 0.0
      },
      "avg_margin": 0.9750000000000001,
      "race_name": "小倉3R",
      "pred_prob_won": 0.1530723065137863,
      "pred_prob_in_top2": 0.1440577268600464,
      "pred_prob_in_top3": 0.4375405251979828,
      "score_z": 0.9220602919082647,
      "上り3F平均": 39.47,
      "Ave-3F平均": 38.06,
      "PCI平均": 46.4,
      "-3F差平均": 0.6,
      "想定脚質": "先行",
      "track_bias_aptitude_score": 83.0,
      "investment_value_score": 66.5,
      "total_investment_index": 71.3,
      "investment_rating": 1.306408048272133,
      "stability_score": 75,
      "investment_mark": "◎"
    },
    {
      "horse_number": 5,
      "name": "クイーンハピ",
      "popularity": 1,
      "odds": 1.8,
      "mark": "◎",
      "score": 143.4,
      "track_aptitude": 2,
      "total_points": 86.26,
      "detail_points": {
        "score": 50.0,
        "bias": 7.05,
        "pace": 10.2,
        "3f": 9.0,
        "margin": 8.0,
        "track": 2.0100000000000002
      },
      "avg_margin": 0.47500000000000003,
      "race_name": "小倉3R",
      "pred_prob_won": 0.2727635383605957,
      "pred_prob_in_top2": 0.18801921010017394,
      "pred_prob_in_top3": 0.5942493081092834,
      "score_z": 1.5749823939453675,
      "上り3F平均": 36.85,
      "Ave-3F平均": 37.5,
      "PCI平均": 52.15,
      "-3F差平均": 0.1,
      "想定脚質": "逃げ",
      "track_bias_aptitude_score": 43.2,
      "investment_value_score": 100,
      "total_investment_index": 80.6,
      "investment_rating": 1.0870609432458878,
      "stability_score": 90,
      "investment_mark": "○"
    },
    {
      "horse_number": 4,
      "name": "カルドウェル",
      "popularity": 6,
      "odds": 22.1,
      "mark": "▲",
      "score": 121.27,
      "track_aptitude": 0,
      "total_points": 80.48382147838214,
      "detail_points": {
        "score": 42.283821478382144,
        "bias": 15.0,
        "pace": 10.2,
        "3f": 9.0,
        "margin": 4.0,
        "track": 0.0
      },
      "avg_margin": 1.13125,
      "race_name": "小倉3R",
      "pred_prob_won": 0.0913553699851036,
      "pred_prob_in_top2": 0.09886765480041504,
      "pred_prob_in_top3": 0.2986504852771759,
      "score_z": 0.5117619290387385,
      "上り3F平均": 37.33,
      "Ave-3F平均": 35.74,
      "PCI平均": 45.98,
      "-3F差平均": 0.3,
      "想定脚質": "先行",
      "track_bias_aptitude_score": 83.0,
      "investment_value_score": 51.2,
      "total_investment_index": 61.5,
      "investment_rating": 0.9932524263858796,
      "stability_score": 60,
      "investment_mark": "▲"
    },
    {
      "horse_number": 9,
      "name": "シュパネントダイヤ",
      "popularity": 2,
      "odds": 4.0,
      "mark": "△",
      "score": 133.11,
      "track_aptitude": 2,
      "total_points": 78.67213389121339,
      "detail_points": {
        "score": 46.412133891213394,
        "bias": 7.05,
        "pace": 10.2,
        "3f": 5.0,
        "margin": 8.0,
        "track": 2.0100000000000002
      },
      "avg_margin": 0.35,
      "race_name": "小倉3R",
      "pred_prob_won": 0.15422263443470002,
      "pred_prob_in_top2": 0.13658000081777572,
      "pred_prob_in_top3": 0.44751935005187987,
      "score_z": 1.080606497700939,
      "上り3F平均": 34.8,
      "Ave-3F平均": 37.2,
      "PCI平均": 56.95,
      "-3F差平均": 0.6,
      "想定脚質": "逃げ",
      "track_bias_aptitude_score": 43.2,
      "investment_value_score": 79.8,
      "total_investment_index": 67.6,
      "investment_rating": 0.9530541801452637,
      "stability_score": 90,
      "investment_mark": "▲"
    },
    {
      "horse_number": 12,
      "name": "サントレッダー",
      "popularity": 3,
      "odds": 8.2,
      "mark": "▲",
      "score": 126.96,
      "track_aptitude": 2,
      "total_points": 84.47778242677825,
      "detail_points": {
        "score": 44.26778242677824,
        "bias": 15.0,
        "pace": 10.2,
        "3f": 9.0,
        "margin": 4.0,
        "track": 2.0100000000000002
      },
      "avg_margin": 1.02,
      "race_name": "小倉3R",
      "pred_prob_won": 0.1271018534898758,
      "pred_prob_in_top2": 0.12926203906536102,
      "pred_prob_in_top3": 0.38601369857788087,
      "score_z": 0.7851340232691367,
      "上り3F平均": 37.6,
      "Ave-3F平均": 36.53,
      "PCI平均": 47.2,
      "-3F差平均": 0.82,
      "想定脚質": "先行",
      "track_bias_aptitude_score": 94.3,
      "investment_value_score": 68.7,
      "total_investment_index": 75.8,
      "investment_rating": 0.9431458902359009,
      "stability_score": 60,
      "investment_mark": "△"
    },
    {
      "horse_number": 6,
      "name": "トモエゴゼン",
      "popularity": 9,
      "odds": 33.8,
      "mark": "⭐︎",
      "score": 118.5,
      "track_aptitude": 0,
      "total_points": 71.56799163179916,
      "detail_points": {
        "score": 41.31799163179916,
        "bias": 7.05,
        "pace": 10.2,
        "3f": 9.0,
        "margin": 4.0,
        "track": 0.0
      },
      "avg_margin": 1.4500000000000002,
      "race_name": "小倉3R",
      "pred_prob_won": 0.055215805768966675,
      "pred_prob_in_top2": 0.0681799978017807,
      "pred_prob_in_top3": 0.19547958374023439,
      "score_z": 0.37867920478246386,
      "上り3F平均": 37.47,
      "Ave-3F平均": 38.73,
      "PCI平均": 53.37,
      "-3F差平均": 1.0,
      "想定脚質": "中団",
      "track_bias_aptitude_score": 32.2,
      "investment_value_score": 36.8,
      "total_investment_index": 37.4,
      "investment_rating": 0.6499392318725589,
      "stability_score": 60,
      "investment_mark": "△"
    },
    {
      "horse_number": 11,
      "name": "カルミアクラウン",
      "popularity": 5,
      "odds": 15.1,
      "mark": "△",
      "score": 118.89,
      "track_aptitude": 0,
      "total_points": 71.70397489539748,
      "detail_points": {
        "score": 41.45397489539749,
        "bias": 7.05,
        "pace": 10.2,
        "3f": 9.0,
        "margin": 4.0,
        "track": 0.0
      },
      "avg_margin": 1.1285714285714286,
      "race_name": "小倉3R",
      "pred_prob_won": 0.06254194155335427,
      "pred_prob_in_top2": 0.07517612129449844,
      "pred_prob_in_top3": 0.2313695341348648,
      "score_z": 0.39741648364887083,
      "上り3F平均": 36.57,
      "Ave-3F平均": 35.92,
      "PCI平均": 48.26,
      "-3F差平均": 0.77,
      "想定脚質": "中団",
      "track_bias_aptitude_score": 32.2,
      "investment_value_score": 49.6,
      "total_investment_index": 45.1,
      "investment_rating": 0.5795944269001484,
      "stability_score": 60,
      "investment_mark": "☆"
    },
    {
      "horse_number": 14,
      "name": "ネトル",
      "popularity": 8,
      "odds": 31.2,
      "mark": "△",
      "score": 114.48,
      "track_aptitude": 0,
      "total_points": 72.1663179916318,
      "detail_points": {
        "score": 39.9163179916318,
        "bias": 7.05,
        "pace": 10.2,
        "3f": 9.0,
        "margin": 6.0,
        "track": 0.0
      },
      "avg_margin": 1.0,
      "race_name": "小倉3R",
      "pred_prob_won": 0.04796719700098038,
      "pred_prob_in_top2": 0.06226650029420853,
      "pred_prob_in_top3": 0.18027976751327515,
      "score_z": 0.18554109954411585,
      "上り3F平均": 38.87,
      "Ave-3F平均": 38.1,
      "PCI平均": 48.09,
      "-3F差平均": 0.67,
      "想定脚質": "中団",
      "track_bias_aptitude_score": 32.2,
      "investment_value_score": 36.8,
      "total_investment_index": 37.1,
      "investment_rating": 0.49970658183097844,
      "stability_score": 75,
      "investment_mark": "☆"
    },
    {
      "horse_number": 3,
      "name": "アイドルアイズ",
      "popularity": 7,
      "odds": 26.0,
      "mark": "△",
      "score": 111.15,
      "track_aptitude": 3,
      "total_points": 72.00523012552301,
      "detail_points": {
        "score": 38.75523012552301,