{
  "horses": [
    {
      "horse_number": 5,
      "name": "ゼンノインヴォーク",
      "popularity": 4,
      "odds": 8.9,
      "mark": "○",
      "score": 132.78,
      "track_aptitude": 1,
      "total_points": 89.59771127549875,
      "detail_points": {
        "score": 49.60771127549876,
        "bias": 9.0,
        "pace": 12.0,
        "3f": 9.0,
        "margin": 9.0,
        "track": 0.99
      },
      "avg_margin": 0.19,
      "race_name": "小倉9R",
      "pred_prob_won": 0.15308592915534974,
      "pred_prob_in_top2": 0.14966647922992707,
      "pred_prob_in_top3": 0.43916140794754027,
      "score_z": 0.8091160238311482,
      "上り3F平均": 35.75,
      "Ave-3F平均": 37.27,
      "PCI平均": 54.35,
      "-3F差平均": 0.48,
      "想定脚質": "先行",
      "track_bias_aptitude_score": 65.2,
      "investment_value_score": 67.4,
      "total_investment_index": 66.3,
      "investment_rating": 1.0883940541744233,
      "stability_score": 90,
      "investment_mark": "◎"
    },
    {
      "horse_number": 2,
      "name": "ミュージシャン",
      "popularity": 2,
      "odds": 3.4,
      "mark": "◎",
      "score": 133.02,
      "track_aptitude": 2,
      "total_points": 89.70737726967049,
      "detail_points": {
        "score": 49.697377269670476,
        "bias": 9.0,
        "pace": 12.0,
        "3f": 9.0,
        "margin": 8.0,
        "track": 2.0100000000000002
      },
      "avg_margin": 0.39999999999999997,
      "race_name": "小倉9R",
      "pred_prob_won": 0.15998790860176088,
      "pred_prob_in_top2": 0.1391739070415497,
      "pred_prob_in_top3": 0.45295560359954834,
      "score_z": 0.830558436056902,
      "上り3F平均": 35.88,
      "Ave-3F平均": 36.83,
      "PCI平均": 52.67,
      "-3F差平均": 0.88,
      "想定脚質": "先行",
      "track_bias_aptitude_score": 73.5,
      "investment_value_score": 84.1,
      "total_investment_index": 78.9,
      "investment_rating": 0.7494579315185548,
      "stability_score": 90,
      "investment_mark": "○"
    },
    {
      "horse_number": 3,
      "name": "レッドイステル",
      "popularity": 1,
      "odds": 2.0,
      "mark": "▲",
      "score": 133.83,
      "track_aptitude": 1,
      "total_points": 88.94,
      "detail_points": {
        "score": 50.0,
        "bias": 10.95,
        "pace": 12.0,
        "3f": 9.0,
        "margin": 6.0,
        "track": 0.99
      },
      "avg_margin": 0.6,
      "race_name": "小倉9R",
      "pred_prob_won": 0.15253673493862152,
      "pred_prob_in_top2": 0.15938315391540528,
      "pred_prob_in_top3": 0.44097429513931274,
      "score_z": 0.9029265773188186,
      "上り3F平均": 35.07,
      "Ave-3F平均": 36.55,
      "PCI平均": 54.4,
      "-3F差平均": 0.47,
      "想定脚質": "中団",
      "track_bias_aptitude_score": 83.3,
      "investment_value_score": 100,
      "total_investment_index": 91.5,
      "investment_rating": 0.5185818821191788,
      "stability_score": 75,
      "investment_mark": "△"
    },
    {
      "horse_number": 1,
      "name": "サラコスティ",
      "popularity": 3,
      "odds": 5.6,
      "mark": "▲",
      "score": 130.19,
      "track_aptitude": 2,
      "total_points": 84.65006575506239,
      "detail_points": {
        "score": 48.64006575506239,
        "bias": 9.0,
        "pace": 12.0,
        "3f": 7.0,
        "margin": 6.0,
        "track": 2.0100000000000002
      },
      "avg_margin": 0.5750000000000001,
      "race_name": "小倉9R",
      "pred_prob_won": 0.10248286426067352,
      "pred_prob_in_top2": 0.10976212918758392,
      "pred_prob_in_top3": 0.3344739615917206,
      "score_z": 0.5777166585615633,
      "上り3F平均": 35.08,
      "Ave-3F平均": 37.59,
      "PCI平均": 57.28,
      "-3F差平均": 0.23,
      "想定脚質": "先行",
      "track_bias_aptitude_score": 73.5,
      "investment_value_score": 66.6,
      "total_investment_index": 68.0,
      "investment_rating": 0.5042773559689524,
      "stability_score": 75,
      "investment_mark": "△"
    },
    {
      "horse_number": 8,
      "name": "オーシンエス",
      "popularity": 6,
      "odds": 14.4,
      "mark": "△",
      "score": 124.15,
      "track_aptitude": 2,
      "total_points": 84.39347156840769,
      "detail_points": {
        "score": 46.38347156840768,
        "bias": 9.0,
        "pace": 12.0,
        "3f": 9.0,
        "margin": 6.0,
        "track": 2.0100000000000002
      },
      "avg_margin": 0.8624999999999999,
      "race_name": "小倉9R",
      "pred_prob_won": 0.04904298409819603,
      "pred_prob_in_top2": 0.064593406021595,
      "pred_prob_in_top3": 0.20022048354148864,
      "score_z": 0.03808261754677974,
      "上り3F平均": 35.79,
      "Ave-3F平均": 36.99,
      "PCI平均": 53.49,
      "-3F差平均": 0.45,
      "想定脚質": "先行",
      "track_bias_aptitude_score": 73.5,
      "investment_value_score": 37.5,
      "total_investment_index": 49.6,
      "investment_rating": 0.18119061112403867,
      "stability_score": 75,
      "investment_mark": "☆"
    },
    {
      "horse_number": 6,
      "name": "キーパフォーマー",
      "popularity": 5,
      "odds": 12.4,
      "mark": "△",
      "score": 118.43,
      "track_aptitude": 2,
      "total_points": 72.58643204064857,
      "detail_points": {
        "score": 44.24643204064858,
        "bias": 7.05,
        "pace": 8.28,
        "3f": 7.0,
        "margin": 4.0,
        "track": 2.0100000000000002
      },
      "avg_margin": 1.1300000000000001,
      "race_name": "小倉9R",
      "pred_prob_won": 0.03154675774276257,
      "pred_prob_in_top2": 0.04358150959014893,
      "pred_prob_in_top3": 0.1379750281572342,
      "score_z": -0.4729615405003337,
      "上り3F平均": 35.44,
      "Ave-3F平均": 36.97,
      "PCI平均": 54.37,
      "-3F差平均": 0.86,
      "想定脚質": "後方",
      "track_bias_aptitude_score": 52.5,
      "investment_value_score": 31.7,
      "total_investment_index": 39.0,
      "investment_rating": -0.18082111343741414,
      "stability_score": 60,
      "investment_mark": "××"
    },
    {
      "horse_number": 7,
      "name": "サンライズグラシア",
      "popularity": 7,
      "odds": 47.3,
      "mark": "△",
      "score": 115.2,
      "track_aptitude": 0,
      "total_points": 77.03967720242098,
      "detail_points": {
        "score": 43.039677202420975,
        "bias": 9.0,
        "pace": 12.0,
        "3f": 9.0,
        "margin": 4.0,
        "track": 0.0
      },
      "avg_margin": 1.1928571428571428,
      "race_name": "小倉9R",
      "pred_prob_won": 0.02478471174836159,
      "pred_prob_in_top2": 0.029470689222216608,
      "pred_prob_in_top3": 0.10397078245878219,
      "score_z": -0.7615406717052601,
      "上り3F平均": 35.71,
      "Ave-3F平均": 37.55,
      "PCI平均": 55.29,
      "-3F差平均": 0.54,
      "想定脚質": "先行",
      "track_bias_aptitude_score": 56.8,
      "investment_value_score": 18.2,
      "total_investment_index": 31.7,
      "investment_rating": -0.33137384437024586,
      "stability_score": 60,
      "investment_mark": "××"
    },
    {
      "horse_number": 4,
      "name": "ホースワン",
      "popularity": 8,
      "odds": 71.0,
      "mark": "△",
      "score": 102.19,
      "track_aptitude": 2,
      "total_points": 68.51903310169618,
      "detail_points": {
        "score": 38.17903310169618,
        "bias": 7.05,
        "pace": 8.28,
        "3f": 7.0,
        "margin": 6.0,
        "track": 2.0100000000000002
      },
      "avg_margin": 0.775,
      "race_name": "小倉9R",
      "pred_prob_won": 0.013855821453034878,
      "pred_prob_in_top2": 0.017853891104459764,
      "pred_prob_in_top3": 0.054566028714179995,
      "score_z": -1.923898101109622,
      "上り3F平均": 35.65,
      "Ave-3F平均": 37.18,
      "PCI平均": 54.43,
      "-3F差平均": 0.73,
      "想定脚質": "後方",
      "track_bias_aptitude_score": 52.5,
      "investment_value_score": 1,
      "total_investment_index": 18.1,
      "investment_rating": -0.64532081335783,
      "stability_score": 75,
      "investment_mark": "××"
    }
  ]
}