{
  "horses": [
    {
      "horse_number": 8,
      "name": "オトコノロマン",
      "popularity": 1,
      "odds": 2.5,
      "mark": "◎",
      "score": 121.2,
      "track_aptitude": 1,
      "total_points": 95.99,
      "detail_points": {
        "score": 50.0,
        "bias": 15.0,
        "pace": 12.0,
        "3f": 9.0,
        "margin": 9.0,
        "track": 0.99
      },
      "avg_margin": 0.1,
      "race_name": "小倉1R",
      "pred_prob_won": 0.25188304781913756,
      "pred_prob_in_top2": 0.16862052977085112,
      "pred_prob_in_top3": 0.5515842437744141,
      "score_z": 1.5977070173299401,
      "上り3F平均": 37.7,
      "Ave-3F平均": 36.0,
      "PCI平均": 45.5,
      "-3F差平均": 0.5,
      "想定脚質": "先行",
      "track_bias_aptitude_score": 88.2,
      "investment_value_score": 100,
      "total_investment_index": 94.1,
      "investment_rating": 0.8789606094360352,
      "stability_score": 90,
      "investment_mark": "◎"
    },
    {
      "horse_number": 2,
      "name": "ダイシンヨーク",
      "popularity": 6,
      "odds": 10.6,
      "mark": "▲",
      "score": 96.52,
      "track_aptitude": 2,
      "total_points": 81.82848184818482,
      "detail_points": {
        "score": 39.81848184818482,
        "bias": 15.0,
        "pace": 12.0,
        "3f": 9.0,
        "margin": 4.0,
        "track": 2.0100000000000002
      },
      "avg_margin": 1.4,
      "race_name": "小倉1R",
      "pred_prob_won": 0.06370327919721604,
      "pred_prob_in_top2": 0.09089320749044419,
      "pred_prob_in_top3": 0.26083404421806333,
      "score_z": 0.4573518247104952,
      "上り3F平均": 36.0,
      "Ave-3F平均": 34.8,
      "PCI平均": 46.7,
      "-3F差平均": 0.3,
      "想定脚質": "先行",
      "track_bias_aptitude_score": 94.1,
      "investment_value_score": 44.1,
      "total_investment_index": 60.5,
      "investment_rating": 0.6193787321448325,
      "stability_score": 60,
      "investment_mark": "○"
    },
    {
      "horse_number": 6,
      "name": "カシノハンゾウ",
      "popularity": 4,
      "odds": 8.7,
      "mark": "○",
      "score": 99.23,
      "track_aptitude": 2,
      "total_points": 86.94646864686469,
      "detail_points": {
        "score": 40.93646864686469,
        "bias": 15.0,
        "pace": 12.0,
        "3f": 9.0,
        "margin": 8.0,
        "track": 2.0100000000000002
      },
      "avg_margin": 0.375,
      "race_name": "小倉1R",
      "pred_prob_won": 0.08700294941663742,
      "pred_prob_in_top2": 0.10501365214586258,
      "pred_prob_in_top3": 0.2900459349155426,
      "score_z": 0.5825691088271364,
      "上り3F平均": 36.1,
      "Ave-3F平均": 35.2,
      "PCI平均": 47.6,
      "-3F差平均": 0.75,
      "想定脚質": "先行",
      "track_bias_aptitude_score": 94.1,
      "investment_value_score": 54.4,
      "total_investment_index": 66.8,
      "investment_rating": 0.5536906298995019,
      "stability_score": 90,
      "investment_mark": "△"
    },
    {
      "horse_number": 11,
      "name": "ローズカリス",
      "popularity": 3,
      "odds": 7.5,
      "mark": "▲",
      "score": 103.03,
      "track_aptitude": 2,
      "total_points": 80.51412541254126,
      "detail_points": {
        "score": 42.504125412541256,
        "bias": 15.0,
        "pace": 12.0,
        "3f": 5.0,
        "margin": 4.0,
        "track": 2.0100000000000002
      },
      "avg_margin": 1.3,
      "race_name": "小倉1R",
      "pred_prob_won": 0.10070825070142746,
      "pred_prob_in_top2": 0.10751269161701202,
      "pred_prob_in_top3": 0.3185550391674042,
      "score_z": 0.758150540429806,
      "上り3F平均": 36.2,
      "Ave-3F平均": 34.5,
      "PCI平均": 45.3,
      "-3F差平均": 0,
      "想定脚質": "先行",
      "track_bias_aptitude_score": 94.1,
      "investment_value_score": 62.6,
      "total_investment_index": 72.1,
      "investment_rating": 0.5467981410026551,
      "stability_score": 60,
      "investment_mark": "△"
    },
    {
      "horse_number": 5,
      "name": "コパノロケット",
      "popularity": 5,
      "odds": 9.7,
      "mark": "△",
      "score": 100.36,
      "track_aptitude": 1,
      "total_points": 78.6226402640264,
      "detail_points": {
        "score": 41.4026402640264,
        "bias": 10.95,
        "pace": 8.28,
        "3f": 9.0,
        "margin": 8.0,
        "track": 0.99
      },
      "avg_margin": 0.25,
      "race_name": "小倉1R",
      "pred_prob_won": 0.07565528005361558,
      "pred_prob_in_top2": 0.09264087378978729,
      "pred_prob_in_top3": 0.25045610666275026,
      "score_z": 0.6347814819089826,
      "上り3F平均": 38.5,
      "Ave-3F平均": 35.25,
      "PCI平均": 41.6,
      "-3F差平均": 0,
      "想定脚質": "逃げ",
      "track_bias_aptitude_score": 61.0,
      "investment_value_score": 47.5,
      "total_investment_index": 52.9,
      "investment_rating": 0.4771437013149262,
      "stability_score": 90,
      "investment_mark": "☆"
    },
    {
      "horse_number": 9,
      "name": "ウインロズパレード",
      "popularity": 10,
      "odds": 52.2,
      "mark": "△",
      "score": 76.77,
      "track_aptitude": 0,
      "total_points": 71.67079207920793,
      "detail_points": {
        "score": 31.67079207920792,
        "bias": 15.0,
        "pace": 12.0,
        "3f": 9.0,
        "margin": 4.0,
        "track": 0.0
      },
      "avg_margin": 1.7,
      "race_name": "小倉1R",
      "pred_prob_won": 0.030448411032557486,
      "pred_prob_in_top2": 0.06268286108970642,
      "pred_prob_in_top3": 0.1393592670559883,
      "score_z": -0.45520956322443323,
      "上り3F平均": 39.4,
      "Ave-3F平均": 35.7,
      "PCI平均": 40.6,
      "-3F差平均": 0.3,
      "想定脚質": "先行",
      "track_bias_aptitude_score": 82.3,
      "investment_value_score": 20.4,
      "total_investment_index": 41.2,
      "investment_rating": 0.0882265395671129,
      "stability_score": 60,
      "investment_mark": "☆"
    },
    {
      "horse_number": 3,
      "name": "カシノフレックス",
      "popularity": 8,
      "odds": 23.7,
      "mark": "△",
      "score": 83.13,
      "track_aptitude": 1,
      "total_points": 73.28455445544553,
      "detail_points": {
        "score": 34.29455445544554,
        "bias": 15.0,
        "pace": 12.0,
        "3f": 7.0,
        "margin": 4.0,
        "track": 0.99
      },
      "avg_margin": 1.3250000000000002,
      "race_name": "小倉1R",
      "pred_prob_won": 0.026364490389823914,
      "pred_prob_in_top2": 0.048706595599651334,
      "pred_prob_in_top3": 0.13032411336898803,
      "score_z": -0.16134169348943858,
      "上り3F平均": 37.65,
      "Ave-3F平均": 34.7,
      "PCI平均": 42.25,
      "-3F差平均": 0.25,
      "想定脚質": "先行",
      "track_bias_aptitude_score": 88.2,
      "investment_value_score": 24.0,
      "total_investment_index": 45.6,
      "investment_rating": -0.02244188010692605,
      "stability_score": 60,
      "investment_mark": "××"
    },
    {
      "horse_number": 10,
      "name": "ゴーゴーシャチョウ",
      "popularity": 2,
      "odds": 3.8,
      "mark": "△",
      "score": 88.63,
      "track_aptitude": 1,
      "total_points": 77.55353135313531,
      "detail_points": {
        "score": 36.56353135313531,
        "bias": 15.0,
        "pace": 12.0,
        "3f": 9.0,
        "margin": 4.0,
        "track": 0.99
      },
      "avg_margin": 1.8,
      "race_name": "小倉1R",
      "pred_prob_won": 0.040176568925380705,
      "pred_prob_in_top2": 0.053841305524110795,
      "pred_prob_in_top3": 0.15703972280025483,
      "score_z": 0.09278932593547819,
      "上り3F平均": 36.8,
      "Ave-3F平均": 35.5,
      "PCI平均": 46.5,
      "-3F差平均": 0.3,
      "想定脚質": "先行",
      "track_bias_aptitude_score": 88.2,
      "investment_value_score": 53.9,
      "total_investment_index": 64.0,
      "investment_rating": -0.07102884545922283,
      "stability_score": 60,
      "investment_mark": "××"
    },
    {
      "horse_number": 1,
      "name": "シーキングザバース",
      "popularity": 7,
      "odds": 17.4,
      "mark": "消",
      "score": 82.33,
      "track_aptitude": 0,
      "total_points": 61.19452145214521,
      "detail_points": {
        "score": 33.96452145214521,
        "bias": 10.95,
        "pace": 8.28,