{
  "horses": [
    {
      "horse_number": 6,
      "name": "ピスタ",
      "popularity": 5,
      "odds": 10.3,
      "mark": "○",
      "score": 133.75,
      "track_aptitude": 1,
      "total_points": 88.85211198574186,
      "detail_points": {
        "score": 49.662111985741866,
        "bias": 15.0,
        "pace": 10.2,
        "3f": 9.0,
        "margin": 4.0,
        "track": 0.99
      },
      "avg_margin": 1.8,
      "race_name": "小倉2R",
      "pred_prob_won": 0.19314727783203126,
      "pred_prob_in_top2": 0.19317309856414794,
      "pred_prob_in_top3": 0.5160012185573578,
      "score_z": 1.2235567976688835,
      "上り3F平均": 39.5,
      "Ave-3F平均": 38.6,
      "PCI平均": 47.7,
      "-3F差平均": 0.5,
      "想定脚質": "先行",
      "track_bias_aptitude_score": 88.6,
      "investment_value_score": 75.9,
      "total_investment_index": 79.2,
      "investment_rating": 1.8462054225802422,
      "stability_score": 60,
      "investment_mark": "◎"
    },
    {
      "horse_number": 11,
      "name": "サイモンバズユー",
      "popularity": 8,
      "odds": 22.4,
      "mark": "△",
      "score": 123.57,
      "track_aptitude": 1,
      "total_points": 75.12222189217287,
      "detail_points": {
        "score": 45.88222189217288,
        "bias": 7.05,
        "pace": 10.2,
        "3f": 7.0,
        "margin": 4.0,
        "track": 0.99
      },
      "avg_margin": 1.175,
      "race_name": "小倉2R",
      "pred_prob_won": 0.12924217134714128,
      "pred_prob_in_top2": 0.12669600397348404,
      "pred_prob_in_top3": 0.35793120265007017,
      "score_z": 0.8023878566424293,
      "上り3F平均": 37.65,
      "Ave-3F平均": 36.91,
      "PCI平均": 48.12,
      "-3F差平均": 1.1,
      "想定脚質": "中団",
      "track_bias_aptitude_score": 37.9,
      "investment_value_score": 55.6,
      "total_investment_index": 51.1,
      "investment_rating": 1.583380336165428,
      "stability_score": 60,
      "investment_mark": "○"
    },
    {
      "horse_number": 3,
      "name": "ベルエアキング",
      "popularity": 10,
      "odds": 27.4,
      "mark": "△",
      "score": 117.92,
      "track_aptitude": 0,
      "total_points": 74.03434575969106,
      "detail_points": {
        "score": 43.78434575969107,
        "bias": 7.05,
        "pace": 10.2,
        "3f": 9.0,
        "margin": 4.0,
        "track": 0.0
      },
      "avg_margin": 1.5249999999999997,
      "race_name": "小倉2R",
      "pred_prob_won": 0.08779604732990265,
      "pred_prob_in_top2": 0.08286367803812027,
      "pred_prob_in_top3": 0.26989121437072755,
      "score_z": 0.5686349571532877,
      "上り3F平均": 38.73,
      "Ave-3F平均": 36.82,
      "PCI平均": 45.08,
      "-3F差平均": 0.64,
      "想定脚質": "中団",
      "track_bias_aptitude_score": 32.2,
      "investment_value_score": 43.8,
      "total_investment_index": 41.9,
      "investment_rating": 1.2432167434692383,
      "stability_score": 60,
      "investment_mark": "▲"
    },
    {
      "horse_number": 5,
      "name": "フロンティエール",
      "popularity": 2,
      "odds": 4.7,
      "mark": "▲",
      "score": 134.66,
      "track_aptitude": 2,
      "total_points": 88.21000000000001,
      "detail_points": {
        "score": 50.0,
        "bias": 15.0,
        "pace": 10.2,
        "3f": 7.0,
        "margin": 4.0,
        "track": 2.0100000000000002
      },
      "avg_margin": 1.2750000000000001,
      "race_name": "小倉2R",
      "pred_prob_won": 0.20526573061943054,
      "pred_prob_in_top2": 0.1743238538503647,
      "pred_prob_in_top3": 0.5183879315853119,
      "score_z": 1.261205494754745,
      "上り3F平均": 38.95,
      "Ave-3F平均": 37.19,
      "PCI平均": 45.48,
      "-3F差平均": 0.2,
      "想定脚質": "先行",
      "track_bias_aptitude_score": 94.3,
      "investment_value_score": 96.6,
      "total_investment_index": 93.4,
      "investment_rating": 1.1514862084388733,
      "stability_score": 60,
      "investment_mark": "▲"
    },
    {
      "horse_number": 4,
      "name": "ココデイック",
      "popularity": 3,
      "odds": 4.9,
      "mark": "△",
      "score": 131.26,
      "track_aptitude": 2,
      "total_points": 82.99756126540917,
      "detail_points": {
        "score": 48.73756126540918,
        "bias": 7.05,
        "pace": 10.2,
        "3f": 9.0,
        "margin": 6.0,
        "track": 2.0100000000000002
      },
      "avg_margin": 0.925,
      "race_name": "小倉2R",
      "pred_prob_won": 0.15937253832817078,
      "pred_prob_in_top2": 0.15115539431571962,
      "pred_prob_in_top3": 0.4473564922809601,
      "score_z": 1.1205400331152613,
      "上り3F平均": 39.6,
      "Ave-3F平均": 38.37,
      "PCI平均": 46.95,
      "-3F差平均": 0.47,
      "想定脚質": "中団",
      "track_bias_aptitude_score": 43.6,
      "investment_value_score": 83.5,
      "total_investment_index": 70.0,
      "investment_rating": 1.1486442491412163,
      "stability_score": 75,
      "investment_mark": "△"
    },
    {
      "horse_number": 2,
      "name": "エイシンガウディ",
      "popularity": 4,
      "odds": 10.2,
      "mark": "▲",
      "score": 123.94,
      "track_aptitude": 1,
      "total_points": 85.20960493093718,
      "detail_points": {
        "score": 46.01960493093718,
        "bias": 15.0,
        "pace": 10.2,
        "3f": 9.0,
        "margin": 4.0,
        "track": 0.99
      },
      "avg_margin": 1.675,
      "race_name": "小倉2R",
      "pred_prob_won": 0.13265164494514464,
      "pred_prob_in_top2": 0.1283832460641861,
      "pred_prob_in_top3": 0.3737047851085663,
      "score_z": 0.8176955686443732,
      "上り3F平均": 38.2,
      "Ave-3F平均": 38.0,
      "PCI平均": 49.58,
      "-3F差平均": 0.45,
      "想定脚質": "先行",
      "track_bias_aptitude_score": 88.6,
      "investment_value_score": 71.6,
      "total_investment_index": 75.9,
      "investment_rating": 1.0574486619234087,
      "stability_score": 60,
      "investment_mark": "△"
    },
    {
      "horse_number": 12,
      "name": "ロカヒ",
      "popularity": 1,
      "odds": 3.4,
      "mark": "◎",
      "score": 120.27,
      "track_aptitude": 2,
      "total_points": 88.86691370859944,
      "detail_points": {
        "score": 44.65691370859943,
        "bias": 15.0,
        "pace": 10.2,
        "3f": 9.0,
        "margin": 8.0,
        "track": 2.0100000000000002
      },
      "avg_margin": 0.4750000000000001,
      "race_name": "小倉2R",
      "pred_prob_won": 0.116447813808918,
      "pred_prob_in_top2": 0.11353069245815277,
      "pred_prob_in_top3": 0.36112759709358216,
      "score_z": 0.6658596144629305,
      "上り3F平均": 35.17,
      "Ave-3F平均": 37.71,
      "PCI平均": 57.23,
      "-3F差平均": 0.4,
      "想定脚質": "先行",
      "track_bias_aptitude_score": 94.3,
      "investment_value_score": 100,
      "total_investment_index": 94.4,
      "investment_rating": 0.5625370934605598,
      "stability_score": 90,
      "investment_mark": "☆"
    },
    {
      "horse_number": 16,
      "name": "シンシーネ",
      "popularity": 9,
      "odds": 27.0,
      "mark": "△",
      "score": 99.46,
      "track_aptitude": 2,
      "total_points": 65.19004604188326,
      "detail_points": {
        "score": 36.93004604188326,
        "bias": 7.05,
        "pace": 10.2,
        "3f": 7.0,
        "margin": 2.0,
        "track": 2.0100000000000002
      },
      "avg_margin": 2.9000000000000004,
      "race_name": "小倉2R",
      "pred_prob_won": 0.025502454489469528,
      "pred_prob_in_top2": 0.05301535576581955,
      "pred_prob_in_top3": 0.12766406685113907,
      "score_z": -0.1950957551599089,
      "上り3F平均": 37.6,
      "Ave-3F平均": 36.63,
      "PCI平均": 47.45,
      "-3F差平均": 1.05,
      "想定脚質": "中団",
      "track_bias_aptitude_score": 43.6,
      "investment_value_score": 27.8,
      "total_investment_index": 34.4,
      "investment_rating": 0.19896604456007483,
      "stability_score": 45,
      "investment_mark": "×"
    },
    {
      "horse_number": 10,
      "name": "オプティクス",
      "popularity": 12,
      "odds": 41.6,
      "mark": "消",
      "score": 103.47,
      "track_aptitude": 1,
      "total_points": 64.65898113768007,