{
  "horses": [
    {
      "horse_number": 4,
      "name": "アイルトンバローズ",
      "popularity": 2,
      "odds": 4.1,
      "mark": "◎",
      "score": 125.56,
      "track_aptitude": 2,
      "total_points": 94.21000000000001,
      "detail_points": {
        "score": 50.0,
        "bias": 15.0,
        "pace": 10.2,
        "3f": 9.0,
        "margin": 8.0,
        "track": 2.0100000000000002
      },
      "avg_margin": 0.3333333333333333,
      "race_name": "小倉3R",
      "pred_prob_won": 0.2743047893047333,
      "pred_prob_in_top2": 0.16978324055671692,
      "pred_prob_in_top3": 0.5532887220382691,
      "score_z": 1.8785472645576875,
      "上り3F平均": 35.33,
      "Ave-3F平均": 34.33,
      "PCI平均": 47.17,
      "-3F差平均": 0.47,
      "想定脚質": "先行",
      "track_bias_aptitude_score": 93.9,
      "investment_value_score": 93.8,
      "total_investment_index": 92.6,
      "investment_rating": 1.2938795495033264,
      "stability_score": 90,
      "investment_mark": "◎"
    },
    {
      "horse_number": 6,
      "name": "スマートセラム",
      "popularity": 14,
      "odds": 68.4,
      "mark": "⭐︎",
      "score": 104.97,
      "track_aptitude": 0,
      "total_points": 72.05073271742593,
      "detail_points": {
        "score": 41.80073271742593,
        "bias": 7.05,
        "pace": 10.2,
        "3f": 9.0,
        "margin": 4.0,
        "track": 0.0
      },
      "avg_margin": 1.0333333333333334,
      "race_name": "小倉3R",
      "pred_prob_won": 0.06265476197004319,
      "pred_prob_in_top2": 0.06344037503004074,
      "pred_prob_in_top3": 0.22225077152252198,
      "score_z": 0.6724787226442492,
      "上り3F平均": 35.73,
      "Ave-3F平均": 35.21,
      "PCI平均": 48.57,
      "-3F差平均": 0.6,
      "想定脚質": "中団",
      "track_bias_aptitude_score": 35.0,
      "investment_value_score": 32.4,
      "total_investment_index": 36.1,
      "investment_rating": 1.2669321751594544,
      "stability_score": 60,
      "investment_mark": "○"
    },
    {
      "horse_number": 16,
      "name": "ウインロゼライト",
      "popularity": 9,
      "odds": 37.9,
      "mark": "△",
      "score": 105.28,
      "track_aptitude": 0,
      "total_points": 74.17417967505575,
      "detail_points": {
        "score": 41.924179675055754,
        "bias": 7.05,
        "pace": 10.2,
        "3f": 9.0,
        "margin": 6.0,
        "track": 0.0
      },
      "avg_margin": 0.89,
      "race_name": "小倉3R",
      "pred_prob_won": 0.06782644465565682,
      "pred_prob_in_top2": 0.0866468831896782,
      "pred_prob_in_top3": 0.25067460536956787,
      "score_z": 0.6906371125419262,
      "上り3F平均": 35.18,
      "Ave-3F平均": 37.1,
      "PCI平均": 55.64,
      "-3F差平均": 0.98,
      "想定脚質": "中団",
      "track_bias_aptitude_score": 35.0,
      "investment_value_score": 43.0,
      "total_investment_index": 42.5,
      "investment_rating": 1.0919186651706696,
      "stability_score": 75,
      "investment_mark": "▲"
    },
    {
      "horse_number": 10,
      "name": "ロンティケチャップ",
      "popularity": 7,
      "odds": 14.0,
      "mark": "△",
      "score": 106.23,
      "track_aptitude": 0,
      "total_points": 72.55248486779229,
      "detail_points": {
        "score": 42.30248486779229,
        "bias": 7.05,
        "pace": 10.2,
        "3f": 9.0,
        "margin": 4.0,
        "track": 0.0
      },
      "avg_margin": 1.2125,
      "race_name": "小倉3R",
      "pred_prob_won": 0.08472891300916671,
      "pred_prob_in_top2": 0.09685665667057038,
      "pred_prob_in_top3": 0.2707360446453094,
      "score_z": 0.7462837912606134,
      "上り3F平均": 37.2,
      "Ave-3F平均": 36.59,
      "PCI平均": 48.58,
      "-3F差平均": 0.71,
      "想定脚質": "中団",
      "track_bias_aptitude_score": 35.0,
      "investment_value_score": 49.5,
      "total_investment_index": 46.4,
      "investment_rating": 1.0255114433169366,
      "stability_score": 60,
      "investment_mark": "▲"
    },
    {
      "horse_number": 13,
      "name": "メイショウセイロウ",
      "popularity": 1,
      "odds": 2.9,
      "mark": "○",
      "score": 114.58,
      "track_aptitude": 1,
      "total_points": 79.8675884039503,
      "detail_points": {
        "score": 45.627588403950305,
        "bias": 7.05,
        "pace": 10.2,
        "3f": 7.0,
        "margin": 9.0,
        "track": 0.99
      },
      "avg_margin": 0.1375,
      "race_name": "小倉3R",
      "pred_prob_won": 0.17720618844032288,
      "pred_prob_in_top2": 0.16622889041900635,
      "pred_prob_in_top3": 0.4582817733287811,
      "score_z": 1.2353888094722307,
      "上り3F平均": 34.23,
      "Ave-3F平均": 35.59,
      "PCI平均": 54.08,
      "-3F差平均": 1.07,
      "想定脚質": "中団",
      "track_bias_aptitude_score": 41.1,
      "investment_value_score": 100,
      "total_investment_index": 79.4,
      "investment_rating": 0.8353058126568794,
      "stability_score": 90,
      "investment_mark": "△"
    },
    {
      "horse_number": 2,
      "name": "ハツコイサイダー",
      "popularity": 4,
      "odds": 10.7,
      "mark": "▲",
      "score": 101.42,
      "track_aptitude": 0,
      "total_points": 76.58706594456834,
      "detail_points": {
        "score": 40.387065944568334,
        "bias": 15.0,
        "pace": 10.2,
        "3f": 7.0,
        "margin": 4.0,
        "track": 0.0
      },
      "avg_margin": 1.5,
      "race_name": "小倉3R",
      "pred_prob_won": 0.07382654845714569,
      "pred_prob_in_top2": 0.08145311176776886,
      "pred_prob_in_top3": 0.2562477797269821,
      "score_z": 0.46453587059020834,
      "上り3F平均": 37.37,
      "Ave-3F平均": 36.06,
      "PCI平均": 46.8,
      "-3F差平均": 0.2,
      "想定脚質": "先行",
      "track_bias_aptitude_score": 81.7,
      "investment_value_score": 57.9,
      "total_investment_index": 65.0,
      "investment_rating": 0.673741562962532,
      "stability_score": 60,
      "investment_mark": "△"
    },
    {
      "horse_number": 8,
      "name": "マサウッドテール",
      "popularity": 16,
      "odds": 87.0,
      "mark": "△",
      "score": 92.29,
      "track_aptitude": 1,
      "total_points": 75.94135393437399,
      "detail_points": {
        "score": 36.751353934374,
        "bias": 15.0,
        "pace": 10.2,
        "3f": 9.0,
        "margin": 4.0,
        "track": 0.99
      },
      "avg_margin": 1.4749999999999999,
      "race_name": "小倉3R",
      "pred_prob_won": 0.03901033401489258,
      "pred_prob_in_top2": 0.05480634644627571,
      "pred_prob_in_top3": 0.14922034442424775,
      "score_z": -0.07025799962201529,
      "上り3F平均": 37.34,
      "Ave-3F平均": 34.61,
      "PCI平均": 42.85,
      "-3F差平均": 0.33,
      "想定脚質": "先行",
      "track_bias_aptitude_score": 87.8,
      "investment_value_score": 20.7,
      "total_investment_index": 43.6,
      "investment_rating": 0.6518915820121766,
      "stability_score": 60,
      "investment_mark": "☆"
    },
    {
      "horse_number": 1,
      "name": "インユアアイズ",
      "popularity": 3,
      "odds": 7.3,
      "mark": "▲",
      "score": 100.51,
      "track_aptitude": 0,
      "total_points": 78.22468939152596,
      "detail_points": {
        "score": 40.02468939152596,
        "bias": 15.0,
        "pace": 10.2,
        "3f": 9.0,
        "margin": 4.0,
        "track": 0.0
      },
      "avg_margin": 1.2666666666666666,
      "race_name": "小倉3R",
      "pred_prob_won": 0.06585954278707504,
      "pred_prob_in_top2": 0.08769646286964417,
      "pred_prob_in_top3": 0.2463383138179779,
      "score_z": 0.41123220992283466,
      "上り3F平均": 36.27,
      "Ave-3F平均": 35.77,
      "PCI平均": 48.6,
      "-3F差平均": 0.37,
      "想定脚質": "先行",
      "track_bias_aptitude_score": 81.7,
      "investment_value_score": 62.3,
      "total_investment_index": 67.6,
      "investment_rating": 0.5505995199084283,
      "stability_score": 60,
      "investment_mark": "☆"
    },
    {
      "horse_number": 9,
      "name": "フロレンテム",
      "popularity": 6,
      "odds": 12.1,
      "mark": "△",
      "score": 99.09,
      "track_aptitude": 1,
      "total_points": 74.64922268238293,