{
  "horses": [
    {
      "horse_number": 3,
      "name": "ダノンアトラス",
      "popularity": 3,
      "odds": 5.7,
      "mark": "○",
      "score": 132.1,
      "track_aptitude": 1,
      "total_points": 83.32994240764151,
      "detail_points": {
        "score": 46.38994240764152,
        "bias": 10.95,
        "pace": 12.0,
        "3f": 7.0,
        "margin": 6.0,
        "track": 0.99
      },
      "avg_margin": 0.6388888888888888,
      "race_name": "小倉9R",
      "pred_prob_won": 0.16160400807857514,
      "pred_prob_in_top2": 0.1518950045108795,
      "pred_prob_in_top3": 0.46147254705429075,
      "score_z": 0.9689256289381116,
      "上り3F平均": 35.19,
      "Ave-3F平均": 36.57,
      "PCI平均": 53.96,
      "-3F差平均": 1.12,
      "想定脚質": "中団",
      "track_bias_aptitude_score": 83.3,
      "investment_value_score": 64.9,
      "total_investment_index": 70.5,
      "investment_rating": 0.9805220514535902,
      "stability_score": 75,
      "investment_mark": "◎"
    },
    {
      "horse_number": 8,
      "name": "ゼンノインヴォーク",
      "popularity": 1,
      "odds": 1.5,
      "mark": "◎",
      "score": 142.38,
      "track_aptitude": 1,
      "total_points": 88.99,
      "detail_points": {
        "score": 50.0,
        "bias": 9.0,
        "pace": 12.0,
        "3f": 9.0,
        "margin": 8.0,
        "track": 0.99
      },
      "avg_margin": 0.29,
      "race_name": "小倉9R",
      "pred_prob_won": 0.29561500549316405,
      "pred_prob_in_top2": 0.19844408929347992,
      "pred_prob_in_top3": 0.6144914269447327,
      "score_z": 1.7372646871183284,
      "上り3F平均": 35.74,
      "Ave-3F平均": 37.28,
      "PCI平均": 54.4,
      "-3F差平均": 0.49,
      "想定脚質": "先行",
      "track_bias_aptitude_score": 65.2,
      "investment_value_score": 100,
      "total_investment_index": 87.5,
      "investment_rating": 0.9784022814035417,
      "stability_score": 90,
      "investment_mark": "○"
    },
    {
      "horse_number": 6,
      "name": "バースライト",
      "popularity": 2,
      "odds": 5.6,
      "mark": "▲",
      "score": 122.32,
      "track_aptitude": 1,
      "total_points": 77.94547127405535,
      "detail_points": {
        "score": 42.95547127405535,
        "bias": 9.0,
        "pace": 12.0,
        "3f": 7.0,
        "margin": 6.0,
        "track": 0.99
      },
      "avg_margin": 0.7,
      "race_name": "小倉9R",
      "pred_prob_won": 0.0655602253973484,
      "pred_prob_in_top2": 0.0944378912448883,
      "pred_prob_in_top3": 0.2627188146114349,
      "score_z": 0.23795714751763303,
      "上り3F平均": 35.1,
      "Ave-3F平均": 37.59,
      "PCI平均": 57.1,
      "-3F差平均": 0.25,
      "想定脚質": "先行",
      "track_bias_aptitude_score": 65.2,
      "investment_value_score": 58.0,
      "total_investment_index": 59.8,
      "investment_rating": 0.1407002067565919,
      "stability_score": 75,
      "investment_mark": "△"
    },
    {
      "horse_number": 4,
      "name": "ハッピーアズラリー",
      "popularity": 5,
      "odds": 19.1,
      "mark": "△",
      "score": 119.59,
      "track_aptitude": 1,
      "total_points": 71.31676920915858,
      "detail_points": {
        "score": 41.99676920915859,
        "bias": 7.05,
        "pace": 8.28,
        "3f": 9.0,
        "margin": 4.0,
        "track": 0.99
      },
      "avg_margin": 1.27,
      "race_name": "小倉9R",
      "pred_prob_won": 0.04285403192043304,
      "pred_prob_in_top2": 0.06888468563556671,
      "pred_prob_in_top3": 0.18443959951400757,
      "score_z": 0.0339137984094634,
      "上り3F平均": 35.98,
      "Ave-3F平均": 36.58,
      "PCI平均": 51.77,
      "-3F差平均": 1.31,
      "想定脚質": "後方",
      "track_bias_aptitude_score": 44.2,
      "investment_value_score": 31.0,
      "total_investment_index": 36.9,
      "investment_rating": 0.04453205764293677,
      "stability_score": 60,
      "investment_mark": "△"
    },
    {
      "horse_number": 5,
      "name": "ミッキーストライク",
      "popularity": 4,
      "odds": 8.1,
      "mark": "▲",
      "score": 116.47,
      "track_aptitude": 1,
      "total_points": 75.89110970641944,
      "detail_points": {
        "score": 40.90110970641944,
        "bias": 9.0,
        "pace": 12.0,
        "3f": 9.0,
        "margin": 4.0,
        "track": 0.99
      },
      "avg_margin": 1.35,
      "race_name": "小倉9R",
      "pred_prob_won": 0.039435327798128125,
      "pred_prob_in_top2": 0.0654831811785698,
      "pred_prob_in_top3": 0.18105224370956421,
      "score_z": -0.1992786005713031,
      "上り3F平均": 37.34,
      "Ave-3F平均": 37.36,
      "PCI平均": 50.26,
      "-3F差平均": 0.72,
      "想定脚質": "先行",
      "track_bias_aptitude_score": 65.2,
      "investment_value_score": 34.2,
      "total_investment_index": 44.7,
      "investment_rating": -0.021475352048873964,
      "stability_score": 60,
      "investment_mark": "××"
    },
    {
      "horse_number": 1,
      "name": "ワーキングアセット",
      "popularity": 6,
      "odds": 31.5,
      "mark": "△",
      "score": 112.19,
      "track_aptitude": 0,
      "total_points": 73.39808961932856,
      "detail_points": {
        "score": 39.39808961932856,
        "bias": 9.0,
        "pace": 12.0,
        "3f": 9.0,
        "margin": 4.0,
        "track": 0.0
      },
      "avg_margin": 1.285,
      "race_name": "小倉9R",
      "pred_prob_won": 0.027642568200826646,
      "pred_prob_in_top2": 0.038276780396699905,
      "pred_prob_in_top3": 0.11860039085149765,
      "score_z": -0.5191707376346619,
      "上り3F平均": 38.04,
      "Ave-3F平均": 37.62,
      "PCI平均": 49.03,
      "-3F差平均": 0.57,
      "想定脚質": "先行",
      "track_bias_aptitude_score": 56.8,
      "investment_value_score": 16.9,
      "total_investment_index": 31.3,
      "investment_rating": -0.2595578894019127,
      "stability_score": 60,
      "investment_mark": "××"
    },
    {
      "horse_number": 7,
      "name": "ニホンピロゴルディ",
      "popularity": 7,
      "odds": 31.6,
      "mark": "△",
      "score": 107.34,
      "track_aptitude": 0,
      "total_points": 71.64490096923726,
      "detail_points": {
        "score": 37.69490096923725,
        "bias": 10.95,
        "pace": 12.0,
        "3f": 7.0,
        "margin": 4.0,
        "track": 0.0
      },
      "avg_margin": 1.54,
      "race_name": "小倉9R",
      "pred_prob_won": 0.017712728306651115,
      "pred_prob_in_top2": 0.029977908730506896,
      "pred_prob_in_top3": 0.0873409166932106,
      "score_z": -0.8816653322041217,
      "上り3F平均": 39.31,
      "Ave-3F平均": 38.18,
      "PCI平均": 47.21,
      "-3F差平均": 1.38,
      "想定脚質": "中団",
      "track_bias_aptitude_score": 75.0,
      "investment_value_score": 7.4,
      "total_investment_index": 30.5,
      "investment_rating": -0.4303215456753968,
      "stability_score": 60,
      "investment_mark": "××"
    },
    {
      "horse_number": 2,
      "name": "ディオスパーダ",
      "popularity": 8,
      "odds": 51.4,
      "mark": "△",
      "score": 100.7,
      "track_aptitude": 0,
      "total_points": 71.31311279674112,
      "detail_points": {
        "score": 35.36311279674112,
        "bias": 10.95,
        "pace": 12.0,
        "3f": 9.0,
        "margin": 4.0,
        "track": 0.0
      },
      "avg_margin": 1.2785714285714285,
      "race_name": "小倉9R",
      "pred_prob_won": 0.014017939195036888,
      "pred_prob_in_top2": 0.029534463584423066,
      "pred_prob_in_top3": 0.07421419620513917,
      "score_z": -1.3779465915734446,
      "上り3F平均": 39.84,
      "Ave-3F平均": 38.43,
      "PCI平均": 46.5,
      "-3F差平均": 0.96,
      "想定脚質": "中団",
      "track_bias_aptitude_score": 75.0,
      "investment_value_score": 1,
      "total_investment_index": 25.8,
      "investment_rating": -0.5176077246665954,
      "stability_score": 60,
      "investment_mark": "××"
    }
  ]
}