{
  "horses": [
    {
      "horse_number": 14,
      "name": "キャニオンデシェイ",
      "popularity": 6,
      "odds": 10.0,
      "mark": "◎",
      "score": 143.02,
      "track_aptitude": 3,
      "total_points": 97.0,
      "detail_points": {
        "score": 50.0,
        "bias": 15.0,
        "pace": 12.0,
        "3f": 9.0,
        "margin": 8.0,
        "track": 3.0
      },
      "avg_margin": 0.35000000000000003,
      "race_name": "小倉4R",
      "pred_prob_won": 0.2939180791378021,
      "pred_prob_in_top2": 0.1826092779636383,
      "pred_prob_in_top3": 0.6177266716957093,
      "score_z": 1.7062995233013774,
      "上り3F平均": 35.97,
      "Ave-3F平均": 36.58,
      "PCI平均": 51.77,
      "-3F差平均": 0.43,
      "想定脚質": "先行",
      "track_bias_aptitude_score": 100,
      "investment_value_score": 68.4,
      "total_investment_index": 78.9,
      "investment_rating": 2.626860691308975,
      "stability_score": 90,
      "investment_mark": "◎"
    },
    {
      "horse_number": 13,
      "name": "キーチファイター",
      "popularity": 7,
      "odds": 10.6,
      "mark": "▲",
      "score": 134.21,
      "track_aptitude": 1,
      "total_points": 87.91001118724654,
      "detail_points": {
        "score": 46.920011187246544,
        "bias": 15.0,
        "pace": 12.0,
        "3f": 9.0,
        "margin": 4.0,
        "track": 0.99
      },
      "avg_margin": 1.1277777777777778,
      "race_name": "小倉4R",
      "pred_prob_won": 0.1614513337612152,
      "pred_prob_in_top2": 0.1698700577020645,
      "pred_prob_in_top3": 0.4880598962306976,
      "score_z": 1.0328507605020731,
      "上り3F平均": 36.92,
      "Ave-3F平均": 36.29,
      "PCI平均": 48.46,
      "-3F差平均": 0.44,
      "想定脚質": "先行",
      "track_bias_aptitude_score": 89.0,
      "investment_value_score": 58.6,
      "total_investment_index": 68.6,
      "investment_rating": 2.209926434457302,
      "stability_score": 60,
      "investment_mark": "◎"
    },
    {
      "horse_number": 9,
      "name": "ヴォイスオブゼウス",
      "popularity": 1,
      "odds": 4.6,
      "mark": "▲",
      "score": 142.3,
      "track_aptitude": 1,
      "total_points": 85.01828695287372,
      "detail_points": {
        "score": 49.74828695287373,
        "bias": 9.0,
        "pace": 8.28,
        "3f": 9.0,
        "margin": 8.0,
        "track": 0.99
      },
      "avg_margin": 0.39285714285714285,
      "race_name": "小倉4R",
      "pred_prob_won": 0.2757864832878113,
      "pred_prob_in_top2": 0.18403927981853485,
      "pred_prob_in_top3": 0.5973057985305786,
      "score_z": 1.6512617129477454,
      "上り3F平均": 35.74,
      "Ave-3F平均": 37.04,
      "PCI平均": 53.67,
      "-3F差平均": 0.56,
      "想定脚質": "中団",
      "track_bias_aptitude_score": 54.2,
      "investment_value_score": 100,
      "total_investment_index": 84.0,
      "investment_rating": 1.134207466840744,
      "stability_score": 90,
      "investment_mark": "▲"
    },
    {
      "horse_number": 15,
      "name": "キャスパインパクト",
      "popularity": 11,
      "odds": 21.6,
      "mark": "△",
      "score": 123.13,
      "track_aptitude": 2,
      "total_points": 77.33642707313662,
      "detail_points": {
        "score": 43.04642707313662,
        "bias": 9.0,
        "pace": 8.28,
        "3f": 9.0,
        "margin": 6.0,
        "track": 2.0100000000000002
      },
      "avg_margin": 0.925,
      "race_name": "小倉4R",
      "pred_prob_won": 0.05863365903496742,
      "pred_prob_in_top2": 0.07358181327581406,
      "pred_prob_in_top3": 0.22524937987327576,
      "score_z": 0.18588001228228923,
      "上り3F平均": 35.8,
      "Ave-3F平均": 36.46,
      "PCI平均": 52.06,
      "-3F差平均": 0.77,
      "想定脚質": "中団",
      "track_bias_aptitude_score": 59.7,
      "investment_value_score": 34.7,
      "total_investment_index": 44.0,
      "investment_rating": 1.0731577560305596,
      "stability_score": 75,
      "investment_mark": "▲"
    },
    {
      "horse_number": 18,
      "name": "リーティアコナル",
      "popularity": 2,
      "odds": 6.6,
      "mark": "○",
      "score": 132.12,
      "track_aptitude": 2,
      "total_points": 90.19934414767165,
      "detail_points": {
        "score": 46.189344147671655,
        "bias": 15.0,
        "pace": 12.0,
        "3f": 9.0,
        "margin": 6.0,
        "track": 2.0100000000000002
      },
      "avg_margin": 0.9285714285714286,
      "race_name": "小倉4R",
      "pred_prob_won": 0.15036448538303376,
      "pred_prob_in_top2": 0.14084784388542176,
      "pred_prob_in_top3": 0.4520080745220184,
      "score_z": 0.8730882276700019,
      "上り3F平均": 36.59,
      "Ave-3F平均": 37.18,
      "PCI平均": 51.77,
      "-3F差平均": 0.42,
      "想定脚質": "先行",
      "track_bias_aptitude_score": 94.5,
      "investment_value_score": 78.4,
      "total_investment_index": 81.8,
      "investment_rating": 1.0204218012094497,
      "stability_score": 75,
      "investment_mark": "△"
    },
    {
      "horse_number": 1,
      "name": "ポテチ",
      "popularity": 3,
      "odds": 7.3,
      "mark": "△",
      "score": 131.57,
      "track_aptitude": 0,
      "total_points": 73.99706334778352,
      "detail_points": {
        "score": 45.997063347783524,
        "bias": 3.0,
        "pace": 12.0,
        "3f": 5.0,
        "margin": 8.0,
        "track": 0.0
      },
      "avg_margin": 0.4583333333333333,
      "race_name": "小倉4R",
      "pred_prob_won": 0.1300633430480957,
      "pred_prob_in_top2": 0.12324681133031845,
      "pred_prob_in_top3": 0.3680026113986969,
      "score_z": 0.8310454558720877,
      "上り3F平均": 35.87,
      "Ave-3F平均": 37.49,
      "PCI平均": 54.53,
      "-3F差平均": 0.55,
      "想定脚質": "逃げ",
      "track_bias_aptitude_score": 15.5,
      "investment_value_score": 67.6,
      "total_investment_index": 51.6,
      "investment_rating": 0.9460084870457648,
      "stability_score": 90,
      "investment_mark": "△"
    },
    {
      "horse_number": 11,
      "name": "クラヴァンス",
      "popularity": 4,
      "odds": 9.3,
      "mark": "△",
      "score": 129.94,
      "track_aptitude": 1,
      "total_points": 76.69721297720598,
      "detail_points": {
        "score": 45.42721297720598,
        "bias": 9.0,
        "pace": 8.28,
        "3f": 9.0,
        "margin": 4.0,
        "track": 0.99
      },
      "avg_margin": 1.0333333333333334,
      "race_name": "小倉4R",
      "pred_prob_won": 0.09817407131195069,
      "pred_prob_in_top2": 0.12029552459716797,
      "pred_prob_in_top3": 0.32392550706863404,
      "score_z": 0.7064459685437264,
      "上り3F平均": 35.67,
      "Ave-3F平均": 37.07,
      "PCI平均": 54.0,
      "-3F差平均": 0.97,
      "想定脚質": "中団",
      "track_bias_aptitude_score": 54.2,
      "investment_value_score": 59.8,
      "total_investment_index": 58.3,
      "investment_rating": 0.9309169268608093,
      "stability_score": 60,
      "investment_mark": "☆"
    },
    {
      "horse_number": 3,
      "name": "サミダレナイツ",
      "popularity": 5,
      "odds": 9.7,
      "mark": "△",
      "score": 123.92,
      "track_aptitude": 0,
      "total_points": 75.60261222206685,
      "detail_points": {
        "score": 43.322612222066844,
        "bias": 9.0,
        "pace": 8.28,
        "3f": 9.0,
        "margin": 6.0,
        "track": 0.0
      },
      "avg_margin": 0.7,
      "race_name": "小倉4R",
      "pred_prob_won": 0.0590907447040081,
      "pred_prob_in_top2": 0.08171148598194122,
      "pred_prob_in_top3": 0.2256769597530365,
      "score_z": 0.24626872086474716,
      "上り3F平均": 36.28,
      "Ave-3F平均": 37.29,
      "PCI平均": 52.83,
      "-3F差平均": 0.7,
      "想定脚質": "中団",
      "track_bias_aptitude_score": 48.7,
      "investment_value_score": 48.1,
      "total_investment_index": 48.9,
      "investment_rating": 0.6316947749257088,
      "stability_score": 75,
      "investment_mark": "☆"
    },
    {
      "horse_number": 5,
      "name": "メイショウヨリキリ",
      "popularity": 10,
      "odds": 20.4,
      "mark": "×",
      "score": 120.76,
      "track_aptitude": 0,
      "total_points": 70.49787162634597,