{
  "horses": [
    {
      "horse_number": 10,
      "name": "エルオンセ",
      "popularity": 4,
      "odds": 7.3,
      "mark": "○",
      "score": 132.84,
      "track_aptitude": 0,
      "total_points": 87.6135262449529,
      "detail_points": {
        "score": 49.66352624495289,
        "bias": 10.95,
        "pace": 12.0,
        "3f": 9.0,
        "margin": 6.0,
        "track": 0.0
      },
      "avg_margin": 0.7,
      "race_name": "小倉7R",
      "pred_prob_won": 0.2139457255601883,
      "pred_prob_in_top2": 0.175398850440979,
      "pred_prob_in_top3": 0.5145692825317383,
      "score_z": 1.3191071730625545,
      "上り3F平均": 36.25,
      "Ave-3F平均": 35.89,
      "PCI平均": 49.05,
      "-3F差平均": 0.65,
      "想定脚質": "先行",
      "track_bias_aptitude_score": 53.2,
      "investment_value_score": 71.1,
      "total_investment_index": 65.8,
      "investment_rating": 1.6068202018737794,
      "stability_score": 75,
      "investment_mark": "◎"
    },
    {
      "horse_number": 1,
      "name": "ウチナータイム",
      "popularity": 6,
      "odds": 11.6,
      "mark": "▲",
      "score": 127.0,
      "track_aptitude": 0,
      "total_points": 83.810185434425,
      "detail_points": {
        "score": 47.480185434424996,
        "bias": 13.05,
        "pace": 8.28,
        "3f": 9.0,
        "margin": 6.0,
        "track": 0.0
      },
      "avg_margin": 1.0,
      "race_name": "小倉7R",
      "pred_prob_won": 0.1444326400756836,
      "pred_prob_in_top2": 0.13611507117748262,
      "pred_prob_in_top3": 0.4082877278327942,
      "score_z": 0.9327446432808318,
      "上り3F平均": 36.0,
      "Ave-3F平均": 35.7,
      "PCI平均": 49.2,
      "-3F差平均": 0.8,
      "想定脚質": "中団",
      "track_bias_aptitude_score": 79.6,
      "investment_value_score": 57.1,
      "total_investment_index": 64.7,
      "investment_rating": 1.541438639163971,
      "stability_score": 75,
      "investment_mark": "○"
    },
    {
      "horse_number": 5,
      "name": "スピードイエロー",
      "popularity": 10,
      "odds": 19.6,
      "mark": "△",
      "score": 121.25,
      "track_aptitude": 2,
      "total_points": 79.67049199940183,
      "detail_points": {
        "score": 45.33049199940182,
        "bias": 13.05,
        "pace": 8.28,
        "3f": 7.0,
        "margin": 4.0,
        "track": 2.0100000000000002
      },
      "avg_margin": 1.35,
      "race_name": "小倉7R",
      "pred_prob_won": 0.08235609531402588,
      "pred_prob_in_top2": 0.08726027756929397,
      "pred_prob_in_top3": 0.2782343506813049,
      "score_z": 0.5523363305676633,
      "上り3F平均": 36.03,
      "Ave-3F平均": 36.42,
      "PCI平均": 51.2,
      "-3F差平均": 1.5,
      "想定脚質": "中団",
      "track_bias_aptitude_score": 93.2,
      "investment_value_score": 39.0,
      "total_investment_index": 57.3,
      "investment_rating": 1.3032873249053956,
      "stability_score": 60,
      "investment_mark": "▲"
    },
    {
      "horse_number": 4,
      "name": "ジェルブロア",
      "popularity": 2,
      "odds": 6.2,
      "mark": "▲",
      "score": 131.39,
      "track_aptitude": 3,
      "total_points": 86.45142963959921,
      "detail_points": {
        "score": 49.121429639599214,
        "bias": 13.05,
        "pace": 8.28,
        "3f": 7.0,
        "margin": 6.0,
        "track": 3.0
      },
      "avg_margin": 0.6,
      "race_name": "小倉7R",
      "pred_prob_won": 0.18809747695922852,
      "pred_prob_in_top2": 0.16839050650596618,
      "pred_prob_in_top3": 0.49809556603431704,
      "score_z": 1.2231781202914065,
      "上り3F平均": 34.7,
      "Ave-3F平均": 36.42,
      "PCI平均": 55.0,
      "-3F差平均": 1.1,
      "想定脚質": "中団",
      "track_bias_aptitude_score": 100,
      "investment_value_score": 83.3,
      "total_investment_index": 87.0,
      "investment_rating": 1.0946675848960876,
      "stability_score": 75,
      "investment_mark": "▲"
    },
    {
      "horse_number": 11,
      "name": "エンスエーニョ",
      "popularity": 1,
      "odds": 5.3,
      "mark": "◎",
      "score": 133.74,
      "track_aptitude": 1,
      "total_points": 90.94,
      "detail_points": {
        "score": 50.0,
        "bias": 10.95,
        "pace": 12.0,
        "3f": 9.0,
        "margin": 8.0,
        "track": 0.99
      },
      "avg_margin": 0.39,
      "race_name": "小倉7R",
      "pred_prob_won": 0.22998786866664886,
      "pred_prob_in_top2": 0.1919871300458908,
      "pred_prob_in_top3": 0.5624328970909118,
      "score_z": 1.3786493437480942,
      "上り3F平均": 35.46,
      "Ave-3F平均": 37.35,
      "PCI平均": 55.46,
      "-3F差平均": 0.45,
      "想定脚質": "先行",
      "track_bias_aptitude_score": 60.0,
      "investment_value_score": 100,
      "total_investment_index": 85.3,
      "investment_rating": 1.0154740184545517,
      "stability_score": 90,
      "investment_mark": "△"
    },
    {
      "horse_number": 6,
      "name": "ダノンブランニュー",
      "popularity": 3,
      "odds": 7.2,
      "mark": "△",
      "score": 125.77,
      "track_aptitude": 0,
      "total_points": 83.35033796919396,
      "detail_points": {
        "score": 47.02033796919395,
        "bias": 13.05,
        "pace": 8.28,
        "3f": 9.0,
        "margin": 6.0,
        "track": 0.0
      },
      "avg_margin": 0.7583333333333333,
      "race_name": "小倉7R",
      "pred_prob_won": 0.12810452580451964,
      "pred_prob_in_top2": 0.12832644879817962,
      "pred_prob_in_top3": 0.3677500247955322,
      "score_z": 0.8513703433439277,
      "上り3F平均": 36.95,
      "Ave-3F平均": 35.34,
      "PCI平均": 45.87,
      "-3F差平均": 0.5,
      "想定脚質": "中団",
      "track_bias_aptitude_score": 79.6,
      "investment_value_score": 67.9,
      "total_investment_index": 71.0,
      "investment_rating": 0.8819625830650328,
      "stability_score": 75,
      "investment_mark": "△"
    },
    {
      "horse_number": 8,
      "name": "キャスパインパクト",
      "popularity": 11,
      "odds": 20.2,
      "mark": "△",
      "score": 115.35,
      "track_aptitude": 2,
      "total_points": 81.46471960520412,
      "detail_points": {
        "score": 43.12471960520412,
        "bias": 13.05,
        "pace": 8.28,
        "3f": 9.0,
        "margin": 6.0,
        "track": 2.0100000000000002
      },
      "avg_margin": 0.9714285714285714,
      "race_name": "小倉7R",
      "pred_prob_won": 0.045392175763845445,
      "pred_prob_in_top2": 0.06017027646303177,
      "pred_prob_in_top3": 0.1742924928665161,
      "score_z": 0.16200432274023782,
      "上り3F平均": 35.67,
      "Ave-3F平均": 36.51,
      "PCI平均": 52.57,
      "-3F差平均": 0.83,
      "想定脚質": "中団",
      "track_bias_aptitude_score": 93.2,
      "investment_value_score": 27.6,
      "total_investment_index": 49.8,
      "investment_rating": 0.6007668197154998,
      "stability_score": 75,
      "investment_mark": "☆"
    },
    {
      "horse_number": 14,
      "name": "ショウナンアイバ",
      "popularity": 13,
      "odds": 40.4,
      "mark": "消",
      "score": 113.15,
      "track_aptitude": 2,
      "total_points": 66.59222820397787,
      "detail_points": {
        "score": 42.30222820397786,
        "bias": 3.0,
        "pace": 8.28,
        "3f": 9.0,
        "margin": 2.0,
        "track": 2.0100000000000002
      },
      "avg_margin": 2.05,
      "race_name": "小倉7R",
      "pred_prob_won": 0.03166062571108341,
      "pred_prob_in_top2": 0.05058303996920586,
      "pred_prob_in_top3": 0.14139803647994995,
      "score_z": 0.016456794397808887,
      "上り3F平均": 35.7,
      "Ave-3F平均": 36.7,
      "PCI平均": 52.85,
      "-3F差平均": 2.8,
      "想定脚質": "後方",
      "track_bias_aptitude_score": 16.9,
      "investment_value_score": 20.7,
      "total_investment_index": 22.5,
      "investment_rating": 0.40137262284755704,
      "stability_score": 45,
      "investment_mark": "☆"
    },
    {
      "horse_number": 16,
      "name": "フェブルアーリア",
      "popularity": 9,
      "odds": 16.7,
      "mark": "△",
      "score": 113.42,
      "track_aptitude": 2,
      "total_points": 78.743170330492,
      "detail_points": {
        "score": 42.403170330491996,
        "bias": 13.05,