{
  "horses": [
    {
      "horse_number": 1,
      "name": "マトラコーニッシュ",
      "popularity": 3,
      "odds": 4.4,
      "mark": "◎",
      "score": 140.87,
      "track_aptitude": 2,
      "total_points": 91.96000000000001,
      "detail_points": {
        "score": 50.0,
        "bias": 10.95,
        "pace": 12.0,
        "3f": 9.0,
        "margin": 8.0,
        "track": 2.0100000000000002
      },
      "avg_margin": 0.2333333333333333,
      "race_name": "小倉8R",
      "pred_prob_won": 0.2527583330869675,
      "pred_prob_in_top2": 0.189763343334198,
      "pred_prob_in_top3": 0.576912772655487,
      "score_z": 1.465393676042251,
      "上り3F平均": 34.67,
      "Ave-3F平均": 36.87,
      "PCI平均": 56.4,
      "-3F差平均": 0.67,
      "想定脚質": "中団",
      "track_bias_aptitude_score": 91.7,
      "investment_value_score": 77.9,
      "total_investment_index": 81.7,
      "investment_rating": 1.4557316201925277,
      "stability_score": 90,
      "investment_mark": "◎"
    },
    {
      "horse_number": 3,
      "name": "サラダ",
      "popularity": 6,
      "odds": 9.6,
      "mark": "▲",
      "score": 128.84,
      "track_aptitude": 1,
      "total_points": 84.67010577127847,
      "detail_points": {
        "score": 45.73010577127848,
        "bias": 10.95,
        "pace": 12.0,
        "3f": 9.0,
        "margin": 6.0,
        "track": 0.99
      },
      "avg_margin": 0.73,
      "race_name": "小倉8R",
      "pred_prob_won": 0.1018736943602562,
      "pred_prob_in_top2": 0.10914162546396255,
      "pred_prob_in_top3": 0.3201328754425049,
      "score_z": 0.5076772680024688,
      "上り3F平均": 36.13,
      "Ave-3F平均": 37.28,
      "PCI平均": 53.3,
      "-3F差平均": 0.87,
      "想定脚質": "中団",
      "track_bias_aptitude_score": 83.3,
      "investment_value_score": 46.7,
      "total_investment_index": 58.9,
      "investment_rating": 0.8967042398452759,
      "stability_score": 75,
      "investment_mark": "○"
    },
    {
      "horse_number": 7,
      "name": "サタデーサンライズ",
      "popularity": 1,
      "odds": 3.9,
      "mark": "○",
      "score": 139.48,
      "track_aptitude": 2,
      "total_points": 85.51663732519344,
      "detail_points": {
        "score": 49.50663732519344,
        "bias": 9.0,
        "pace": 12.0,
        "3f": 7.0,
        "margin": 6.0,
        "track": 2.0100000000000002
      },
      "avg_margin": 0.5700000000000001,
      "race_name": "小倉8R",
      "pred_prob_won": 0.23178865313529967,
      "pred_prob_in_top2": 0.19176398515701293,
      "pred_prob_in_top3": 0.5563677191734314,
      "score_z": 1.354734839203073,
      "上り3F平均": 35.14,
      "Ave-3F平均": 37.12,
      "PCI平均": 55.68,
      "-3F差平均": 0.28,
      "想定脚質": "先行",
      "track_bias_aptitude_score": 73.5,
      "investment_value_score": 100,
      "total_investment_index": 89.3,
      "investment_rating": 0.86873768389225,
      "stability_score": 75,
      "investment_mark": "▲"
    },
    {
      "horse_number": 9,
      "name": "サイレントグルーヴ",
      "popularity": 5,
      "odds": 8.5,
      "mark": "▲",
      "score": 129.14,
      "track_aptitude": 2,
      "total_points": 83.84658692411443,
      "detail_points": {
        "score": 45.83658692411443,
        "bias": 9.0,
        "pace": 12.0,
        "3f": 9.0,
        "margin": 6.0,
        "track": 2.0100000000000002
      },
      "avg_margin": 0.93,
      "race_name": "小倉8R",
      "pred_prob_won": 0.10236887186765671,
      "pred_prob_in_top2": 0.1023088350892067,
      "pred_prob_in_top3": 0.32190563082695006,
      "score_z": 0.5315604701979733,
      "上り3F平均": 36.16,
      "Ave-3F平均": 36.93,
      "PCI平均": 52.26,
      "-3F差平均": 0.5,
      "想定脚質": "先行",
      "track_bias_aptitude_score": 73.5,
      "investment_value_score": 50.6,
      "total_investment_index": 58.3,
      "investment_rating": 0.7790517464280129,
      "stability_score": 75,
      "investment_mark": "△"
    },
    {
      "horse_number": 2,
      "name": "ブルーミングローズ",
      "popularity": 7,
      "odds": 11.8,
      "mark": "△",
      "score": 122.32,
      "track_aptitude": 0,
      "total_points": 79.4159153829772,
      "detail_points": {
        "score": 43.41591538297721,
        "bias": 9.0,
        "pace": 12.0,
        "3f": 9.0,
        "margin": 6.0,
        "track": 0.0
      },
      "avg_margin": 0.925,
      "race_name": "小倉8R",
      "pred_prob_won": 0.04341587871313095,
      "pred_prob_in_top2": 0.0621664360165596,
      "pred_prob_in_top3": 0.18252311646938324,
      "score_z": -0.011384326379857814,
      "上り3F平均": 35.35,
      "Ave-3F平均": 35.82,
      "PCI平均": 51.35,
      "-3F差平均": 0.38,
      "想定脚質": "先行",
      "track_bias_aptitude_score": 56.8,
      "investment_value_score": 30.6,
      "total_investment_index": 40.4,
      "investment_rating": 0.21776023134589195,
      "stability_score": 75,
      "investment_mark": "☆"
    },
    {
      "horse_number": 10,
      "name": "オリバナム",
      "popularity": 4,
      "odds": 7.1,
      "mark": "△",
      "score": 124.59,
      "track_aptitude": 0,
      "total_points": 78.22162277276922,
      "detail_points": {
        "score": 44.22162277276922,
        "bias": 9.0,
        "pace": 12.0,
        "3f": 9.0,
        "margin": 4.0,
        "track": 0.0
      },
      "avg_margin": 1.15,
      "race_name": "小倉8R",
      "pred_prob_won": 0.0545021653175354,
      "pred_prob_in_top2": 0.0728827990591526,
      "pred_prob_in_top3": 0.2155622661113739,
      "score_z": 0.1693319035661368,
      "上り3F平均": 37.65,
      "Ave-3F平均": 35.88,
      "PCI平均": 45.95,
      "-3F差平均": 0.3,
      "想定脚質": "先行",
      "track_bias_aptitude_score": 56.8,
      "investment_value_score": 45.5,
      "total_investment_index": 49.6,
      "investment_rating": 0.20536151766777044,
      "stability_score": 60,
      "investment_mark": "☆"
    },
    {
      "horse_number": 6,
      "name": "マハナ",
      "popularity": 9,
      "odds": 34.0,
      "mark": "△",
      "score": 116.68,
      "track_aptitude": 2,
      "total_points": 77.3740697096614,
      "detail_points": {
        "score": 41.41406970966139,
        "bias": 10.95,
        "pace": 12.0,
        "3f": 7.0,
        "margin": 4.0,
        "track": 2.0100000000000002
      },
      "avg_margin": 1.1600000000000001,
      "race_name": "小倉8R",
      "pred_prob_won": 0.03247030377388001,
      "pred_prob_in_top2": 0.04484550654888153,
      "pred_prob_in_top3": 0.13563591241836548,
      "score_z": -0.46038852765536553,
      "上り3F平均": 35.82,
      "Ave-3F平均": 36.91,
      "PCI平均": 53.13,
      "-3F差平均": 1.11,
      "想定脚質": "中団",
      "track_bias_aptitude_score": 91.7,
      "investment_value_score": 18.9,
      "total_investment_index": 43.1,
      "investment_rating": -0.007330408692359902,
      "stability_score": 60,
      "investment_mark": "××"
    },
    {
      "horse_number": 4,
      "name": "ルージュサリナス",
      "popularity": 8,
      "odds": 26.4,
      "mark": "△",
      "score": 108.8,
      "track_aptitude": 2,
      "total_points": 76.57716476183715,
      "detail_points": {
        "score": 38.61716476183715,
        "bias": 10.95,
        "pace": 12.0,
        "3f": 9.0,
        "margin": 4.0,
        "track": 2.0100000000000002
      },
      "avg_margin": 1.73125,
      "race_name": "小倉8R",
      "pred_prob_won": 0.01981968842446804,
      "pred_prob_in_top2": 0.02216319888830185,
      "pred_prob_in_top3": 0.08400969803333283,
      "score_z": -1.0877206386573184,
      "上り3F平均": 36.65,
      "Ave-3F平均": 36.97,
      "PCI平均": 51.36,
      "-3F差平均": 0.83,
      "想定脚質": "中団",
      "track_bias_aptitude_score": 91.7,
      "investment_value_score": 10.8,
      "total_investment_index": 37.2,
      "investment_rating": -0.3623379325866699,
      "stability_score": 60,
      "investment_mark": "××"
    },
    {
      "horse_number": 8,
      "name": "モルティフレーバー",
      "popularity": 2,
      "odds": 4.2,
      "mark": "消",
      "score": 106.35,
      "track_aptitude": 2,
      "total_points": 58.037568680343576,