{
  "horses": [
    {
      "horse_number": 4,
      "name": "ミルテンベルク",
      "popularity": 4,
      "odds": 6.5,
      "mark": "○",
      "score": 112.78,
      "track_aptitude": 0,
      "total_points": 87.95,
      "detail_points": {
        "score": 50.0,
        "bias": 10.95,
        "pace": 12.0,
        "3f": 9.0,
        "margin": 6.0,
        "track": 0.0
      },
      "avg_margin": 0.5833333333333334,
      "race_name": "小倉11R",
      "pred_prob_won": 0.23449577391147614,
      "pred_prob_in_top2": 0.16028864085674285,
      "pred_prob_in_top3": 0.5144572854042053,
      "score_z": 1.7808585114684568,
      "上り3F平均": 34.6,
      "Ave-3F平均": 34.88,
      "PCI平均": 50.84,
      "-3F差平均": 0.91,
      "想定脚質": "中団",
      "track_bias_aptitude_score": 57.0,
      "investment_value_score": 75.0,
      "total_investment_index": 70.1,
      "investment_rating": 1.5335520058870316,
      "stability_score": 75,
      "investment_mark": "◎"
    },
    {
      "horse_number": 11,
      "name": "トールキン",
      "popularity": 5,
      "odds": 10.9,
      "mark": "▲",
      "score": 102.53,
      "track_aptitude": 1,
      "total_points": 86.39575456641248,
      "detail_points": {
        "score": 45.45575456641248,
        "bias": 10.95,
        "pace": 12.0,
        "3f": 9.0,
        "margin": 8.0,
        "track": 0.99
      },
      "avg_margin": 0.48500000000000004,
      "race_name": "小倉11R",
      "pred_prob_won": 0.09476820677518845,
      "pred_prob_in_top2": 0.0973738506436348,
      "pred_prob_in_top3": 0.2978790283203125,
      "score_z": 0.6850404710474364,
      "上り3F平均": 34.8,
      "Ave-3F平均": 34.61,
      "PCI平均": 49.53,
      "-3F差平均": 0.75,
      "想定脚質": "中団",
      "track_bias_aptitude_score": 65.3,
      "investment_value_score": 53.7,
      "total_investment_index": 58.0,
      "investment_rating": 0.7702435302734375,
      "stability_score": 90,
      "investment_mark": "○"
    },
    {
      "horse_number": 5,
      "name": "レッドエヴァンス",
      "popularity": 1,
      "odds": 3.3,
      "mark": "◎",
      "score": 108.4,
      "track_aptitude": 0,
      "total_points": 90.10816634154992,
      "detail_points": {
        "score": 48.05816634154992,
        "bias": 13.05,
        "pace": 12.0,
        "3f": 9.0,
        "margin": 8.0,
        "track": 0.0
      },
      "avg_margin": 0.32,
      "race_name": "小倉11R",
      "pred_prob_won": 0.18266772031784057,
      "pred_prob_in_top2": 0.15739564299583436,
      "pred_prob_in_top3": 0.4678738534450531,
      "score_z": 1.3125967537080603,
      "上り3F平均": 34.73,
      "Ave-3F平均": 34.71,
      "PCI平均": 50.01,
      "-3F差平均": 0.57,
      "想定脚質": "先行",
      "track_bias_aptitude_score": 74.9,
      "investment_value_score": 100,
      "total_investment_index": 89.7,
      "investment_rating": 0.7228972482681275,
      "stability_score": 90,
      "investment_mark": "△"
    },
    {
      "horse_number": 3,
      "name": "ヤマニンアンフィル",
      "popularity": 2,
      "odds": 6.0,
      "mark": "▲",
      "score": 104.52,
      "track_aptitude": 0,
      "total_points": 86.28800319205533,
      "detail_points": {
        "score": 46.338003192055325,
        "bias": 10.95,
        "pace": 12.0,
        "3f": 9.0,
        "margin": 8.0,
        "track": 0.0
      },
      "avg_margin": 0.43499999999999994,
      "race_name": "小倉11R",
      "pred_prob_won": 0.10752984136343002,
      "pred_prob_in_top2": 0.1117840901017189,
      "pred_prob_in_top3": 0.33144859671592714,
      "score_z": 0.8977895345047852,
      "上り3F平均": 34.2,
      "Ave-3F平均": 34.75,
      "PCI平均": 51.64,
      "-3F差平均": 0.91,
      "想定脚質": "中団",
      "track_bias_aptitude_score": 57.0,
      "investment_value_score": 75.8,
      "total_investment_index": 69.1,
      "investment_rating": 0.527773360311985,
      "stability_score": 90,
      "investment_mark": "△"
    },
    {
      "horse_number": 2,
      "name": "トーホウディアス",
      "popularity": 10,
      "odds": 19.4,
      "mark": "△",
      "score": 95.9,
      "track_aptitude": 0,
      "total_points": 82.4664036176627,
      "detail_points": {
        "score": 42.516403617662704,
        "bias": 10.95,
        "pace": 12.0,
        "3f": 9.0,
        "margin": 8.0,
        "track": 0.0
      },
      "avg_margin": 0.3549999999999999,
      "race_name": "小倉11R",
      "pred_prob_won": 0.031112799793481825,
      "pred_prob_in_top2": 0.05364577546715736,
      "pred_prob_in_top3": 0.13731307089328765,
      "score_z": -0.023766710220013365,
      "上り3F平均": 34.34,
      "Ave-3F平均": 34.8,
      "PCI平均": 51.42,
      "-3F差平均": 0.72,
      "想定脚質": "中団",
      "track_bias_aptitude_score": 57.0,
      "investment_value_score": 22.1,
      "total_investment_index": 35.3,
      "investment_rating": 0.15925107106566427,
      "stability_score": 90,
      "investment_mark": "☆"
    },
    {
      "horse_number": 8,
      "name": "メイショウウネビ",
      "popularity": 9,
      "odds": 17.5,
      "mark": "×",
      "score": 98.32,
      "track_aptitude": 0,
      "total_points": 69.81928888100727,
      "detail_points": {
        "score": 43.58928888100726,
        "bias": 4.95,
        "pace": 8.28,
        "3f": 7.0,
        "margin": 6.0,
        "track": 0.0
      },
      "avg_margin": 0.655,
      "race_name": "小倉11R",
      "pred_prob_won": 0.032799186557531355,
      "pred_prob_in_top2": 0.05207734704017639,
      "pred_prob_in_top3": 0.13569701611995696,
      "score_z": 0.23495325639646036,
      "上り3F平均": 34.53,
      "Ave-3F平均": 36.59,
      "PCI平均": 56.02,
      "-3F差平均": 0.7,
      "想定脚質": "後方",
      "track_bias_aptitude_score": 8.5,
      "investment_value_score": 24.7,
      "total_investment_index": 22.8,
      "investment_rating": 0.12273970961570724,
      "stability_score": 75,
      "investment_mark": "☆"
    },
    {
      "horse_number": 9,
      "name": "パクスロマーナ",
      "popularity": 8,
      "odds": 14.2,
      "mark": "△",
      "score": 94.77,
      "track_aptitude": 0,
      "total_points": 82.0654282674233,
      "detail_points": {
        "score": 42.015428267423296,
        "bias": 13.05,
        "pace": 12.0,
        "3f": 9.0,
        "margin": 6.0,
        "track": 0.0
      },
      "avg_margin": 0.7699999999999999,
      "race_name": "小倉11R",
      "pred_prob_won": 0.029061750695109367,
      "pred_prob_in_top2": 0.050599587708711626,
      "pred_prob_in_top3": 0.12783035188913344,
      "score_z": -0.14457396735911227,
      "上り3F平均": 35.72,
      "Ave-3F平均": 34.73,
      "PCI平均": 47.28,
      "-3F差平均": 0.63,
      "想定脚質": "先行",
      "track_bias_aptitude_score": 74.9,
      "investment_value_score": 24.6,
      "total_investment_index": 42.0,
      "investment_rating": 0.048939699307084084,
      "stability_score": 75,
      "investment_mark": "×"
    },
    {
      "horse_number": 1,
      "name": "エイムインライフ",
      "popularity": 3,
      "odds": 6.4,
      "mark": "消",
      "score": 96.58,
      "track_aptitude": 0,
      "total_points": 67.04787550984217,
      "detail_points": {
        "score": 42.81787550984217,
        "bias": 4.95,
        "pace": 8.28,
        "3f": 5.0,
        "margin": 6.0,
        "track": 0.0
      },
      "avg_margin": 0.9,
      "race_name": "小倉11R",
      "pred_prob_won": 0.02436898909509182,
      "pred_prob_in_top2": 0.04111824557185173,
      "pred_prob_in_top3": 0.11351902037858963,
      "score_z": 0.048931462217673055,
      "上り3F平均": 36.36,
      "Ave-3F平均": 34.75,
      "PCI平均": 45.65,
      "-3F差平均": 0.77,
      "想定脚質": "逃げ",
      "track_bias_aptitude_score": 1,
      "investment_value_score": 41.9,
      "total_investment_index": 30.5,
      "investment_rating": -0.1026834286749363,
      "stability_score": 75,
      "investment_mark": "××"
    },
    {
      "horse_number": 10,
      "name": "ショウナンマッハ",
      "popularity": 13,
      "odds": 65.9,
      "mark": "△",
      "score": 89.07,
      "track_aptitude": 2,
      "total_points": 79.44838446533073,