{
  "horses": [
    {
      "horse_number": 2,
      "name": "ベルビースタローン",
      "popularity": 2,
      "odds": 7.2,
      "mark": "◎",
      "score": 115.45,
      "track_aptitude": 0,
      "total_points": 88.05,
      "detail_points": {
        "score": 50.0,
        "bias": 13.05,
        "pace": 12.0,
        "3f": 7.0,
        "margin": 6.0,
        "track": 0.0
      },
      "avg_margin": 0.6428571428571429,
      "race_name": "小倉9R",
      "pred_prob_won": 0.1936144769191742,
      "pred_prob_in_top2": 0.15014602690935136,
      "pred_prob_in_top3": 0.47802063822746277,
      "score_z": 1.246757297594199,
      "上り3F平均": 35.91,
      "Ave-3F平均": 34.99,
      "PCI平均": 47.6,
      "-3F差平均": 0.15,
      "想定脚質": "先行",
      "track_bias_aptitude_score": 75.1,
      "investment_value_score": 88.2,
      "total_investment_index": 82.5,
      "investment_rating": 0.8296660423278809,
      "stability_score": 75,
      "investment_mark": "◎"
    },
    {
      "horse_number": 4,
      "name": "アーリントンロウ",
      "popularity": 1,
      "odds": 1.4,
      "mark": "○",
      "score": 111.62,
      "track_aptitude": 0,
      "total_points": 76.67127327847552,
      "detail_points": {
        "score": 48.34127327847553,
        "bias": 7.05,
        "pace": 8.28,
        "3f": 7.0,
        "margin": 6.0,
        "track": 0.0
      },
      "avg_margin": 0.86,
      "race_name": "小倉9R",
      "pred_prob_won": 0.13493997156620025,
      "pred_prob_in_top2": 0.13403903543949128,
      "pred_prob_in_top3": 0.39635405540466306,
      "score_z": 0.9491749684029063,
      "上り3F平均": 35.56,
      "Ave-3F平均": 35.27,
      "PCI平均": 49.46,
      "-3F差平均": 0.3,
      "想定脚質": "逃げ",
      "track_bias_aptitude_score": 25.4,
      "investment_value_score": 100,
      "total_investment_index": 74.2,
      "investment_rating": 0.4003382468223572,
      "stability_score": 75,
      "investment_mark": "○"
    },
    {
      "horse_number": 5,
      "name": "コウセキ",
      "popularity": 3,
      "odds": 8.7,
      "mark": "▲",
      "score": 107.68,
      "track_aptitude": 0,
      "total_points": 74.96490688609788,
      "detail_points": {
        "score": 46.63490688609788,
        "bias": 7.05,
        "pace": 8.28,
        "3f": 5.0,
        "margin": 8.0,
        "track": 0.0
      },
      "avg_margin": 0.25,
      "race_name": "小倉9R",
      "pred_prob_won": 0.0865560680627823,
      "pred_prob_in_top2": 0.09501315206289292,
      "pred_prob_in_top3": 0.2789081871509552,
      "score_z": 0.6430458882426732,
      "上り3F平均": 34.95,
      "Ave-3F平均": 35.05,
      "PCI平均": 50.35,
      "-3F差平均": 0.6,
      "想定脚質": "逃げ",
      "track_bias_aptitude_score": 25.4,
      "investment_value_score": 58.7,
      "total_investment_index": 48.9,
      "investment_rating": 0.2959057018160821,
      "stability_score": 90,
      "investment_mark": "△"
    },
    {
      "horse_number": 7,
      "name": "ヒーローインチーフ",
      "popularity": 4,
      "odds": 8.7,
      "mark": "△",
      "score": 105.89,
      "track_aptitude": 0,
      "total_points": 72.13967951494153,
      "detail_points": {
        "score": 45.85967951494153,
        "bias": 3.0,
        "pace": 8.28,
        "3f": 9.0,
        "margin": 6.0,
        "track": 0.0
      },
      "avg_margin": 0.69,
      "race_name": "小倉9R",
      "pred_prob_won": 0.06995463445782661,
      "pred_prob_in_top2": 0.06999618709087371,
      "pred_prob_in_top3": 0.21241838335990906,
      "score_z": 0.503966940657186,
      "上り3F平均": 35.27,
      "Ave-3F平均": 35.75,
      "PCI平均": 51.43,
      "-3F差平均": 1.27,
      "想定脚質": "後方",
      "track_bias_aptitude_score": 1,
      "investment_value_score": 43.1,
      "total_investment_index": 32.0,
      "investment_rating": 0.11339904844760884,
      "stability_score": 75,
      "investment_mark": "△"
    },
    {
      "horse_number": 1,
      "name": "リーサムギニー",
      "popularity": 8,
      "odds": 28.8,
      "mark": "△",
      "score": 96.28,
      "track_aptitude": 0,
      "total_points": 72.0277046340407,
      "detail_points": {
        "score": 41.69770463404071,
        "bias": 7.05,
        "pace": 8.28,
        "3f": 7.0,
        "margin": 8.0,
        "track": 0.0
      },
      "avg_margin": 0.4699999999999999,
      "race_name": "小倉9R",
      "pred_prob_won": 0.02912871800363064,
      "pred_prob_in_top2": 0.04582108482718468,
      "pred_prob_in_top3": 0.1248753696680069,
      "score_z": -0.24270830308389063,
      "上り3F平均": 37.5,
      "Ave-3F平均": 35.6,
      "PCI平均": 44.9,
      "-3F差平均": 0.3,
      "想定脚質": "逃げ",
      "track_bias_aptitude_score": 25.4,
      "investment_value_score": 9.1,
      "total_investment_index": 17.7,
      "investment_rating": -0.1883100971579551,
      "stability_score": 90,
      "investment_mark": "××"
    },
    {
      "horse_number": 6,
      "name": "カフジキアッキエレ",
      "popularity": 5,
      "odds": 12.5,
      "mark": "▲",
      "score": 92.37,
      "track_aptitude": 0,
      "total_points": 76.05433087916848,
      "detail_points": {
        "score": 40.00433087916847,
        "bias": 13.05,
        "pace": 12.0,
        "3f": 7.0,
        "margin": 4.0,
        "track": 0.0
      },
      "avg_margin": 1.1350000000000002,
      "race_name": "小倉9R",
      "pred_prob_won": 0.03131906725466251,
      "pred_prob_in_top2": 0.037552130222320554,
      "pred_prob_in_top3": 0.13165251761674882,
      "score_z": -0.5465064511616854,
      "上り3F平均": 35.07,
      "Ave-3F平均": 35.55,
      "PCI平均": 51.84,
      "-3F差平均": 1.15,
      "想定脚質": "中団",
      "track_bias_aptitude_score": 73.4,
      "investment_value_score": 20.6,
      "total_investment_index": 38.5,
      "investment_rating": -0.21148528955876822,
      "stability_score": 60,
      "investment_mark": "××"
    },
    {
      "horse_number": 3,
      "name": "ウインラウダ",
      "popularity": 7,
      "odds": 28.1,
      "mark": "△",
      "score": 87.6,
      "track_aptitude": 0,
      "total_points": 73.9885015158077,
      "detail_points": {
        "score": 37.9385015158077,
        "bias": 13.05,
        "pace": 12.0,
        "3f": 7.0,
        "margin": 4.0,
        "track": 0.0
      },
      "avg_margin": 1.75,
      "race_name": "小倉9R",
      "pred_prob_won": 0.0165270222350955,
      "pred_prob_in_top2": 0.027210133522748946,
      "pred_prob_in_top3": 0.08792864084243775,
      "score_z": -0.9171246522693798,
      "上り3F平均": 38.95,
      "Ave-3F平均": 37.7,
      "PCI平均": 46.81,
      "-3F差平均": 1.09,
      "想定脚質": "中団",
      "track_bias_aptitude_score": 73.4,
      "investment_value_score": 1.8,
      "total_investment_index": 26.6,
      "investment_rating": -0.42682458698749537,
      "stability_score": 60,
      "investment_mark": "××"
    },
    {
      "horse_number": 8,
      "name": "サニーサルサ",
      "popularity": 6,
      "odds": 16.1,
      "mark": "△",
      "score": 78.34,
      "track_aptitude": 0,
      "total_points": 71.97810740580337,
      "detail_points": {
        "score": 33.928107405803374,
        "bias": 13.05,
        "pace": 12.0,
        "3f": 9.0,
        "margin": 4.0,
        "track": 0.0
      },
      "avg_margin": 1.5999999999999999,
      "race_name": "小倉9R",
      "pred_prob_won": 0.0234522245824337,
      "pred_prob_in_top2": 0.025744931399822236,
      "pred_prob_in_top3": 0.08045117110013962,
      "score_z": -1.6366056883820086,
      "上り3F平均": 36.97,
      "Ave-3F平均": 35.62,
      "PCI平均": 46.63,
      "-3F差平均": 0.66,
      "想定脚質": "中団",
      "track_bias_aptitude_score": 73.4,
      "investment_value_score": 1,
      "total_investment_index": 24.9,
      "investment_rating": -0.46556367605924603,
      "stability_score": 60,
      "investment_mark": "××"
    }
  ]
}