{
  "horses": [
    {
      "horse_number": 7,
      "name": "ダイシンヨーク",
      "popularity": 6,
      "odds": 13.6,
      "mark": "▲",
      "score": 49.16,
      "track_aptitude": 0,
      "total_points": 68.77028132992328,
      "detail_points": {
        "score": 39.290281329923275,
        "bias": 9.0,
        "pace": 6.48,
        "3f": 4.0,
        "margin": 10.0,
        "track": 0.0
      },
      "avg_margin": 0.0,
      "race_name": "小倉5R",
      "pred_prob_won": 0.09559484422206879,
      "pred_prob_in_top2": 0.07456742376089096,
      "pred_prob_in_top3": 0.32188326120376587,
      "score_z": -0.13870683278967608,
      "上り3F平均": 0,
      "Ave-3F平均": 0,
      "PCI平均": 0,
      "-3F差平均": 0,
      "想定脚質": "不明",
      "track_bias_aptitude_score": null,
      "investment_value_score": 36.3,
      "total_investment_index": null,
      "investment_rating": 0.8381696105003357,
      "stability_score": 90,
      "investment_mark": "◎"
    },
    {
      "horse_number": 8,
      "name": "カシノプロスペリテ",
      "popularity": 8,
      "odds": 83.7,
      "mark": "△",
      "score": 39.78,
      "track_aptitude": 0,
      "total_points": 61.27347826086957,
      "detail_points": {
        "score": 31.793478260869566,
        "bias": 9.0,
        "pace": 6.48,
        "3f": 4.0,
        "margin": 10.0,
        "track": 0.0
      },
      "avg_margin": 0.0,
      "race_name": "小倉5R",
      "pred_prob_won": 0.16887639611959457,
      "pred_prob_in_top2": 0.02694283090531826,
      "pred_prob_in_top3": 0.274873885512352,
      "score_z": -1.2008048667220512,
      "上り3F平均": 0,
      "Ave-3F平均": 0,
      "PCI平均": 0,
      "-3F差平均": 0,
      "想定脚質": "不明",
      "track_bias_aptitude_score": null,
      "investment_value_score": 21.2,
      "total_investment_index": null,
      "investment_rating": 0.7866802558302879,
      "stability_score": 90,
      "investment_mark": "○"
    },
    {
      "horse_number": 1,
      "name": "キャンディード",
      "popularity": 2,
      "odds": 2.5,
      "mark": "○",
      "score": 62.34,
      "track_aptitude": 0,
      "total_points": 79.30416879795396,
      "detail_points": {
        "score": 49.824168797953966,
        "bias": 9.0,
        "pace": 6.48,
        "3f": 4.0,
        "margin": 10.0,
        "track": 0.0
      },
      "avg_margin": 0.0,
      "race_name": "小倉5R",
      "pred_prob_won": 0.16525486707687378,
      "pred_prob_in_top2": 0.15151364207267762,
      "pred_prob_in_top3": 0.4366519212722778,
      "score_z": 1.3536654579596543,
      "上り3F平均": 0,
      "Ave-3F平均": 0,
      "PCI平均": 0,
      "-3F差平均": 0,
      "想定脚質": "不明",
      "track_bias_aptitude_score": null,
      "investment_value_score": 80.0,
      "total_investment_index": null,
      "investment_rating": 0.6972861480712891,
      "stability_score": 90,
      "investment_mark": "△"
    },
    {
      "horse_number": 3,
      "name": "ゴールドヴィーナス",
      "popularity": 1,
      "odds": 2.3,
      "mark": "◎",
      "score": 62.56,
      "track_aptitude": 0,
      "total_points": 79.48,
      "detail_points": {
        "score": 50.0,
        "bias": 9.0,
        "pace": 6.48,
        "3f": 4.0,
        "margin": 10.0,
        "track": 0.0
      },
      "avg_margin": 0.0,
      "race_name": "小倉5R",
      "pred_prob_won": 0.1761038362979889,
      "pred_prob_in_top2": 0.1535284161567688,
      "pred_prob_in_top3": 0.4623170971870422,
      "score_z": 1.378576072828004,
      "上り3F平均": 0,
      "Ave-3F平均": 0,
      "PCI平均": 0,
      "-3F差平均": 0,
      "想定脚質": "不明",
      "track_bias_aptitude_score": null,
      "investment_value_score": 100,
      "total_investment_index": null,
      "investment_rating": 0.575140307545662,
      "stability_score": 90,
      "investment_mark": "△"
    },
    {
      "horse_number": 2,
      "name": "ジェイパック",
      "popularity": 4,
      "odds": 9.0,
      "mark": "▲",
      "score": 55.42,
      "track_aptitude": 0,
      "total_points": 73.77347826086957,
      "detail_points": {
        "score": 44.29347826086957,
        "bias": 9.0,
        "pace": 6.48,
        "3f": 4.0,
        "margin": 10.0,
        "track": 0.0
      },
      "avg_margin": 0.0,
      "race_name": "小倉5R",
      "pred_prob_won": 0.09619510769844056,
      "pred_prob_in_top2": 0.0943971797823906,
      "pred_prob_in_top3": 0.29932647943496704,
      "score_z": 0.5701133902824643,
      "上り3F平均": 0,
      "Ave-3F平均": 0,
      "PCI平均": 0,
      "-3F差平均": 0,
      "想定脚質": "不明",
      "track_bias_aptitude_score": null,
      "investment_value_score": 48.0,
      "total_investment_index": null,
      "investment_rating": 0.48710386157035823,
      "stability_score": 90,
      "investment_mark": "☆"
    },
    {
      "horse_number": 4,
      "name": "ララクレアドルーン",
      "popularity": 5,
      "odds": 9.0,
      "mark": "△",
      "score": 46.13,
      "track_aptitude": 0,
      "total_points": 66.34860613810741,
      "detail_points": {
        "score": 36.86860613810742,
        "bias": 9.0,
        "pace": 6.48,
        "3f": 4.0,
        "margin": 10.0,
        "track": 0.0
      },
      "avg_margin": 0.0,
      "race_name": "小倉5R",
      "pred_prob_won": 0.053389094024896624,
      "pred_prob_in_top2": 0.13249763399362563,
      "pred_prob_in_top3": 0.20342969596385957,
      "score_z": -0.4817939375674044,
      "上り3F平均": 0,
      "Ave-3F平均": 0,
      "PCI平均": 0,
      "-3F差平均": 0,
      "想定脚質": "不明",
      "track_bias_aptitude_score": null,
      "investment_value_score": 28.2,
      "total_investment_index": null,
      "investment_rating": 0.13663402542471892,
      "stability_score": 90,
      "investment_mark": "☆"
    },
    {
      "horse_number": 5,
      "name": "ローズカリス",
      "popularity": 3,
      "odds": 8.3,
      "mark": "△",
      "score": 46.28,
      "track_aptitude": 0,
      "total_points": 66.46849104859335,
      "detail_points": {
        "score": 36.98849104859335,
        "bias": 9.0,
        "pace": 6.48,
        "3f": 4.0,
        "margin": 10.0,
        "track": 0.0
      },
      "avg_margin": 0.0,
      "race_name": "小倉5R",
      "pred_prob_won": 0.10105935633182525,
      "pred_prob_in_top2": 0.11233770251274108,
      "pred_prob_in_top3": 0.21559873223304749,
      "score_z": -0.46480942742989323,
      "上り3F平均": 0,
      "Ave-3F平均": 0,
      "PCI平均": 0,
      "-3F差平均": 0,
      "想定脚質": "不明",
      "track_bias_aptitude_score": null,
      "investment_value_score": 41.7,
      "total_investment_index": null,
      "investment_rating": 0.05849524587392807,
      "stability_score": 90,
      "investment_mark": "×"
    },
    {
      "horse_number": 6,
      "name": "カシノリアーナ",
      "popularity": 7,
      "odds": 71.6,
      "mark": "△",
      "score": 41.41,
      "track_aptitude": 0,
      "total_points": 62.57622762148337,
      "detail_points": {
        "score": 33.09622762148337,
        "bias": 9.0,
        "pace": 6.48,
        "3f": 4.0,
        "margin": 10.0,
        "track": 0.0
      },
      "avg_margin": 0.0,
      "race_name": "小倉5R",
      "pred_prob_won": 0.015557702071964741,
      "pred_prob_in_top2": 0.03317665085196495,
      "pred_prob_in_top3": 0.09338564574718475,
      "score_z": -1.0162398565610953,
      "上り3F平均": 0,
      "Ave-3F平均": 0,
      "PCI平均": 0,
      "-3F差平均": 0,
      "想定脚質": "不明",
      "track_bias_aptitude_score": null,
      "investment_value_score": 1,
      "total_investment_index": null,
      "investment_rating": -0.3943554078042506,
      "stability_score": 90,
      "investment_mark": "××"
    }
  ]
}