{
  "horses": [
    {
      "horse_number": 2,
      "name": "スピントロニクス",
      "popularity": 5,
      "odds": 12.0,
      "mark": "▲",
      "score": 154.5,
      "track_aptitude": 0,
      "total_points": 80.25,
      "detail_points": {
        "score": 50.0,
        "bias": 7.05,
        "pace": 10.2,
        "3f": 9.0,
        "margin": 4.0,
        "track": 0.0
      },
      "avg_margin": 1.52,
      "race_name": "小倉3R",
      "pred_prob_won": 0.1965383619070053,
      "pred_prob_in_top2": 0.1501634731888771,
      "pred_prob_in_top3": 0.49959479570388793,
      "score_z": 1.171013864926333,
      "上り3F平均": 39.26,
      "Ave-3F平均": 38.5,
      "PCI平均": 48.24,
      "-3F差平均": 0.5,
      "想定脚質": "中団",
      "track_bias_aptitude_score": 20.8,
      "investment_value_score": 66.2,
      "total_investment_index": 52.9,
      "investment_rating": 1.7731968408823013,
      "stability_score": 60,
      "investment_mark": "◎"
    },
    {
      "horse_number": 11,
      "name": "メイショウハリソン",
      "popularity": 4,
      "odds": 9.2,
      "mark": "▲",
      "score": 153.96,
      "track_aptitude": 2,
      "total_points": 84.08524271844661,
      "detail_points": {
        "score": 49.8252427184466,
        "bias": 7.05,
        "pace": 10.2,
        "3f": 9.0,
        "margin": 6.0,
        "track": 2.0100000000000002
      },
      "avg_margin": 0.7374999999999999,
      "race_name": "小倉3R",
      "pred_prob_won": 0.1843962103128433,
      "pred_prob_in_top2": 0.16076007783412932,
      "pred_prob_in_top3": 0.49733197689056396,
      "score_z": 1.1426582700916497,
      "上り3F平均": 36.73,
      "Ave-3F平均": 37.5,
      "PCI平均": 52.15,
      "-3F差平均": 0.75,
      "想定脚質": "中団",
      "track_bias_aptitude_score": 47.2,
      "investment_value_score": 70.5,
      "total_investment_index": 63.4,
      "investment_rating": 1.5395947098731995,
      "stability_score": 75,
      "investment_mark": "○"
    },
    {
      "horse_number": 7,
      "name": "サンライズロジャー",
      "popularity": 3,
      "odds": 7.3,
      "mark": "○",
      "score": 148.4,
      "track_aptitude": 2,
      "total_points": 84.18588996763755,
      "detail_points": {
        "score": 48.02588996763754,
        "bias": 10.95,
        "pace": 10.2,
        "3f": 9.0,
        "margin": 4.0,
        "track": 2.0100000000000002
      },
      "avg_margin": 1.4285714285714286,
      "race_name": "小倉3R",
      "pred_prob_won": 0.1707091897726059,
      "pred_prob_in_top2": 0.15239772498607634,
      "pred_prob_in_top3": 0.4704691648483276,
      "score_z": 0.8507006640160166,
      "上り3F平均": 37.2,
      "Ave-3F平均": 37.79,
      "PCI平均": 51.74,
      "-3F差平均": 0.54,
      "想定脚質": "先行",
      "track_bias_aptitude_score": 86.8,
      "investment_value_score": 73.6,
      "total_investment_index": 76.6,
      "investment_rating": 1.2260717022418974,
      "stability_score": 60,
      "investment_mark": "▲"
    },
    {
      "horse_number": 4,
      "name": "メイショウサノサ",
      "popularity": 8,
      "odds": 20.4,
      "mark": "△",
      "score": 139.45,
      "track_aptitude": 2,
      "total_points": 75.3894498381877,
      "detail_points": {
        "score": 45.129449838187696,
        "bias": 7.05,
        "pace": 10.2,
        "3f": 7.0,
        "margin": 4.0,
        "track": 2.0100000000000002
      },
      "avg_margin": 1.9600000000000002,
      "race_name": "小倉3R",
      "pred_prob_won": 0.07364417016506195,
      "pred_prob_in_top2": 0.10216709971427917,
      "pred_prob_in_top3": 0.2774681866168976,
      "score_z": 0.38073293481153453,
      "上り3F平均": 37.62,
      "Ave-3F平均": 37.33,
      "PCI平均": 49.42,
      "-3F差平均": 1.02,
      "想定脚質": "中団",
      "track_bias_aptitude_score": 47.2,
      "investment_value_score": 41.7,
      "total_investment_index": 44.8,
      "investment_rating": 1.0925559383630754,
      "stability_score": 60,
      "investment_mark": "▲"
    },
    {
      "horse_number": 1,
      "name": "ポテチ",
      "popularity": 1,
      "odds": 2.7,
      "mark": "◎",
      "score": 152.44,
      "track_aptitude": 2,
      "total_points": 87.49333333333334,
      "detail_points": {
        "score": 49.333333333333336,
        "bias": 10.95,
        "pace": 10.2,
        "3f": 9.0,
        "margin": 6.0,
        "track": 2.0100000000000002
      },
      "avg_margin": 0.54,
      "race_name": "小倉3R",
      "pred_prob_won": 0.21489498913288116,
      "pred_prob_in_top2": 0.16719953417778016,
      "pred_prob_in_top3": 0.5429245710372925,
      "score_z": 1.0628425216680948,
      "上り3F平均": 35.74,
      "Ave-3F平均": 37.3,
      "PCI平均": 54.4,
      "-3F差平均": 0.55,
      "想定脚質": "先行",
      "track_bias_aptitude_score": 86.8,
      "investment_value_score": 100,
      "total_investment_index": 92.8,
      "investment_rating": 0.9715802848339081,
      "stability_score": 75,
      "investment_mark": "△"
    },
    {
      "horse_number": 6,
      "name": "ランスオブフェイス",
      "popularity": 6,
      "odds": 13.0,
      "mark": "△",
      "score": 139.31,
      "track_aptitude": 0,
      "total_points": 77.23414239482202,
      "detail_points": {
        "score": 45.08414239482201,
        "bias": 10.95,
        "pace": 10.2,
        "3f": 9.0,
        "margin": 2.0,
        "track": 0.0
      },
      "avg_margin": 2.2666666666666666,
      "race_name": "小倉3R",
      "pred_prob_won": 0.07131583541631699,
      "pred_prob_in_top2": 0.09910067468881607,
      "pred_prob_in_top3": 0.2665900647640228,
      "score_z": 0.3733814842988395,
      "上り3F平均": 39.5,
      "Ave-3F平均": 38.58,
      "PCI平均": 48.2,
      "-3F差平均": 0.57,
      "想定脚質": "先行",
      "track_bias_aptitude_score": 60.4,
      "investment_value_score": 46.5,
      "total_investment_index": 51.6,
      "investment_rating": 0.8329503238201141,
      "stability_score": 45,
      "investment_mark": "△"
    },
    {
      "horse_number": 3,
      "name": "コパカバーナ",
      "popularity": 2,
      "odds": 5.8,
      "mark": "△",
      "score": 147.29,
      "track_aptitude": 2,
      "total_points": 75.90666666666668,
      "detail_points": {
        "score": 47.666666666666664,
        "bias": 4.95,
        "pace": 8.28,
        "3f": 9.0,
        "margin": 4.0,
        "track": 2.0100000000000002
      },
      "avg_margin": 1.03,
      "race_name": "小倉3R",
      "pred_prob_won": 0.13246198147535324,
      "pred_prob_in_top2": 0.13218913078308106,
      "pred_prob_in_top3": 0.3848184168338776,
      "score_z": 0.7924141635224993,
      "上り3F平均": 36.06,
      "Ave-3F平均": 37.52,
      "PCI平均": 54.12,
      "-3F差平均": 1.07,
      "想定脚質": "後方",
      "track_bias_aptitude_score": 27.4,
      "investment_value_score": 77.4,
      "total_investment_index": 61.0,
      "investment_rating": 0.7774915671348572,
      "stability_score": 60,
      "investment_mark": "☆"
    },
    {
      "horse_number": 16,
      "name": "ハチワレ",
      "popularity": 9,
      "odds": 20.5,
      "mark": "⭐︎",
      "score": 137.19,
      "track_aptitude": 0,
      "total_points": 72.64805825242718,
      "detail_points": {
        "score": 44.398058252427184,
        "bias": 7.05,
        "pace": 10.2,
        "3f": 9.0,
        "margin": 2.0,
        "track": 0.0
      },
      "avg_margin": 2.1,
      "race_name": "小倉3R",
      "pred_prob_won": 0.05410235226154327,
      "pred_prob_in_top2": 0.07770403772592545,
      "pred_prob_in_top3": 0.2022664278745651,
      "score_z": 0.26205951939230293,
      "上り3F平均": 36.2,
      "Ave-3F平均": 36.3,
      "PCI平均": 50.3,
      "-3F差平均": 0.5,
      "想定脚質": "中団",
      "track_bias_aptitude_score": 20.8,
      "investment_value_score": 32.9,
      "total_investment_index": 31.4,
      "investment_rating": 0.695071745365858,
      "stability_score": 45,
      "investment_mark": "☆"
    },
    {
      "horse_number": 5,
      "name": "ダイヤノエース",
      "popularity": 12,
      "odds": 49.5,
      "mark": "△",
      "score": 129.87,
      "track_aptitude": 2,
      "total_points": 76.18912621359225,