{
  "horses": [
    {
      "horse_number": 3,
      "name": "バルミラクル",
      "popularity": 5,
      "odds": 7.3,
      "mark": "▲",
      "score": 127.23,
      "track_aptitude": 0,
      "total_points": 87.26643977508138,
      "detail_points": {
        "score": 47.066439775081385,
        "bias": 15.0,
        "pace": 10.2,
        "3f": 9.0,
        "margin": 6.0,
        "track": 0.0
      },
      "avg_margin": 0.86875,
      "race_name": "小倉6R",
      "pred_prob_won": 0.15996486842632293,
      "pred_prob_in_top2": 0.14749806225299836,
      "pred_prob_in_top3": 0.44598751664161684,
      "score_z": 1.0448869409343844,
      "上り3F平均": 38.66,
      "Ave-3F平均": 36.61,
      "PCI平均": 44.76,
      "-3F差平均": 0.46,
      "想定脚質": "先行",
      "track_bias_aptitude_score": 83.0,
      "investment_value_score": 62.1,
      "total_investment_index": 68.9,
      "investment_rating": 1.534644449055195,
      "stability_score": 75,
      "investment_mark": "◎"
    },
    {
      "horse_number": 11,
      "name": "アイルランズコール",
      "popularity": 2,
      "odds": 4.6,
      "mark": "○",
      "score": 135.16,
      "track_aptitude": 3,
      "total_points": 91.2,
      "detail_points": {
        "score": 50.0,
        "bias": 15.0,
        "pace": 10.2,
        "3f": 9.0,
        "margin": 4.0,
        "track": 3.0
      },
      "avg_margin": 1.1142857142857143,
      "race_name": "小倉6R",
      "pred_prob_won": 0.2597245365381241,
      "pred_prob_in_top2": 0.18637385070323945,
      "pred_prob_in_top3": 0.5881060123443603,
      "score_z": 1.6331690454150136,
      "上り3F平均": 38.86,
      "Ave-3F平均": 37.58,
      "PCI平均": 46.93,
      "-3F差平均": 0.44,
      "想定脚質": "先行",
      "track_bias_aptitude_score": 100,
      "investment_value_score": 86.9,
      "total_investment_index": 89.9,
      "investment_rating": 1.346696834564209,
      "stability_score": 60,
      "investment_mark": "○"
    },
    {
      "horse_number": 7,
      "name": "アンノドミニ",
      "popularity": 7,
      "odds": 21.4,
      "mark": "△",
      "score": 122.39,
      "track_aptitude": 0,
      "total_points": 73.52596922166322,
      "detail_points": {
        "score": 45.27596922166322,
        "bias": 7.05,
        "pace": 10.2,
        "3f": 7.0,
        "margin": 4.0,
        "track": 0.0
      },
      "avg_margin": 1.56875,
      "race_name": "小倉6R",
      "pred_prob_won": 0.09269995093345643,
      "pred_prob_in_top2": 0.10207440704107285,
      "pred_prob_in_top3": 0.30948927998542786,
      "score_z": 0.6858345593850462,
      "上り3F平均": 38.56,
      "Ave-3F平均": 36.4,
      "PCI平均": 44.44,
      "-3F差平均": 1.15,
      "想定脚質": "中団",
      "track_bias_aptitude_score": 32.2,
      "investment_value_score": 48.1,
      "total_investment_index": 44.7,
      "investment_rating": 1.1676655039191246,
      "stability_score": 60,
      "investment_mark": "▲"
    },
    {
      "horse_number": 1,
      "name": "エイシンマールス",
      "popularity": 4,
      "odds": 6.6,
      "mark": "▲",
      "score": 125.19,
      "track_aptitude": 0,
      "total_points": 86.51177863273158,
      "detail_points": {
        "score": 46.311778632731574,
        "bias": 15.0,
        "pace": 10.2,
        "3f": 9.0,
        "margin": 6.0,
        "track": 0.0
      },
      "avg_margin": 0.6375,
      "race_name": "小倉6R",
      "pred_prob_won": 0.13976483047008514,
      "pred_prob_in_top2": 0.12793977111577987,
      "pred_prob_in_top3": 0.39443203806877136,
      "score_z": 0.8935508131739192,
      "上り3F平均": 38.67,
      "Ave-3F平均": 36.15,
      "PCI平均": 43.47,
      "-3F差平均": 0.47,
      "想定脚質": "先行",
      "track_bias_aptitude_score": 83.0,
      "investment_value_score": 63.3,
      "total_investment_index": 69.4,
      "investment_rating": 1.1382849484682085,
      "stability_score": 75,
      "investment_mark": "▲"
    },
    {
      "horse_number": 14,
      "name": "テーオーシュタイン",
      "popularity": 1,
      "odds": 4.3,
      "mark": "◎",
      "score": 135.05,
      "track_aptitude": 3,
      "total_points": 93.15930748742232,
      "detail_points": {
        "score": 49.95930748742232,
        "bias": 15.0,
        "pace": 10.2,
        "3f": 9.0,
        "margin": 6.0,
        "track": 3.0
      },
      "avg_margin": 0.555,
      "race_name": "小倉6R",
      "pred_prob_won": 0.2642699033021927,
      "pred_prob_in_top2": 0.18698444366455078,
      "pred_prob_in_top3": 0.5935917854309082,
      "score_z": 1.6250087640161661,
      "上り3F平均": 36.11,
      "Ave-3F平均": 37.26,
      "PCI平均": 53.47,
      "-3F差平均": 0.55,
      "想定脚質": "先行",
      "track_bias_aptitude_score": 100,
      "investment_value_score": 100,
      "total_investment_index": 97.7,
      "investment_rating": 1.0855815172195433,
      "stability_score": 75,
      "investment_mark": "△"
    },
    {
      "horse_number": 9,
      "name": "エンドレスバンカー",
      "popularity": 11,
      "odds": 39.4,
      "mark": "△",
      "score": 118.21,
      "track_aptitude": 2,
      "total_points": 73.98965374371116,
      "detail_points": {
        "score": 43.729653743711154,
        "bias": 7.05,
        "pace": 10.2,
        "3f": 7.0,
        "margin": 4.0,
        "track": 2.0100000000000002
      },
      "avg_margin": 1.7999999999999998,
      "race_name": "小倉6R",
      "pred_prob_won": 0.06574780195951462,
      "pred_prob_in_top2": 0.07295526415109635,
      "pred_prob_in_top3": 0.23045406639575958,
      "score_z": 0.3757438662287995,
      "上り3F平均": 38.47,
      "Ave-3F平均": 37.69,
      "PCI平均": 47.98,
      "-3F差平均": 1.1,
      "想定脚質": "中団",
      "track_bias_aptitude_score": 43.6,
      "investment_value_score": 34.1,
      "total_investment_index": 39.2,
      "investment_rating": 1.0360190145671369,
      "stability_score": 60,
      "investment_mark": "△"
    },
    {
      "horse_number": 12,
      "name": "ペンダンティフ",
      "popularity": 6,
      "odds": 11.1,
      "mark": "⭐︎",
      "score": 117.84,
      "track_aptitude": 2,
      "total_points": 71.88277892867713,
      "detail_points": {
        "score": 43.59277892867713,
        "bias": 3.0,
        "pace": 8.28,
        "3f": 9.0,
        "margin": 6.0,
        "track": 2.0100000000000002
      },
      "avg_margin": 1.0,
      "race_name": "小倉6R",
      "pred_prob_won": 0.06202607452869415,
      "pred_prob_in_top2": 0.06767035871744156,
      "pred_prob_in_top3": 0.20605791807174684,
      "score_z": 0.34829564697812776,
      "上り3F平均": 35.17,
      "Ave-3F平均": 37.55,
      "PCI平均": 56.87,
      "-3F差平均": 1.07,
      "想定脚質": "後方",
      "track_bias_aptitude_score": 12.4,
      "investment_value_score": 42.5,
      "total_investment_index": 34.8,
      "investment_rating": 0.5302895903587341,
      "stability_score": 75,
      "investment_mark": "☆"
    },
    {
      "horse_number": 8,
      "name": "トーアグッドラック",
      "popularity": 8,
      "odds": 24.6,
      "mark": "×",
      "score": 117.28,
      "track_aptitude": 0,
      "total_points": 67.63561704646345,
      "detail_points": {
        "score": 43.38561704646345,
        "bias": 7.05,
        "pace": 10.2,
        "3f": 5.0,
        "margin": 2.0,
        "track": 0.0
      },
      "avg_margin": 2.0214285714285714,
      "race_name": "小倉6R",
      "pred_prob_won": 0.05182456597685814,
      "pred_prob_in_top2": 0.0634318508207798,
      "pred_prob_in_top3": 0.18291141092777252,
      "score_z": 0.30675239622035294,
      "上り3F平均": 39.33,
      "Ave-3F平均": 39.16,
      "PCI平均": 49.75,
      "-3F差平均": 1.53,
      "想定脚質": "中団",
      "track_bias_aptitude_score": 32.2,
      "investment_value_score": 35.3,
      "total_investment_index": 36.4,
      "investment_rating": 0.5157596066594123,
      "stability_score": 45,
      "investment_mark": "☆"
    },
    {
      "horse_number": 4,
      "name": "ラヴスティンガー",
      "popularity": 10,
      "odds": 36.9,
      "mark": "△",
      "score": 105.4,
      "track_aptitude": 0,
      "total_points": 77.1908256880734,
      "detail_points": {
        "score": 38.9908256880734,