{
  "horses": [
    {
      "horse_number": 3,
      "name": "メイクアリープ",
      "popularity": 9,
      "odds": 17.8,
      "mark": "◎",
      "score": 119.35,
      "track_aptitude": 2,
      "total_points": 87.96952764358562,
      "detail_points": {
        "score": 45.75952764358561,
        "bias": 15.0,
        "pace": 10.2,
        "3f": 9.0,
        "margin": 6.0,
        "track": 2.0100000000000002
      },
      "avg_margin": 0.5666666666666667,
      "race_name": "小倉11R",
      "pred_prob_won": 0.12446990013122558,
      "pred_prob_in_top2": 0.11163300126791001,
      "pred_prob_in_top3": 0.36555314660072324,
      "score_z": 0.5971034624493572,
      "上り3F平均": 37.39,
      "Ave-3F平均": 37.02,
      "PCI平均": 49.07,
      "-3F差平均": 0.41,
      "想定脚質": "先行",
      "track_bias_aptitude_score": 94.3,
      "investment_value_score": 44.6,
      "total_investment_index": 61.0,
      "investment_rating": 1.7809284248948094,
      "stability_score": 75,
      "investment_mark": "◎"
    },
    {
      "horse_number": 12,
      "name": "ローズスター",
      "popularity": 5,
      "odds": 8.9,
      "mark": "⭐︎",
      "score": 126.74,
      "track_aptitude": 1,
      "total_points": 75.86289931753699,
      "detail_points": {
        "score": 48.592899317537,
        "bias": 3.0,
        "pace": 8.28,
        "3f": 9.0,
        "margin": 6.0,
        "track": 0.99
      },
      "avg_margin": 0.61,
      "race_name": "小倉11R",
      "pred_prob_won": 0.2041672259569168,
      "pred_prob_in_top2": 0.1357010379433632,
      "pred_prob_in_top3": 0.4818226993083954,
      "score_z": 1.4646570800459646,
      "上り3F平均": 36.07,
      "Ave-3F平均": 36.16,
      "PCI平均": 50.34,
      "-3F差平均": 1.33,
      "想定脚質": "後方",
      "track_bias_aptitude_score": 6.7,
      "investment_value_score": 64.2,
      "total_investment_index": 48.0,
      "investment_rating": 1.6941110119223595,
      "stability_score": 75,
      "investment_mark": "○"
    },
    {
      "horse_number": 2,
      "name": "ホールシバン",
      "popularity": 10,
      "odds": 18.4,
      "mark": "△",
      "score": 118.43,
      "track_aptitude": 2,
      "total_points": 77.6667939575186,
      "detail_points": {
        "score": 45.4067939575186,
        "bias": 7.05,
        "pace": 10.2,
        "3f": 9.0,
        "margin": 4.0,
        "track": 2.0100000000000002
      },
      "avg_margin": 1.0833333333333335,
      "race_name": "小倉11R",
      "pred_prob_won": 0.06986908316612243,
      "pred_prob_in_top2": 0.07731454819440842,
      "pred_prob_in_top3": 0.2585309386253357,
      "score_z": 0.48909949381757534,
      "上り3F平均": 37.68,
      "Ave-3F平均": 36.78,
      "PCI平均": 47.69,
      "-3F差平均": 0.89,
      "想定脚質": "中団",
      "track_bias_aptitude_score": 47.3,
      "investment_value_score": 36.2,
      "total_investment_index": 41.7,
      "investment_rating": 1.1614227581024172,
      "stability_score": 60,
      "investment_mark": "▲"
    },
    {
      "horse_number": 7,
      "name": "ジャスパーロブスト",
      "popularity": 1,
      "odds": 4.6,
      "mark": "△",
      "score": 130.41,
      "track_aptitude": 2,
      "total_points": 83.16000000000001,
      "detail_points": {
        "score": 50.0,
        "bias": 4.95,
        "pace": 10.2,
        "3f": 7.0,
        "margin": 9.0,
        "track": 2.0100000000000002
      },
      "avg_margin": 0.09375,
      "race_name": "小倉11R",
      "pred_prob_won": 0.2630709260702133,
      "pred_prob_in_top2": 0.16519738137722015,
      "pred_prob_in_top3": 0.5488756656646728,
      "score_z": 1.8954989983923178,
      "上り3F平均": 38.43,
      "Ave-3F平均": 36.78,
      "PCI平均": 45.72,
      "-3F差平均": 0.23,
      "想定脚質": "逃げ",
      "track_bias_aptitude_score": 33.1,
      "investment_value_score": 100,
      "total_investment_index": 78.1,
      "investment_rating": 0.9849702477455139,
      "stability_score": 90,
      "investment_mark": "▲"
    },
    {
      "horse_number": 5,
      "name": "グーデンドラーク",
      "popularity": 3,
      "odds": 6.9,
      "mark": "○",
      "score": 121.01,
      "track_aptitude": 1,
      "total_points": 87.58598190322827,
      "detail_points": {
        "score": 46.39598190322828,
        "bias": 15.0,
        "pace": 10.2,
        "3f": 9.0,
        "margin": 6.0,
        "track": 0.99
      },
      "avg_margin": 0.5599999999999999,
      "race_name": "小倉11R",
      "pred_prob_won": 0.1297126829624176,
      "pred_prob_in_top2": 0.1369606852531433,
      "pred_prob_in_top3": 0.3870476007461548,
      "score_z": 0.7919801884588805,
      "上り3F平均": 37.53,
      "Ave-3F平均": 37.4,
      "PCI平均": 49.71,
      "-3F差平均": 0.41,
      "想定脚質": "先行",
      "track_bias_aptitude_score": 88.5,
      "investment_value_score": 66.6,
      "total_investment_index": 72.8,
      "investment_rating": 0.9466094624996186,
      "stability_score": 75,
      "investment_mark": "△"
    },
    {
      "horse_number": 9,
      "name": "モズミギカタアガリ",
      "popularity": 2,
      "odds": 5.8,
      "mark": "▲",
      "score": 120.99,
      "track_aptitude": 0,
      "total_points": 86.58831377961813,
      "detail_points": {
        "score": 46.38831377961813,
        "bias": 15.0,
        "pace": 10.2,
        "3f": 9.0,
        "margin": 6.0,
        "track": 0.0
      },
      "avg_margin": 0.6399999999999999,
      "race_name": "小倉11R",
      "pred_prob_won": 0.11747069060802459,
      "pred_prob_in_top2": 0.11893353015184402,
      "pred_prob_in_top3": 0.3498859703540802,
      "score_z": 0.7896322760973188,
      "上り3F平均": 37.32,
      "Ave-3F平均": 35.95,
      "PCI平均": 46.47,
      "-3F差平均": 0.56,
      "想定脚質": "先行",
      "track_bias_aptitude_score": 82.8,
      "investment_value_score": 72.2,
      "total_investment_index": 74.5,
      "investment_rating": 0.6796807169914246,
      "stability_score": 75,
      "investment_mark": "△"
    },
    {
      "horse_number": 1,
      "name": "ドゥラレジリエント",
      "popularity": 4,
      "odds": 8.6,
      "mark": "△",
      "score": 116.8,
      "track_aptitude": 2,
      "total_points": 81.04184188329116,
      "detail_points": {
        "score": 44.78184188329116,
        "bias": 7.05,
        "pace": 10.2,
        "3f": 9.0,
        "margin": 8.0,
        "track": 2.0100000000000002
      },
      "avg_margin": 0.3444444444444444,
      "race_name": "小倉11R",
      "pred_prob_won": 0.058694402873516086,
      "pred_prob_in_top2": 0.06893225461244583,
      "pred_prob_in_top3": 0.2119245558977127,
      "score_z": 0.2977446363503929,
      "上り3F平均": 36.93,
      "Ave-3F平均": 36.84,
      "PCI平均": 49.82,
      "-3F差平均": 0.63,
      "想定脚質": "中団",
      "track_bias_aptitude_score": 47.3,
      "investment_value_score": 48.3,
      "total_investment_index": 48.7,
      "investment_rating": 0.4265057680010796,
      "stability_score": 90,
      "investment_mark": "☆"
    },
    {
      "horse_number": 13,
      "name": "サーマルソアリング",
      "popularity": 6,
      "odds": 9.7,
      "mark": "▲",
      "score": 112.7,
      "track_aptitude": 2,
      "total_points": 85.41987654320988,
      "detail_points": {
        "score": 43.20987654320988,
        "bias": 15.0,
        "pace": 10.2,
        "3f": 9.0,
        "margin": 6.0,
        "track": 2.0100000000000002
      },
      "avg_margin": 0.86,
      "race_name": "小倉11R",
      "pred_prob_won": 0.03739739805459976,
      "pred_prob_in_top2": 0.06191617175936699,
      "pred_prob_in_top3": 0.17018018364906312,
      "score_z": -0.18357739776951032,
      "上り3F平均": 37.64,
      "Ave-3F平均": 36.76,
      "PCI平均": 47.73,
      "-3F差平均": 0.44,
      "想定脚質": "先行",
      "track_bias_aptitude_score": 94.3,
      "investment_value_score": 35.5,
      "total_investment_index": 54.3,
      "investment_rating": 0.35090091824531555,
      "stability_score": 75,
      "investment_mark": "☆"
    },
    {
      "horse_number": 10,
      "name": "ドゥアイズ",
      "popularity": 7,
      "odds": 13.1,
      "mark": "⭐︎",
      "score": 115.95,
      "track_aptitude": 0,