{
  "horses": [
    {
      "horse_number": 3,
      "name": "ダイシンデリー",
      "popularity": 2,
      "odds": 2.9,
      "mark": "○",
      "score": 134.72,
      "track_aptitude": 0,
      "total_points": 85.2,
      "detail_points": {
        "score": 50.0,
        "bias": 9.0,
        "pace": 10.2,
        "3f": 7.0,
        "margin": 9.0,
        "track": 0.0
      },
      "avg_margin": 0.2,
      "race_name": "小倉1R",
      "pred_prob_won": 0.22478513419628143,
      "pred_prob_in_top2": 0.18764476478099823,
      "pred_prob_in_top3": 0.5564499020576477,
      "score_z": 1.4441513531939019,
      "上り3F平均": 35.1,
      "Ave-3F平均": 35.78,
      "PCI平均": 51.9,
      "-3F差平均": 1.2,
      "想定脚質": "中団",
      "track_bias_aptitude_score": 48.3,
      "investment_value_score": 93.8,
      "total_investment_index": 78.2,
      "investment_rating": 1.1249946963787079,
      "stability_score": 90,
      "investment_mark": "◎"
    },
    {
      "horse_number": 4,
      "name": "ディーリライズ",
      "popularity": 3,
      "odds": 3.4,
      "mark": "◎",
      "score": 128.2,
      "track_aptitude": 0,
      "total_points": 87.83016627078385,
      "detail_points": {
        "score": 47.58016627078385,
        "bias": 13.05,
        "pace": 10.2,
        "3f": 9.0,
        "margin": 8.0,
        "track": 0.0
      },
      "avg_margin": 0.3,
      "race_name": "小倉1R",
      "pred_prob_won": 0.1751025438308716,
      "pred_prob_in_top2": 0.1523016482591629,
      "pred_prob_in_top3": 0.4752839028835297,
      "score_z": 1.060862790838441,
      "上り3F平均": 35.7,
      "Ave-3F平均": 35.4,
      "PCI平均": 49.2,
      "-3F差平均": 0.7,
      "想定脚質": "先行",
      "track_bias_aptitude_score": 76.6,
      "investment_value_score": 78.7,
      "total_investment_index": 77.0,
      "investment_rating": 1.0847862455248833,
      "stability_score": 90,
      "investment_mark": "○"
    },
    {
      "horse_number": 2,
      "name": "リヒトミューレ",
      "popularity": 4,
      "odds": 7.5,
      "mark": "▲",
      "score": 125.34,
      "track_aptitude": 1,
      "total_points": 81.7587054631829,
      "detail_points": {
        "score": 46.518705463182904,
        "bias": 13.05,
        "pace": 10.2,
        "3f": 7.0,
        "margin": 4.0,
        "track": 0.99
      },
      "avg_margin": 1.4,
      "race_name": "小倉1R",
      "pred_prob_won": 0.14673012495040894,
      "pred_prob_in_top2": 0.13770912289619447,
      "pred_prob_in_top3": 0.4018527388572693,
      "score_z": 0.8927331453880405,
      "上り3F平均": 35.7,
      "Ave-3F平均": 37.72,
      "PCI平均": 55.65,
      "-3F差平均": 1.1,
      "想定脚質": "先行",
      "track_bias_aptitude_score": 84.4,
      "investment_value_score": 67.5,
      "total_investment_index": 72.3,
      "investment_rating": 0.9877815032005309,
      "stability_score": 60,
      "investment_mark": "▲"
    },
    {
      "horse_number": 1,
      "name": "コロナドブリッジ",
      "popularity": 1,
      "odds": 2.5,
      "mark": "▲",
      "score": 126.42,
      "track_aptitude": 1,
      "total_points": 78.10953681710212,
      "detail_points": {
        "score": 46.919536817102134,
        "bias": 3.0,
        "pace": 10.2,
        "3f": 9.0,
        "margin": 8.0,
        "track": 0.99
      },
      "avg_margin": 0.5,
      "race_name": "小倉1R",
      "pred_prob_won": 0.14688822627067566,
      "pred_prob_in_top2": 0.1418755143880844,
      "pred_prob_in_top3": 0.4165430188179016,
      "score_z": 0.9562226618518282,
      "上り3F平均": 37.7,
      "Ave-3F平均": 36.4,
      "PCI平均": 46.6,
      "-3F差平均": 0,
      "想定脚質": "逃げ",
      "track_bias_aptitude_score": 8.8,
      "investment_value_score": 100,
      "total_investment_index": 69.2,
      "investment_rating": 0.512184697985649,
      "stability_score": 90,
      "investment_mark": "△"
    },
    {
      "horse_number": 5,
      "name": "テーオールーラー",
      "popularity": 7,
      "odds": 66.5,
      "mark": "△",
      "score": 107.71,
      "track_aptitude": 0,
      "total_points": 68.17550475059382,
      "detail_points": {
        "score": 39.97550475059382,
        "bias": 9.0,
        "pace": 10.2,
        "3f": 7.0,
        "margin": 2.0,
        "track": 0.0
      },
      "avg_margin": 2.15,
      "race_name": "小倉1R",
      "pred_prob_won": 0.026856352388858796,
      "pred_prob_in_top2": 0.0485100045800209,
      "pred_prob_in_top3": 0.12780295461416244,
      "score_z": -0.14367442429397947,
      "上り3F平均": 36.75,
      "Ave-3F平均": 37.7,
      "PCI平均": 52.7,
      "-3F差平均": 1.1,
      "想定脚質": "中団",
      "track_bias_aptitude_score": 48.3,
      "investment_value_score": 26.6,
      "total_investment_index": 35.2,
      "investment_rating": -0.10235271550714964,
      "stability_score": 45,
      "investment_mark": "××"
    },
    {
      "horse_number": 10,
      "name": "ムルーデ",
      "popularity": 5,
      "odds": 33.9,
      "mark": "△",
      "score": 103.48,
      "track_aptitude": 1,
      "total_points": 69.59558194774347,
      "detail_points": {
        "score": 38.40558194774347,
        "bias": 9.0,
        "pace": 10.2,
        "3f": 9.0,
        "margin": 2.0,
        "track": 0.99
      },
      "avg_margin": 2.3,
      "race_name": "小倉1R",
      "pred_prob_won": 0.02574222721159458,
      "pred_prob_in_top2": 0.04372487142682076,
      "pred_prob_in_top3": 0.1161215141415596,
      "score_z": -0.3923416971104815,
      "上り3F平均": 38.3,
      "Ave-3F平均": 37.4,
      "PCI平均": 47.7,
      "-3F差平均": 0.7,
      "想定脚質": "中団",
      "track_bias_aptitude_score": 56.1,
      "investment_value_score": 30.7,
      "total_investment_index": 39.6,
      "investment_rating": -0.19842280782759192,
      "stability_score": 45,
      "investment_mark": "××"
    },
    {
      "horse_number": 9,
      "name": "ファインブルー",
      "popularity": 6,
      "odds": 59.7,
      "mark": "△",
      "score": 97.96,
      "track_aptitude": 1,
      "total_points": 57.62688836104513,
      "detail_points": {
        "score": 36.35688836104513,
        "bias": 3.0,
        "pace": 8.28,
        "3f": 7.0,
        "margin": 2.0,
        "track": 0.99
      },
      "avg_margin": 2.3,
      "race_name": "小倉1R",
      "pred_prob_won": 0.02274652346968651,
      "pred_prob_in_top2": 0.03347200416028499,
      "pred_prob_in_top3": 0.09923269748687744,
      "score_z": -0.7168436701476204,
      "上り3F平均": 38.3,
      "Ave-3F平均": 37.4,
      "PCI平均": 47.7,
      "-3F差平均": 0.7,
      "想定脚質": "後方",
      "track_bias_aptitude_score": 12.2,
      "investment_value_score": 22.8,
      "total_investment_index": 21.1,
      "investment_rating": -0.2740667033195496,
      "stability_score": 45,
      "investment_mark": "××"
    },
    {
      "horse_number": 7,
      "name": "コパノバハマ",
      "popularity": 10,
      "odds": 150.8,
      "mark": "△",
      "score": 95.97,
      "track_aptitude": 0,
      "total_points": 63.818319477434684,
      "detail_points": {
        "score": 35.61831947743468,
        "bias": 9.0,
        "pace": 10.2,
        "3f": 7.0,
        "margin": 2.0,
        "track": 0.0
      },
      "avg_margin": 2.75,
      "race_name": "小倉1R",
      "pred_prob_won": 0.020777736604213715,
      "pred_prob_in_top2": 0.03655486106872559,
      "pred_prob_in_top3": 0.09181183874607086,
      "score_z": -0.8338289828910811,
      "上り3F平均": 37.35,
      "Ave-3F平均": 35.75,
      "PCI平均": 45.75,
      "-3F差平均": 1.3,
      "想定脚質": "中団",
      "track_bias_aptitude_score": 48.3,
      "investment_value_score": 11.1,
      "total_investment_index": 24.8,
      "investment_rating": -0.3114112094044684,
      "stability_score": 45,
      "investment_mark": "××"
    },
    {
      "horse_number": 6,
      "name": "ニシノイーグレット",
      "popularity": 8,
      "odds": 96.1,
      "mark": "消",
      "score": 95.1,
      "track_aptitude": 0,
      "total_points": 57.57542755344418,
      "detail_points": {
        "score": 35.29542755344418,
        "bias": 3.0,
        "pace": 8.28,
        "3f": 9.0,
        "margin": 2.0,
        "track": 0.0
      },