{
  "horses": [
    {
      "horse_number": 5,
      "name": "クリノミニスター",
      "popularity": 5,
      "odds": 10.2,
      "mark": "▲",
      "score": 99.51,
      "track_aptitude": 0,
      "total_points": 78.25,
      "detail_points": {
        "score": 50.0,
        "bias": 7.05,
        "pace": 10.2,
        "3f": 7.0,
        "margin": 4.0,
        "track": 0.0
      },
      "avg_margin": 1.19,
      "race_name": "小倉6R",
      "pred_prob_won": 0.17023842930793762,
      "pred_prob_in_top2": 0.13952287435531616,
      "pred_prob_in_top3": 0.4257247388362885,
      "score_z": 1.377108089553662,
      "上り3F平均": 37.57,
      "Ave-3F平均": 35.68,
      "PCI平均": 45.09,
      "-3F差平均": 1.01,
      "想定脚質": "中団",
      "track_bias_aptitude_score": 34.2,
      "investment_value_score": 78.6,
      "total_investment_index": 64.7,
      "investment_rating": 1.2434787464141848,
      "stability_score": 60,
      "investment_mark": "◎"
    },
    {
      "horse_number": 8,
      "name": "ルミナスサンライズ",
      "popularity": 7,
      "odds": 11.8,
      "mark": "▲",
      "score": 95.63,
      "track_aptitude": 0,
      "total_points": 80.30044719123705,
      "detail_points": {
        "score": 48.050447191237055,
        "bias": 7.05,
        "pace": 10.2,
        "3f": 9.0,
        "margin": 6.0,
        "track": 0.0
      },
      "avg_margin": 0.85,
      "race_name": "小倉6R",
      "pred_prob_won": 0.10796963274478913,
      "pred_prob_in_top2": 0.11008816361427307,
      "pred_prob_in_top3": 0.3183269202709198,
      "score_z": 0.809757753461001,
      "上り3F平均": 37.65,
      "Ave-3F平均": 35.44,
      "PCI平均": 44.31,
      "-3F差平均": 0.75,
      "想定脚質": "中団",
      "track_bias_aptitude_score": 34.2,
      "investment_value_score": 58.6,
      "total_investment_index": 51.8,
      "investment_rating": 0.9781288295984268,
      "stability_score": 75,
      "investment_mark": "○"
    },
    {
      "horse_number": 4,
      "name": "サムデイ",
      "popularity": 2,
      "odds": 4.0,
      "mark": "◎",
      "score": 96.67,
      "track_aptitude": 0,
      "total_points": 90.77300773791579,
      "detail_points": {
        "score": 48.57300773791579,
        "bias": 15.0,
        "pace": 10.2,
        "3f": 9.0,
        "margin": 8.0,
        "track": 0.0
      },
      "avg_margin": 0.3,
      "race_name": "小倉6R",
      "pred_prob_won": 0.13836228102445602,
      "pred_prob_in_top2": 0.12456234246492386,
      "pred_prob_in_top3": 0.408233118057251,
      "score_z": 0.9618310394239828,
      "上り3F平均": 37.58,
      "Ave-3F平均": 35.96,
      "PCI平均": 45.72,
      "-3F差平均": 0.53,
      "想定脚質": "先行",
      "track_bias_aptitude_score": 82.0,
      "investment_value_score": 100,
      "total_investment_index": 91.2,
      "investment_rating": 0.6359343218803406,
      "stability_score": 90,
      "investment_mark": "△"
    },
    {
      "horse_number": 7,
      "name": "エブライト",
      "popularity": 6,
      "odds": 10.2,
      "mark": "△",
      "score": 95.14,
      "track_aptitude": 0,
      "total_points": 78.05424077982111,
      "detail_points": {
        "score": 47.80424077982112,
        "bias": 7.05,
        "pace": 10.2,
        "3f": 9.0,
        "margin": 4.0,
        "track": 0.0
      },
      "avg_margin": 1.02,
      "race_name": "小倉6R",
      "pred_prob_won": 0.09792556166648865,
      "pred_prob_in_top2": 0.0995868131518364,
      "pred_prob_in_top3": 0.26678340435028075,
      "score_z": 0.7381078398822896,
      "上り3F平均": 37.47,
      "Ave-3F平均": 35.87,
      "PCI平均": 45.78,
      "-3F差平均": 0.89,
      "想定脚質": "中団",
      "track_bias_aptitude_score": 34.2,
      "investment_value_score": 57.7,
      "total_investment_index": 51.1,
      "investment_rating": 0.577291213274002,
      "stability_score": 60,
      "investment_mark": "△"
    },
    {
      "horse_number": 6,
      "name": "トモジャアルマンド",
      "popularity": 8,
      "odds": 27.4,
      "mark": "○",
      "score": 83.06,
      "track_aptitude": 1,
      "total_points": 82.92449904532207,
      "detail_points": {
        "score": 41.734499045322075,
        "bias": 15.0,
        "pace": 10.2,
        "3f": 9.0,
        "margin": 6.0,
        "track": 0.99
      },
      "avg_margin": 0.865,
      "race_name": "小倉6R",
      "pred_prob_won": 0.026045427098870276,
      "pred_prob_in_top2": 0.04043477773666382,
      "pred_prob_in_top3": 0.11540306806564331,
      "score_z": -1.0282818663031044,
      "上り3F平均": 37.48,
      "Ave-3F平均": 35.02,
      "PCI平均": 43.51,
      "-3F差平均": 0.47,
      "想定脚質": "先行",
      "track_bias_aptitude_score": 88.0,
      "investment_value_score": 22.4,
      "total_investment_index": 43.1,
      "investment_rating": -0.20565021097660063,
      "stability_score": 75,
      "investment_mark": "××"
    },
    {
      "horse_number": 3,
      "name": "ライツユーアップ",
      "popularity": 3,
      "odds": 4.1,
      "mark": "△",
      "score": 88.99,
      "track_aptitude": 0,
      "total_points": 76.96409908551904,
      "detail_points": {
        "score": 44.71409908551904,
        "bias": 7.05,
        "pace": 10.2,
        "3f": 9.0,
        "margin": 6.0,
        "track": 0.0
      },
      "avg_margin": 0.9416666666666668,
      "race_name": "小倉6R",
      "pred_prob_won": 0.0281846109777689,
      "pred_prob_in_top2": 0.053269974142313006,
      "pred_prob_in_top3": 0.13267413675785064,
      "score_z": -0.16117168768726212,
      "上り3F平均": 37.82,
      "Ave-3F平均": 35.38,
      "PCI平均": 43.73,
      "-3F差平均": 0.6,
      "想定脚質": "中団",
      "track_bias_aptitude_score": 34.2,
      "investment_value_score": 53.2,
      "total_investment_index": 46.9,
      "investment_rating": -0.20910569399595258,
      "stability_score": 75,
      "investment_mark": "××"
    },
    {
      "horse_number": 2,
      "name": "ペイシャヴァルツー",
      "popularity": 1,
      "odds": 3.5,
      "mark": "△",
      "score": 86.42,
      "track_aptitude": 2,
      "total_points": 75.63277158074565,
      "detail_points": {
        "score": 43.42277158074565,
        "bias": 9.0,
        "pace": 10.2,
        "3f": 9.0,
        "margin": 2.0,
        "track": 2.0100000000000002
      },
      "avg_margin": 2.033333333333333,
      "race_name": "小倉6R",
      "pred_prob_won": 0.02426229901611805,
      "pred_prob_in_top2": 0.032684288918972015,
      "pred_prob_in_top3": 0.09481940716505051,
      "score_z": -0.5369681731919352,
      "上り3F平均": 38.53,
      "Ave-3F平均": 34.73,
      "PCI平均": 40.6,
      "-3F差平均": 0.1,
      "想定脚質": "逃げ",
      "track_bias_aptitude_score": 56.3,
      "investment_value_score": 70.4,
      "total_investment_index": 63.2,
      "investment_rating": -0.3534695413708686,
      "stability_score": 45,
      "investment_mark": "××"
    },
    {
      "horse_number": 9,
      "name": "ナムラモモ",
      "popularity": 4,
      "odds": 7.1,
      "mark": "△",
      "score": 85.23,
      "track_aptitude": 0,
      "total_points": 73.0748417244498,
      "detail_points": {
        "score": 42.824841724449804,
        "bias": 7.05,
        "pace": 10.2,
        "3f": 9.0,
        "margin": 4.0,
        "track": 0.0
      },
      "avg_margin": 1.425,
      "race_name": "小倉6R",
      "pred_prob_won": 0.020553501695394515,
      "pred_prob_in_top2": 0.030520401149988174,
      "pred_prob_in_top3": 0.09157593846321106,
      "score_z": -0.7109751061688073,
      "上り3F平均": 38.62,
      "Ave-3F平均": 35.84,
      "PCI平均": 43.17,
      "-3F差平均": 0.7,
      "想定脚質": "中団",
      "track_bias_aptitude_score": 34.2,
      "investment_value_score": 34.5,
      "total_investment_index": 34.8,
      "investment_rating": -0.3608022615313529,
      "stability_score": 60,
      "investment_mark": "××"
    },
    {
      "horse_number": 1,
      "name": "ウインラグラス",
      "popularity": 9,
      "odds": 36.2,
      "mark": "⭐︎",
      "score": 80.18,
      "track_aptitude": 1,
      "total_points": 71.52740830067329,
      "detail_points": {
        "score": 40.2874083006733,
        "bias": 7.05,
        "pace": 10.2,