{
  "horses": [
    {
      "horse_number": 5,
      "name": "ゼンノインヴォーク",
      "popularity": 4,
      "odds": 8.1,
      "mark": "○",
      "score": 132.1,
      "track_aptitude": 1,
      "total_points": 89.14165947313587,
      "detail_points": {
        "score": 49.15165947313589,
        "bias": 9.0,
        "pace": 12.0,
        "3f": 9.0,
        "margin": 9.0,
        "track": 0.99
      },
      "avg_margin": 0.19,
      "race_name": "小倉9R",
      "pred_prob_won": 0.12737859338521956,
      "pred_prob_in_top2": 0.13964180499315262,
      "pred_prob_in_top3": 0.42426079511642456,
      "score_z": 0.7490000738051968,
      "上り3F平均": 35.75,
      "Ave-3F平均": 37.27,
      "PCI平均": 54.35,
      "-3F差平均": 0.48,
      "想定脚質": "先行",
      "track_bias_aptitude_score": 65.2,
      "investment_value_score": 65.4,
      "total_investment_index": 65.0,
      "investment_rating": 1.0243214190006256,
      "stability_score": 90,
      "investment_mark": "◎"
    },
    {
      "horse_number": 2,
      "name": "ミュージシャン",
      "popularity": 2,
      "odds": 3.3,
      "mark": "◎",
      "score": 133.12,
      "track_aptitude": 2,
      "total_points": 89.54118023515404,
      "detail_points": {
        "score": 49.531180235154046,
        "bias": 9.0,
        "pace": 12.0,
        "3f": 9.0,
        "margin": 8.0,
        "track": 2.0100000000000002
      },
      "avg_margin": 0.39999999999999997,
      "race_name": "小倉9R",
      "pred_prob_won": 0.1578144371509552,
      "pred_prob_in_top2": 0.13899154216051102,
      "pred_prob_in_top3": 0.46020796298980715,
      "score_z": 0.8404809988501074,
      "上り3F平均": 35.88,
      "Ave-3F平均": 36.83,
      "PCI平均": 52.67,
      "-3F差平均": 0.88,
      "想定脚質": "先行",
      "track_bias_aptitude_score": 73.5,
      "investment_value_score": 83.4,
      "total_investment_index": 78.5,
      "investment_rating": 0.7726654815673828,
      "stability_score": 90,
      "investment_mark": "○"
    },
    {
      "horse_number": 3,
      "name": "レッドイステル",
      "popularity": 1,
      "odds": 2.9,
      "mark": "▲",
      "score": 134.38,
      "track_aptitude": 1,
      "total_points": 88.94,
      "detail_points": {
        "score": 50.0,
        "bias": 10.95,
        "pace": 12.0,
        "3f": 9.0,
        "margin": 6.0,
        "track": 0.99
      },
      "avg_margin": 0.6,
      "race_name": "小倉9R",
      "pred_prob_won": 0.15188153982162475,
      "pred_prob_in_top2": 0.15666883885860444,
      "pred_prob_in_top3": 0.4607847809791565,
      "score_z": 0.953486847434995,
      "上り3F平均": 35.07,
      "Ave-3F平均": 36.55,
      "PCI平均": 54.4,
      "-3F差平均": 0.47,
      "想定脚質": "中団",
      "track_bias_aptitude_score": 83.3,
      "investment_value_score": 100,
      "total_investment_index": 91.6,
      "investment_rating": 0.5710796695947647,
      "stability_score": 75,
      "investment_mark": "△"
    },
    {
      "horse_number": 1,
      "name": "サラコスティ",
      "popularity": 3,
      "odds": 3.9,
      "mark": "▲",
      "score": 130.23,
      "track_aptitude": 2,
      "total_points": 84.46587140943593,
      "detail_points": {
        "score": 48.45587140943592,
        "bias": 9.0,
        "pace": 12.0,
        "3f": 7.0,
        "margin": 6.0,
        "track": 2.0100000000000002
      },
      "avg_margin": 0.5750000000000001,
      "race_name": "小倉9R",
      "pred_prob_won": 0.10248286426067352,
      "pred_prob_in_top2": 0.11074848622083663,
      "pred_prob_in_top3": 0.3344739615917206,
      "score_z": 0.5812850445561956,
      "上り3F平均": 35.08,
      "Ave-3F平均": 37.59,
      "PCI平均": 57.28,
      "-3F差平均": 0.23,
      "想定脚質": "先行",
      "track_bias_aptitude_score": 73.5,
      "investment_value_score": 65.7,
      "total_investment_index": 67.4,
      "investment_rating": 0.5042773559689524,
      "stability_score": 75,
      "investment_mark": "△"
    },
    {
      "horse_number": 8,
      "name": "オーシンエス",
      "popularity": 6,
      "odds": 11.3,
      "mark": "△",
      "score": 124.11,
      "track_aptitude": 2,
      "total_points": 84.18874683732699,
      "detail_points": {
        "score": 46.17874683732698,
        "bias": 9.0,
        "pace": 12.0,
        "3f": 9.0,
        "margin": 6.0,
        "track": 2.0100000000000002
      },
      "avg_margin": 0.8624999999999999,
      "race_name": "小倉9R",
      "pred_prob_won": 0.04528653547167778,
      "pred_prob_in_top2": 0.06609748676419258,
      "pred_prob_in_top3": 0.19788884222507477,
      "score_z": 0.03239949428673867,
      "上り3F平均": 35.79,
      "Ave-3F平均": 36.99,
      "PCI平均": 53.49,
      "-3F差平均": 0.45,
      "想定脚質": "先行",
      "track_bias_aptitude_score": 73.5,
      "investment_value_score": 36.8,
      "total_investment_index": 49.2,
      "investment_rating": 0.16859974801540378,
      "stability_score": 75,
      "investment_mark": "☆"
    },
    {
      "horse_number": 6,
      "name": "キーパフォーマー",
      "popularity": 5,
      "odds": 11.1,
      "mark": "△",
      "score": 118.5,
      "track_aptitude": 2,
      "total_points": 72.43138264622712,
      "detail_points": {
        "score": 44.09138264622712,
        "bias": 7.05,
        "pace": 8.28,
        "3f": 7.0,
        "margin": 4.0,
        "track": 2.0100000000000002
      },
      "avg_margin": 1.1300000000000001,
      "race_name": "小倉9R",
      "pred_prob_won": 0.034601235389709474,
      "pred_prob_in_top2": 0.04308779016137123,
      "pred_prob_in_top3": 0.13402530252933503,
      "score_z": -0.4707455934602642,
      "上り3F平均": 35.44,
      "Ave-3F平均": 36.97,
      "PCI平均": 54.37,
      "-3F差平均": 0.86,
      "想定脚質": "後方",
      "track_bias_aptitude_score": 52.5,
      "investment_value_score": 30.7,
      "total_investment_index": 38.4,
      "investment_rating": -0.19997728273272508,
      "stability_score": 60,
      "investment_mark": "××"
    },
    {
      "horse_number": 7,
      "name": "サンライズグラシア",
      "popularity": 7,
      "odds": 23.8,
      "mark": "△",
      "score": 115.16,
      "track_aptitude": 0,
      "total_points": 76.84863819020688,
      "detail_points": {
        "score": 42.84863819020688,
        "bias": 9.0,
        "pace": 12.0,
        "3f": 9.0,
        "margin": 4.0,
        "track": 0.0
      },
      "avg_margin": 1.1928571428571428,
      "race_name": "小倉9R",
      "pred_prob_won": 0.02662925198674202,
      "pred_prob_in_top2": 0.029386759176850318,
      "pred_prob_in_top3": 0.10297044664621353,
      "score_z": -0.7703007793916352,
      "上り3F平均": 35.71,
      "Ave-3F平均": 37.55,
      "PCI平均": 55.29,
      "-3F差平均": 0.54,
      "想定脚質": "先行",
      "track_bias_aptitude_score": 56.8,
      "investment_value_score": 17.7,
      "total_investment_index": 31.4,
      "investment_rating": -0.3373258424550294,
      "stability_score": 60,
      "investment_mark": "××"
    },
    {
      "horse_number": 4,
      "name": "ホースワン",
      "popularity": 8,
      "odds": 53.7,
      "mark": "△",
      "score": 102.39,
      "track_aptitude": 2,
      "total_points": 68.43718708141093,
      "detail_points": {
        "score": 38.09718708141093,
        "bias": 7.05,
        "pace": 8.28,
        "3f": 7.0,
        "margin": 6.0,
        "track": 2.0100000000000002
      },
      "avg_margin": 0.775,
      "race_name": "小倉9R",
      "pred_prob_won": 0.013619570434093476,
      "pred_prob_in_top2": 0.016115954890847207,
      "pred_prob_in_top3": 0.054566028714179995,
      "score_z": -1.9156060860813366,
      "上り3F平均": 35.65,
      "Ave-3F平均": 37.18,
      "PCI平均": 54.43,
      "-3F差平均": 0.73,
      "想定脚質": "後方",
      "track_bias_aptitude_score": 52.5,
      "investment_value_score": 1,
      "total_investment_index": 18.2,
      "investment_rating": -0.64532081335783,
      "stability_score": 75,
      "investment_mark": "××"
    }
  ]
}