{
  "horses": [
    {
      "horse_number": 2,
      "name": "サツマフジ",
      "popularity": 5,
      "odds": 10.7,
      "mark": "▲",
      "score": 58.82,
      "track_aptitude": 0,
      "total_points": 74.8658024691358,
      "detail_points": {
        "score": 45.385802469135804,
        "bias": 9.0,
        "pace": 6.48,
        "3f": 4.0,
        "margin": 10.0,
        "track": 0.0
      },
      "avg_margin": 0.0,
      "race_name": "小倉5R",
      "pred_prob_won": 0.15461435317993164,
      "pred_prob_in_top2": 0.13021383434534073,
      "pred_prob_in_top3": 0.41424275636672975,
      "score_z": 1.295106462850741,
      "上り3F平均": 0,
      "Ave-3F平均": 0,
      "PCI平均": 0,
      "-3F差平均": 0,
      "想定脚質": "不明",
      "track_bias_aptitude_score": null,
      "investment_value_score": 59.5,
      "total_investment_index": null,
      "investment_rating": 1.4226681280136109,
      "stability_score": 90,
      "investment_mark": "◎"
    },
    {
      "horse_number": 14,
      "name": "コウユーネロガ",
      "popularity": 4,
      "odds": 8.9,
      "mark": "○",
      "score": 60.79,
      "track_aptitude": 0,
      "total_points": 76.38586419753086,
      "detail_points": {
        "score": 46.90586419753087,
        "bias": 9.0,
        "pace": 6.48,
        "3f": 4.0,
        "margin": 10.0,
        "track": 0.0
      },
      "avg_margin": 0.0,
      "race_name": "小倉5R",
      "pred_prob_won": 0.1808924823999405,
      "pred_prob_in_top2": 0.15428021252155305,
      "pred_prob_in_top3": 0.4603031039237976,
      "score_z": 1.5634214361935885,
      "上り3F平均": 0,
      "Ave-3F平均": 0,
      "PCI平均": 0,
      "-3F差平均": 0,
      "想定脚質": "不明",
      "track_bias_aptitude_score": null,
      "investment_value_score": 67.6,
      "total_investment_index": null,
      "investment_rating": 1.4221669501066208,
      "stability_score": 90,
      "investment_mark": "○"
    },
    {
      "horse_number": 11,
      "name": "アポロマインド",
      "popularity": 14,
      "odds": 47.1,
      "mark": "△",
      "score": 52.66,
      "track_aptitude": 0,
      "total_points": 70.11271604938271,
      "detail_points": {
        "score": 40.632716049382715,
        "bias": 9.0,
        "pace": 6.48,
        "3f": 4.0,
        "margin": 10.0,
        "track": 0.0
      },
      "avg_margin": 0.0,
      "race_name": "小倉5R",
      "pred_prob_won": 0.056929992884397505,
      "pred_prob_in_top2": 0.05407906845211983,
      "pred_prob_in_top3": 0.22539038062095643,
      "score_z": 0.45611141930153165,
      "上り3F平均": 0,
      "Ave-3F平均": 0,
      "PCI平均": 0,
      "-3F差平均": 0,
      "想定脚質": "不明",
      "track_bias_aptitude_score": null,
      "investment_value_score": 23.6,
      "total_investment_index": null,
      "investment_rating": 1.2574000588059426,
      "stability_score": 90,
      "investment_mark": "▲"
    },
    {
      "horse_number": 9,
      "name": "ヴィジュイイジャン",
      "popularity": 7,
      "odds": 12.6,
      "mark": "▲",
      "score": 53.2,
      "track_aptitude": 0,
      "total_points": 70.52938271604938,
      "detail_points": {
        "score": 41.04938271604939,
        "bias": 9.0,
        "pace": 6.48,
        "3f": 4.0,
        "margin": 10.0,
        "track": 0.0
      },
      "avg_margin": 0.0,
      "race_name": "小倉5R",
      "pred_prob_won": 0.09235071986913682,
      "pred_prob_in_top2": 0.11294612735509872,
      "pred_prob_in_top3": 0.3184105157852173,
      "score_z": 0.5296596861061709,
      "上り3F平均": 0,
      "Ave-3F平均": 0,
      "PCI平均": 0,
      "-3F差平均": 0,
      "想定脚質": "不明",
      "track_bias_aptitude_score": null,
      "investment_value_score": 44.0,
      "total_investment_index": null,
      "investment_rating": 1.251257836818695,
      "stability_score": 90,
      "investment_mark": "▲"
    },
    {
      "horse_number": 7,
      "name": "テーオールーラー",
      "popularity": 12,
      "odds": 41.6,
      "mark": "△",
      "score": 51.75,
      "track_aptitude": 0,
      "total_points": 69.41055555555556,
      "detail_points": {
        "score": 39.93055555555556,
        "bias": 9.0,
        "pace": 6.48,
        "3f": 4.0,
        "margin": 10.0,
        "track": 0.0
      },
      "avg_margin": 0.0,
      "race_name": "小倉5R",
      "pred_prob_won": 0.05760632753372193,
      "pred_prob_in_top2": 0.060383375734090805,
      "pred_prob_in_top3": 0.21471611261367798,
      "score_z": 0.33216896968630805,
      "上り3F平均": 0,
      "Ave-3F平均": 0,
      "PCI平均": 0,
      "-3F差平均": 0,
      "想定脚質": "不明",
      "track_bias_aptitude_score": null,
      "investment_value_score": 25.2,
      "total_investment_index": null,
      "investment_rating": 1.0214079290628433,
      "stability_score": 90,
      "investment_mark": "△"
    },
    {
      "horse_number": 3,
      "name": "ダイラントウ",
      "popularity": 11,
      "odds": 32.7,
      "mark": "△",
      "score": 52.55,
      "track_aptitude": 0,
      "total_points": 70.02783950617284,
      "detail_points": {
        "score": 40.54783950617284,
        "bias": 9.0,
        "pace": 6.48,
        "3f": 4.0,
        "margin": 10.0,
        "track": 0.0
      },
      "avg_margin": 0.0,
      "race_name": "小倉5R",
      "pred_prob_won": 0.04981213510036468,
      "pred_prob_in_top2": 0.0544197216629982,
      "pred_prob_in_top3": 0.20978930294513704,
      "score_z": 0.4411293649524387,
      "上り3F平均": 0,
      "Ave-3F平均": 0,
      "PCI平均": 0,
      "-3F差平均": 0,
      "想定脚質": "不明",
      "track_bias_aptitude_score": null,
      "investment_value_score": 26.8,
      "total_investment_index": null,
      "investment_rating": 0.9153776326775552,
      "stability_score": 90,
      "investment_mark": "△"
    },
    {
      "horse_number": 10,
      "name": "アンヘリータス",
      "popularity": 1,
      "odds": 3.4,
      "mark": "◎",
      "score": 64.8,
      "track_aptitude": 0,
      "total_points": 79.48,
      "detail_points": {
        "score": 50.0,
        "bias": 9.0,
        "pace": 6.48,
        "3f": 4.0,
        "margin": 10.0,
        "track": 0.0
      },
      "avg_margin": 0.0,
      "race_name": "小倉5R",
      "pred_prob_won": 0.2212318629026413,
      "pred_prob_in_top2": 0.16385415494441985,
      "pred_prob_in_top3": 0.45901672840118407,
      "score_z": 2.1095854174650697,
      "上り3F平均": 0,
      "Ave-3F平均": 0,
      "PCI平均": 0,
      "-3F差平均": 0,
      "想定脚質": "不明",
      "track_bias_aptitude_score": null,
      "investment_value_score": 100,
      "total_investment_index": null,
      "investment_rating": 0.809836802482605,
      "stability_score": 90,
      "investment_mark": "☆"
    },
    {
      "horse_number": 8,
      "name": "ニシノメイホウ",
      "popularity": 3,
      "odds": 7.0,
      "mark": "△",
      "score": 51.95,
      "track_aptitude": 0,
      "total_points": 69.56487654320988,
      "detail_points": {
        "score": 40.08487654320988,
        "bias": 9.0,
        "pace": 6.48,
        "3f": 4.0,
        "margin": 10.0,
        "track": 0.0
      },
      "avg_margin": 0.0,
      "race_name": "小倉5R",
      "pred_prob_won": 0.06240033730864525,
      "pred_prob_in_top2": 0.07529378682374954,
      "pred_prob_in_top3": 0.2312259405851364,
      "score_z": 0.3594090685028412,
      "上り3F平均": 0,
      "Ave-3F平均": 0,
      "PCI平均": 0,
      "-3F差平均": 0,
      "想定脚質": "不明",
      "track_bias_aptitude_score": null,
      "investment_value_score": 53.6,
      "total_investment_index": null,
      "investment_rating": 0.4630456039309502,
      "stability_score": 90,
      "investment_mark": "☆"
    },
    {
      "horse_number": 17,
      "name": "ナンゴクモンジュー",
      "popularity": 16,
      "odds": 56.3,
      "mark": "⭐︎",
      "score": 46.76,
      "track_aptitude": 0,
      "total_points": 65.56024691358024,
      "detail_points": {
        "score": 36.08024691358025,
        "bias": 9.0,
        "pace": 6.48,
        "3f": 4.0,
        "margin": 10.0,
        "track": 0.0
      },
      "avg_margin": 0.0,
      "race_name": "小倉5R",
      "pred_prob_won": 0.028608252108097077,