{
  "horses": [
    {
      "horse_number": 3,
      "name": "アスクエジンバラ",
      "popularity": 1,
      "odds": 1.1,
      "mark": "◎",
      "score": 143.19,
      "track_aptitude": 2,
      "total_points": 92.06,
      "detail_points": {
        "score": 50.0,
        "bias": 13.05,
        "pace": 12.0,
        "3f": 7.0,
        "margin": 8.0,
        "track": 2.0100000000000002
      },
      "avg_margin": 0.3,
      "race_name": "小倉1R",
      "pred_prob_won": 0.2690097033977509,
      "pred_prob_in_top2": 0.18381512761116028,
      "pred_prob_in_top3": 0.5958975076675415,
      "score_z": 1.5571658328308493,
      "上り3F平均": 33.3,
      "Ave-3F平均": 37.92,
      "PCI平均": 63.9,
      "-3F差平均": 0.2,
      "想定脚質": "先行",
      "track_bias_aptitude_score": 92.2,
      "investment_value_score": 100.0,
      "total_investment_index": 95.3,
      "investment_rating": 0.8685130214691161,
      "stability_score": 90,
      "investment_mark": "◎"
    },
    {
      "horse_number": 1,
      "name": "リヒトミューレ",
      "popularity": 2,
      "odds": 5.5,
      "mark": "▲",
      "score": 114.19,
      "track_aptitude": 0,
      "total_points": 62.15359452475732,
      "detail_points": {
        "score": 39.873594524757316,
        "bias": 3.0,
        "pace": 8.28,
        "3f": 9.0,
        "margin": 2.0,
        "track": 0.0
      },
      "avg_margin": 2.5,
      "race_name": "小倉1R",
      "pred_prob_won": 0.06276048049330711,
      "pred_prob_in_top2": 0.08268317729234695,
      "pred_prob_in_top3": 0.2369848370552063,
      "score_z": 0.22617640957882695,
      "上り3F平均": 36.0,
      "Ave-3F平均": 36.23,
      "PCI平均": 50.6,
      "-3F差平均": 1.8,
      "想定脚質": "後方",
      "track_bias_aptitude_score": 4.4,
      "investment_value_score": 48.4,
      "total_investment_index": 35.7,
      "investment_rating": -0.056100795865058894,
      "stability_score": 45,
      "investment_mark": "××"
    },
    {
      "horse_number": 4,
      "name": "アクティングエリア",
      "popularity": 3,
      "odds": 13.0,
      "mark": "○",
      "score": 106.07,
      "track_aptitude": 0,
      "total_points": 67.31820099168937,
      "detail_points": {
        "score": 37.038200991689365,
        "bias": 9.0,
        "pace": 8.28,
        "3f": 9.0,
        "margin": 4.0,
        "track": 0.0
      },
      "avg_margin": 1.8,
      "race_name": "小倉1R",
      "pred_prob_won": 0.03638794347643852,
      "pred_prob_in_top2": 0.07180667519569398,
      "pred_prob_in_top3": 0.1692579507827759,
      "score_z": -0.14650062893173954,
      "上り3F平均": 36.7,
      "Ave-3F平均": 35.0,
      "PCI平均": 45.4,
      "-3F差平均": 0.4,
      "想定脚質": "中団",
      "track_bias_aptitude_score": 48.3,
      "investment_value_score": 27.9,
      "total_investment_index": 36.0,
      "investment_rating": -0.2398939919471741,
      "stability_score": 60,
      "investment_mark": "××"
    },
    {
      "horse_number": 2,
      "name": "テーオールーラー",
      "popularity": 5,
      "odds": 27.9,
      "mark": "▲",
      "score": 97.65,
      "track_aptitude": 0,
      "total_points": 60.37805153991201,
      "detail_points": {
        "score": 34.09805153991201,
        "bias": 9.0,
        "pace": 8.28,
        "3f": 7.0,
        "margin": 2.0,
        "track": 0.0
      },
      "avg_margin": 2.8,
      "race_name": "小倉1R",
      "pred_prob_won": 0.030715887993574144,
      "pred_prob_in_top2": 0.0405362531542778,
      "pred_prob_in_top3": 0.12724869400262834,
      "score_z": -0.5329465235449123,
      "上り3F平均": 37.6,
      "Ave-3F平均": 36.0,
      "PCI平均": 45.7,
      "-3F差平均": 1.4,
      "想定脚質": "中団",
      "track_bias_aptitude_score": 48.3,
      "investment_value_score": 7.2,
      "total_investment_index": 22.9,
      "investment_rating": -0.36375652998685837,
      "stability_score": 45,
      "investment_mark": "××"
    },
    {
      "horse_number": 5,
      "name": "シーキングザバース",
      "popularity": 4,
      "odds": 24.9,
      "mark": "△",
      "score": 85.21,
      "track_aptitude": 1,
      "total_points": 52.024172777428596,
      "detail_points": {
        "score": 29.75417277742859,
        "bias": 3.0,
        "pace": 8.28,
        "3f": 9.0,
        "margin": 1.0,
        "track": 0.99
      },
      "avg_margin": 3.1,
      "race_name": "小倉1R",
      "pred_prob_won": 0.016606797836720942,
      "pred_prob_in_top2": 0.02429438792169094,
      "pred_prob_in_top3": 0.08415986448526383,
      "score_z": -1.1038950899330218,
      "上り3F平均": 37.5,
      "Ave-3F平均": 36.4,
      "PCI平均": 47.1,
      "-3F差平均": 1.8,
      "想定脚質": "後方",
      "track_bias_aptitude_score": 12.2,
      "investment_value_score": 1,
      "total_investment_index": 7.4,
      "investment_rating": -0.5754886030405759,
      "stability_score": 30,
      "investment_mark": "××"
    }
  ]
}