{
  "horses": [
    {
      "horse_number": 7,
      "name": "サトノアルタイル",
      "popularity": 6,
      "odds": 13.5,
      "mark": "◎",
      "score": 124.42,
      "track_aptitude": 2,
      "total_points": 85.02958487154375,
      "detail_points": {
        "score": 46.86958487154374,
        "bias": 10.95,
        "pace": 10.2,
        "3f": 9.0,
        "margin": 6.0,
        "track": 2.0100000000000002
      },
      "avg_margin": 0.7714285714285714,
      "race_name": "東京2R",
      "pred_prob_won": 0.19373248517513275,
      "pred_prob_in_top2": 0.15907440781593324,
      "pred_prob_in_top3": 0.49709969758987427,
      "score_z": 1.1577335533137934,
      "上り3F平均": 36.74,
      "Ave-3F平均": 37.21,
      "PCI平均": 51.46,
      "-3F差平均": 0.43,
      "想定脚質": "中団",
      "track_bias_aptitude_score": 67.3,
      "investment_value_score": 63.4,
      "total_investment_index": 65.2,
      "investment_rating": 1.9854984879493713,
      "stability_score": 75,
      "investment_mark": "◎"
    },
    {
      "horse_number": 15,
      "name": "ブランディストック",
      "popularity": 5,
      "odds": 11.6,
      "mark": "▲",
      "score": 122.64,
      "track_aptitude": 1,
      "total_points": 81.33905070443758,
      "detail_points": {
        "score": 46.19905070443758,
        "bias": 10.95,
        "pace": 10.2,
        "3f": 9.0,
        "margin": 4.0,
        "track": 0.99
      },
      "avg_margin": 1.3666666666666665,
      "race_name": "東京2R",
      "pred_prob_won": 0.1523987054824829,
      "pred_prob_in_top2": 0.13542371094226838,
      "pred_prob_in_top3": 0.4208867013454437,
      "score_z": 1.0347073542974252,
      "上り3F平均": 38.27,
      "Ave-3F平均": 37.79,
      "PCI平均": 48.83,
      "-3F差平均": 0.77,
      "想定脚質": "中団",
      "track_bias_aptitude_score": 60.2,
      "investment_value_score": 63.1,
      "total_investment_index": 62.6,
      "investment_rating": 1.4229458209872246,
      "stability_score": 60,
      "investment_mark": "○"
    },
    {
      "horse_number": 9,
      "name": "カーフキック",
      "popularity": 2,
      "odds": 5.0,
      "mark": "○",
      "score": 132.73,
      "track_aptitude": 0,
      "total_points": 84.25,
      "detail_points": {
        "score": 50.0,
        "bias": 13.05,
        "pace": 10.2,
        "3f": 7.0,
        "margin": 4.0,
        "track": 0.0
      },
      "avg_margin": 1.0333333333333334,
      "race_name": "東京2R",
      "pred_prob_won": 0.26388137340545653,
      "pred_prob_in_top2": 0.18016734421253205,
      "pred_prob_in_top3": 0.5642386198043823,
      "score_z": 1.7320862015306575,
      "上り3F平均": 37.1,
      "Ave-3F平均": 38.0,
      "PCI平均": 52.63,
      "-3F差平均": 1.03,
      "想定脚質": "先行",
      "track_bias_aptitude_score": 78.8,
      "investment_value_score": 90.7,
      "total_investment_index": 85.9,
      "investment_rating": 1.2798681354522705,
      "stability_score": 60,
      "investment_mark": "▲"
    },
    {
      "horse_number": 16,
      "name": "ミクニサンシャイン",
      "popularity": 1,
      "odds": 2.4,
      "mark": "△",
      "score": 127.3,
      "track_aptitude": 2,
      "total_points": 75.11449408573797,
      "detail_points": {
        "score": 47.95449408573796,
        "bias": 4.95,
        "pace": 10.2,
        "3f": 4.0,
        "margin": 6.0,
        "track": 2.0100000000000002
      },
      "avg_margin": 0.55,
      "race_name": "東京2R",
      "pred_prob_won": 0.20515502691268922,
      "pred_prob_in_top2": 0.15854547321796417,
      "pred_prob_in_top3": 0.5014834761619568,
      "score_z": 1.3567871786885912,
      "上り3F平均": 36.85,
      "Ave-3F平均": 37.26,
      "PCI平均": 51.15,
      "-3F差平均": 1.1,
      "想定脚質": "逃げ",
      "track_bias_aptitude_score": 25.8,
      "investment_value_score": 100,
      "total_investment_index": 75.0,
      "investment_rating": 0.8783378213644027,
      "stability_score": 75,
      "investment_mark": "▲"
    },
    {
      "horse_number": 13,
      "name": "ブレイクバウンズ",
      "popularity": 9,
      "odds": 28.0,
      "mark": "△",
      "score": 114.51,
      "track_aptitude": 0,
      "total_points": 75.38644240186846,
      "detail_points": {
        "score": 43.13644240186846,
        "bias": 13.05,
        "pace": 10.2,
        "3f": 7.0,
        "margin": 2.0,
        "track": 0.0
      },
      "avg_margin": 2.8714285714285714,
      "race_name": "東京2R",
      "pred_prob_won": 0.06337409242987632,
      "pred_prob_in_top2": 0.0763063058257103,
      "pred_prob_in_top3": 0.22592906951904296,
      "score_z": 0.4727955576664854,
      "上り3F平均": 40.01,
      "Ave-3F平均": 37.74,
      "PCI平均": 44.56,
      "-3F差平均": 1.22,
      "想定脚質": "先行",
      "track_bias_aptitude_score": 78.8,
      "investment_value_score": 37.8,
      "total_investment_index": 52.1,
      "investment_rating": 0.8524283123016356,
      "stability_score": 45,
      "investment_mark": "△"
    },
    {
      "horse_number": 11,
      "name": "ダイタエリュシオン",
      "popularity": 11,
      "odds": 44.2,
      "mark": "△",
      "score": 112.1,
      "track_aptitude": 0,
      "total_points": 72.37858434415732,
      "detail_points": {
        "score": 42.22858434415731,
        "bias": 10.95,
        "pace": 10.2,
        "3f": 7.0,
        "margin": 2.0,
        "track": 0.0
      },
      "avg_margin": 2.075,
      "race_name": "東京2R",
      "pred_prob_won": 0.05049989968538284,
      "pred_prob_in_top2": 0.07195332944393158,
      "pred_prob_in_top3": 0.20106694996356964,
      "score_z": 0.3062263780993794,
      "上り3F平均": 38.15,
      "Ave-3F平均": 37.97,
      "PCI平均": 49.77,
      "-3F差平均": 1.12,
      "想定脚質": "中団",
      "track_bias_aptitude_score": 53.1,
      "investment_value_score": 31.4,
      "total_investment_index": 40.3,
      "investment_rating": 0.8082688622176648,
      "stability_score": 45,
      "investment_mark": "△"
    },
    {
      "horse_number": 8,
      "name": "ワスカル",
      "popularity": 4,
      "odds": 11.4,
      "mark": "▲",
      "score": 110.26,
      "track_aptitude": 0,
      "total_points": 75.68544790175545,
      "detail_points": {
        "score": 41.535447901755454,
        "bias": 10.95,
        "pace": 10.2,
        "3f": 9.0,
        "margin": 4.0,
        "track": 0.0
      },
      "avg_margin": 1.7,
      "race_name": "東京2R",
      "pred_prob_won": 0.05882332399487496,
      "pred_prob_in_top2": 0.07139119803905487,
      "pred_prob_in_top3": 0.22576101124286652,
      "score_z": 0.17905322855437034,
      "上り3F平均": 36.4,
      "Ave-3F平均": 37.98,
      "PCI平均": 55.0,
      "-3F差平均": 0.8,
      "想定脚質": "中団",
      "track_bias_aptitude_score": 53.1,
      "investment_value_score": 51.8,
      "total_investment_index": 52.3,
      "investment_rating": 0.4804679438471795,
      "stability_score": 60,
      "investment_mark": "☆"
    },
    {
      "horse_number": 10,
      "name": "ナイトダンサー",
      "popularity": 10,
      "odds": 43.2,
      "mark": "△",
      "score": 108.72,
      "track_aptitude": 2,
      "total_points": 75.11532283583215,
      "detail_points": {
        "score": 40.95532283583214,
        "bias": 10.95,
        "pace": 10.2,
        "3f": 7.0,
        "margin": 4.0,
        "track": 2.0100000000000002
      },
      "avg_margin": 1.7999999999999998,
      "race_name": "東京2R",
      "pred_prob_won": 0.0373948697000742,
      "pred_prob_in_top2": 0.057933252304792404,
      "pred_prob_in_top3": 0.15246196687221528,
      "score_z": 0.07261483165256821,
      "上り3F平均": 37.47,
      "Ave-3F平均": 37.19,
      "PCI平均": 49.58,
      "-3F差平均": 1.13,
      "想定脚質": "中団",
      "track_bias_aptitude_score": 67.3,
      "investment_value_score": 27.4,
      "total_investment_index": 41.8,
      "investment_rating": 0.39772616147995,
      "stability_score": 60,
      "investment_mark": "☆"
    },
    {
      "horse_number": 3,
      "name": "ゴールドブリーダー",
      "popularity": 8,
      "odds": 25.2,
      "mark": "⭐︎",
      "score": 110.07,
      "track_aptitude": 0,
      "total_points": 67.6138740299857,