{
  "horses": [
    {
      "horse_number": 8,
      "name": "ホークライト",
      "popularity": 4,
      "odds": 8.0,
      "mark": "◎",
      "score": 149.21,
      "track_aptitude": 1,
      "total_points": 91.19,
      "detail_points": {
        "score": 50.0,
        "bias": 15.0,
        "pace": 10.2,
        "3f": 9.0,
        "margin": 6.0,
        "track": 0.99
      },
      "avg_margin": 0.725,
      "race_name": "東京3R",
      "pred_prob_won": 0.29176735281944277,
      "pred_prob_in_top2": 0.18034686744213105,
      "pred_prob_in_top3": 0.6097142934799195,
      "score_z": 1.5391764238111865,
      "上り3F平均": 38.77,
      "Ave-3F平均": 38.4,
      "PCI平均": 49.3,
      "-3F差平均": 0.76,
      "想定脚質": "先行",
      "track_bias_aptitude_score": 88.9,
      "investment_value_score": 86.9,
      "total_investment_index": 86.4,
      "investment_rating": 1.9778857445716858,
      "stability_score": 75,
      "investment_mark": "◎"
    },
    {
      "horse_number": 13,
      "name": "ダブルメッセージ",
      "popularity": 9,
      "odds": 19.9,
      "mark": "△",
      "score": 136.45,
      "track_aptitude": 1,
      "total_points": 76.96414717512229,
      "detail_points": {
        "score": 45.724147175122305,
        "bias": 7.05,
        "pace": 10.2,
        "3f": 9.0,
        "margin": 4.0,
        "track": 0.99
      },
      "avg_margin": 1.6349999999999998,
      "race_name": "東京3R",
      "pred_prob_won": 0.11500716656446457,
      "pred_prob_in_top2": 0.1397963285446167,
      "pred_prob_in_top3": 0.38236684203147886,
      "score_z": 0.7459259096361669,
      "上り3F平均": 39.67,
      "Ave-3F平均": 38.27,
      "PCI平均": 46.48,
      "-3F差平均": 0.99,
      "想定脚質": "中団",
      "track_bias_aptitude_score": 44.5,
      "investment_value_score": 55.4,
      "total_investment_index": 52.8,
      "investment_rating": 1.8927394995093343,
      "stability_score": 60,
      "investment_mark": "◎"
    },
    {
      "horse_number": 5,
      "name": "クックパイン",
      "popularity": 5,
      "odds": 8.4,
      "mark": "△",
      "score": 145.8,
      "track_aptitude": 0,
      "total_points": 79.10731519335165,
      "detail_points": {
        "score": 48.85731519335165,
        "bias": 7.05,
        "pace": 10.2,
        "3f": 7.0,
        "margin": 6.0,
        "track": 0.0
      },
      "avg_margin": 0.6,
      "race_name": "東京3R",
      "pred_prob_won": 0.21403950452804565,
      "pred_prob_in_top2": 0.1608593761920929,
      "pred_prob_in_top3": 0.5004852890968323,
      "score_z": 1.3271870622644144,
      "上り3F平均": 33.9,
      "Ave-3F平均": 37.5,
      "PCI平均": 60.6,
      "-3F差平均": 1.2,
      "想定脚質": "中団",
      "track_bias_aptitude_score": 38.9,
      "investment_value_score": 76.5,
      "total_investment_index": 64.8,
      "investment_rating": 1.7771595364809039,
      "stability_score": 75,
      "investment_mark": "○"
    },
    {
      "horse_number": 15,
      "name": "エマージェンス",
      "popularity": 2,
      "odds": 4.6,
      "mark": "○",
      "score": 147.05,
      "track_aptitude": 1,
      "total_points": 90.46618792306145,
      "detail_points": {
        "score": 49.27618792306146,
        "bias": 15.0,
        "pace": 10.2,
        "3f": 9.0,
        "margin": 6.0,
        "track": 0.99
      },
      "avg_margin": 0.54,
      "race_name": "東京3R",
      "pred_prob_won": 0.2522317677736282,
      "pred_prob_in_top2": 0.18775418698787688,
      "pred_prob_in_top3": 0.5748020291328431,
      "score_z": 1.4048957725088325,
      "上り3F平均": 38.68,
      "Ave-3F平均": 38.17,
      "PCI平均": 48.68,
      "-3F差平均": 0.53,
      "想定脚質": "先行",
      "track_bias_aptitude_score": 88.9,
      "investment_value_score": 100,
      "total_investment_index": 94.0,
      "investment_rating": 1.3094456815719604,
      "stability_score": 75,
      "investment_mark": "▲"
    },
    {
      "horse_number": 3,
      "name": "ブラザービート",
      "popularity": 7,
      "odds": 13.4,
      "mark": "▲",
      "score": 130.85,
      "track_aptitude": 0,
      "total_points": 84.04759734602239,
      "detail_points": {
        "score": 43.84759734602238,
        "bias": 15.0,
        "pace": 10.2,
        "3f": 9.0,
        "margin": 6.0,
        "track": 0.0
      },
      "avg_margin": 0.9083333333333333,
      "race_name": "東京3R",
      "pred_prob_won": 0.08752370476722718,
      "pred_prob_in_top2": 0.10235416293144226,
      "pred_prob_in_top3": 0.32308399081230166,
      "score_z": 0.39779088774117494,
      "上り3F平均": 38.67,
      "Ave-3F平均": 37.71,
      "PCI平均": 47.73,
      "-3F差平均": 0.66,
      "想定脚質": "先行",
      "track_bias_aptitude_score": 83.3,
      "investment_value_score": 55.6,
      "total_investment_index": 64.0,
      "investment_rating": 1.243116149008274,
      "stability_score": 75,
      "investment_mark": "△"
    },
    {
      "horse_number": 11,
      "name": "マブアンドフェール",
      "popularity": 3,
      "odds": 6.8,
      "mark": "△",
      "score": 140.08,
      "track_aptitude": 2,
      "total_points": 73.23055358219959,
      "detail_points": {
        "score": 46.940553582199584,
        "bias": 3.0,
        "pace": 8.28,
        "3f": 9.0,
        "margin": 4.0,
        "track": 2.0100000000000002
      },
      "avg_margin": 1.957142857142857,
      "race_name": "東京3R",
      "pred_prob_won": 0.1487721621990204,
      "pred_prob_in_top2": 0.15408445596694947,
      "pred_prob_in_top3": 0.4306094467639923,
      "score_z": 0.9715920041859581,
      "上り3F平均": 38.9,
      "Ave-3F平均": 38.85,
      "PCI平均": 50.03,
      "-3F差平均": 1.59,
      "想定脚質": "後方",
      "track_bias_aptitude_score": 12.1,
      "investment_value_score": 82.4,
      "total_investment_index": 59.7,
      "investment_rating": 1.0925416466593743,
      "stability_score": 60,
      "investment_mark": "△"
    },
    {
      "horse_number": 6,
      "name": "ブルージャイアント",
      "popularity": 6,
      "odds": 9.4,
      "mark": "▲",
      "score": 129.3,
      "track_aptitude": 0,
      "total_points": 81.52819516118223,
      "detail_points": {
        "score": 43.32819516118222,
        "bias": 15.0,
        "pace": 10.2,
        "3f": 7.0,
        "margin": 6.0,
        "track": 0.0
      },
      "avg_margin": 0.9333333333333332,
      "race_name": "東京3R",
      "pred_prob_won": 0.0838747501373291,
      "pred_prob_in_top2": 0.09816094189882278,
      "pred_prob_in_top3": 0.27640079259872435,
      "score_z": 0.30143208703809776,
      "上り3F平均": 38.1,
      "Ave-3F平均": 38.0,
      "PCI平均": 49.73,
      "-3F差平均": 1.17,
      "想定脚質": "先行",
      "track_bias_aptitude_score": 83.3,
      "investment_value_score": 55.1,
      "total_investment_index": 63.6,
      "investment_rating": 0.8820039629936217,
      "stability_score": 75,
      "investment_mark": "☆"
    },
    {
      "horse_number": 1,
      "name": "アルデツヨシ",
      "popularity": 8,
      "odds": 15.5,
      "mark": "△",
      "score": 129.83,
      "track_aptitude": 0,
      "total_points": 67.78579719857919,
      "detail_points": {
        "score": 43.50579719857919,
        "bias": 3.0,
        "pace": 8.28,
        "3f": 9.0,
        "margin": 4.0,
        "track": 0.0
      },
      "avg_margin": 1.9000000000000001,
      "race_name": "東京3R",
      "pred_prob_won": 0.0661452978849411,
      "pred_prob_in_top2": 0.08219342231750489,
      "pred_prob_in_top3": 0.2350914716720581,
      "score_z": 0.33438058018173106,
      "上り3F平均": 39.56,
      "Ave-3F平均": 38.12,
      "PCI平均": 46.4,
      "-3F差平均": 1.27,
      "想定脚質": "後方",
      "track_bias_aptitude_score": 1,
      "investment_value_score": 46.0,
      "total_investment_index": 33.5,
      "investment_rating": 0.8340579771995544,
      "stability_score": 60,
      "investment_mark": "☆"
    },
    {
      "horse_number": 10,
      "name": "セイスイミリオン",
      "popularity": 10,
      "odds": 57.6,
      "mark": "×",
      "score": 119.34,
      "track_aptitude": 1,
      "total_points": 65.2606172508545,
      "detail_points": {
        "score": 39.9906172508545,
        "bias": 3.0,