{
  "horses": [
    {
      "horse_number": 13,
      "name": "セフィロ",
      "popularity": 7,
      "odds": 19.3,
      "mark": "○",
      "score": 114.66,
      "track_aptitude": 1,
      "total_points": 85.9237391372426,
      "detail_points": {
        "score": 44.883739137242614,
        "bias": 13.05,
        "pace": 12.0,
        "3f": 7.0,
        "margin": 8.0,
        "track": 0.99
      },
      "avg_margin": 0.32999999999999996,
      "race_name": "東京10R",
      "pred_prob_won": 0.15378748774528503,
      "pred_prob_in_top2": 0.1535581737756729,
      "pred_prob_in_top3": 0.4314268887042999,
      "score_z": 1.0344756351371467,
      "上り3F平均": 34.23,
      "Ave-3F平均": 36.09,
      "PCI平均": 55.55,
      "-3F差平均": 1.12,
      "想定脚質": "中団",
      "track_bias_aptitude_score": 84.4,
      "investment_value_score": 52.6,
      "total_investment_index": 63.6,
      "investment_rating": 1.8444192323088646,
      "stability_score": 90,
      "investment_mark": "◎"
    },
    {
      "horse_number": 1,
      "name": "モンドデラモーレ",
      "popularity": 1,
      "odds": 2.8,
      "mark": "◎",
      "score": 127.73,
      "track_aptitude": 1,
      "total_points": 91.94,
      "detail_points": {
        "score": 50.0,
        "bias": 10.95,
        "pace": 12.0,
        "3f": 9.0,
        "margin": 9.0,
        "track": 0.99
      },
      "avg_margin": 0.2,
      "race_name": "東京10R",
      "pred_prob_won": 0.29990718364715574,
      "pred_prob_in_top2": 0.1857121467590332,
      "pred_prob_in_top3": 0.6211491346359252,
      "score_z": 2.44067392439794,
      "上り3F平均": 35.0,
      "Ave-3F平均": 35.88,
      "PCI平均": 52.68,
      "-3F差平均": 0.36,
      "想定脚質": "先行",
      "track_bias_aptitude_score": 60.3,
      "investment_value_score": 100,
      "total_investment_index": 87.2,
      "investment_rating": 1.1475855529308319,
      "stability_score": 90,
      "investment_mark": "○"
    },
    {
      "horse_number": 7,
      "name": "シンバーシア",
      "popularity": 3,
      "odds": 6.8,
      "mark": "×",
      "score": 116.64,
      "track_aptitude": 1,
      "total_points": 70.92881155562513,
      "detail_points": {
        "score": 45.65881155562514,
        "bias": 3.0,
        "pace": 8.28,
        "3f": 5.0,
        "margin": 8.0,
        "track": 0.99
      },
      "avg_margin": 0.2642857142857143,
      "race_name": "東京10R",
      "pred_prob_won": 0.1716660350561142,
      "pred_prob_in_top2": 0.11543038338422776,
      "pred_prob_in_top3": 0.375383073091507,
      "score_z": 1.2475033790343444,
      "上り3F平均": 34.86,
      "Ave-3F平均": 35.89,
      "PCI平均": 52.98,
      "-3F差平均": 0.67,
      "想定脚質": "逃げ",
      "track_bias_aptitude_score": 8.8,
      "investment_value_score": 65.6,
      "total_investment_index": 49.1,
      "investment_rating": 0.9075332948565485,
      "stability_score": 90,
      "investment_mark": "▲"
    },
    {
      "horse_number": 16,
      "name": "スマートワイス",
      "popularity": 6,
      "odds": 18.3,
      "mark": "▲",
      "score": 108.68,
      "track_aptitude": 1,
      "total_points": 83.48286385344085,
      "detail_points": {
        "score": 42.542863853440856,
        "bias": 10.95,
        "pace": 12.0,
        "3f": 9.0,
        "margin": 8.0,
        "track": 0.99
      },
      "avg_margin": 0.3,
      "race_name": "東京10R",
      "pred_prob_won": 0.060553398728370664,
      "pred_prob_in_top2": 0.09472867101430893,
      "pred_prob_in_top3": 0.25430548787117,
      "score_z": 0.3910888126597541,
      "上り3F平均": 34.92,
      "Ave-3F平均": 35.91,
      "PCI平均": 52.92,
      "-3F差平均": 0.38,
      "想定脚質": "先行",
      "track_bias_aptitude_score": 60.3,
      "investment_value_score": 44.1,
      "total_investment_index": 50.2,
      "investment_rating": 0.7715274393558502,
      "stability_score": 90,
      "investment_mark": "△"
    },
    {
      "horse_number": 12,
      "name": "ヴェサリウス",
      "popularity": 10,
      "odds": 30.0,
      "mark": "⭐︎",
      "score": 108.83,
      "track_aptitude": 0,
      "total_points": 80.55158146089407,
      "detail_points": {
        "score": 42.601581460894074,
        "bias": 10.95,
        "pace": 12.0,
        "3f": 9.0,
        "margin": 6.0,
        "track": 0.0
      },
      "avg_margin": 0.5599999999999999,
      "race_name": "東京10R",
      "pred_prob_won": 0.047766482830047606,
      "pred_prob_in_top2": 0.06157352924346924,
      "pred_prob_in_top3": 0.18121040165424346,
      "score_z": 0.40722727810651055,
      "上り3F平均": 36.49,
      "Ave-3F平均": 34.8,
      "PCI平均": 45.7,
      "-3F差平均": 0.49,
      "想定脚質": "先行",
      "track_bias_aptitude_score": 52.5,
      "investment_value_score": 30.3,
      "total_investment_index": 39.6,
      "investment_rating": 0.604714891910553,
      "stability_score": 75,
      "investment_mark": "△"
    },
    {
      "horse_number": 11,
      "name": "コスモアディラート",
      "popularity": 8,
      "odds": 20.0,
      "mark": "⭐︎",
      "score": 107.26,
      "track_aptitude": 0,
      "total_points": 81.93700383621702,
      "detail_points": {
        "score": 41.98700383621702,
        "bias": 10.95,
        "pace": 12.0,
        "3f": 9.0,
        "margin": 8.0,
        "track": 0.0
      },
      "avg_margin": 0.325,
      "race_name": "東京10R",
      "pred_prob_won": 0.032727739214897154,
      "pred_prob_in_top2": 0.051868560165166853,
      "pred_prob_in_top3": 0.1450003355741501,
      "score_z": 0.23831133976378419,
      "上り3F平均": 34.97,
      "Ave-3F平均": 34.54,
      "PCI平均": 48.8,
      "-3F差平均": 0.33,
      "想定脚質": "先行",
      "track_bias_aptitude_score": 52.5,
      "investment_value_score": 29.8,
      "total_investment_index": 39.0,
      "investment_rating": 0.28450204700231563,
      "stability_score": 90,
      "investment_mark": "☆"
    },
    {
      "horse_number": 14,
      "name": "サクセスアイ",
      "popularity": 11,
      "odds": 34.8,
      "mark": "△",
      "score": 103.27,
      "track_aptitude": 1,
      "total_points": 83.46511547796132,
      "detail_points": {
        "score": 40.42511547796132,
        "bias": 13.05,
        "pace": 12.0,
        "3f": 9.0,
        "margin": 8.0,
        "track": 0.99
      },
      "avg_margin": 0.265,
      "race_name": "東京10R",
      "pred_prob_won": 0.026233378797769547,
      "pred_prob_in_top2": 0.05333995968103409,
      "pred_prob_in_top3": 0.1294046714901924,
      "score_z": -0.19097184111996282,
      "上り3F平均": 34.2,
      "Ave-3F平均": 35.2,
      "PCI平均": 52.96,
      "-3F差平均": 0.58,
      "想定脚質": "中団",
      "track_bias_aptitude_score": 84.4,
      "investment_value_score": 21.9,
      "total_investment_index": 43.1,
      "investment_rating": 0.2528862040489912,
      "stability_score": 90,
      "investment_mark": "☆"
    },
    {
      "horse_number": 2,
      "name": "ウインアイオライト",
      "popularity": 12,
      "odds": 38.6,
      "mark": "△",
      "score": 103.35,
      "track_aptitude": 2,
      "total_points": 82.41643153526971,
      "detail_points": {
        "score": 40.45643153526971,
        "bias": 10.95,
        "pace": 12.0,
        "3f": 9.0,
        "margin": 8.0,
        "track": 2.0100000000000002
      },
      "avg_margin": 0.43,
      "race_name": "東京10R",
      "pred_prob_won": 0.02659524753689766,
      "pred_prob_in_top2": 0.04616539925336838,
      "pred_prob_in_top3": 0.12634481340646744,
      "score_z": -0.18236465954835906,
      "上り3F平均": 34.87,
      "Ave-3F平均": 35.64,
      "PCI平均": 52.36,
      "-3F差平均": 0.41,
      "想定脚質": "先行",
      "track_bias_aptitude_score": 68.1,
      "investment_value_score": 20.3,
      "total_investment_index": 37.3,
      "investment_rating": 0.24866195127367963,
      "stability_score": 90,
      "investment_mark": "☆"
    },
    {
      "horse_number": 4,
      "name": "オメガウインク",
      "popularity": 4,
      "odds": 10.8,
      "mark": "▲",
      "score": 103.71,
      "track_aptitude": 2,
      "total_points": 84.65735379315744,
      "detail_points": {
        "score": 40.59735379315744,