{
  "horses": [
    {
      "horse_number": 2,
      "name": "マイネルアズーロ",
      "popularity": 8,
      "odds": 41.5,
      "mark": "▲",
      "score": 129.06,
      "track_aptitude": 2,
      "total_points": 84.6954500412882,
      "detail_points": {
        "score": 44.4054500412882,
        "bias": 15.0,
        "pace": 8.28,
        "3f": 9.0,
        "margin": 6.0,
        "track": 2.0100000000000002
      },
      "avg_margin": 0.72,
      "race_name": "東京4R",
      "pred_prob_won": 0.14248383641242982,
      "pred_prob_in_top2": 0.13334074914455413,
      "pred_prob_in_top3": 0.39585151672363283,
      "score_z": 0.8780037945273469,
      "上り3F平均": 35.84,
      "Ave-3F平均": 37.06,
      "PCI平均": 53.42,
      "-3F差平均": 0.62,
      "想定脚質": "中団",
      "track_bias_aptitude_score": 93.7,
      "investment_value_score": 51.3,
      "total_investment_index": 65.4,
      "investment_rating": 1.8146942520141605,
      "stability_score": 75,
      "investment_mark": "◎"
    },
    {
      "horse_number": 3,
      "name": "サクラファレル",
      "popularity": 2,
      "odds": 2.9,
      "mark": "◎",
      "score": 145.32,
      "track_aptitude": 2,
      "total_points": 92.29,
      "detail_points": {
        "score": 50.0,
        "bias": 15.0,
        "pace": 8.28,
        "3f": 9.0,
        "margin": 8.0,
        "track": 2.0100000000000002
      },
      "avg_margin": 0.30000000000000004,
      "race_name": "東京4R",
      "pred_prob_won": 0.30661402344703675,
      "pred_prob_in_top2": 0.17664235830307007,
      "pred_prob_in_top3": 0.6201692342758178,
      "score_z": 1.8627488677478778,
      "上り3F平均": 37.1,
      "Ave-3F平均": 36.92,
      "PCI平均": 49.5,
      "-3F差平均": 0.65,
      "想定脚質": "中団",
      "track_bias_aptitude_score": 93.7,
      "investment_value_score": 88.7,
      "total_investment_index": 89.4,
      "investment_rating": 1.43647385597229,
      "stability_score": 90,
      "investment_mark": "○"
    },
    {
      "horse_number": 5,
      "name": "ネポティズムベビー",
      "popularity": 4,
      "odds": 16.5,
      "mark": "▲",
      "score": 131.38,
      "track_aptitude": 0,
      "total_points": 85.48368841178089,
      "detail_points": {
        "score": 45.203688411780895,
        "bias": 15.0,
        "pace": 8.28,
        "3f": 9.0,
        "margin": 8.0,
        "track": 0.0
      },
      "avg_margin": 0.45,
      "race_name": "東京4R",
      "pred_prob_won": 0.16240650713443755,
      "pred_prob_in_top2": 0.14340395033359526,
      "pred_prob_in_top3": 0.4583903133869171,
      "score_z": 1.0185086266227728,
      "上り3F平均": 34.57,
      "Ave-3F平均": 38.15,
      "PCI平均": 60.37,
      "-3F差平均": 0.7,
      "想定脚質": "中団",
      "track_bias_aptitude_score": 81.0,
      "investment_value_score": 66.6,
      "total_investment_index": 71.0,
      "investment_rating": 1.387722222208977,
      "stability_score": 90,
      "investment_mark": "▲"
    },
    {
      "horse_number": 1,
      "name": "オルグジェシダ",
      "popularity": 1,
      "odds": 2.3,
      "mark": "○",
      "score": 142.37,
      "track_aptitude": 2,
      "total_points": 91.27499862372696,
      "detail_points": {
        "score": 48.98499862372695,
        "bias": 15.0,
        "pace": 8.28,
        "3f": 9.0,
        "margin": 8.0,
        "track": 2.0100000000000002
      },
      "avg_margin": 0.3125,
      "race_name": "東京4R",
      "pred_prob_won": 0.2820714294910431,
      "pred_prob_in_top2": 0.19386239647865294,
      "pred_prob_in_top3": 0.6037365317344665,
      "score_z": 1.6840897062472286,
      "上り3F平均": 34.8,
      "Ave-3F平均": 36.8,
      "PCI平均": 55.83,
      "-3F差平均": 0.42,
      "想定脚質": "中団",
      "track_bias_aptitude_score": 93.7,
      "investment_value_score": 100,
      "total_investment_index": 95.9,
      "investment_rating": 1.1084071964025497,
      "stability_score": 90,
      "investment_mark": "▲"
    },
    {
      "horse_number": 4,
      "name": "ウインバーテックス",
      "popularity": 6,
      "odds": 32.5,
      "mark": "⭐︎",
      "score": 122.13,
      "track_aptitude": 2,
      "total_points": 68.31105697770438,
      "detail_points": {
        "score": 42.02105697770438,
        "bias": 3.0,
        "pace": 8.28,
        "3f": 7.0,
        "margin": 6.0,
        "track": 2.0100000000000002
      },
      "avg_margin": 0.9714285714285714,
      "race_name": "東京4R",
      "pred_prob_won": 0.06613043323159218,
      "pred_prob_in_top2": 0.073926942050457,
      "pred_prob_in_top3": 0.21378745138645172,
      "score_z": 0.45830617106988736,
      "上り3F平均": 35.2,
      "Ave-3F平均": 37.31,
      "PCI平均": 56.09,
      "-3F差平均": 0.8,
      "想定脚質": "後方",
      "track_bias_aptitude_score": 29.3,
      "investment_value_score": 44.1,
      "total_investment_index": 41.0,
      "investment_rating": 0.5689372569322586,
      "stability_score": 75,
      "investment_mark": "△"
    },
    {
      "horse_number": 7,
      "name": "メイショウヒンカク",
      "popularity": 5,
      "odds": 27.9,
      "mark": "×",
      "score": 117.71,
      "track_aptitude": 0,
      "total_points": 64.78027525461052,
      "detail_points": {
        "score": 40.500275254610514,
        "bias": 3.0,
        "pace": 8.28,
        "3f": 9.0,
        "margin": 4.0,
        "track": 0.0
      },
      "avg_margin": 1.4333333333333333,
      "race_name": "東京4R",
      "pred_prob_won": 0.048716519773006436,
      "pred_prob_in_top2": 0.057621686905622485,
      "pred_prob_in_top3": 0.16735582947731018,
      "score_z": 0.19062024095704902,
      "上り3F平均": 35.3,
      "Ave-3F平均": 38.32,
      "PCI平均": 58.73,
      "-3F差平均": 1.7,
      "想定脚質": "後方",
      "track_bias_aptitude_score": 16.6,
      "investment_value_score": 42.1,
      "total_investment_index": 35.6,
      "investment_rating": 0.29473344117403033,
      "stability_score": 60,
      "investment_mark": "☆"
    },
    {
      "horse_number": 11,
      "name": "トキノカンピオーネ",
      "popularity": 11,
      "odds": 78.9,
      "mark": "△",
      "score": 111.46,
      "track_aptitude": 0,
      "total_points": 74.62984860996421,
      "detail_points": {
        "score": 38.34984860996421,
        "bias": 15.0,
        "pace": 8.28,
        "3f": 9.0,
        "margin": 4.0,
        "track": 0.0
      },
      "avg_margin": 1.3,
      "race_name": "東京4R",
      "pred_prob_won": 0.028873801976442338,
      "pred_prob_in_top2": 0.05404601693153381,
      "pred_prob_in_top3": 0.13419807255268096,
      "score_z": -0.18789493171381955,
      "上り3F平均": 39.73,
      "Ave-3F平均": 37.52,
      "PCI平均": 44.47,
      "-3F差平均": 0.45,
      "想定脚質": "中団",
      "track_bias_aptitude_score": 81.0,
      "investment_value_score": 24.4,
      "total_investment_index": 43.6,
      "investment_rating": 0.29003506228327747,
      "stability_score": 60,
      "investment_mark": "☆"
    },
    {
      "horse_number": 9,
      "name": "ブライトゲイザー",
      "popularity": 9,
      "odds": 58.0,
      "mark": "△",
      "score": 111.23,
      "track_aptitude": 1,
      "total_points": 75.54071290944124,
      "detail_points": {
        "score": 38.27071290944124,
        "bias": 15.0,
        "pace": 8.28,
        "3f": 9.0,
        "margin": 4.0,
        "track": 0.99
      },
      "avg_margin": 1.5750000000000002,
      "race_name": "東京4R",
      "pred_prob_won": 0.03020765967667103,
      "pred_prob_in_top2": 0.056088920682668686,
      "pred_prob_in_top3": 0.13993126451969146,
      "score_z": -0.20182429006810687,
      "上り3F平均": 37.55,
      "Ave-3F平均": 37.14,
      "PCI平均": 49.23,
      "-3F差平均": 0.67,
      "想定脚質": "中団",
      "track_bias_aptitude_score": 87.4,
      "investment_value_score": 28.3,
      "total_investment_index": 47.9,
      "investment_rating": 0.28054290905594825,
      "stability_score": 60,
      "investment_mark": "☆"
    },
    {
      "horse_number": 8,
      "name": "サンタアナウインド",
      "popularity": 13,
      "odds": 116.4,
      "mark": "×",
      "score": 112.59,
      "track_aptitude": 2,
      "total_points": 65.74864574731627,