{
  "horses": [
    {
      "horse_number": 12,
      "name": "スズカコーズ",
      "popularity": 6,
      "odds": 13.6,
      "mark": "○",
      "score": 116.82,
      "track_aptitude": 2,
      "total_points": 89.96000000000001,
      "detail_points": {
        "score": 50.0,
        "bias": 10.95,
        "pace": 12.0,
        "3f": 9.0,
        "margin": 6.0,
        "track": 2.0100000000000002
      },
      "avg_margin": 0.725,
      "race_name": "東京9R",
      "pred_prob_won": 0.1629293829202652,
      "pred_prob_in_top2": 0.14712070524692536,
      "pred_prob_in_top3": 0.44182024002075193,
      "score_z": 1.089319025549761,
      "上り3F平均": 36.84,
      "Ave-3F平均": 35.97,
      "PCI平均": 47.68,
      "-3F差平均": 0.72,
      "想定脚質": "中団",
      "track_bias_aptitude_score": 70.0,
      "investment_value_score": 77.5,
      "total_investment_index": 74.3,
      "investment_rating": 1.7091012001037598,
      "stability_score": 75,
      "investment_mark": "◎"
    },
    {
      "horse_number": 13,
      "name": "クレイヴィンオナー",
      "popularity": 8,
      "odds": 20.0,
      "mark": "△",
      "score": 110.97,
      "track_aptitude": 2,
      "total_points": 85.45614791987674,
      "detail_points": {
        "score": 47.496147919876734,
        "bias": 10.95,
        "pace": 12.0,
        "3f": 7.0,
        "margin": 6.0,
        "track": 2.0100000000000002
      },
      "avg_margin": 0.7666666666666667,
      "race_name": "東京9R",
      "pred_prob_won": 0.07675483375787735,
      "pred_prob_in_top2": 0.08895371705293656,
      "pred_prob_in_top3": 0.26520484685897827,
      "score_z": 0.6993987196433874,
      "上り3F平均": 37.26,
      "Ave-3F平均": 37.15,
      "PCI平均": 49.79,
      "-3F差平均": 1.32,
      "想定脚質": "中団",
      "track_bias_aptitude_score": 70.0,
      "investment_value_score": 56.8,
      "total_investment_index": 61.2,
      "investment_rating": 1.0177495658397675,
      "stability_score": 75,
      "investment_mark": "○"
    },
    {
      "horse_number": 8,
      "name": "セントラルヴァレー",
      "popularity": 4,
      "odds": 8.9,
      "mark": "▲",
      "score": 112.78,
      "track_aptitude": 1,
      "total_points": 89.3108440335559,
      "detail_points": {
        "score": 48.270844033555896,
        "bias": 13.05,
        "pace": 12.0,
        "3f": 9.0,
        "margin": 6.0,
        "track": 0.99
      },
      "avg_margin": 0.6650000000000001,
      "race_name": "東京9R",
      "pred_prob_won": 0.12922514528036116,
      "pred_prob_in_top2": 0.11960594207048417,
      "pred_prob_in_top3": 0.35572360157966615,
      "score_z": 0.820040728821257,
      "上り3F平均": 37.21,
      "Ave-3F平均": 35.77,
      "PCI平均": 46.16,
      "-3F差平均": 0.51,
      "想定脚質": "先行",
      "track_bias_aptitude_score": 83.1,
      "investment_value_score": 80.5,
      "total_investment_index": 79.6,
      "investment_rating": 0.987322046160698,
      "stability_score": 75,
      "investment_mark": "▲"
    },
    {
      "horse_number": 2,
      "name": "クインズデネブ",
      "popularity": 5,
      "odds": 12.0,
      "mark": "▲",
      "score": 110.21,
      "track_aptitude": 2,
      "total_points": 89.13086115391201,
      "detail_points": {
        "score": 47.170861153912,
        "bias": 10.95,
        "pace": 12.0,
        "3f": 9.0,
        "margin": 8.0,
        "track": 2.0100000000000002
      },
      "avg_margin": 0.32857142857142857,
      "race_name": "東京9R",
      "pred_prob_won": 0.09112227410078048,
      "pred_prob_in_top2": 0.09822776764631272,
      "pred_prob_in_top3": 0.30399198532104493,
      "score_z": 0.6487424063974307,
      "上り3F平均": 36.51,
      "Ave-3F平均": 36.58,
      "PCI平均": 50.2,
      "-3F差平均": 1.0,
      "想定脚質": "中団",
      "track_bias_aptitude_score": 70.0,
      "investment_value_score": 70.7,
      "total_investment_index": 69.5,
      "investment_rating": 0.90276433467865,
      "stability_score": 90,
      "investment_mark": "▲"
    },
    {
      "horse_number": 7,
      "name": "ウィップスティッチ",
      "popularity": 2,
      "odds": 5.5,
      "mark": "◎",
      "score": 112.92,
      "track_aptitude": 2,
      "total_points": 90.39076527991783,
      "detail_points": {
        "score": 48.33076527991783,
        "bias": 13.05,
        "pace": 12.0,
        "3f": 9.0,
        "margin": 6.0,
        "track": 2.0100000000000002
      },
      "avg_margin": 0.675,
      "race_name": "東京9R",
      "pred_prob_won": 0.1432613343000412,
      "pred_prob_in_top2": 0.1360028862953186,
      "pred_prob_in_top3": 0.4038530707359314,
      "score_z": 0.8293721549455122,
      "上り3F平均": 37.04,
      "Ave-3F平均": 35.95,
      "PCI平均": 47.2,
      "-3F差平均": 0.36,
      "想定脚質": "先行",
      "track_bias_aptitude_score": 91.6,
      "investment_value_score": 100,
      "total_investment_index": 93.9,
      "investment_rating": 0.8307885980606079,
      "stability_score": 75,
      "investment_mark": "△"
    },
    {
      "horse_number": 16,
      "name": "トクシーカイザー",
      "popularity": 7,
      "odds": 17.2,
      "mark": "△",
      "score": 105.8,
      "track_aptitude": 2,
      "total_points": 85.24334189351138,
      "detail_points": {
        "score": 45.283341893511384,
        "bias": 10.95,
        "pace": 12.0,
        "3f": 9.0,
        "margin": 6.0,
        "track": 2.0100000000000002
      },
      "avg_margin": 0.6,
      "race_name": "東京9R",
      "pred_prob_won": 0.0504621259868145,
      "pred_prob_in_top2": 0.0714169517159462,
      "pred_prob_in_top3": 0.19733860492706298,
      "score_z": 0.3548024834833953,
      "上り3F平均": 35.49,
      "Ave-3F平均": 35.86,
      "PCI平均": 51.26,
      "-3F差平均": 0.96,
      "想定脚質": "中団",
      "track_bias_aptitude_score": 70.0,
      "investment_value_score": 51.5,
      "total_investment_index": 57.5,
      "investment_rating": 0.5452292573451996,
      "stability_score": 75,
      "investment_mark": "△"
    },
    {
      "horse_number": 10,
      "name": "マイネルディレクト",
      "popularity": 10,
      "odds": 43.6,
      "mark": "△",
      "score": 104.17,
      "track_aptitude": 0,
      "total_points": 84.63568738229756,
      "detail_points": {
        "score": 44.58568738229756,
        "bias": 13.05,
        "pace": 12.0,
        "3f": 9.0,
        "margin": 6.0,
        "track": 0.0
      },
      "avg_margin": 0.76,
      "race_name": "東京9R",
      "pred_prob_won": 0.043284406512975694,
      "pred_prob_in_top2": 0.06036971434950829,
      "pred_prob_in_top3": 0.17166399359703063,
      "score_z": 0.24615802217956836,
      "上り3F平均": 37.68,
      "Ave-3F平均": 34.69,
      "PCI平均": 42.12,
      "-3F差平均": 0.49,
      "想定脚質": "先行",
      "track_bias_aptitude_score": 74.7,
      "investment_value_score": 39.9,
      "total_investment_index": 51.8,
      "investment_rating": 0.5359807538986205,
      "stability_score": 75,
      "investment_mark": "☆"
    },
    {
      "horse_number": 6,
      "name": "レッドセニョール",
      "popularity": 13,
      "odds": 46.9,
      "mark": "△",
      "score": 100.67,
      "track_aptitude": 2,
      "total_points": 85.14765622324946,
      "detail_points": {
        "score": 43.087656223249446,
        "bias": 13.05,
        "pace": 12.0,
        "3f": 9.0,
        "margin": 6.0,
        "track": 2.0100000000000002
      },
      "avg_margin": 0.6277777777777778,
      "race_name": "東京9R",
      "pred_prob_won": 0.0318713903427124,
      "pred_prob_in_top2": 0.05628753155469894,
      "pred_prob_in_top3": 0.14798743724823,
      "score_z": 0.012872369073190847,
      "上り3F平均": 35.91,
      "Ave-3F平均": 35.94,
      "PCI平均": 50.28,
      "-3F差平均": 0.77,
      "想定脚質": "先行",
      "track_bias_aptitude_score": 91.6,
      "investment_value_score": 30.0,
      "total_investment_index": 50.5,
      "investment_rating": 0.4596888196468354,
      "stability_score": 75,
      "investment_mark": "☆"
    },
    {
      "horse_number": 11,
      "name": "トリリオンボーイ",
      "popularity": 3,
      "odds": 5.8,
      "mark": "⭐︎",
      "score": 110.97,
      "track_aptitude": 3,