{
  "horses": [
    {
      "horse_number": 5,
      "name": "アスクアイルビゼア",
      "popularity": 3,
      "odds": 6.0,
      "mark": "▲",
      "score": 113.94,
      "track_aptitude": 0,
      "total_points": 87.95,
      "detail_points": {
        "score": 50.0,
        "bias": 10.95,
        "pace": 12.0,
        "3f": 9.0,
        "margin": 6.0,
        "track": 0.0
      },
      "avg_margin": 0.5277777777777778,
      "race_name": "福島10R",
      "pred_prob_won": 0.22840340733528136,
      "pred_prob_in_top2": 0.1440260350704193,
      "pred_prob_in_top3": 0.4948007643222809,
      "score_z": 1.788363092272461,
      "上り3F平均": 36.67,
      "Ave-3F平均": 35.42,
      "PCI平均": 46.73,
      "-3F差平均": 0.81,
      "想定脚質": "中団",
      "track_bias_aptitude_score": 44.6,
      "investment_value_score": 85.2,
      "total_investment_index": 72.5,
      "investment_rating": 1.307582560479641,
      "stability_score": 75,
      "investment_mark": "◎"
    },
    {
      "horse_number": 1,
      "name": "イナフセド",
      "popularity": 6,
      "odds": 14.2,
      "mark": "○",
      "score": 101.52,
      "track_aptitude": 1,
      "total_points": 89.53976303317535,
      "detail_points": {
        "score": 44.54976303317535,
        "bias": 15.0,
        "pace": 12.0,
        "3f": 9.0,
        "margin": 8.0,
        "track": 0.99
      },
      "avg_margin": 0.375,
      "race_name": "福島10R",
      "pred_prob_won": 0.09891066551208497,
      "pred_prob_in_top2": 0.09829575568437576,
      "pred_prob_in_top3": 0.31783384680747984,
      "score_z": 0.6415577300588259,
      "上り3F平均": 36.48,
      "Ave-3F平均": 34.73,
      "PCI平均": 45.24,
      "-3F差平均": 0.44,
      "想定脚質": "先行",
      "track_bias_aptitude_score": 85.7,
      "investment_value_score": 56.7,
      "total_investment_index": 65.8,
      "investment_rating": 1.0891692340373993,
      "stability_score": 90,
      "investment_mark": "○"
    },
    {
      "horse_number": 3,
      "name": "ワークソング",
      "popularity": 4,
      "odds": 7.3,
      "mark": "△",
      "score": 108.26,
      "track_aptitude": 2,
      "total_points": 87.46746006670179,
      "detail_points": {
        "score": 47.50746006670178,
        "bias": 10.95,
        "pace": 12.0,
        "3f": 9.0,
        "margin": 6.0,
        "track": 2.0100000000000002
      },
      "avg_margin": 0.5800000000000001,
      "race_name": "福島10R",
      "pred_prob_won": 0.15083681643009186,
      "pred_prob_in_top2": 0.11760482490062714,
      "pred_prob_in_top3": 0.37658695578575135,
      "score_z": 1.2638981601167896,
      "上り3F平均": 37.26,
      "Ave-3F平均": 34.88,
      "PCI平均": 43.65,
      "-3F差平均": 0.58,
      "想定脚質": "中団",
      "track_bias_aptitude_score": 58.9,
      "investment_value_score": 71.0,
      "total_investment_index": 67.4,
      "investment_rating": 1.0686891275644301,
      "stability_score": 75,
      "investment_mark": "▲"
    },
    {
      "horse_number": 6,
      "name": "ビッグドリーム",
      "popularity": 5,
      "odds": 8.7,
      "mark": "▲",
      "score": 102.05,
      "track_aptitude": 2,
      "total_points": 88.79234158328946,
      "detail_points": {
        "score": 44.78234158328945,
        "bias": 15.0,
        "pace": 12.0,
        "3f": 9.0,
        "margin": 6.0,
        "track": 2.0100000000000002
      },
      "avg_margin": 0.58,
      "race_name": "福島10R",
      "pred_prob_won": 0.08935919851064682,
      "pred_prob_in_top2": 0.09661998450756074,
      "pred_prob_in_top3": 0.29530592560768126,
      "score_z": 0.6904954790099714,
      "上り3F平均": 35.38,
      "Ave-3F平均": 34.01,
      "PCI平均": 46.15,
      "-3F差平均": 0.37,
      "想定脚質": "先行",
      "track_bias_aptitude_score": 92.9,
      "investment_value_score": 59.0,
      "total_investment_index": 69.4,
      "investment_rating": 0.8641113689541817,
      "stability_score": 75,
      "investment_mark": "▲"
    },
    {
      "horse_number": 12,
      "name": "カネショウレジェン",
      "popularity": 1,
      "odds": 3.9,
      "mark": "◎",
      "score": 106.13,
      "track_aptitude": 1,
      "total_points": 89.56275759171494,
      "detail_points": {
        "score": 46.57275759171494,
        "bias": 15.0,
        "pace": 12.0,
        "3f": 7.0,
        "margin": 8.0,
        "track": 0.99
      },
      "avg_margin": 0.3375,
      "race_name": "福島10R",
      "pred_prob_won": 0.1518498808145523,
      "pred_prob_in_top2": 0.13865405321121216,
      "pred_prob_in_top3": 0.415544855594635,
      "score_z": 1.0672238105584118,
      "上り3F平均": 37.33,
      "Ave-3F平均": 34.71,
      "PCI平均": 43.0,
      "-3F差平均": 0.23,
      "想定脚質": "先行",
      "track_bias_aptitude_score": 85.7,
      "investment_value_score": 100,
      "total_investment_index": 92.5,
      "investment_rating": 0.6849759250879288,
      "stability_score": 90,
      "investment_mark": "△"
    },
    {
      "horse_number": 10,
      "name": "ルージュアズライト",
      "popularity": 2,
      "odds": 4.7,
      "mark": "⭐︎",
      "score": 106.12,
      "track_aptitude": 2,
      "total_points": 78.9083693171845,
      "detail_points": {
        "score": 46.56836931718449,
        "bias": 7.05,
        "pace": 8.28,
        "3f": 7.0,
        "margin": 8.0,
        "track": 2.0100000000000002
      },
      "avg_margin": 0.255,
      "race_name": "福島10R",
      "pred_prob_won": 0.09527047872543334,
      "pred_prob_in_top2": 0.08541226834058761,
      "pred_prob_in_top3": 0.28543198108673096,
      "score_z": 1.0663004568046173,
      "上り3F平均": 37.27,
      "Ave-3F平均": 34.91,
      "PCI平均": 43.7,
      "-3F差平均": 0.44,
      "想定脚質": "逃げ",
      "track_bias_aptitude_score": 30.6,
      "investment_value_score": 78.4,
      "total_investment_index": 63.0,
      "investment_rating": 0.4992095470428467,
      "stability_score": 90,
      "investment_mark": "☆"
    },
    {
      "horse_number": 9,
      "name": "ランウインディ",
      "popularity": 11,
      "odds": 24.9,
      "mark": "△",
      "score": 94.0,
      "track_aptitude": 0,
      "total_points": 83.24978058627347,
      "detail_points": {
        "score": 41.249780586273474,
        "bias": 15.0,
        "pace": 12.0,
        "3f": 9.0,
        "margin": 6.0,
        "track": 0.0
      },
      "avg_margin": 0.9949999999999999,
      "race_name": "福島10R",
      "pred_prob_won": 0.03471012711524964,
      "pred_prob_in_top2": 0.051269450783729555,
      "pred_prob_in_top3": 0.13501547873020173,
      "score_z": -0.05280429279516205,
      "上り3F平均": 38.1,
      "Ave-3F平均": 34.97,
      "PCI平均": 41.84,
      "-3F差平均": 0.42,
      "想定脚質": "先行",
      "track_bias_aptitude_score": 78.6,
      "investment_value_score": 26.4,
      "total_investment_index": 44.3,
      "investment_rating": 0.29636996015906336,
      "stability_score": 75,
      "investment_mark": "☆"
    },
    {
      "horse_number": 4,
      "name": "ミロワール",
      "popularity": 7,
      "odds": 19.9,
      "mark": "⭐︎",
      "score": 97.47,
      "track_aptitude": 0,
      "total_points": 76.72251184834123,
      "detail_points": {
        "score": 42.77251184834123,
        "bias": 10.95,
        "pace": 12.0,
        "3f": 7.0,
        "margin": 4.0,
        "track": 0.0
      },
      "avg_margin": 1.01,
      "race_name": "福島10R",
      "pred_prob_won": 0.03598398640751839,
      "pred_prob_in_top2": 0.0516821064054966,
      "pred_prob_in_top3": 0.13918409049510955,
      "score_z": 0.26759945977177124,
      "上り3F平均": 36.76,
      "Ave-3F平均": 35.72,
      "PCI平均": 47.19,
      "-3F差平均": 1.01,
      "想定脚質": "中団",
      "track_bias_aptitude_score": 44.6,
      "investment_value_score": 36.4,
      "total_investment_index": 40.7,
      "investment_rating": 0.22247170224785806,
      "stability_score": 60,
      "investment_mark": "☆"
    },
    {
      "horse_number": 14,
      "name": "ニシノクラウン",
      "popularity": 10,
      "odds": 24.0,
      "mark": "△",
      "score": 89.45,
      "track_aptitude": 2,
      "total_points": 81.26311567491662,