{
  "horses": [
    {
      "horse_number": 4,
      "name": "テリフィックプラン",
      "popularity": 1,
      "odds": 2.6,
      "mark": "◎",
      "score": 137.74,
      "track_aptitude": 2,
      "total_points": 94.21000000000001,
      "detail_points": {
        "score": 50.0,
        "bias": 15.0,
        "pace": 10.2,
        "3f": 9.0,
        "margin": 8.0,
        "track": 2.0100000000000002
      },
      "avg_margin": 0.3125,
      "race_name": "福島10R",
      "pred_prob_won": 0.2804702341556549,
      "pred_prob_in_top2": 0.18942878842353822,
      "pred_prob_in_top3": 0.6074010491371155,
      "score_z": 1.6722566718709986,
      "上り3F平均": 37.67,
      "Ave-3F平均": 37.26,
      "PCI平均": 48.95,
      "-3F差平均": 0.56,
      "想定脚質": "先行",
      "track_bias_aptitude_score": 94.4,
      "investment_value_score": 100,
      "total_investment_index": 96.1,
      "investment_rating": 1.0970224130153656,
      "stability_score": 90,
      "investment_mark": "◎"
    },
    {
      "horse_number": 8,
      "name": "コブラ",
      "popularity": 10,
      "odds": 18.8,
      "mark": "△",
      "score": 116.97,
      "track_aptitude": 2,
      "total_points": 78.67043269928851,
      "detail_points": {
        "score": 42.46043269928851,
        "bias": 9.0,
        "pace": 10.2,
        "3f": 9.0,
        "margin": 6.0,
        "track": 2.0100000000000002
      },
      "avg_margin": 0.6450000000000001,
      "race_name": "福島10R",
      "pred_prob_won": 0.06918138340115547,
      "pred_prob_in_top2": 0.06569705158472061,
      "pred_prob_in_top3": 0.24190947711467742,
      "score_z": 0.45495821601593295,
      "上り3F平均": 36.78,
      "Ave-3F平均": 36.65,
      "PCI平均": 49.7,
      "-3F差平均": 0.77,
      "想定脚質": "中団",
      "track_bias_aptitude_score": 55.0,
      "investment_value_score": 39.3,
      "total_investment_index": 45.8,
      "investment_rating": 1.0038437090814114,
      "stability_score": 75,
      "investment_mark": "○"
    },
    {
      "horse_number": 15,
      "name": "ペンティメント",
      "popularity": 6,
      "odds": 13.6,
      "mark": "▲",
      "score": 119.03,
      "track_aptitude": 2,
      "total_points": 79.41821838245971,
      "detail_points": {
        "score": 43.208218382459705,
        "bias": 9.0,
        "pace": 10.2,
        "3f": 9.0,
        "margin": 6.0,
        "track": 2.0100000000000002
      },
      "avg_margin": 0.97,
      "race_name": "福島10R",
      "pred_prob_won": 0.08907848596572876,
      "pred_prob_in_top2": 0.09987837970256805,
      "pred_prob_in_top3": 0.299284964799881,
      "score_z": 0.5756917171744037,
      "上り3F平均": 38.1,
      "Ave-3F平均": 37.3,
      "PCI平均": 48.0,
      "-3F差平均": 0.58,
      "想定脚質": "中団",
      "track_bias_aptitude_score": 55.0,
      "investment_value_score": 51.7,
      "total_investment_index": 53.5,
      "investment_rating": 0.961389072239399,
      "stability_score": 75,
      "investment_mark": "▲"
    },
    {
      "horse_number": 13,
      "name": "エレクトリックブギ",
      "popularity": 5,
      "odds": 11.7,
      "mark": "▲",
      "score": 117.44,
      "track_aptitude": 2,
      "total_points": 80.84104399593437,
      "detail_points": {
        "score": 42.63104399593436,
        "bias": 9.0,
        "pace": 10.2,
        "3f": 9.0,
        "margin": 8.0,
        "track": 2.0100000000000002
      },
      "avg_margin": 0.43499999999999994,
      "race_name": "福島10R",
      "pred_prob_won": 0.0850680187344551,
      "pred_prob_in_top2": 0.09458135664463044,
      "pred_prob_in_top3": 0.2915763795375824,
      "score_z": 0.48250420899869073,
      "上り3F平均": 35.24,
      "Ave-3F平均": 36.75,
      "PCI平均": 54.4,
      "-3F差平均": 0.52,
      "想定脚質": "中団",
      "track_bias_aptitude_score": 55.0,
      "investment_value_score": 54.0,
      "total_investment_index": 54.7,
      "investment_rating": 0.8120937079191208,
      "stability_score": 90,
      "investment_mark": "▲"
    },
    {
      "horse_number": 1,
      "name": "ゴールドアローン",
      "popularity": 4,
      "odds": 10.9,
      "mark": "△",
      "score": 117.85,
      "track_aptitude": 0,
      "total_points": 76.97987512705096,
      "detail_points": {
        "score": 42.77987512705096,
        "bias": 9.0,
        "pace": 10.2,
        "3f": 9.0,
        "margin": 6.0,
        "track": 0.0
      },
      "avg_margin": 0.5149999999999999,
      "race_name": "福島10R",
      "pred_prob_won": 0.08665857762098313,
      "pred_prob_in_top2": 0.08066572099924088,
      "pred_prob_in_top3": 0.2640145182609558,
      "score_z": 0.5065336922389687,
      "上り3F平均": 37.34,
      "Ave-3F平均": 37.57,
      "PCI平均": 50.72,
      "-3F差平均": 0.92,
      "想定脚質": "中団",
      "track_bias_aptitude_score": 43.8,
      "investment_value_score": 56.1,
      "total_investment_index": 52.6,
      "investment_rating": 0.5928573471307753,
      "stability_score": 75,
      "investment_mark": "△"
    },
    {
      "horse_number": 14,
      "name": "イージーオンミー",
      "popularity": 8,
      "odds": 16.0,
      "mark": "△",
      "score": 113.99,
      "track_aptitude": 1,
      "total_points": 76.56868447800203,
      "detail_points": {
        "score": 41.37868447800203,
        "bias": 9.0,
        "pace": 10.2,
        "3f": 9.0,
        "margin": 6.0,
        "track": 0.99
      },
      "avg_margin": 0.55,
      "race_name": "福島10R",
      "pred_prob_won": 0.05171759352087975,
      "pred_prob_in_top2": 0.07170997560024261,
      "pred_prob_in_top3": 0.19756556451320648,
      "score_z": 0.2803048988061064,
      "上り3F平均": 37.99,
      "Ave-3F平均": 37.6,
      "PCI平均": 49.01,
      "-3F差平均": 0.7,
      "想定脚質": "中団",
      "track_bias_aptitude_score": 49.4,
      "investment_value_score": 39.1,
      "total_investment_index": 43.7,
      "investment_rating": 0.5650282217562199,
      "stability_score": 75,
      "investment_mark": "△"
    },
    {
      "horse_number": 7,
      "name": "メイショウシナノ",
      "popularity": 7,
      "odds": 14.0,
      "mark": "×",
      "score": 116.48,
      "track_aptitude": 0,
      "total_points": 66.56256134746624,
      "detail_points": {
        "score": 42.28256134746624,
        "bias": 3.0,
        "pace": 8.28,
        "3f": 7.0,
        "margin": 6.0,
        "track": 0.0
      },
      "avg_margin": 0.845,
      "race_name": "福島10R",
      "pred_prob_won": 0.05224557146430016,
      "pred_prob_in_top2": 0.06484016999602318,
      "pred_prob_in_top3": 0.18897018134593963,
      "score_z": 0.4262400531190155,
      "上り3F平均": 37.0,
      "Ave-3F平均": 37.66,
      "PCI平均": 51.85,
      "-3F差平均": 0.79,
      "想定脚質": "後方",
      "track_bias_aptitude_score": 1,
      "investment_value_score": 41.0,
      "total_investment_index": 30.6,
      "investment_rating": 0.45823301553726203,
      "stability_score": 75,
      "investment_mark": "☆"
    },
    {
      "horse_number": 2,
      "name": "フラッパールック",
      "popularity": 2,
      "odds": 7.3,
      "mark": "○",
      "score": 112.48,
      "track_aptitude": 2,
      "total_points": 83.04055031218238,
      "detail_points": {
        "score": 40.830550312182375,
        "bias": 15.0,
        "pace": 10.2,
        "3f": 9.0,
        "margin": 6.0,
        "track": 2.0100000000000002
      },
      "avg_margin": 0.8450000000000001,
      "race_name": "福島10R",
      "pred_prob_won": 0.07042213678359985,
      "pred_prob_in_top2": 0.0921834334731102,
      "pred_prob_in_top3": 0.25655852556228637,
      "score_z": 0.1918060702870338,
      "上り3F平均": 37.87,
      "Ave-3F平均": 37.37,
      "PCI平均": 48.78,
      "-3F差平均": 0.5,
      "想定脚質": "先行",
      "track_bias_aptitude_score": 94.4,
      "investment_value_score": 65.9,
      "total_investment_index": 73.2,
      "investment_rating": 0.3811917978525162,
      "stability_score": 75,
      "investment_mark": "☆"
    },
    {
      "horse_number": 11,
      "name": "レシプロシティ",
      "popularity": 3,
      "odds": 7.3,
      "mark": "⭐︎",
      "score": 117.57,
      "track_aptitude": 2,
      "total_points": 72.1682343545811,