{
  "horses": [
    {
      "horse_number": 9,
      "name": "エコロマーズ",
      "popularity": 4,
      "odds": 8.3,
      "mark": "◎",
      "score": 116.65,
      "track_aptitude": 0,
      "total_points": 90.25,
      "detail_points": {
        "score": 50.0,
        "bias": 13.05,
        "pace": 10.2,
        "3f": 9.0,
        "margin": 8.0,
        "track": 0.0
      },
      "avg_margin": 0.39,
      "race_name": "福島12R",
      "pred_prob_won": 0.23376618325710297,
      "pred_prob_in_top2": 0.15859251618385314,
      "pred_prob_in_top3": 0.5223631739616394,
      "score_z": 1.5005373048400774,
      "上り3F平均": 35.34,
      "Ave-3F平均": 35.39,
      "PCI平均": 50.23,
      "-3F差平均": 0.61,
      "想定脚質": "先行",
      "track_bias_aptitude_score": 66.6,
      "investment_value_score": 100,
      "total_investment_index": 87.5,
      "investment_rating": 1.4700434893369678,
      "stability_score": 90,
      "investment_mark": "◎"
    },
    {
      "horse_number": 5,
      "name": "ライクアフラワー",
      "popularity": 6,
      "odds": 11.7,
      "mark": "▲",
      "score": 106.89,
      "track_aptitude": 0,
      "total_points": 84.06654522074582,
      "detail_points": {
        "score": 45.816545220745816,
        "bias": 13.05,
        "pace": 10.2,
        "3f": 9.0,
        "margin": 6.0,
        "track": 0.0
      },
      "avg_margin": 0.6199999999999999,
      "race_name": "福島12R",
      "pred_prob_won": 0.0937081292271614,
      "pred_prob_in_top2": 0.10892861634492874,
      "pred_prob_in_top3": 0.3046289920806885,
      "score_z": 0.7969276488471645,
      "上り3F平均": 35.08,
      "Ave-3F平均": 34.86,
      "PCI平均": 49.49,
      "-3F差平均": 0.77,
      "想定脚質": "中団",
      "track_bias_aptitude_score": 75.4,
      "investment_value_score": 66.7,
      "total_investment_index": 69.0,
      "investment_rating": 0.7797651076316834,
      "stability_score": 75,
      "investment_mark": "○"
    },
    {
      "horse_number": 7,
      "name": "ニシノピウモッソ",
      "popularity": 3,
      "odds": 5.7,
      "mark": "○",
      "score": 106.52,
      "track_aptitude": 0,
      "total_points": 85.90795113587656,
      "detail_points": {
        "score": 45.65795113587655,
        "bias": 13.05,
        "pace": 10.2,
        "3f": 9.0,
        "margin": 8.0,
        "track": 0.0
      },
      "avg_margin": 0.2699999999999999,
      "race_name": "福島12R",
      "pred_prob_won": 0.10022975355386735,
      "pred_prob_in_top2": 0.12125167399644851,
      "pred_prob_in_top3": 0.3429085910320282,
      "score_z": 0.7702539221343181,
      "上り3F平均": 34.79,
      "Ave-3F平均": 34.95,
      "PCI平均": 50.55,
      "-3F差平均": 0.78,
      "想定脚質": "中団",
      "track_bias_aptitude_score": 75.4,
      "investment_value_score": 90.9,
      "total_investment_index": 83.4,
      "investment_rating": 0.5687617868185044,
      "stability_score": 90,
      "investment_mark": "△"
    },
    {
      "horse_number": 8,
      "name": "ファビュラススター",
      "popularity": 2,
      "odds": 3.8,
      "mark": "▲",
      "score": 104.52,
      "track_aptitude": 0,
      "total_points": 85.05068581225889,
      "detail_points": {
        "score": 44.80068581225889,
        "bias": 13.05,
        "pace": 10.2,
        "3f": 9.0,
        "margin": 8.0,
        "track": 0.0
      },
      "avg_margin": 0.46875,
      "race_name": "福島12R",
      "pred_prob_won": 0.09062500447034835,
      "pred_prob_in_top2": 0.090482796728611,
      "pred_prob_in_top3": 0.2808365345001221,
      "score_z": 0.6260716155783934,
      "上り3F平均": 34.61,
      "Ave-3F平均": 36.23,
      "PCI平均": 54.71,
      "-3F差平均": 0.64,
      "想定脚質": "中団",
      "track_bias_aptitude_score": 75.4,
      "investment_value_score": 96.1,
      "total_investment_index": 86.3,
      "investment_rating": 0.23463508367538455,
      "stability_score": 90,
      "investment_mark": "△"
    },
    {
      "horse_number": 6,
      "name": "ベイビーキッス",
      "popularity": 1,
      "odds": 2.5,
      "mark": "△",
      "score": 96.5,
      "track_aptitude": 1,
      "total_points": 68.50305186455208,
      "detail_points": {
        "score": 41.36305186455208,
        "bias": 4.95,
        "pace": 10.2,
        "3f": 7.0,
        "margin": 4.0,
        "track": 0.99
      },
      "avg_margin": 1.435,
      "race_name": "福島12R",
      "pred_prob_won": 0.03135809078812599,
      "pred_prob_in_top2": 0.06330245435237884,
      "pred_prob_in_top3": 0.15038747489452362,
      "score_z": 0.047900566289135804,
      "上り3F平均": 37.59,
      "Ave-3F平均": 34.57,
      "PCI平均": 42.49,
      "-3F差平均": 0.4,
      "想定脚質": "逃げ",
      "track_bias_aptitude_score": 14.5,
      "investment_value_score": 93.9,
      "total_investment_index": 65.8,
      "investment_rating": -0.20899256527423854,
      "stability_score": 60,
      "investment_mark": "××"
    },
    {
      "horse_number": 3,
      "name": "ジャガード",
      "popularity": 7,
      "odds": 12.3,
      "mark": "△",
      "score": 90.57,
      "track_aptitude": 0,
      "total_points": 67.05126018002571,
      "detail_points": {
        "score": 38.82126018002571,
        "bias": 4.95,
        "pace": 8.28,
        "3f": 9.0,
        "margin": 6.0,
        "track": 0.0
      },
      "avg_margin": 0.78,
      "race_name": "福島12R",
      "pred_prob_won": 0.02615179605782032,
      "pred_prob_in_top2": 0.04353671446442604,
      "pred_prob_in_top3": 0.11260488480329514,
      "score_z": -0.3795999726491813,
      "上り3F平均": 34.12,
      "Ave-3F平均": 35.1,
      "PCI平均": 52.94,
      "-3F差平均": 1.14,
      "想定脚質": "後方",
      "track_bias_aptitude_score": 1,
      "investment_value_score": 28.2,
      "total_investment_index": 21.6,
      "investment_rating": -0.2356311796605587,
      "stability_score": 75,
      "investment_mark": "××"
    },
    {
      "horse_number": 2,
      "name": "ライブリームーラン",
      "popularity": 5,
      "odds": 10.0,
      "mark": "△",
      "score": 85.38,
      "track_aptitude": 0,
      "total_points": 72.84665666523789,
      "detail_points": {
        "score": 36.59665666523789,
        "bias": 13.05,
        "pace": 10.2,
        "3f": 9.0,
        "margin": 4.0,
        "track": 0.0
      },
      "avg_margin": 1.16,
      "race_name": "福島12R",
      "pred_prob_won": 0.019572498090565205,
      "pred_prob_in_top2": 0.029283826425671577,
      "pred_prob_in_top3": 0.08678815215826034,
      "score_z": -0.7537530581618057,
      "上り3F平均": 36.31,
      "Ave-3F平均": 35.09,
      "PCI平均": 46.72,
      "-3F差平均": 0.67,
      "想定脚質": "先行",
      "track_bias_aptitude_score": 66.6,
      "investment_value_score": 28.7,
      "total_investment_index": 40.9,
      "investment_rating": -0.38341686964035043,
      "stability_score": 60,
      "investment_mark": "××"
    },
    {
      "horse_number": 4,
      "name": "トロピカルヒーロー",
      "popularity": 8,
      "odds": 30.8,
      "mark": "△",
      "score": 78.81,
      "track_aptitude": 0,
      "total_points": 60.010540077153884,
      "detail_points": {
        "score": 33.78054007715388,
        "bias": 4.95,
        "pace": 8.28,
        "3f": 9.0,
        "margin": 4.0,
        "track": 0.0
      },
      "avg_margin": 1.188888888888889,
      "race_name": "福島12R",
      "pred_prob_won": 0.019841278716921807,
      "pred_prob_in_top2": 0.030275269225239754,
      "pred_prob_in_top3": 0.08571775257587433,
      "score_z": -1.2273919351980178,
      "上り3F平均": 36.23,
      "Ave-3F平均": 36.51,
      "PCI平均": 50.83,
      "-3F差平均": 1.97,
      "想定脚質": "後方",
      "track_bias_aptitude_score": 1,
      "investment_value_score": 14.5,
      "total_investment_index": 12.0,
      "investment_rating": -0.3971204958856105,
      "stability_score": 60,
      "investment_mark": "××"
    },
    {
      "horse_number": 1,
      "name": "デルバイス",
      "popularity": 9,
      "odds": 72.8,
      "mark": "消",
      "score": 76.68,
      "track_aptitude": 0,
      "total_points": 57.09755250750108,
      "detail_points": {
        "score": 32.867552507501074,
        "bias": 4.95,