{
  "horses": [
    {
      "horse_number": 1,
      "name": "ワイドアラジン",
      "popularity": 3,
      "odds": 6.0,
      "mark": "○",
      "score": 126.66,
      "track_aptitude": 2,
      "total_points": 89.96468986384266,
      "detail_points": {
        "score": 47.90468986384266,
        "bias": 13.05,
        "pace": 12.0,
        "3f": 9.0,
        "margin": 6.0,
        "track": 2.0100000000000002
      },
      "avg_margin": 0.6900000000000001,
      "race_name": "福島11R",
      "pred_prob_won": 0.21549901664257048,
      "pred_prob_in_top2": 0.17431876957416534,
      "pred_prob_in_top3": 0.5315115571022033,
      "score_z": 1.4182119715753112,
      "上り3F平均": 35.71,
      "Ave-3F平均": 36.27,
      "PCI平均": 51.66,
      "-3F差平均": 0.55,
      "想定脚質": "先行",
      "track_bias_aptitude_score": 91.8,
      "investment_value_score": 72.3,
      "total_investment_index": 78.3,
      "investment_rating": 1.3134416055679319,
      "stability_score": 75,
      "investment_mark": "◎"
    },
    {
      "horse_number": 11,
      "name": "ボーモンド",
      "popularity": 1,
      "odds": 2.7,
      "mark": "◎",
      "score": 132.2,
      "track_aptitude": 2,
      "total_points": 92.06,
      "detail_points": {
        "score": 50.0,
        "bias": 13.05,
        "pace": 12.0,
        "3f": 7.0,
        "margin": 8.0,
        "track": 2.0100000000000002
      },
      "avg_margin": 0.29999999999999993,
      "race_name": "福島11R",
      "pred_prob_won": 0.2961027920246124,
      "pred_prob_in_top2": 0.19243079125881196,
      "pred_prob_in_top3": 0.6090650677680969,
      "score_z": 2.0516003009838815,
      "上り3F平均": 34.6,
      "Ave-3F平均": 36.32,
      "PCI平均": 55.07,
      "-3F差平均": 0.28,
      "想定脚質": "先行",
      "track_bias_aptitude_score": 91.8,
      "investment_value_score": 100,
      "total_investment_index": 96.0,
      "investment_rating": 1.0226626694202423,
      "stability_score": 90,
      "investment_mark": "○"
    },
    {
      "horse_number": 2,
      "name": "アンリーロード",
      "popularity": 6,
      "odds": 12.2,
      "mark": "▲",
      "score": 116.14,
      "track_aptitude": 2,
      "total_points": 87.98586989409985,
      "detail_points": {
        "score": 43.92586989409985,
        "bias": 13.05,
        "pace": 12.0,
        "3f": 9.0,
        "margin": 8.0,
        "track": 2.0100000000000002
      },
      "avg_margin": 0.4699999999999999,
      "race_name": "福島11R",
      "pred_prob_won": 0.06697460860013962,
      "pred_prob_in_top2": 0.08291823416948318,
      "pred_prob_in_top3": 0.25165790021419526,
      "score_z": 0.2154601258391799,
      "上り3F平均": 34.66,
      "Ave-3F平均": 36.18,
      "PCI平均": 54.59,
      "-3F差平均": 0.75,
      "想定脚質": "先行",
      "track_bias_aptitude_score": 91.8,
      "investment_value_score": 40.3,
      "total_investment_index": 57.1,
      "investment_rating": 0.5712039761245251,
      "stability_score": 90,
      "investment_mark": "△"
    },
    {
      "horse_number": 7,
      "name": "ユキノロイヤル",
      "popularity": 4,
      "odds": 7.6,
      "mark": "▲",
      "score": 115.57,
      "track_aptitude": 2,
      "total_points": 87.77028744326778,
      "detail_points": {
        "score": 43.710287443267774,
        "bias": 13.05,
        "pace": 12.0,
        "3f": 9.0,
        "margin": 8.0,
        "track": 2.0100000000000002
      },
      "avg_margin": 0.325,
      "race_name": "福島11R",
      "pred_prob_won": 0.05736403241753578,
      "pred_prob_in_top2": 0.07479413896799088,
      "pred_prob_in_top3": 0.21194329857826233,
      "score_z": 0.15029201252457874,
      "上り3F平均": 34.76,
      "Ave-3F平均": 35.74,
      "PCI平均": 52.87,
      "-3F差平均": 0.43,
      "想定脚質": "先行",
      "track_bias_aptitude_score": 91.8,
      "investment_value_score": 44.3,
      "total_investment_index": 59.4,
      "investment_rating": 0.22956468909978878,
      "stability_score": 90,
      "investment_mark": "△"
    },
    {
      "horse_number": 8,
      "name": "マイネルティグレ",
      "popularity": 2,
      "odds": 5.5,
      "mark": "△",
      "score": 117.03,
      "track_aptitude": 2,
      "total_points": 80.22248108925872,
      "detail_points": {
        "score": 44.262481089258706,
        "bias": 4.95,
        "pace": 12.0,
        "3f": 9.0,
        "margin": 8.0,
        "track": 2.0100000000000002
      },
      "avg_margin": 0.26499999999999996,
      "race_name": "福島11R",
      "pred_prob_won": 0.06194063648581505,
      "pred_prob_in_top2": 0.07052889913320541,
      "pred_prob_in_top3": 0.22139695584774016,
      "score_z": 0.3172138466286436,
      "上り3F平均": 34.46,
      "Ave-3F平均": 36.13,
      "PCI平均": 54.89,
      "-3F差平均": 0.69,
      "想定脚質": "中団",
      "track_bias_aptitude_score": 17.5,
      "investment_value_score": 58.4,
      "total_investment_index": 45.8,
      "investment_rating": 0.1252607153356075,
      "stability_score": 90,
      "investment_mark": "☆"
    },
    {
      "horse_number": 6,
      "name": "ロジマンボ",
      "popularity": 10,
      "odds": 62.0,
      "mark": "△",
      "score": 110.06,
      "track_aptitude": 3,
      "total_points": 82.67632375189108,
      "detail_points": {
        "score": 41.62632375189108,
        "bias": 13.05,
        "pace": 12.0,
        "3f": 9.0,
        "margin": 4.0,
        "track": 3.0
      },
      "avg_margin": 1.1199999999999999,
      "race_name": "福島11R",
      "pred_prob_won": 0.026617008820176126,
      "pred_prob_in_top2": 0.04542693570256233,
      "pred_prob_in_top3": 0.11983764320611953,
      "score_z": -0.4796664161832231,
      "上り3F平均": 35.28,
      "Ave-3F平均": 36.17,
      "PCI平均": 52.61,
      "-3F差平均": 1.0,
      "想定脚質": "先行",
      "track_bias_aptitude_score": 100,
      "investment_value_score": 16.6,
      "total_investment_index": 44.2,
      "investment_rating": -0.05720955811440942,
      "stability_score": 60,
      "investment_mark": "××"
    },
    {
      "horse_number": 9,
      "name": "ダニーデン",
      "popularity": 9,
      "odds": 20.9,
      "mark": "△",
      "score": 110.0,
      "track_aptitude": 0,
      "total_points": 81.6536308623298,
      "detail_points": {
        "score": 41.6036308623298,
        "bias": 13.05,
        "pace": 12.0,
        "3f": 9.0,
        "margin": 6.0,
        "track": 0.0
      },
      "avg_margin": 0.5444444444444445,
      "race_name": "福島11R",
      "pred_prob_won": 0.02487284429371357,
      "pred_prob_in_top2": 0.04163938835263252,
      "pred_prob_in_top3": 0.12035709619522095,
      "score_z": -0.4865262175847602,
      "上り3F平均": 35.56,
      "Ave-3F平均": 36.94,
      "PCI平均": 54.07,
      "-3F差平均": 0.58,
      "想定脚質": "先行",
      "track_bias_aptitude_score": 75.2,
      "investment_value_score": 18.4,
      "total_investment_index": 37.8,
      "investment_rating": -0.06953603625297544,
      "stability_score": 75,
      "investment_mark": "××"
    },
    {
      "horse_number": 3,
      "name": "ココクレーター",
      "popularity": 8,
      "odds": 13.4,
      "mark": "⭐︎",
      "score": 110.98,
      "track_aptitude": 2,
      "total_points": 75.93428139183057,
      "detail_points": {
        "score": 41.974281391830566,
        "bias": 4.95,
        "pace": 12.0,
        "3f": 9.0,
        "margin": 6.0,
        "track": 2.0100000000000002
      },
      "avg_margin": 0.51,
      "race_name": "福島11R",
      "pred_prob_won": 0.021367160603404045,
      "pred_prob_in_top2": 0.030115948989987373,
      "pred_prob_in_top3": 0.09205217063426971,
      "score_z": -0.37448279469299084,
      "上り3F平均": 34.36,
      "Ave-3F平均": 36.36,
      "PCI平均": 55.88,
      "-3F差平均": 0.89,
      "想定脚質": "中団",
      "track_bias_aptitude_score": 17.5,
      "investment_value_score": 16.2,
      "total_investment_index": 19.3,
      "investment_rating": -0.26546871647238734,
      "stability_score": 75,
      "investment_mark": "××"
    },
    {
      "horse_number": 5,
      "name": "グラニット",
      "popularity": 7,
      "odds": 12.8,
      "mark": "△",
      "score": 106.7,