{
  "horses": [
    {
      "horse_number": 12,
      "name": "ステークホルダー",
      "popularity": 9,
      "odds": 14.3,
      "mark": "▲",
      "score": 101.05,
      "track_aptitude": 1,
      "total_points": 78.42453433371391,
      "detail_points": {
        "score": 41.20453433371391,
        "bias": 10.95,
        "pace": 8.28,
        "3f": 9.0,
        "margin": 8.0,
        "track": 0.99
      },
      "avg_margin": 0.38499999999999995,
      "race_name": "福島11R",
      "pred_prob_won": 0.07142267301678658,
      "pred_prob_in_top2": 0.0942973643541336,
      "pred_prob_in_top3": 0.2496914356946945,
      "score_z": 0.364609497836529,
      "上り3F平均": 34.16,
      "Ave-3F平均": 34.26,
      "PCI平均": 50.4,
      "-3F差平均": 0.74,
      "想定脚質": "中団",
      "track_bias_aptitude_score": 53.2,
      "investment_value_score": 40.1,
      "total_investment_index": 45.6,
      "investment_rating": 0.935417190939188,
      "stability_score": 90,
      "investment_mark": "◎"
    },
    {
      "horse_number": 8,
      "name": "ティニア",
      "popularity": 1,
      "odds": 3.5,
      "mark": "◎",
      "score": 122.62,
      "track_aptitude": 0,
      "total_points": 94.0,
      "detail_points": {
        "score": 50.0,
        "bias": 15.0,
        "pace": 12.0,
        "3f": 9.0,
        "margin": 8.0,
        "track": 0.0
      },
      "avg_margin": 0.35500000000000004,
      "race_name": "福島11R",
      "pred_prob_won": 0.24125263094902039,
      "pred_prob_in_top2": 0.15404315590858458,
      "pred_prob_in_top3": 0.5253788471221924,
      "score_z": 1.5127302085422139,
      "上り3F平均": 34.23,
      "Ave-3F平均": 34.62,
      "PCI平均": 51.16,
      "-3F差平均": 0.72,
      "想定脚質": "先行",
      "track_bias_aptitude_score": 80.5,
      "investment_value_score": 100,
      "total_investment_index": 91.7,
      "investment_rating": 0.8846402907371522,
      "stability_score": 90,
      "investment_mark": "○"
    },
    {
      "horse_number": 4,
      "name": "バースクライ",
      "popularity": 2,
      "odds": 4.1,
      "mark": "○",
      "score": 111.33,
      "track_aptitude": 1,
      "total_points": 82.61634643614417,
      "detail_points": {
        "score": 45.39634643614418,
        "bias": 10.95,
        "pace": 8.28,
        "3f": 9.0,
        "margin": 8.0,
        "track": 0.99
      },
      "avg_margin": 0.335,
      "race_name": "福島11R",
      "pred_prob_won": 0.13677834272384642,
      "pred_prob_in_top2": 0.14147526919841766,
      "pred_prob_in_top3": 0.4046638488769531,
      "score_z": 0.9117898829109118,
      "上り3F平均": 34.07,
      "Ave-3F平均": 34.26,
      "PCI平均": 50.65,
      "-3F差平均": 0.75,
      "想定脚質": "中団",
      "track_bias_aptitude_score": 53.2,
      "investment_value_score": 78.6,
      "total_investment_index": 69.6,
      "investment_rating": 0.7735251617431641,
      "stability_score": 90,
      "investment_mark": "△"
    },
    {
      "horse_number": 5,
      "name": "ブーケファロス",
      "popularity": 7,
      "odds": 13.0,
      "mark": "△",
      "score": 101.84,
      "track_aptitude": 1,
      "total_points": 76.74666775403686,
      "detail_points": {
        "score": 41.526667754036865,
        "bias": 10.95,
        "pace": 8.28,
        "3f": 9.0,
        "margin": 6.0,
        "track": 0.99
      },
      "avg_margin": 0.6100000000000001,
      "race_name": "福島11R",
      "pred_prob_won": 0.05856385007500649,
      "pred_prob_in_top2": 0.0669680081307888,
      "pred_prob_in_top3": 0.2149509906768799,
      "score_z": 0.40665935233154515,
      "上り3F平均": 33.58,
      "Ave-3F平均": 34.78,
      "PCI平均": 53.62,
      "-3F差平均": 0.88,
      "想定脚質": "中団",
      "track_bias_aptitude_score": 53.2,
      "investment_value_score": 42.0,
      "total_investment_index": 46.8,
      "investment_rating": 0.5644730973243713,
      "stability_score": 75,
      "investment_mark": "△"
    },
    {
      "horse_number": 14,
      "name": "バンデルオーラ",
      "popularity": 8,
      "odds": 13.5,
      "mark": "△",
      "score": 102.53,
      "track_aptitude": 0,
      "total_points": 78.03802479204045,
      "detail_points": {
        "score": 41.80802479204045,
        "bias": 10.95,
        "pace": 8.28,
        "3f": 9.0,
        "margin": 8.0,
        "track": 0.0
      },
      "avg_margin": 0.45999999999999996,
      "race_name": "福島11R",
      "pred_prob_won": 0.053069133311510086,
      "pred_prob_in_top2": 0.06205223575234413,
      "pred_prob_in_top3": 0.1940864145755768,
      "score_z": 0.4433864404347867,
      "上り3F平均": 34.15,
      "Ave-3F平均": 34.87,
      "PCI平均": 52.16,
      "-3F差平均": 0.87,
      "想定脚質": "中団",
      "track_bias_aptitude_score": 46.7,
      "investment_value_score": 38.0,
      "total_investment_index": 42.6,
      "investment_rating": 0.5033357703685761,
      "stability_score": 90,
      "investment_mark": "△"
    },
    {
      "horse_number": 1,
      "name": "ショウナンハクラク",
      "popularity": 5,
      "odds": 10.0,
      "mark": "△",
      "score": 101.43,
      "track_aptitude": 0,
      "total_points": 73.58948458652749,
      "detail_points": {
        "score": 41.359484586527486,
        "bias": 10.95,
        "pace": 8.28,
        "3f": 7.0,
        "margin": 6.0,
        "track": 0.0
      },
      "avg_margin": 0.6499999999999999,
      "race_name": "福島11R",
      "pred_prob_won": 0.050578202307224276,
      "pred_prob_in_top2": 0.0639993853867054,
      "pred_prob_in_top3": 0.196766260266304,
      "score_z": 0.38483601012527135,
      "上り3F平均": 33.74,
      "Ave-3F平均": 34.51,
      "PCI平均": 52.33,
      "-3F差平均": 1.06,
      "想定脚質": "中団",
      "track_bias_aptitude_score": 46.7,
      "investment_value_score": 46.4,
      "total_investment_index": 47.5,
      "investment_rating": 0.34528648421168323,
      "stability_score": 75,
      "investment_mark": "☆"
    },
    {
      "horse_number": 2,
      "name": "カルロヴェローチェ",
      "popularity": 4,
      "odds": 9.5,
      "mark": "▲",
      "score": 93.62,
      "track_aptitude": 2,
      "total_points": 80.18484912738542,
      "detail_points": {
        "score": 38.17484912738542,
        "bias": 15.0,
        "pace": 12.0,
        "3f": 9.0,
        "margin": 4.0,
        "track": 2.0100000000000002
      },
      "avg_margin": 1.2000000000000002,
      "race_name": "福島11R",
      "pred_prob_won": 0.0499591588973999,
      "pred_prob_in_top2": 0.05664259344339371,
      "pred_prob_in_top3": 0.1792696923017502,
      "score_z": -0.030872045072289984,
      "上り3F平均": 35.6,
      "Ave-3F平均": 34.76,
      "PCI平均": 47.85,
      "-3F差平均": 0.6,
      "想定脚質": "先行",
      "track_bias_aptitude_score": 93.5,
      "investment_value_score": 47.2,
      "total_investment_index": 61.3,
      "investment_rating": 0.2170787692070007,
      "stability_score": 60,
      "investment_mark": "☆"
    },
    {
      "horse_number": 11,
      "name": "コラソンビート",
      "popularity": 6,
      "odds": 10.2,
      "mark": "△",
      "score": 95.21,
      "track_aptitude": 0,
      "total_points": 73.05319360626325,
      "detail_points": {
        "score": 38.82319360626325,
        "bias": 10.95,
        "pace": 8.28,
        "3f": 9.0,
        "margin": 6.0,
        "track": 0.0
      },
      "avg_margin": 0.9750000000000002,
      "race_name": "福島11R",
      "pred_prob_won": 0.03671732395887375,
      "pred_prob_in_top2": 0.057613480091094973,
      "pred_prob_in_top3": 0.14589599668979644,
      "score_z": 0.05375994055691844,
      "上り3F平均": 34.47,
      "Ave-3F平均": 34.98,
      "PCI平均": 51.57,
      "-3F差平均": 0.83,
      "想定脚質": "中団",
      "track_bias_aptitude_score": 46.7,
      "investment_value_score": 36.8,
      "total_investment_index": 41.2,
      "investment_rating": 0.1440695831179618,
      "stability_score": 75,
      "investment_mark": "×"
    },
    {
      "horse_number": 10,
      "name": "ディヴィナシオン",
      "popularity": 10,
      "odds": 24.8,
      "mark": "×",
      "score": 96.59,
      "track_aptitude": 0,
      "total_points": 65.66590768227043,