{
  "horses": [
    {
      "horse_number": 8,
      "name": "ペタルブランシュ",
      "popularity": 3,
      "odds": 5.8,
      "mark": "◎",
      "score": 113.94,
      "track_aptitude": 1,
      "total_points": 91.19,
      "detail_points": {
        "score": 50.0,
        "bias": 15.0,
        "pace": 10.2,
        "3f": 9.0,
        "margin": 6.0,
        "track": 0.99
      },
      "avg_margin": 0.6214285714285713,
      "race_name": "福島8R",
      "pred_prob_won": 0.22379008531570435,
      "pred_prob_in_top2": 0.16426434516906738,
      "pred_prob_in_top3": 0.5208899974822998,
      "score_z": 1.4972789136950153,
      "上り3F平均": 35.0,
      "Ave-3F平均": 35.05,
      "PCI平均": 50.2,
      "-3F差平均": 0.74,
      "想定脚質": "先行",
      "track_bias_aptitude_score": 87.8,
      "investment_value_score": 82.2,
      "total_investment_index": 83.2,
      "investment_rating": 1.3949814915657044,
      "stability_score": 75,
      "investment_mark": "◎"
    },
    {
      "horse_number": 6,
      "name": "ニットウアクシア",
      "popularity": 6,
      "odds": 8.0,
      "mark": "△",
      "score": 106.43,
      "track_aptitude": 0,
      "total_points": 74.95440582762858,
      "detail_points": {
        "score": 46.704405827628584,
        "bias": 7.05,
        "pace": 10.2,
        "3f": 7.0,
        "margin": 4.0,
        "track": 0.0
      },
      "avg_margin": 1.25,
      "race_name": "福島8R",
      "pred_prob_won": 0.09934112429618835,
      "pred_prob_in_top2": 0.10320998728275299,
      "pred_prob_in_top3": 0.3027577042579651,
      "score_z": 0.9764410181167711,
      "上り3F平均": 36.55,
      "Ave-3F平均": 35.85,
      "PCI平均": 48.1,
      "-3F差平均": 0.45,
      "想定脚質": "逃げ",
      "track_bias_aptitude_score": 34.3,
      "investment_value_score": 54.9,
      "total_investment_index": 49.9,
      "investment_rating": 1.0137885212898254,
      "stability_score": 60,
      "investment_mark": "○"
    },
    {
      "horse_number": 2,
      "name": "ソレイケギンチャン",
      "popularity": 5,
      "odds": 7.9,
      "mark": "○",
      "score": 101.36,
      "track_aptitude": 3,
      "total_points": 85.67955064068808,
      "detail_points": {
        "score": 44.47955064068808,
        "bias": 15.0,
        "pace": 10.2,
        "3f": 9.0,
        "margin": 4.0,
        "track": 3.0
      },
      "avg_margin": 1.02,
      "race_name": "福島8R",
      "pred_prob_won": 0.09340050667524338,
      "pred_prob_in_top2": 0.10228584110736846,
      "pred_prob_in_top3": 0.308277302980423,
      "score_z": 0.6248234241644801,
      "上り3F平均": 35.9,
      "Ave-3F平均": 34.65,
      "PCI平均": 46.6,
      "-3F差平均": 0.38,
      "想定脚質": "先行",
      "track_bias_aptitude_score": 100,
      "investment_value_score": 57.3,
      "total_investment_index": 70.4,
      "investment_rating": 0.9218339982628824,
      "stability_score": 60,
      "investment_mark": "▲"
    },
    {
      "horse_number": 15,
      "name": "リケアコンパンナ",
      "popularity": 1,
      "odds": 3.6,
      "mark": "▲",
      "score": 111.08,
      "track_aptitude": 2,
      "total_points": 82.95495348428999,
      "detail_points": {
        "score": 48.74495348428998,
        "bias": 9.0,
        "pace": 10.2,
        "3f": 9.0,
        "margin": 4.0,
        "track": 2.0100000000000002
      },
      "avg_margin": 1.288888888888889,
      "race_name": "福島8R",
      "pred_prob_won": 0.16914695203304292,
      "pred_prob_in_top2": 0.1385239064693451,
      "pred_prob_in_top3": 0.44178618788719176,
      "score_z": 1.2989305273629541,
      "上り3F平均": 35.97,
      "Ave-3F平均": 34.91,
      "PCI平均": 47.21,
      "-3F差平均": 0.77,
      "想定脚質": "中団",
      "track_bias_aptitude_score": 56.0,
      "investment_value_score": 100,
      "total_investment_index": 84.0,
      "investment_rating": 0.7440189227461815,
      "stability_score": 60,
      "investment_mark": "△"
    },
    {
      "horse_number": 11,
      "name": "ベルシャイニー",
      "popularity": 10,
      "odds": 35.5,
      "mark": "△",
      "score": 97.82,
      "track_aptitude": 2,
      "total_points": 77.13610145690714,
      "detail_points": {
        "score": 42.92610145690714,
        "bias": 9.0,
        "pace": 10.2,
        "3f": 7.0,
        "margin": 6.0,
        "track": 2.0100000000000002
      },
      "avg_margin": 0.8,
      "race_name": "福島8R",
      "pred_prob_won": 0.052025995403528216,
      "pred_prob_in_top2": 0.06989461630582809,
      "pred_prob_in_top3": 0.19725120067596436,
      "score_z": 0.3793152816415786,
      "上り3F平均": 33.85,
      "Ave-3F平均": 37.78,
      "PCI平均": 61.7,
      "-3F差平均": 1.05,
      "想定脚質": "中団",
      "track_bias_aptitude_score": 56.0,
      "investment_value_score": 34.6,
      "total_investment_index": 43.2,
      "investment_rating": 0.7202086448669434,
      "stability_score": 75,
      "investment_mark": "△"
    },
    {
      "horse_number": 1,
      "name": "ルシェロアズーリ",
      "popularity": 4,
      "odds": 6.8,
      "mark": "▲",
      "score": 99.34,
      "track_aptitude": 2,
      "total_points": 81.80311918553626,
      "detail_points": {
        "score": 43.59311918553625,
        "bias": 15.0,
        "pace": 10.2,
        "3f": 7.0,
        "margin": 4.0,
        "track": 2.0100000000000002
      },
      "avg_margin": 1.15,
      "race_name": "福島8R",
      "pred_prob_won": 0.07820500284433365,
      "pred_prob_in_top2": 0.08668593168258668,
      "pred_prob_in_top3": 0.26596552431583403,
      "score_z": 0.48473120724463287,
      "上り3F平均": 36.5,
      "Ave-3F平均": 35.05,
      "PCI平均": 46.45,
      "-3F差平均": 0.23,
      "想定脚質": "先行",
      "track_bias_aptitude_score": 93.9,
      "investment_value_score": 58.2,
      "total_investment_index": 68.9,
      "investment_rating": 0.6372655448317528,
      "stability_score": 60,
      "investment_mark": "△"
    },
    {
      "horse_number": 16,
      "name": "スカイダイバー",
      "popularity": 7,
      "odds": 16.5,
      "mark": "△",
      "score": 95.93,
      "track_aptitude": 1,
      "total_points": 75.28671757065122,
      "detail_points": {
        "score": 42.09671757065123,
        "bias": 9.0,
        "pace": 10.2,
        "3f": 9.0,
        "margin": 4.0,
        "track": 0.99
      },
      "avg_margin": 1.9722222222222225,
      "race_name": "福島8R",
      "pred_prob_won": 0.04358935654163361,
      "pred_prob_in_top2": 0.07237724959850311,
      "pred_prob_in_top3": 0.18421389162540436,
      "score_z": 0.2482389004640985,
      "上り3F平均": 38.21,
      "Ave-3F平均": 34.89,
      "PCI平均": 41.41,
      "-3F差平均": 0.46,
      "想定脚質": "中団",
      "track_bias_aptitude_score": 49.9,
      "investment_value_score": 39.5,
      "total_investment_index": 44.1,
      "investment_rating": 0.47238709852099414,
      "stability_score": 60,
      "investment_mark": "☆"
    },
    {
      "horse_number": 4,
      "name": "バシレイア",
      "popularity": 2,
      "odds": 5.2,
      "mark": "⭐︎",
      "score": 104.9,
      "track_aptitude": 0,
      "total_points": 70.31299982446902,
      "detail_points": {
        "score": 46.03299982446902,
        "bias": 3.0,
        "pace": 8.28,
        "3f": 9.0,
        "margin": 4.0,
        "track": 0.0
      },
      "avg_margin": 1.3,
      "race_name": "福島8R",
      "pred_prob_won": 0.08073960691690445,
      "pred_prob_in_top2": 0.07787431627511979,
      "pred_prob_in_top3": 0.27001314163208007,
      "score_z": 0.8703315666873815,
      "上り3F平均": 34.6,
      "Ave-3F平均": 35.6,
      "PCI平均": 52.9,
      "-3F差平均": 1.5,
      "想定脚質": "後方",
      "track_bias_aptitude_score": 1,
      "investment_value_score": 73.9,
      "total_investment_index": 51.1,
      "investment_rating": 0.4560367965698243,
      "stability_score": 60,
      "investment_mark": "☆"
    },
    {
      "horse_number": 9,
      "name": "キーベスト",
      "popularity": 11,
      "odds": 70.9,
      "mark": "△",
      "score": 94.84,
      "track_aptitude": 0,
      "total_points": 77.81839564683166,
      "detail_points": {
        "score": 41.618395646831665,