{
  "horses": [
    {
      "horse_number": 8,
      "name": "ペタルブランシュ",
      "popularity": 5,
      "odds": 7.4,
      "mark": "◎",
      "score": 114.01,
      "track_aptitude": 1,
      "total_points": 91.19,
      "detail_points": {
        "score": 50.0,
        "bias": 15.0,
        "pace": 10.2,
        "3f": 9.0,
        "margin": 6.0,
        "track": 0.99
      },
      "avg_margin": 0.6214285714285713,
      "race_name": "福島8R",
      "pred_prob_won": 0.22379008531570435,
      "pred_prob_in_top2": 0.16426434516906738,
      "pred_prob_in_top3": 0.5163020133972168,
      "score_z": 1.4949001304973395,
      "上り3F平均": 35.0,
      "Ave-3F平均": 35.05,
      "PCI平均": 50.2,
      "-3F差平均": 0.74,
      "想定脚質": "先行",
      "track_bias_aptitude_score": 87.8,
      "investment_value_score": 71.7,
      "total_investment_index": 76.9,
      "investment_rating": 1.8475439596176149,
      "stability_score": 75,
      "investment_mark": "◎"
    },
    {
      "horse_number": 6,
      "name": "ニットウアクシア",
      "popularity": 6,
      "odds": 7.7,
      "mark": "△",
      "score": 106.43,
      "track_aptitude": 0,
      "total_points": 74.92573019910535,
      "detail_points": {
        "score": 46.675730199105345,
        "bias": 7.05,
        "pace": 10.2,
        "3f": 7.0,
        "margin": 4.0,
        "track": 0.0
      },
      "avg_margin": 1.25,
      "race_name": "福島8R",
      "pred_prob_won": 0.09777574390172958,
      "pred_prob_in_top2": 0.10320998728275299,
      "pred_prob_in_top3": 0.3021194994449615,
      "score_z": 0.9717541014497946,
      "上り3F平均": 36.55,
      "Ave-3F平均": 35.85,
      "PCI平均": 48.1,
      "-3F差平均": 0.45,
      "想定脚質": "逃げ",
      "track_bias_aptitude_score": 34.3,
      "investment_value_score": 55.0,
      "total_investment_index": 49.9,
      "investment_rating": 1.0105974972248077,
      "stability_score": 60,
      "investment_mark": "○"
    },
    {
      "horse_number": 11,
      "name": "ベルシャイニー",
      "popularity": 10,
      "odds": 36.2,
      "mark": "△",
      "score": 99.22,
      "track_aptitude": 2,
      "total_points": 77.72372686606438,
      "detail_points": {
        "score": 43.51372686606438,
        "bias": 9.0,
        "pace": 10.2,
        "3f": 7.0,
        "margin": 6.0,
        "track": 2.0100000000000002
      },
      "avg_margin": 0.8,
      "race_name": "福島8R",
      "pred_prob_won": 0.05675034299492836,
      "pred_prob_in_top2": 0.06858263611793518,
      "pred_prob_in_top3": 0.20345980525016785,
      "score_z": 0.4741442242159153,
      "上り3F平均": 33.85,
      "Ave-3F平均": 37.78,
      "PCI平均": 61.7,
      "-3F差平均": 1.05,
      "想定脚質": "中団",
      "track_bias_aptitude_score": 56.0,
      "investment_value_score": 35.7,
      "total_investment_index": 44.0,
      "investment_rating": 0.7649105978012086,
      "stability_score": 75,
      "investment_mark": "△"
    },
    {
      "horse_number": 15,
      "name": "リケアコンパンナ",
      "popularity": 1,
      "odds": 4.8,
      "mark": "▲",
      "score": 111.08,
      "track_aptitude": 2,
      "total_points": 82.92502499780721,
      "detail_points": {
        "score": 48.715024997807205,
        "bias": 9.0,
        "pace": 10.2,
        "3f": 9.0,
        "margin": 4.0,
        "track": 2.0100000000000002
      },
      "avg_margin": 1.288888888888889,
      "race_name": "福島8R",
      "pred_prob_won": 0.17170522212982178,
      "pred_prob_in_top2": 0.14187324047088623,
      "pred_prob_in_top3": 0.44178618788719176,
      "score_z": 1.2926814147837102,
      "上り3F平均": 35.97,
      "Ave-3F平均": 34.91,
      "PCI平均": 47.21,
      "-3F差平均": 0.77,
      "想定脚質": "中団",
      "track_bias_aptitude_score": 56.0,
      "investment_value_score": 100,
      "total_investment_index": 84.0,
      "investment_rating": 0.7440189227461815,
      "stability_score": 60,
      "investment_mark": "△"
    },
    {
      "horse_number": 4,
      "name": "バシレイア",
      "popularity": 4,
      "odds": 7.2,
      "mark": "⭐︎",
      "score": 104.81,
      "track_aptitude": 0,
      "total_points": 70.24526620471889,
      "detail_points": {
        "score": 45.96526620471889,
        "bias": 3.0,
        "pace": 8.28,
        "3f": 9.0,
        "margin": 4.0,
        "track": 0.0
      },
      "avg_margin": 1.3,
      "race_name": "福島8R",
      "pred_prob_won": 0.08432636708021164,
      "pred_prob_in_top2": 0.07762289494276046,
      "pred_prob_in_top3": 0.263304203748703,
      "score_z": 0.8599471664818492,
      "上り3F平均": 34.6,
      "Ave-3F平均": 35.6,
      "PCI平均": 52.9,
      "-3F差平均": 1.5,
      "想定脚質": "後方",
      "track_bias_aptitude_score": 1,
      "investment_value_score": 59.8,
      "total_investment_index": 42.6,
      "investment_rating": 0.6268863946199418,
      "stability_score": 60,
      "investment_mark": "△"
    },
    {
      "horse_number": 2,
      "name": "ソレイケギンチャン",
      "popularity": 2,
      "odds": 4.9,
      "mark": "○",
      "score": 101.4,
      "track_aptitude": 3,
      "total_points": 85.66978335233752,
      "detail_points": {
        "score": 44.469783352337515,
        "bias": 15.0,
        "pace": 10.2,
        "3f": 9.0,
        "margin": 4.0,
        "track": 3.0
      },
      "avg_margin": 1.02,
      "race_name": "福島8R",
      "pred_prob_won": 0.08946048319339753,
      "pred_prob_in_top2": 0.10228584110736846,
      "pred_prob_in_top3": 0.31038628816604613,
      "score_z": 0.6246004700369775,
      "上り3F平均": 35.9,
      "Ave-3F平均": 34.65,
      "PCI平均": 46.6,
      "-3F差平均": 0.38,
      "想定脚質": "先行",
      "track_bias_aptitude_score": 100,
      "investment_value_score": 75.4,
      "total_investment_index": 81.3,
      "investment_rating": 0.5690816068649293,
      "stability_score": 60,
      "investment_mark": "△"
    },
    {
      "horse_number": 1,
      "name": "ルシェロアズーリ",
      "popularity": 3,
      "odds": 5.3,
      "mark": "▲",
      "score": 100.04,
      "track_aptitude": 2,
      "total_points": 82.08334444346987,
      "detail_points": {
        "score": 43.87334444346987,
        "bias": 15.0,
        "pace": 10.2,
        "3f": 7.0,
        "margin": 4.0,
        "track": 2.0100000000000002
      },
      "avg_margin": 1.15,
      "race_name": "福島8R",
      "pred_prob_won": 0.08420263528823853,
      "pred_prob_in_top2": 0.08720582574605942,
      "pred_prob_in_top3": 0.26160463988780974,
      "score_z": 0.5307378579651225,
      "上り3F平均": 36.5,
      "Ave-3F平均": 35.05,
      "PCI平均": 46.45,
      "-3F差平均": 0.23,
      "想定脚質": "先行",
      "track_bias_aptitude_score": 93.9,
      "investment_value_score": 63.8,
      "total_investment_index": 72.3,
      "investment_rating": 0.5263755436241626,
      "stability_score": 60,
      "investment_mark": "☆"
    },
    {
      "horse_number": 16,
      "name": "スカイダイバー",
      "popularity": 7,
      "odds": 18.8,
      "mark": "△",
      "score": 95.66,
      "track_aptitude": 1,
      "total_points": 75.14246031049906,
      "detail_points": {
        "score": 41.95246031049907,
        "bias": 9.0,
        "pace": 10.2,
        "3f": 9.0,
        "margin": 4.0,
        "track": 0.99
      },
      "avg_margin": 1.9722222222222225,
      "race_name": "福島8R",
      "pred_prob_won": 0.0397550918161869,
      "pred_prob_in_top2": 0.07313092797994614,
      "pred_prob_in_top3": 0.1814360201358795,
      "score_z": 0.22844503379252978,
      "上り3F平均": 38.21,
      "Ave-3F平均": 34.89,
      "PCI平均": 41.41,
      "-3F差平均": 0.46,
      "想定脚質": "中団",
      "track_bias_aptitude_score": 49.9,
      "investment_value_score": 39.4,
      "total_investment_index": 44.0,
      "investment_rating": 0.4569699117541313,
      "stability_score": 60,
      "investment_mark": "☆"
    },
    {
      "horse_number": 9,
      "name": "キーベスト",
      "popularity": 12,
      "odds": 57.7,
      "mark": "△",
      "score": 93.81,
      "track_aptitude": 0,
      "total_points": 77.34112797123059,
      "detail_points": {
        "score": 41.141127971230596,