{
  "horses": [
    {
      "horse_number": 11,
      "name": "タイセイピューマ",
      "popularity": 5,
      "odds": 7.6,
      "mark": "▲",
      "score": 106.77,
      "track_aptitude": 1,
      "total_points": 88.94,
      "detail_points": {
        "score": 50.0,
        "bias": 10.95,
        "pace": 12.0,
        "3f": 9.0,
        "margin": 6.0,
        "track": 0.99
      },
      "avg_margin": 0.5600000000000002,
      "race_name": "福島12R",
      "pred_prob_won": 0.12710902243852615,
      "pred_prob_in_top2": 0.12264868170022965,
      "pred_prob_in_top3": 0.3534174919128418,
      "score_z": 0.9891014564739438,
      "上り3F平均": 36.91,
      "Ave-3F平均": 35.31,
      "PCI平均": 45.7,
      "-3F差平均": 0.87,
      "想定脚質": "中団",
      "track_bias_aptitude_score": 61.0,
      "investment_value_score": 76.2,
      "total_investment_index": 70.7,
      "investment_rating": 1.090378713607788,
      "stability_score": 75,
      "investment_mark": "◎"
    },
    {
      "horse_number": 5,
      "name": "シュヴァルボヌール",
      "popularity": 4,
      "odds": 6.8,
      "mark": "○",
      "score": 105.04,
      "track_aptitude": 0,
      "total_points": 91.18984733539384,
      "detail_points": {
        "score": 49.18984733539384,
        "bias": 15.0,
        "pace": 12.0,
        "3f": 7.0,
        "margin": 8.0,
        "track": 0.0
      },
      "avg_margin": 0.45,
      "race_name": "福島12R",
      "pred_prob_won": 0.12205063104629517,
      "pred_prob_in_top2": 0.12592037469148637,
      "pred_prob_in_top3": 0.36999559998512266,
      "score_z": 0.8911874303981876,
      "上り3F平均": 35.85,
      "Ave-3F平均": 35.72,
      "PCI平均": 50.05,
      "-3F差平均": 1.35,
      "想定脚質": "先行",
      "track_bias_aptitude_score": 79.0,
      "investment_value_score": 82.0,
      "total_investment_index": 79.4,
      "investment_rating": 1.0114826199412343,
      "stability_score": 90,
      "investment_mark": "○"
    },
    {
      "horse_number": 9,
      "name": "アイランドピーク",
      "popularity": 9,
      "odds": 16.8,
      "mark": "▲",
      "score": 93.33,
      "track_aptitude": 0,
      "total_points": 87.70609721831975,
      "detail_points": {
        "score": 43.706097218319755,
        "bias": 15.0,
        "pace": 12.0,
        "3f": 9.0,
        "margin": 8.0,
        "track": 0.0
      },
      "avg_margin": 0.4800000000000001,
      "race_name": "福島12R",
      "pred_prob_won": 0.06409273371100425,
      "pred_prob_in_top2": 0.08458878695964814,
      "pred_prob_in_top3": 0.22594580352306365,
      "score_z": 0.228428329041475,
      "上り3F平均": 37.25,
      "Ave-3F平均": 36.34,
      "PCI平均": 47.6,
      "-3F差平均": 0.6,
      "想定脚質": "先行",
      "track_bias_aptitude_score": 79.0,
      "investment_value_score": 49.0,
      "total_investment_index": 58.5,
      "investment_rating": 0.8138368836045264,
      "stability_score": 90,
      "investment_mark": "▲"
    },
    {
      "horse_number": 1,
      "name": "ピコテンダー",
      "popularity": 2,
      "odds": 6.4,
      "mark": "◎",
      "score": 104.5,
      "track_aptitude": 0,
      "total_points": 94.93696731291561,
      "detail_points": {
        "score": 48.93696731291561,
        "bias": 15.0,
        "pace": 12.0,
        "3f": 9.0,
        "margin": 10.0,
        "track": 0.0
      },
      "avg_margin": 0.0,
      "race_name": "福島12R",
      "pred_prob_won": 0.13390241861343383,
      "pred_prob_in_top2": 0.12268427014350891,
      "pred_prob_in_top3": 0.38913862109184266,
      "score_z": 0.860624670813847,
      "上り3F平均": 37.55,
      "Ave-3F平均": 35.59,
      "PCI平均": 44.85,
      "-3F差平均": 0.6,
      "想定脚質": "先行",
      "track_bias_aptitude_score": 79.0,
      "investment_value_score": 99.2,
      "total_investment_index": 89.7,
      "investment_rating": 0.7590450701117515,
      "stability_score": 90,
      "investment_mark": "△"
    },
    {
      "horse_number": 14,
      "name": "ライヴドライバー",
      "popularity": 6,
      "odds": 7.9,
      "mark": "△",
      "score": 98.4,
      "track_aptitude": 1,
      "total_points": 83.02035965158753,
      "detail_points": {
        "score": 46.08035965158753,
        "bias": 10.95,
        "pace": 12.0,
        "3f": 9.0,
        "margin": 4.0,
        "track": 0.99
      },
      "avg_margin": 1.4785714285714284,
      "race_name": "福島12R",
      "pred_prob_won": 0.07395647168159485,
      "pred_prob_in_top2": 0.08013855963945389,
      "pred_prob_in_top3": 0.2311912477016449,
      "score_z": 0.5153786829166702,
      "上り3F平均": 37.93,
      "Ave-3F平均": 35.51,
      "PCI平均": 43.71,
      "-3F差平均": 0.95,
      "想定脚質": "中団",
      "track_bias_aptitude_score": 61.0,
      "investment_value_score": 59.9,
      "total_investment_index": 60.1,
      "investment_rating": 0.6175158008933067,
      "stability_score": 60,
      "investment_mark": "△"
    },
    {
      "horse_number": 8,
      "name": "エコロカディス",
      "popularity": 3,
      "odds": 6.7,
      "mark": "×",
      "score": 99.99,
      "track_aptitude": 0,
      "total_points": 71.15495082888452,
      "detail_points": {
        "score": 46.82495082888452,
        "bias": 7.05,
        "pace": 8.28,
        "3f": 5.0,
        "margin": 4.0,
        "track": 0.0
      },
      "avg_margin": 1.0125,
      "race_name": "福島12R",
      "pred_prob_won": 0.06092118620872498,
      "pred_prob_in_top2": 0.06110455766320229,
      "pred_prob_in_top3": 0.2003001391887665,
      "score_z": 0.6053690305816715,
      "上り3F平均": 40.2,
      "Ave-3F平均": 37.34,
      "PCI平均": 42.92,
      "-3F差平均": 0.7,
      "想定脚質": "逃げ",
      "track_bias_aptitude_score": 30.3,
      "investment_value_score": 72.9,
      "total_investment_index": 58.8,
      "investment_rating": 0.2810204732418062,
      "stability_score": 60,
      "investment_mark": "☆"
    },
    {
      "horse_number": 2,
      "name": "アドバンテスロード",
      "popularity": 8,
      "odds": 16.1,
      "mark": "△",
      "score": 88.47,
      "track_aptitude": 1,
      "total_points": 82.42017701601573,
      "detail_points": {
        "score": 41.43017701601573,
        "bias": 15.0,
        "pace": 12.0,
        "3f": 9.0,
        "margin": 4.0,
        "track": 0.99
      },
      "avg_margin": 1.6,
      "race_name": "福島12R",
      "pred_prob_won": 0.03216375820338726,
      "pred_prob_in_top2": 0.04942441806197166,
      "pred_prob_in_top3": 0.1486331343650818,
      "score_z": -0.04663650721758739,
      "上り3F平均": 38.92,
      "Ave-3F平均": 35.23,
      "PCI平均": 40.55,
      "-3F差平均": 0.48,
      "想定脚質": "先行",
      "track_bias_aptitude_score": 86.0,
      "investment_value_score": 41.3,
      "total_investment_index": 55.5,
      "investment_rating": 0.2640937763452531,
      "stability_score": 60,
      "investment_mark": "☆"
    },
    {
      "horse_number": 10,
      "name": "ショーモッシュ",
      "popularity": 1,
      "odds": 4.6,
      "mark": "⭐︎",
      "score": 101.28,
      "track_aptitude": 0,
      "total_points": 75.75905310480472,
      "detail_points": {
        "score": 47.42905310480472,
        "bias": 7.05,
        "pace": 8.28,
        "3f": 9.0,
        "margin": 4.0,
        "track": 0.0
      },
      "avg_margin": 1.1800000000000002,
      "race_name": "福島12R",
      "pred_prob_won": 0.06488745585083962,
      "pred_prob_in_top2": 0.0627060778439045,
      "pred_prob_in_top3": 0.21157262921333314,
      "score_z": 0.6783800673664847,
      "上り3F平均": 39.32,
      "Ave-3F平均": 36.17,
      "PCI平均": 42.16,
      "-3F差平均": 0,
      "想定脚質": "逃げ",
      "track_bias_aptitude_score": 30.3,
      "investment_value_score": 100,
      "total_investment_index": 75.2,
      "investment_rating": 0.18661704719066627,
      "stability_score": 60,
      "investment_mark": "×"
    },
    {
      "horse_number": 3,
      "name": "オコジュ",
      "popularity": 7,
      "odds": 15.8,
      "mark": "△",
      "score": 89.0,
      "track_aptitude": 0,
      "total_points": 79.62837407511473,
      "detail_points": {
        "score": 41.67837407511473,
        "bias": 10.95,