{
  "horses": [
    {
      "horse_number": 1,
      "name": "マイネルマスター",
      "popularity": 4,
      "odds": 7.2,
      "mark": "○",
      "score": 126.25,
      "track_aptitude": 1,
      "total_points": 86.83870169082125,
      "detail_points": {
        "score": 47.64870169082126,
        "bias": 15.0,
        "pace": 10.2,
        "3f": 9.0,
        "margin": 4.0,
        "track": 0.99
      },
      "avg_margin": 1.5,
      "race_name": "福島3R",
      "pred_prob_won": 0.15261645913124083,
      "pred_prob_in_top2": 0.14954382479190825,
      "pred_prob_in_top3": 0.4315882086753845,
      "score_z": 0.947713174146626,
      "上り3F平均": 35.3,
      "Ave-3F平均": 36.36,
      "PCI平均": 53.0,
      "-3F差平均": 0.5,
      "想定脚質": "先行",
      "track_bias_aptitude_score": 88.6,
      "investment_value_score": 61.9,
      "total_investment_index": 70.3,
      "investment_rating": 1.084249886870384,
      "stability_score": 60,
      "investment_mark": "◎"
    },
    {
      "horse_number": 3,
      "name": "ルージュカルデア",
      "popularity": 2,
      "odds": 3.5,
      "mark": "◎",
      "score": 127.77,
      "track_aptitude": 1,
      "total_points": 89.4123731884058,
      "detail_points": {
        "score": 48.2223731884058,
        "bias": 15.0,
        "pace": 10.2,
        "3f": 9.0,
        "margin": 6.0,
        "track": 0.99
      },
      "avg_margin": 1.0,
      "race_name": "福島3R",
      "pred_prob_won": 0.1809355765581131,
      "pred_prob_in_top2": 0.16389421224594117,
      "pred_prob_in_top3": 0.4868156313896179,
      "score_z": 1.061448731847528,
      "上り3F平均": 35.1,
      "Ave-3F平均": 37.56,
      "PCI平均": 57.0,
      "-3F差平均": 0.4,
      "想定脚質": "先行",
      "track_bias_aptitude_score": 88.6,
      "investment_value_score": 80.5,
      "total_investment_index": 81.7,
      "investment_rating": 0.8834692388772964,
      "stability_score": 75,
      "investment_mark": "○"
    },
    {
      "horse_number": 6,
      "name": "サトノワーグナー",
      "popularity": 1,
      "odds": 2.3,
      "mark": "△",
      "score": 132.48,
      "track_aptitude": 3,
      "total_points": 75.28,
      "detail_points": {
        "score": 50.0,
        "bias": 3.0,
        "pace": 8.28,
        "3f": 7.0,
        "margin": 4.0,
        "track": 3.0
      },
      "avg_margin": 2.0,
      "race_name": "福島3R",
      "pred_prob_won": 0.2067106068134308,
      "pred_prob_in_top2": 0.17542198300361633,
      "pred_prob_in_top3": 0.5277080595493316,
      "score_z": 1.413879308670718,
      "上り3F平均": 36.1,
      "Ave-3F平均": 36.96,
      "PCI平均": 52.4,
      "-3F差平均": 0.7,
      "想定脚質": "後方",
      "track_bias_aptitude_score": 18.1,
      "investment_value_score": 100,
      "total_investment_index": 72.8,
      "investment_rating": 0.7720409548282623,
      "stability_score": 60,
      "investment_mark": "△"
    },
    {
      "horse_number": 2,
      "name": "コスモエーヴィヒ",
      "popularity": 5,
      "odds": 9.6,
      "mark": "▲",
      "score": 119.75,
      "track_aptitude": 0,
      "total_points": 77.39550120772947,
      "detail_points": {
        "score": 45.19550120772947,
        "bias": 9.0,
        "pace": 10.2,
        "3f": 9.0,
        "margin": 4.0,
        "track": 0.0
      },
      "avg_margin": 1.6,
      "race_name": "福島3R",
      "pred_prob_won": 0.08341879546642303,
      "pred_prob_in_top2": 0.09528339356184005,
      "pred_prob_in_top3": 0.2859013795852661,
      "score_z": 0.4613440129256626,
      "上り3F平均": 35.3,
      "Ave-3F平均": 37.8,
      "PCI平均": 57.1,
      "-3F差平均": 0.8,
      "想定脚質": "中団",
      "track_bias_aptitude_score": 47.4,
      "investment_value_score": 45.9,
      "total_investment_index": 47.5,
      "investment_rating": 0.5723266220092773,
      "stability_score": 60,
      "investment_mark": "△"
    },
    {
      "horse_number": 5,
      "name": "コーディアリー",
      "popularity": 3,
      "odds": 4.4,
      "mark": "▲",
      "score": 106.49,
      "track_aptitude": 0,
      "total_points": 76.39097222222222,
      "detail_points": {
        "score": 40.19097222222222,
        "bias": 15.0,
        "pace": 10.2,
        "3f": 9.0,
        "margin": 2.0,
        "track": 0.0
      },
      "avg_margin": 2.7,
      "race_name": "福島3R",
      "pred_prob_won": 0.027830705791711808,
      "pred_prob_in_top2": 0.0385921947658062,
      "pred_prob_in_top3": 0.12257205992937088,
      "score_z": -0.5308490759651031,
      "上り3F平均": 37.2,
      "Ave-3F平均": 36.15,
      "PCI平均": 47.2,
      "-3F差平均": 0.3,
      "想定脚質": "先行",
      "track_bias_aptitude_score": 82.9,
      "investment_value_score": 35.0,
      "total_investment_index": 50.0,
      "investment_rating": -0.2464833782613276,
      "stability_score": 45,
      "investment_mark": "××"
    },
    {
      "horse_number": 9,
      "name": "コパノカーター",
      "popularity": 9,
      "odds": 72.3,
      "mark": "△",
      "score": 106.61,
      "track_aptitude": 0,
      "total_points": 72.43626207729469,
      "detail_points": {
        "score": 40.23626207729469,
        "bias": 9.0,
        "pace": 10.2,
        "3f": 9.0,
        "margin": 4.0,
        "track": 0.0
      },
      "avg_margin": 1.6,
      "race_name": "福島3R",
      "pred_prob_won": 0.023102918267250062,
      "pred_prob_in_top2": 0.03674303218722343,
      "pred_prob_in_top3": 0.10603535920381546,
      "score_z": -0.5218699529887157,
      "上り3F平均": 36.0,
      "Ave-3F平均": 36.53,
      "PCI平均": 51.5,
      "-3F差平均": 0.7,
      "想定脚質": "中団",
      "track_bias_aptitude_score": 47.4,
      "investment_value_score": 10.7,
      "total_investment_index": 24.8,
      "investment_rating": -0.2577524855732918,
      "stability_score": 60,
      "investment_mark": "××"
    },
    {
      "horse_number": 7,
      "name": "ケナゲ",
      "popularity": 7,
      "odds": 40.2,
      "mark": "△",
      "score": 101.09,
      "track_aptitude": 1,
      "total_points": 61.42292874396136,
      "detail_points": {
        "score": 38.152928743961354,
        "bias": 3.0,
        "pace": 8.28,
        "3f": 9.0,
        "margin": 2.0,
        "track": 0.99
      },
      "avg_margin": 2.7,
      "race_name": "福島3R",
      "pred_prob_won": 0.01834016665816307,
      "pred_prob_in_top2": 0.033304139226675036,
      "pred_prob_in_top3": 0.09459119141101838,
      "score_z": -0.9349096099025183,
      "上り3F平均": 37.0,
      "Ave-3F平均": 38.1,
      "PCI平均": 53.0,
      "-3F差平均": 2.0,
      "想定脚質": "後方",
      "track_bias_aptitude_score": 6.7,
      "investment_value_score": 12.1,
      "total_investment_index": 12.7,
      "investment_rating": -0.3419119706749917,
      "stability_score": 45,
      "investment_mark": "××"
    },
    {
      "horse_number": 8,
      "name": "ハミングディスト",
      "popularity": 6,
      "odds": 32.7,
      "mark": "消",
      "score": 107.83,
      "track_aptitude": 0,
      "total_points": 60.976708937198076,
      "detail_points": {
        "score": 40.696708937198075,
        "bias": 3.0,
        "pace": 8.28,
        "3f": 7.0,
        "margin": 2.0,
        "track": 0.0
      },
      "avg_margin": 2.6,
      "race_name": "福島3R",
      "pred_prob_won": 0.019638319313526154,
      "pred_prob_in_top2": 0.027278634160757063,
      "pred_prob_in_top3": 0.08605308532714843,
      "score_z": -0.43058220272878117,
      "上り3F平均": 36.8,
      "Ave-3F平均": 36.3,
      "PCI平均": 48.6,
      "-3F差平均": 0.8,
      "想定脚質": "後方",
      "track_bias_aptitude_score": 1,
      "investment_value_score": 14.7,
      "total_investment_index": 13.4,
      "investment_rating": -0.3896159934997559,
      "stability_score": 45,
      "investment_mark": "××"
    },
    {
      "horse_number": 4,
      "name": "セニング",
      "popularity": 8,
      "odds": 66.8,
      "mark": "△",
      "score": 93.99,
      "track_aptitude": 1,
      "total_points": 70.66327898550723,
      "detail_points": {
        "score": 35.47327898550724,
        "bias": 15.0,
        "pace": 10.2,
        "3f": 7.0,
        "margin": 2.0,
        "track": 0.99
      },