{
  "horses": [
    {
      "horse_number": 8,
      "name": "ユキワリザクラ",
      "popularity": 1,
      "odds": 1.4,
      "mark": "◎",
      "score": 142.04,
      "track_aptitude": 2,
      "total_points": 96.01,
      "detail_points": {
        "score": 50.0,
        "bias": 15.0,
        "pace": 12.0,
        "3f": 9.0,
        "margin": 8.0,
        "track": 2.0100000000000002
      },
      "avg_margin": 0.21666666666666667,
      "race_name": "福島9R",
      "pred_prob_won": 0.2872465252876282,
      "pred_prob_in_top2": 0.19273304641246797,
      "pred_prob_in_top3": 0.5998537540435791,
      "score_z": 1.6122931083563365,
      "上り3F平均": 34.75,
      "Ave-3F平均": 36.61,
      "PCI平均": 55.43,
      "-3F差平均": 0.48,
      "想定脚質": "先行",
      "track_bias_aptitude_score": 93.8,
      "investment_value_score": 100,
      "total_investment_index": 95.8,
      "investment_rating": 0.9396124482154846,
      "stability_score": 90,
      "investment_mark": "◎"
    },
    {
      "horse_number": 3,
      "name": "フォーザボーイズ",
      "popularity": 2,
      "odds": 5.8,
      "mark": "○",
      "score": 135.4,
      "track_aptitude": 2,
      "total_points": 91.67263024500143,
      "detail_points": {
        "score": 47.66263024500142,
        "bias": 15.0,
        "pace": 12.0,
        "3f": 9.0,
        "margin": 6.0,
        "track": 2.0100000000000002
      },
      "avg_margin": 0.545,
      "race_name": "福島9R",
      "pred_prob_won": 0.17576086521148682,
      "pred_prob_in_top2": 0.17508648633956908,
      "pred_prob_in_top3": 0.5003706514835358,
      "score_z": 1.0772124516283068,
      "上り3F平均": 34.93,
      "Ave-3F平均": 36.81,
      "PCI平均": 55.55,
      "-3F差平均": 0.54,
      "想定脚質": "先行",
      "track_bias_aptitude_score": 93.8,
      "investment_value_score": 77.9,
      "total_investment_index": 81.7,
      "investment_rating": 0.9011860847473145,
      "stability_score": 75,
      "investment_mark": "○"
    },
    {
      "horse_number": 5,
      "name": "ミスティア",
      "popularity": 3,
      "odds": 7.3,
      "mark": "▲",
      "score": 125.45,
      "track_aptitude": 2,
      "total_points": 88.17009574767671,
      "detail_points": {
        "score": 44.16009574767671,
        "bias": 15.0,
        "pace": 12.0,
        "3f": 9.0,
        "margin": 6.0,
        "track": 2.0100000000000002
      },
      "avg_margin": 0.545,
      "race_name": "福島9R",
      "pred_prob_won": 0.07773512601852417,
      "pred_prob_in_top2": 0.09468279927968978,
      "pred_prob_in_top3": 0.28495158553123473,
      "score_z": 0.27539731089880237,
      "上り3F平均": 35.04,
      "Ave-3F平均": 36.39,
      "PCI平均": 53.9,
      "-3F差平均": 0.55,
      "想定脚質": "先行",
      "track_bias_aptitude_score": 93.8,
      "investment_value_score": 53.8,
      "total_investment_index": 65.9,
      "investment_rating": 0.3185684457421303,
      "stability_score": 75,
      "investment_mark": "△"
    },
    {
      "horse_number": 2,
      "name": "ロムネヤ",
      "popularity": 4,
      "odds": 10.6,
      "mark": "▲",
      "score": 122.62,
      "track_aptitude": 2,
      "total_points": 89.17389749366377,
      "detail_points": {
        "score": 43.16389749366376,
        "bias": 15.0,
        "pace": 12.0,
        "3f": 9.0,
        "margin": 8.0,
        "track": 2.0100000000000002
      },
      "avg_margin": 0.4299999999999999,
      "race_name": "福島9R",
      "pred_prob_won": 0.05541579127311706,
      "pred_prob_in_top2": 0.06502336636185646,
      "pred_prob_in_top3": 0.21176966428756713,
      "score_z": 0.047343356299355606,
      "上り3F平均": 35.35,
      "Ave-3F平均": 36.35,
      "PCI平均": 52.94,
      "-3F差平均": 0.55,
      "想定脚質": "先行",
      "track_bias_aptitude_score": 93.8,
      "investment_value_score": 41.0,
      "total_investment_index": 57.8,
      "investment_rating": 0.11060955643653869,
      "stability_score": 90,
      "investment_mark": "△"
    },
    {
      "horse_number": 6,
      "name": "ヴァイルマティ",
      "popularity": 7,
      "odds": 43.0,
      "mark": "△",
      "score": 118.71,
      "track_aptitude": 1,
      "total_points": 76.82752464094621,
      "detail_points": {
        "score": 41.78752464094621,
        "bias": 7.05,
        "pace": 12.0,
        "3f": 9.0,
        "margin": 6.0,
        "track": 0.99
      },
      "avg_margin": 0.68,
      "race_name": "福島9R",
      "pred_prob_won": 0.03320492915809155,
      "pred_prob_in_top2": 0.048021923005580905,
      "pred_prob_in_top3": 0.14874278008937836,
      "score_z": -0.26774178945465144,
      "上り3F平均": 35.59,
      "Ave-3F平均": 36.96,
      "PCI平均": 53.94,
      "-3F差平均": 0.8,
      "想定脚質": "中団",
      "track_bias_aptitude_score": 31.8,
      "investment_value_score": 22.1,
      "total_investment_index": 27.4,
      "investment_rating": -0.06498045846819878,
      "stability_score": 75,
      "investment_mark": "××"
    },
    {
      "horse_number": 1,
      "name": "レミージュ",
      "popularity": 5,
      "odds": 12.3,
      "mark": "△",
      "score": 116.19,
      "track_aptitude": 2,
      "total_points": 76.96045057730218,
      "detail_points": {
        "score": 40.90045057730217,
        "bias": 7.05,
        "pace": 12.0,
        "3f": 9.0,
        "margin": 6.0,
        "track": 2.0100000000000002
      },
      "avg_margin": 0.8399999999999999,
      "race_name": "福島9R",
      "pred_prob_won": 0.03526824489235878,
      "pred_prob_in_top2": 0.04192919582128525,
      "pred_prob_in_top3": 0.13011487126350402,
      "score_z": -0.4708145688152893,
      "上り3F平均": 36.1,
      "Ave-3F平均": 36.4,
      "PCI平均": 50.92,
      "-3F差平均": 0.79,
      "想定脚質": "中団",
      "track_bias_aptitude_score": 38.1,
      "investment_value_score": 25.4,
      "total_investment_index": 30.9,
      "investment_rating": -0.21894287437200544,
      "stability_score": 75,
      "investment_mark": "××"
    },
    {
      "horse_number": 4,
      "name": "ルーチェロッサ",
      "popularity": 6,
      "odds": 35.6,
      "mark": "△",
      "score": 112.6,
      "track_aptitude": 2,
      "total_points": 81.64672205012674,
      "detail_points": {
        "score": 39.63672205012673,
        "bias": 15.0,
        "pace": 12.0,
        "3f": 9.0,
        "margin": 4.0,
        "track": 2.0100000000000002
      },
      "avg_margin": 1.05,
      "race_name": "福島9R",
      "pred_prob_won": 0.02422206327319145,
      "pred_prob_in_top2": 0.03392992950975895,
      "pred_prob_in_top3": 0.11078147888183594,
      "score_z": -0.7601126949679449,
      "上り3F平均": 35.6,
      "Ave-3F平均": 36.69,
      "PCI平均": 53.27,
      "-3F差平均": 0.55,
      "想定脚質": "先行",
      "track_bias_aptitude_score": 93.8,
      "investment_value_score": 18.1,
      "total_investment_index": 42.7,
      "investment_rating": -0.3017800140380859,
      "stability_score": 60,
      "investment_mark": "××"
    },
    {
      "horse_number": 7,
      "name": "ブーバー",
      "popularity": 8,
      "odds": 54.8,
      "mark": "△",
      "score": 103.25,
      "track_aptitude": 2,
      "total_points": 58.585395663193474,
      "detail_points": {
        "score": 36.34539566319347,
        "bias": 4.95,
        "pace": 8.28,
        "3f": 5.0,
        "margin": 2.0,
        "track": 2.0100000000000002
      },
      "avg_margin": 2.145,
      "race_name": "福島9R",
      "pred_prob_won": 0.012005548179149627,
      "pred_prob_in_top2": 0.02167956791818142,
      "pred_prob_in_top3": 0.06116194948554039,
      "score_z": -1.5135771739449158,
      "上り3F平均": 39.75,
      "Ave-3F平均": 36.66,
      "PCI平均": 42.54,
      "-3F差平均": 0.77,
      "想定脚質": "逃げ",
      "track_bias_aptitude_score": 27.5,
      "investment_value_score": 1,
      "total_investment_index": 11.3,
      "investment_rating": -0.6024473283439874,
      "stability_score": 45,
      "investment_mark": "××"
    }
  ]
}