{
  "horses": [
    {
      "horse_number": 4,
      "name": "ゴールドハンマー",
      "popularity": 1,
      "odds": 1.7,
      "mark": "◎",
      "score": 111.2,
      "track_aptitude": 3,
      "total_points": 98.0,
      "detail_points": {
        "score": 50.0,
        "bias": 15.0,
        "pace": 12.0,
        "3f": 9.0,
        "margin": 9.0,
        "track": 3.0
      },
      "avg_margin": 0.15,
      "race_name": "福島7R",
      "pred_prob_won": 0.21797875463962554,
      "pred_prob_in_top2": 0.16279258728027343,
      "pred_prob_in_top3": 0.5160788416862487,
      "score_z": 1.535132171682077,
      "上り3F平均": 37.07,
      "Ave-3F平均": 34.87,
      "PCI平均": 44.1,
      "-3F差平均": 0.5,
      "想定脚質": "先行",
      "track_bias_aptitude_score": 100,
      "investment_value_score": 100,
      "total_investment_index": 97.6,
      "investment_rating": 0.9111773937940597,
      "stability_score": 90,
      "investment_mark": "◎"
    },
    {
      "horse_number": 7,
      "name": "マサノヒーロー",
      "popularity": 6,
      "odds": 15.8,
      "mark": "△",
      "score": 103.2,
      "track_aptitude": 2,
      "total_points": 88.41287769784172,
      "detail_points": {
        "score": 46.402877697841724,
        "bias": 15.0,
        "pace": 12.0,
        "3f": 7.0,
        "margin": 6.0,
        "track": 2.0100000000000002
      },
      "avg_margin": 0.7333333333333334,
      "race_name": "福島7R",
      "pred_prob_won": 0.08726651221513748,
      "pred_prob_in_top2": 0.09574785679578782,
      "pred_prob_in_top3": 0.2792724907398224,
      "score_z": 0.7463047209582482,
      "上り3F平均": 37.82,
      "Ave-3F平均": 34.97,
      "PCI平均": 42.63,
      "-3F差平均": 0.28,
      "想定脚質": "先行",
      "track_bias_aptitude_score": 93.0,
      "investment_value_score": 51.4,
      "total_investment_index": 65.0,
      "investment_rating": 0.8963624536991119,
      "stability_score": 75,
      "investment_mark": "○"
    },
    {
      "horse_number": 2,
      "name": "ルージュアズライト",
      "popularity": 3,
      "odds": 8.9,
      "mark": "○",
      "score": 104.21,
      "track_aptitude": 2,
      "total_points": 92.86701438848921,
      "detail_points": {
        "score": 46.857014388489205,
        "bias": 15.0,
        "pace": 12.0,
        "3f": 9.0,
        "margin": 8.0,
        "track": 2.0100000000000002
      },
      "avg_margin": 0.38500000000000006,
      "race_name": "福島7R",
      "pred_prob_won": 0.12528156787157058,
      "pred_prob_in_top2": 0.1212801307439804,
      "pred_prob_in_top3": 0.36576473116874697,
      "score_z": 0.8458941866121307,
      "上り3F平均": 37.13,
      "Ave-3F平均": 35.08,
      "PCI平均": 44.55,
      "-3F差平均": 0.57,
      "想定脚質": "先行",
      "track_bias_aptitude_score": 93.0,
      "investment_value_score": 69.4,
      "total_investment_index": 76.0,
      "investment_rating": 0.8753118494153025,
      "stability_score": 90,
      "investment_mark": "▲"
    },
    {
      "horse_number": 9,
      "name": "ライヴドライバー",
      "popularity": 8,
      "odds": 29.6,
      "mark": "⭐︎",
      "score": 102.97,
      "track_aptitude": 0,
      "total_points": 82.24946043165468,
      "detail_points": {
        "score": 46.29946043165468,
        "bias": 10.95,
        "pace": 12.0,
        "3f": 9.0,
        "margin": 4.0,
        "track": 0.0
      },
      "avg_margin": 1.3416666666666666,
      "race_name": "福島7R",
      "pred_prob_won": 0.0577036052942276,
      "pred_prob_in_top2": 0.07177636921405792,
      "pred_prob_in_top3": 0.21488691866397858,
      "score_z": 0.7236259317499377,
      "上り3F平均": 38.13,
      "Ave-3F平均": 35.39,
      "PCI平均": 42.88,
      "-3F差平均": 0.78,
      "想定脚質": "中団",
      "track_bias_aptitude_score": 54.0,
      "investment_value_score": 41.4,
      "total_investment_index": 47.2,
      "investment_rating": 0.7108102038502693,
      "stability_score": 60,
      "investment_mark": "△"
    },
    {
      "horse_number": 8,
      "name": "アシャカトベ",
      "popularity": 5,
      "odds": 15.6,
      "mark": "⭐︎",
      "score": 104.14,
      "track_aptitude": 3,
      "total_points": 81.15553956834532,
      "detail_points": {
        "score": 46.82553956834532,
        "bias": 7.05,
        "pace": 8.28,
        "3f": 7.0,
        "margin": 9.0,
        "track": 3.0
      },
      "avg_margin": 0.025,
      "race_name": "福島7R",
      "pred_prob_won": 0.08358045071363449,
      "pred_prob_in_top2": 0.07281996458768844,
      "pred_prob_in_top3": 0.255599370598793,
      "score_z": 0.8389919464182979,
      "上り3F平均": 37.25,
      "Ave-3F平均": 34.95,
      "PCI平均": 43.8,
      "-3F差平均": 0.2,
      "想定脚質": "逃げ",
      "track_bias_aptitude_score": 51.3,
      "investment_value_score": 53.5,
      "total_investment_index": 53.9,
      "investment_rating": 0.687417199164629,
      "stability_score": 90,
      "investment_mark": "△"
    },
    {
      "horse_number": 16,
      "name": "イズルード",
      "popularity": 4,
      "odds": 9.9,
      "mark": "△",
      "score": 103.29,
      "track_aptitude": 2,
      "total_points": 86.40334532374101,
      "detail_points": {
        "score": 46.443345323741006,
        "bias": 10.95,
        "pace": 12.0,
        "3f": 9.0,
        "margin": 6.0,
        "track": 2.0100000000000002
      },
      "avg_margin": 0.85,
      "race_name": "福島7R",
      "pred_prob_won": 0.08546534180641174,
      "pred_prob_in_top2": 0.09574785679578782,
      "pred_prob_in_top3": 0.278611546754837,
      "score_z": 0.7551790297788916,
      "上り3F平均": 37.44,
      "Ave-3F平均": 35.19,
      "PCI平均": 44.1,
      "-3F差平均": 0.44,
      "想定脚質": "中団",
      "track_bias_aptitude_score": 68.0,
      "investment_value_score": 58.7,
      "total_investment_index": 61.9,
      "investment_rating": 0.6865850323438644,
      "stability_score": 75,
      "investment_mark": "△"
    },
    {
      "horse_number": 6,
      "name": "リクエイ",
      "popularity": 12,
      "odds": 50.4,
      "mark": "▲",
      "score": 95.65,
      "track_aptitude": 2,
      "total_points": 89.01809352517986,
      "detail_points": {
        "score": 43.00809352517986,
        "bias": 15.0,
        "pace": 12.0,
        "3f": 9.0,
        "margin": 8.0,
        "track": 2.0100000000000002
      },
      "avg_margin": 0.4916666666666667,
      "race_name": "福島7R",
      "pred_prob_won": 0.04093155972659588,
      "pred_prob_in_top2": 0.06040157675743103,
      "pred_prob_in_top3": 0.17906034290790557,
      "score_z": 0.0018488143376350946,
      "上り3F平均": 38.0,
      "Ave-3F平均": 34.83,
      "PCI平均": 41.73,
      "-3F差平均": 0.38,
      "想定脚質": "先行",
      "track_bias_aptitude_score": 93.0,
      "investment_value_score": 28.9,
      "total_investment_index": 50.2,
      "investment_rating": 0.6862008461356163,
      "stability_score": 90,
      "investment_mark": "☆"
    },
    {
      "horse_number": 11,
      "name": "スターランウェイ",
      "popularity": 2,
      "odds": 8.6,
      "mark": "▲",
      "score": 103.75,
      "track_aptitude": 2,
      "total_points": 92.6601798561151,
      "detail_points": {
        "score": 46.65017985611511,
        "bias": 15.0,
        "pace": 12.0,
        "3f": 9.0,
        "margin": 8.0,
        "track": 2.0100000000000002
      },
      "avg_margin": 0.4375,
      "race_name": "福島7R",
      "pred_prob_won": 0.119155552983284,
      "pred_prob_in_top2": 0.10983045846223831,
      "pred_prob_in_top3": 0.32086732387542727,
      "score_z": 0.8005366081955112,
      "上り3F平均": 37.62,
      "Ave-3F平均": 35.03,
      "PCI平均": 43.17,
      "-3F差平均": 0.32,
      "想定脚質": "先行",
      "track_bias_aptitude_score": 93.0,
      "investment_value_score": 74.2,
      "total_investment_index": 78.8,
      "investment_rating": 0.5984285068511963,
      "stability_score": 90,
      "investment_mark": "☆"
    },
    {
      "horse_number": 10,
      "name": "レーヴレジェンド",
      "popularity": 11,
      "odds": 46.6,
      "mark": "⭐︎",
      "score": 97.96,
      "track_aptitude": 1,
      "total_points": 80.98676258992805,