{
  "horses": [
    {
      "horse_number": 12,
      "name": "ピコラ",
      "popularity": 8,
      "odds": 16.7,
      "mark": "○",
      "score": 125.12,
      "track_aptitude": 1,
      "total_points": 87.32734939759037,
      "detail_points": {
        "score": 44.337349397590366,
        "bias": 15.0,
        "pace": 12.0,
        "3f": 9.0,
        "margin": 6.0,
        "track": 0.99
      },
      "avg_margin": 1.0,
      "race_name": "福島7R",
      "pred_prob_won": 0.11508706659078598,
      "pred_prob_in_top2": 0.12364636957645417,
      "pred_prob_in_top3": 0.35670589208602904,
      "score_z": 0.6326870326436483,
      "上り3F平均": 35.0,
      "Ave-3F平均": 37.33,
      "PCI平均": 56.7,
      "-3F差平均": 0.3,
      "想定脚質": "先行",
      "track_bias_aptitude_score": 88.9,
      "investment_value_score": 46.3,
      "total_investment_index": 60.5,
      "investment_rating": 1.5759059417247772,
      "stability_score": 75,
      "investment_mark": "◎"
    },
    {
      "horse_number": 16,
      "name": "ミッドセンチュリー",
      "popularity": 6,
      "odds": 11.5,
      "mark": "▲",
      "score": 125.95,
      "track_aptitude": 1,
      "total_points": 77.90146704464918,
      "detail_points": {
        "score": 44.631467044649185,
        "bias": 9.0,
        "pace": 8.28,
        "3f": 9.0,
        "margin": 6.0,
        "track": 0.99
      },
      "avg_margin": 0.72,
      "race_name": "福島7R",
      "pred_prob_won": 0.10811573714017868,
      "pred_prob_in_top2": 0.12805427610874176,
      "pred_prob_in_top3": 0.35084801316261294,
      "score_z": 0.6752550932045341,
      "上り3F平均": 36.08,
      "Ave-3F平均": 37.17,
      "PCI平均": 53.06,
      "-3F差平均": 0.84,
      "想定脚質": "中団",
      "track_bias_aptitude_score": 47.9,
      "investment_value_score": 51.5,
      "total_investment_index": 51.4,
      "investment_rating": 1.2542400658130646,
      "stability_score": 75,
      "investment_mark": "○"
    },
    {
      "horse_number": 9,
      "name": "ロードオブキング",
      "popularity": 4,
      "odds": 8.8,
      "mark": "△",
      "score": 131.29,
      "track_aptitude": 3,
      "total_points": 77.80374202693125,
      "detail_points": {
        "score": 46.52374202693125,
        "bias": 9.0,
        "pace": 8.28,
        "3f": 7.0,
        "margin": 4.0,
        "track": 3.0
      },
      "avg_margin": 1.2000000000000002,
      "race_name": "福島7R",
      "pred_prob_won": 0.136578369140625,
      "pred_prob_in_top2": 0.1422853022813797,
      "pred_prob_in_top3": 0.40358843207359313,
      "score_z": 0.9491267117528834,
      "上り3F平均": 34.25,
      "Ave-3F平均": 37.03,
      "PCI平均": 58.1,
      "-3F差平均": 1.1,
      "想定脚質": "中団",
      "track_bias_aptitude_score": 59.1,
      "investment_value_score": 63.2,
      "total_investment_index": 62.2,
      "investment_rating": 1.1739948850870134,
      "stability_score": 60,
      "investment_mark": "▲"
    },
    {
      "horse_number": 13,
      "name": "レガーロカリーノ",
      "popularity": 5,
      "odds": 10.5,
      "mark": "▲",
      "score": 125.4,
      "track_aptitude": 2,
      "total_points": 78.72656980864636,
      "detail_points": {
        "score": 44.436569808646354,
        "bias": 9.0,
        "pace": 8.28,
        "3f": 9.0,
        "margin": 6.0,
        "track": 2.0100000000000002
      },
      "avg_margin": 0.6,
      "race_name": "福島7R",
      "pred_prob_won": 0.10484979450702667,
      "pred_prob_in_top2": 0.11273627579212189,
      "pred_prob_in_top3": 0.34367921352386477,
      "score_z": 0.6470473422304533,
      "上り3F平均": 34.7,
      "Ave-3F平均": 37.39,
      "PCI平均": 57.83,
      "-3F差平均": 0.97,
      "想定脚質": "中団",
      "track_bias_aptitude_score": 53.5,
      "investment_value_score": 54.5,
      "total_investment_index": 54.8,
      "investment_rating": 1.0793725001811982,
      "stability_score": 75,
      "investment_mark": "▲"
    },
    {
      "horse_number": 7,
      "name": "バッキンガムパレス",
      "popularity": 2,
      "odds": 4.4,
      "mark": "△",
      "score": 136.39,
      "track_aptitude": 0,
      "total_points": 75.28097094259391,
      "detail_points": {
        "score": 48.3309709425939,
        "bias": 4.95,
        "pace": 12.0,
        "3f": 4.0,
        "margin": 6.0,
        "track": 0.0
      },
      "avg_margin": 0.65,
      "race_name": "福島7R",
      "pred_prob_won": 0.16588757634162904,
      "pred_prob_in_top2": 0.16686969101428986,
      "pred_prob_in_top3": 0.48150655031204226,
      "score_z": 1.210689493512543,
      "上り3F平均": 34.8,
      "Ave-3F平均": 36.27,
      "PCI平均": 54.25,
      "-3F差平均": 1.2,
      "想定脚質": "逃げ",
      "track_bias_aptitude_score": 25.6,
      "investment_value_score": 81.4,
      "total_investment_index": 63.5,
      "investment_rating": 1.0482183408737182,
      "stability_score": 75,
      "investment_mark": "△"
    },
    {
      "horse_number": 14,
      "name": "ウアーシュプルング",
      "popularity": 1,
      "odds": 3.0,
      "mark": "◎",
      "score": 141.1,
      "track_aptitude": 2,
      "total_points": 96.01,
      "detail_points": {
        "score": 50.0,
        "bias": 15.0,
        "pace": 12.0,
        "3f": 9.0,
        "margin": 8.0,
        "track": 2.0100000000000002
      },
      "avg_margin": 0.38,
      "race_name": "福島7R",
      "pred_prob_won": 0.25425111353397367,
      "pred_prob_in_top2": 0.18436803817749023,
      "pred_prob_in_top3": 0.5763348937034607,
      "score_z": 1.4522504154905824,
      "上り3F平均": 35.62,
      "Ave-3F平均": 36.78,
      "PCI平均": 53.32,
      "-3F差平均": 0.48,
      "想定脚質": "先行",
      "track_bias_aptitude_score": 94.4,
      "investment_value_score": 100,
      "total_investment_index": 95.7,
      "investment_rating": 1.0467535108327866,
      "stability_score": 90,
      "investment_mark": "△"
    },
    {
      "horse_number": 1,
      "name": "スノーリン",
      "popularity": 11,
      "odds": 42.5,
      "mark": "△",
      "score": 115.84,
      "track_aptitude": 2,
      "total_points": 67.33890148830618,
      "detail_points": {
        "score": 41.048901488306164,
        "bias": 3.0,
        "pace": 8.28,
        "3f": 9.0,
        "margin": 4.0,
        "track": 2.0100000000000002
      },
      "avg_margin": 1.4833333333333336,
      "race_name": "福島7R",
      "pred_prob_won": 0.05147081688046455,
      "pred_prob_in_top2": 0.06157387048006058,
      "pred_prob_in_top3": 0.18244735896587372,
      "score_z": 0.15674534348097297,
      "上り3F平均": 36.42,
      "Ave-3F平均": 37.06,
      "PCI平均": 51.85,
      "-3F差平均": 1.15,
      "想定脚質": "後方",
      "track_bias_aptitude_score": 12.1,
      "investment_value_score": 26.4,
      "total_investment_index": 24.7,
      "investment_rating": 0.6639670319855213,
      "stability_score": 60,
      "investment_mark": "☆"
    },
    {
      "horse_number": 2,
      "name": "ヴェルダリオ",
      "popularity": 3,
      "odds": 8.6,
      "mark": "△",
      "score": 123.65,
      "track_aptitude": 1,
      "total_points": 69.08644223954643,
      "detail_points": {
        "score": 43.816442239546426,
        "bias": 3.0,
        "pace": 8.28,
        "3f": 9.0,
        "margin": 4.0,
        "track": 0.99
      },
      "avg_margin": 1.7666666666666668,
      "race_name": "福島7R",
      "pred_prob_won": 0.08527176529169082,
      "pred_prob_in_top2": 0.10169295966625214,
      "pred_prob_in_top3": 0.2983384668827057,
      "score_z": 0.5572954073129229,
      "上り3F平均": 37.07,
      "Ave-3F平均": 37.16,
      "PCI平均": 50.3,
      "-3F差平均": 1.47,
      "想定脚質": "後方",
      "track_bias_aptitude_score": 6.6,
      "investment_value_score": 61.1,
      "total_investment_index": 44.6,
      "investment_rating": 0.6494338640570642,
      "stability_score": 60,
      "investment_mark": "☆"
    },
    {
      "horse_number": 6,
      "name": "バレアリックシー",
      "popularity": 14,
      "odds": 63.7,
      "mark": "消",
      "score": 113.03,
      "track_aptitude": 0,
      "total_points": 62.33315379163714,
      "detail_points": {
        "score": 40.053153791637136,