{
  "horses": [
    {
      "horse_number": 13,
      "name": "ナルカミ",
      "popularity": 1,
      "odds": 1.2,
      "mark": "○",
      "score": 136.25,
      "track_aptitude": 1,
      "total_points": 84.14,
      "detail_points": {
        "score": 50.0,
        "bias": 4.95,
        "pace": 10.2,
        "3f": 9.0,
        "margin": 9.0,
        "track": 0.99
      },
      "avg_margin": 0.19999999999999998,
      "race_name": "福島10R",
      "pred_prob_won": 0.24830073714256287,
      "pred_prob_in_top2": 0.19444729685783385,
      "pred_prob_in_top3": 0.5721802592277527,
      "score_z": 1.5588224032494402,
      "上り3F平均": 37.73,
      "Ave-3F平均": 37.47,
      "PCI平均": 49.4,
      "-3F差平均": 0,
      "想定脚質": "逃げ",
      "track_bias_aptitude_score": 27.8,
      "investment_value_score": 100,
      "total_investment_index": 75.9,
      "investment_rating": 0.994623609185219,
      "stability_score": 90,
      "investment_mark": "◎"
    },
    {
      "horse_number": 6,
      "name": "クラウンシエンタ",
      "popularity": 3,
      "odds": 9.0,
      "mark": "▲",
      "score": 124.72,
      "track_aptitude": 1,
      "total_points": 82.95880733944954,
      "detail_points": {
        "score": 45.76880733944954,
        "bias": 9.0,
        "pace": 10.2,
        "3f": 9.0,
        "margin": 8.0,
        "track": 0.99
      },
      "avg_margin": 0.40499999999999997,
      "race_name": "福島10R",
      "pred_prob_won": 0.13948199152946472,
      "pred_prob_in_top2": 0.1361700177192688,
      "pred_prob_in_top3": 0.3952106833457947,
      "score_z": 0.8846580255500385,
      "上り3F平均": 37.37,
      "Ave-3F平均": 37.64,
      "PCI平均": 50.75,
      "-3F差平均": 0.85,
      "想定脚質": "中団",
      "track_bias_aptitude_score": 48.3,
      "investment_value_score": 69.1,
      "total_investment_index": 62.4,
      "investment_rating": 0.9134768575429917,
      "stability_score": 90,
      "investment_mark": "○"
    },
    {
      "horse_number": 14,
      "name": "トルーマンテソーロ",
      "popularity": 4,
      "odds": 29.8,
      "mark": "◎",
      "score": 119.3,
      "track_aptitude": 2,
      "total_points": 87.98981651376147,
      "detail_points": {
        "score": 43.77981651376147,
        "bias": 15.0,
        "pace": 10.2,
        "3f": 9.0,
        "margin": 8.0,
        "track": 2.0100000000000002
      },
      "avg_margin": 0.375,
      "race_name": "福島10R",
      "pred_prob_won": 0.10773570090532303,
      "pred_prob_in_top2": 0.10102123320102692,
      "pred_prob_in_top3": 0.3342130780220032,
      "score_z": 0.567748144619357,
      "上り3F平均": 36.74,
      "Ave-3F平均": 36.3,
      "PCI平均": 48.87,
      "-3F差平均": 0.4,
      "想定脚質": "先行",
      "track_bias_aptitude_score": 94.2,
      "investment_value_score": 59.4,
      "total_investment_index": 69.8,
      "investment_rating": 0.8368523120880127,
      "stability_score": 90,
      "investment_mark": "▲"
    },
    {
      "horse_number": 1,
      "name": "ライジンマル",
      "popularity": 2,
      "odds": 5.1,
      "mark": "△",
      "score": 126.03,
      "track_aptitude": 2,
      "total_points": 76.40954128440367,
      "detail_points": {
        "score": 46.24954128440367,
        "bias": 4.95,
        "pace": 10.2,
        "3f": 5.0,
        "margin": 8.0,
        "track": 2.0100000000000002
      },
      "avg_margin": 0.4833333333333334,
      "race_name": "福島10R",
      "pred_prob_won": 0.13701032400131224,
      "pred_prob_in_top2": 0.13318055868148804,
      "pred_prob_in_top3": 0.3893194079399109,
      "score_z": 0.961254325184576,
      "上り3F平均": 38.61,
      "Ave-3F平均": 37.26,
      "PCI平均": 46.54,
      "-3F差平均": 0.6,
      "想定脚質": "逃げ",
      "track_bias_aptitude_score": 33.6,
      "investment_value_score": 76.6,
      "total_investment_index": 62.6,
      "investment_rating": 0.7290262830257417,
      "stability_score": 90,
      "investment_mark": "△"
    },
    {
      "horse_number": 12,
      "name": "タナサンブラック",
      "popularity": 5,
      "odds": 38.4,
      "mark": "▲",
      "score": 116.6,
      "track_aptitude": 2,
      "total_points": 76.99899082568808,
      "detail_points": {
        "score": 42.788990825688074,
        "bias": 9.0,
        "pace": 10.2,
        "3f": 9.0,
        "margin": 4.0,
        "track": 2.0100000000000002
      },
      "avg_margin": 1.3499999999999999,
      "race_name": "福島10R",
      "pred_prob_won": 0.07523300051689148,
      "pred_prob_in_top2": 0.08924342393875122,
      "pred_prob_in_top3": 0.2690194547176361,
      "score_z": 0.40987790873137897,
      "上り3F平均": 32.08,
      "Ave-3F平均": 37.3,
      "PCI平均": 51.88,
      "-3F差平均": 0.87,
      "想定脚質": "中団",
      "track_bias_aptitude_score": 54.1,
      "investment_value_score": 51.0,
      "total_investment_index": 52.5,
      "investment_rating": 0.6740385189652442,
      "stability_score": 60,
      "investment_mark": "△"
    },
    {
      "horse_number": 8,
      "name": "アースイオス",
      "popularity": 8,
      "odds": 47.5,
      "mark": "×",
      "score": 112.84,
      "track_aptitude": 1,
      "total_points": 66.6791743119266,
      "detail_points": {
        "score": 41.409174311926606,
        "bias": 3.0,
        "pace": 8.28,
        "3f": 9.0,
        "margin": 4.0,
        "track": 0.99
      },
      "avg_margin": 1.1400000000000001,
      "race_name": "福島10R",
      "pred_prob_won": 0.04039402231574059,
      "pred_prob_in_top2": 0.06539541110396385,
      "pred_prob_in_top3": 0.16825475096702575,
      "score_z": 0.1900289876429363,
      "上り3F平均": 38.07,
      "Ave-3F平均": 37.7,
      "PCI平均": 49.08,
      "-3F差平均": 1.01,
      "想定脚質": "後方",
      "track_bias_aptitude_score": 6.8,
      "investment_value_score": 33.8,
      "total_investment_index": 27.6,
      "investment_rating": 0.34317945599555966,
      "stability_score": 60,
      "investment_mark": "☆"
    },
    {
      "horse_number": 5,
      "name": "モナコブル",
      "popularity": 6,
      "odds": 41.7,
      "mark": "⭐︎",
      "score": 113.3,
      "track_aptitude": 2,
      "total_points": 67.86798165137616,
      "detail_points": {
        "score": 41.57798165137614,
        "bias": 3.0,
        "pace": 8.28,
        "3f": 9.0,
        "margin": 4.0,
        "track": 2.0100000000000002
      },
      "avg_margin": 1.2049999999999998,
      "race_name": "福島10R",
      "pred_prob_won": 0.04139783680438995,
      "pred_prob_in_top2": 0.06300530359148979,
      "pred_prob_in_top3": 0.1683260828256607,
      "score_z": 0.21692539820162843,
      "上り3F平均": 37.26,
      "Ave-3F平均": 36.64,
      "PCI平均": 48.46,
      "-3F差平均": 1.07,
      "想定脚質": "後方",
      "track_bias_aptitude_score": 12.5,
      "investment_value_score": 38.8,
      "total_investment_index": 32.4,
      "investment_rating": 0.2584630224108696,
      "stability_score": 60,
      "investment_mark": "☆"
    },
    {
      "horse_number": 4,
      "name": "イデアユウシン",
      "popularity": 9,
      "odds": 54.8,
      "mark": "△",
      "score": 106.27,
      "track_aptitude": 2,
      "total_points": 75.20816513761469,
      "detail_points": {
        "score": 38.99816513761468,
        "bias": 9.0,
        "pace": 10.2,
        "3f": 9.0,
        "margin": 6.0,
        "track": 2.0100000000000002
      },
      "avg_margin": 0.86,
      "race_name": "福島10R",
      "pred_prob_won": 0.02442816235125065,
      "pred_prob_in_top2": 0.05040337145328522,
      "pred_prob_in_top3": 0.12316648811101913,
      "score_z": -0.1941219196844769,
      "上り3F平均": 38.64,
      "Ave-3F平均": 38.07,
      "PCI平均": 48.58,
      "-3F差平均": 0.97,
      "想定脚質": "中団",
      "track_bias_aptitude_score": 54.1,
      "investment_value_score": 25.4,
      "total_investment_index": 36.1,
      "investment_rating": 0.08137379474937911,
      "stability_score": 75,
      "investment_mark": "×"
    },
    {
      "horse_number": 3,
      "name": "アトラクティーボ",
      "popularity": 12,
      "odds": 184.3,
      "mark": "△",
      "score": 103.54,
      "track_aptitude": 0,