{
  "horses": [
    {
      "horse_number": 10,
      "name": "タキノボリ",
      "popularity": 4,
      "odds": 7.6,
      "mark": "○",
      "score": 137.19,
      "track_aptitude": 2,
      "total_points": 92.21000000000001,
      "detail_points": {
        "score": 50.0,
        "bias": 15.0,
        "pace": 10.2,
        "3f": 9.0,
        "margin": 6.0,
        "track": 2.0100000000000002
      },
      "avg_margin": 0.8562500000000001,
      "race_name": "福島6R",
      "pred_prob_won": 0.26939955949783323,
      "pred_prob_in_top2": 0.19467237293720246,
      "pred_prob_in_top3": 0.5942706108093262,
      "score_z": 1.6527763652488034,
      "上り3F平均": 37.39,
      "Ave-3F平均": 37.92,
      "PCI平均": 51.7,
      "-3F差平均": 0.77,
      "想定脚質": "先行",
      "track_bias_aptitude_score": 94.5,
      "investment_value_score": 74.3,
      "total_investment_index": 80.7,
      "investment_rating": 1.8973689126968383,
      "stability_score": 75,
      "investment_mark": "◎"
    },
    {
      "horse_number": 13,
      "name": "トレインザマインド",
      "popularity": 3,
      "odds": 6.0,
      "mark": "▲",
      "score": 129.93,
      "track_aptitude": 1,
      "total_points": 78.59403455062322,
      "detail_points": {
        "score": 47.354034550623226,
        "bias": 7.05,
        "pace": 10.2,
        "3f": 7.0,
        "margin": 6.0,
        "track": 0.99
      },
      "avg_margin": 1.0,
      "race_name": "福島6R",
      "pred_prob_won": 0.17958230078220366,
      "pred_prob_in_top2": 0.16239366829395294,
      "pred_prob_in_top3": 0.4955136001110077,
      "score_z": 1.209523283990875,
      "上り3F平均": 38.85,
      "Ave-3F平均": 38.09,
      "PCI平均": 48.12,
      "-3F差平均": 1.45,
      "想定脚質": "中団",
      "track_bias_aptitude_score": 35.7,
      "investment_value_score": 74.2,
      "total_investment_index": 62.2,
      "investment_rating": 1.2847462403774264,
      "stability_score": 75,
      "investment_mark": "○"
    },
    {
      "horse_number": 15,
      "name": "ソナタン",
      "popularity": 1,
      "odds": 2.3,
      "mark": "◎",
      "score": 135.14,
      "track_aptitude": 1,
      "total_points": 92.44286099569939,
      "detail_points": {
        "score": 49.25286099569939,
        "bias": 15.0,
        "pace": 10.2,
        "3f": 9.0,
        "margin": 8.0,
        "track": 0.99
      },
      "avg_margin": 0.4,
      "race_name": "福島6R",
      "pred_prob_won": 0.25812381505966187,
      "pred_prob_in_top2": 0.19527496993541718,
      "pred_prob_in_top3": 0.5789726972579956,
      "score_z": 1.5276153712296905,
      "上り3F平均": 34.96,
      "Ave-3F平均": 37.29,
      "PCI平均": 56.86,
      "-3F差平均": 0.76,
      "想定脚質": "先行",
      "track_bias_aptitude_score": 88.9,
      "investment_value_score": 100,
      "total_investment_index": 94.2,
      "investment_rating": 1.0316372036933898,
      "stability_score": 90,
      "investment_mark": "▲"
    },
    {
      "horse_number": 9,
      "name": "ショージージョ",
      "popularity": 11,
      "odds": 56.7,
      "mark": "△",
      "score": 113.55,
      "track_aptitude": 0,
      "total_points": 69.63421167723594,
      "detail_points": {
        "score": 41.384211677235946,
        "bias": 7.05,
        "pace": 10.2,
        "3f": 9.0,
        "margin": 2.0,
        "track": 0.0
      },
      "avg_margin": 2.22,
      "race_name": "福島6R",
      "pred_prob_won": 0.045394431054592135,
      "pred_prob_in_top2": 0.06904827654361725,
      "pred_prob_in_top3": 0.19046231508255004,
      "score_z": 0.20945641470645576,
      "上り3F平均": 38.28,
      "Ave-3F平均": 36.18,
      "PCI平均": 44.54,
      "-3F差平均": 0.76,
      "想定脚質": "中団",
      "track_bias_aptitude_score": 30.1,
      "investment_value_score": 28.9,
      "total_investment_index": 31.7,
      "investment_rating": 0.6856060576438904,
      "stability_score": 45,
      "investment_mark": "△"
    },
    {
      "horse_number": 3,
      "name": "カフェスカーレット",
      "popularity": 5,
      "odds": 9.2,
      "mark": "△",
      "score": 117.36,
      "track_aptitude": 2,
      "total_points": 71.06279685108244,
      "detail_points": {
        "score": 42.77279685108244,
        "bias": 3.0,
        "pace": 8.28,
        "3f": 9.0,
        "margin": 6.0,
        "track": 2.0100000000000002
      },
      "avg_margin": 1.0,
      "race_name": "福島6R",
      "pred_prob_won": 0.06750818714499474,
      "pred_prob_in_top2": 0.07460353523492813,
      "pred_prob_in_top3": 0.23647106289863587,
      "score_z": 0.44207270115173275,
      "上り3F平均": 36.8,
      "Ave-3F平均": 37.28,
      "PCI平均": 51.3,
      "-3F差平均": 1.7,
      "想定脚質": "後方",
      "track_bias_aptitude_score": 12.1,
      "investment_value_score": 47.6,
      "total_investment_index": 37.9,
      "investment_rating": 0.5641197830438613,
      "stability_score": 75,
      "investment_mark": "△"
    },
    {
      "horse_number": 6,
      "name": "エヌマエリシュ",
      "popularity": 2,
      "odds": 4.7,
      "mark": "▲",
      "score": 120.74,
      "track_aptitude": 0,
      "total_points": 80.20466506305124,
      "detail_points": {
        "score": 44.00466506305124,
        "bias": 15.0,
        "pace": 10.2,
        "3f": 7.0,
        "margin": 4.0,
        "track": 0.0
      },
      "avg_margin": 1.2,
      "race_name": "福島6R",
      "pred_prob_won": 0.09989251494407654,
      "pred_prob_in_top2": 0.10616905838251114,
      "pred_prob_in_top3": 0.3174482524394989,
      "score_z": 0.6484357059247077,
      "上り3F平均": 35.95,
      "Ave-3F平均": 36.63,
      "PCI平均": 52.35,
      "-3F差平均": 1.25,
      "想定脚質": "先行",
      "track_bias_aptitude_score": 83.4,
      "investment_value_score": 70.7,
      "total_investment_index": 73.5,
      "investment_rating": 0.5547275194525719,
      "stability_score": 60,
      "investment_mark": "△"
    },
    {
      "horse_number": 14,
      "name": "ヒタムキ",
      "popularity": 6,
      "odds": 24.8,
      "mark": "△",
      "score": 114.71,
      "track_aptitude": 0,
      "total_points": 67.05698301625482,
      "detail_points": {
        "score": 41.806983016254826,
        "bias": 7.05,
        "pace": 10.2,
        "3f": 4.0,
        "margin": 4.0,
        "track": 0.0
      },
      "avg_margin": 1.7687499999999998,
      "race_name": "福島6R",
      "pred_prob_won": 0.04805653393268585,
      "pred_prob_in_top2": 0.06875982880592346,
      "pred_prob_in_top3": 0.18132483661174775,
      "score_z": 0.2802792210782459,
      "上り3F平均": 38.04,
      "Ave-3F平均": 35.45,
      "PCI平均": 43.29,
      "-3F差平均": 0.84,
      "想定脚質": "逃げ",
      "track_bias_aptitude_score": 36.0,
      "investment_value_score": 39.0,
      "total_investment_index": 39.7,
      "investment_rating": 0.36569042488932607,
      "stability_score": 60,
      "investment_mark": "☆"
    },
    {
      "horse_number": 7,
      "name": "フラッシュタイム",
      "popularity": 10,
      "odds": 47.2,
      "mark": "△",
      "score": 107.36,
      "track_aptitude": 0,
      "total_points": 67.378216342299,
      "detail_points": {
        "score": 39.128216342299,
        "bias": 7.05,
        "pace": 10.2,
        "3f": 7.0,
        "margin": 4.0,
        "track": 0.0
      },
      "avg_margin": 1.65,
      "race_name": "福島6R",
      "pred_prob_won": 0.02566063217818737,
      "pred_prob_in_top2": 0.04560520723462105,
      "pred_prob_in_top3": 0.1260866180062294,
      "score_z": -0.168468733087839,
      "上り3F平均": 37.54,
      "Ave-3F平均": 36.13,
      "PCI平均": 46.4,
      "-3F差平均": 1.17,
      "想定脚質": "中団",
      "track_bias_aptitude_score": 30.1,
      "investment_value_score": 22.4,
      "total_investment_index": 27.2,
      "investment_rating": 0.1641279805451632,
      "stability_score": 60,
      "investment_mark": "×"
    },
    {
      "horse_number": 5,
      "name": "タイセイグレーター",
      "popularity": 7,
      "odds": 28.9,
      "mark": "×",
      "score": 108.59,
      "track_aptitude": 1,
      "total_points": 64.84649974487937,
      "detail_points": {
        "score": 39.57649974487937,
        "bias": 3.0,