{
  "horses": [
    {
      "horse_number": 1,
      "name": "グッジョブ",
      "popularity": 2,
      "odds": 5.7,
      "mark": "○",
      "score": 114.63,
      "track_aptitude": 2,
      "total_points": 89.96000000000001,
      "detail_points": {
        "score": 50.0,
        "bias": 10.95,
        "pace": 12.0,
        "3f": 7.0,
        "margin": 8.0,
        "track": 2.0100000000000002
      },
      "avg_margin": 0.225,
      "race_name": "福島11R",
      "pred_prob_won": 0.19490281343460084,
      "pred_prob_in_top2": 0.16298219561576843,
      "pred_prob_in_top3": 0.4891741037368774,
      "score_z": 1.3920572613815307,
      "上り3F平均": 36.26,
      "Ave-3F平均": 35.34,
      "PCI平均": 47.48,
      "-3F差平均": 1.03,
      "想定脚質": "中団",
      "track_bias_aptitude_score": 72.6,
      "investment_value_score": 100,
      "total_investment_index": 89.1,
      "investment_rating": 0.9930636060237885,
      "stability_score": 90,
      "investment_mark": "◎"
    },
    {
      "horse_number": 8,
      "name": "エスカル",
      "popularity": 4,
      "odds": 7.9,
      "mark": "◎",
      "score": 107.37,
      "track_aptitude": 2,
      "total_points": 90.84328971473437,
      "detail_points": {
        "score": 46.83328971473436,
        "bias": 15.0,
        "pace": 12.0,
        "3f": 9.0,
        "margin": 6.0,
        "track": 2.0100000000000002
      },
      "avg_margin": 0.5166666666666666,
      "race_name": "福島11R",
      "pred_prob_won": 0.12368295341730118,
      "pred_prob_in_top2": 0.12299031913280487,
      "pred_prob_in_top3": 0.37418843507766725,
      "score_z": 0.813789812749538,
      "上り3F平均": 37.0,
      "Ave-3F平均": 34.43,
      "PCI平均": 43.12,
      "-3F差平均": 0.33,
      "想定脚質": "先行",
      "track_bias_aptitude_score": 94.3,
      "investment_value_score": 73.8,
      "total_investment_index": 78.9,
      "investment_rating": 0.9654631620645522,
      "stability_score": 75,
      "investment_mark": "○"
    },
    {
      "horse_number": 10,
      "name": "シアージスト",
      "popularity": 5,
      "odds": 8.0,
      "mark": "▲",
      "score": 106.43,
      "track_aptitude": 2,
      "total_points": 88.43327488441072,
      "detail_points": {
        "score": 46.42327488441072,
        "bias": 15.0,
        "pace": 12.0,
        "3f": 7.0,
        "margin": 6.0,
        "track": 2.0100000000000002
      },
      "avg_margin": 0.515,
      "race_name": "福島11R",
      "pred_prob_won": 0.08940942287445068,
      "pred_prob_in_top2": 0.10266596376895905,
      "pred_prob_in_top3": 0.31092304587364195,
      "score_z": 0.7389177188495281,
      "上り3F平均": 36.8,
      "Ave-3F平均": 34.7,
      "PCI平均": 44.37,
      "-3F差平均": 0.26,
      "想定脚質": "先行",
      "track_bias_aptitude_score": 94.3,
      "investment_value_score": 63.9,
      "total_investment_index": 72.9,
      "investment_rating": 0.830246011018753,
      "stability_score": 75,
      "investment_mark": "▲"
    },
    {
      "horse_number": 6,
      "name": "エコロガイア",
      "popularity": 8,
      "odds": 14.4,
      "mark": "△",
      "score": 99.39,
      "track_aptitude": 1,
      "total_points": 86.3425255168804,
      "detail_points": {
        "score": 43.352525516880405,
        "bias": 15.0,
        "pace": 12.0,
        "3f": 9.0,
        "margin": 6.0,
        "track": 0.99
      },
      "avg_margin": 0.63,
      "race_name": "福島11R",
      "pred_prob_won": 0.04395313635468483,
      "pred_prob_in_top2": 0.06964513063430786,
      "pred_prob_in_top3": 0.1838427037000656,
      "score_z": 0.17817352623668542,
      "上り3F平均": 37.1,
      "Ave-3F平均": 34.94,
      "PCI平均": 44.19,
      "-3F差平均": 0.46,
      "想定脚質": "先行",
      "track_bias_aptitude_score": 88.5,
      "investment_value_score": 38.9,
      "total_investment_index": 55.2,
      "investment_rating": 0.3990168981254101,
      "stability_score": 75,
      "investment_mark": "△"
    },
    {
      "horse_number": 11,
      "name": "オーブルクール",
      "popularity": 1,
      "odds": 3.6,
      "mark": "▲",
      "score": 104.6,
      "track_aptitude": 2,
      "total_points": 89.63505452324871,
      "detail_points": {
        "score": 45.625054523248714,
        "bias": 15.0,
        "pace": 12.0,
        "3f": 9.0,
        "margin": 6.0,
        "track": 2.0100000000000002
      },
      "avg_margin": 0.5416666666666666,
      "race_name": "福島11R",
      "pred_prob_won": 0.08909487128257751,
      "pred_prob_in_top2": 0.0918714702129364,
      "pred_prob_in_top3": 0.2799959659576416,
      "score_z": 0.5931560892356774,
      "上り3F平均": 37.15,
      "Ave-3F平均": 34.68,
      "PCI平均": 43.37,
      "-3F差平均": 0.5,
      "想定脚質": "先行",
      "track_bias_aptitude_score": 94.3,
      "investment_value_score": 97.9,
      "total_investment_index": 93.0,
      "investment_rating": 0.2719903182983399,
      "stability_score": 75,
      "investment_mark": "☆"
    },
    {
      "horse_number": 2,
      "name": "ルクスメテオール",
      "popularity": 6,
      "odds": 12.8,
      "mark": "△",
      "score": 100.19,
      "track_aptitude": 2,
      "total_points": 85.66147430864521,
      "detail_points": {
        "score": 43.7014743086452,
        "bias": 10.95,
        "pace": 12.0,
        "3f": 9.0,
        "margin": 8.0,
        "track": 2.0100000000000002
      },
      "avg_margin": 0.4499999999999999,
      "race_name": "福島11R",
      "pred_prob_won": 0.04179970249533653,
      "pred_prob_in_top2": 0.06674645245075225,
      "pred_prob_in_top3": 0.17350061237812042,
      "score_z": 0.24189445721541725,
      "上り3F平均": 36.34,
      "Ave-3F平均": 35.33,
      "PCI平均": 47.3,
      "-3F差平均": 0.62,
      "想定脚質": "中団",
      "track_bias_aptitude_score": 72.6,
      "investment_value_score": 44.2,
      "total_investment_index": 53.7,
      "investment_rating": 0.2435281537473203,
      "stability_score": 90,
      "investment_mark": "☆"
    },
    {
      "horse_number": 4,
      "name": "タイセイブレイズ",
      "popularity": 11,
      "odds": 41.9,
      "mark": "⭐︎",
      "score": 99.43,
      "track_aptitude": 0,
      "total_points": 81.31997295646865,
      "detail_points": {
        "score": 43.369972956468644,
        "bias": 10.95,
        "pace": 12.0,
        "3f": 7.0,
        "margin": 8.0,
        "track": 0.0
      },
      "avg_margin": 0.4277777777777777,
      "race_name": "福島11R",
      "pred_prob_won": 0.034086603298783304,
      "pred_prob_in_top2": 0.04852819368243218,
      "pred_prob_in_top3": 0.1405171900987625,
      "score_z": 0.1813595727856225,
      "上り3F平均": 35.98,
      "Ave-3F平均": 35.21,
      "PCI平均": 47.92,
      "-3F差平均": 1.17,
      "想定脚質": "中団",
      "track_bias_aptitude_score": 61.2,
      "investment_value_score": 26.1,
      "total_investment_index": 39.3,
      "investment_rating": 0.21008580178022385,
      "stability_score": 90,
      "investment_mark": "☆"
    },
    {
      "horse_number": 3,
      "name": "イスラアネーロ",
      "popularity": 3,
      "odds": 6.5,
      "mark": "△",
      "score": 101.7,
      "track_aptitude": 1,
      "total_points": 83.30011515310129,
      "detail_points": {
        "score": 44.36011515310129,
        "bias": 10.95,
        "pace": 12.0,
        "3f": 9.0,
        "margin": 6.0,
        "track": 0.99
      },
      "avg_margin": 0.6444444444444445,
      "race_name": "福島11R",
      "pred_prob_won": 0.05607333928346634,
      "pred_prob_in_top2": 0.0644849881529808,
      "pred_prob_in_top3": 0.19835493266582488,
      "score_z": 0.3621677144377744,
      "上り3F平均": 36.42,
      "Ave-3F平均": 34.97,
      "PCI平均": 46.07,
      "-3F差平均": 0.76,
      "想定脚質": "中団",
      "track_bias_aptitude_score": 66.9,
      "investment_value_score": 63.4,
      "total_investment_index": 63.7,
      "investment_rating": 0.19424226433038705,
      "stability_score": 75,
      "investment_mark": "×"
    },
    {
      "horse_number": 13,
      "name": "レディフォース",
      "popularity": 7,
      "odds": 13.5,
      "mark": "△",
      "score": 96.97,
      "track_aptitude": 0,