{
  "horses": [
    {
      "horse_number": 6,
      "name": "アルデショワ",
      "popularity": 5,
      "odds": 7.0,
      "mark": "◎",
      "score": 113.05,
      "track_aptitude": 1,
      "total_points": 90.94,
      "detail_points": {
        "score": 50.0,
        "bias": 10.95,
        "pace": 12.0,
        "3f": 9.0,
        "margin": 8.0,
        "track": 0.99
      },
      "avg_margin": 0.3625,
      "race_name": "福島12R",
      "pred_prob_won": 0.20753781497478485,
      "pred_prob_in_top2": 0.1688816010951996,
      "pred_prob_in_top3": 0.4992027640342712,
      "score_z": 1.2905737195117077,
      "上り3F平均": 36.85,
      "Ave-3F平均": 34.75,
      "PCI平均": 44.58,
      "-3F差平均": 0.47,
      "想定脚質": "中団",
      "track_bias_aptitude_score": 64.3,
      "investment_value_score": 81.8,
      "total_investment_index": 75.5,
      "investment_rating": 1.721372576355934,
      "stability_score": 90,
      "investment_mark": "◎"
    },
    {
      "horse_number": 1,
      "name": "テンプーシャオン",
      "popularity": 4,
      "odds": 6.6,
      "mark": "▲",
      "score": 104.33,
      "track_aptitude": 2,
      "total_points": 88.15329942503318,
      "detail_points": {
        "score": 46.14329942503318,
        "bias": 15.0,
        "pace": 12.0,
        "3f": 9.0,
        "margin": 4.0,
        "track": 2.0100000000000002
      },
      "avg_margin": 1.06,
      "race_name": "福島12R",
      "pred_prob_won": 0.12033980190753937,
      "pred_prob_in_top2": 0.10798951238393784,
      "pred_prob_in_top3": 0.32898309230804446,
      "score_z": 0.86948851618161,
      "上り3F平均": 35.79,
      "Ave-3F平均": 35.1,
      "PCI平均": 48.32,
      "-3F差平均": 0.52,
      "想定脚質": "先行",
      "track_bias_aptitude_score": 92.2,
      "investment_value_score": 75.0,
      "total_investment_index": 79.1,
      "investment_rating": 0.8159323692321778,
      "stability_score": 60,
      "investment_mark": "○"
    },
    {
      "horse_number": 8,
      "name": "ニシノアヤカゼ",
      "popularity": 6,
      "odds": 7.3,
      "mark": "△",
      "score": 102.27,
      "track_aptitude": 0,
      "total_points": 81.18219814241486,
      "detail_points": {
        "score": 45.23219814241486,
        "bias": 10.95,
        "pace": 12.0,
        "3f": 7.0,
        "margin": 6.0,
        "track": 0.0
      },
      "avg_margin": 1.0,
      "race_name": "福島12R",
      "pred_prob_won": 0.09031785428524017,
      "pred_prob_in_top2": 0.0898297369480133,
      "pred_prob_in_top3": 0.27657681703567505,
      "score_z": 0.7700119658536282,
      "上り3F平均": 35.64,
      "Ave-3F平均": 35.27,
      "PCI平均": 49.2,
      "-3F差平均": 1.03,
      "想定脚質": "中団",
      "track_bias_aptitude_score": 56.6,
      "investment_value_score": 61.4,
      "total_investment_index": 60.1,
      "investment_rating": 0.8105417668819428,
      "stability_score": 75,
      "investment_mark": "▲"
    },
    {
      "horse_number": 3,
      "name": "グッドヴァイブス",
      "popularity": 2,
      "odds": 5.8,
      "mark": "○",
      "score": 105.52,
      "track_aptitude": 2,
      "total_points": 90.67961521450685,
      "detail_points": {
        "score": 46.669615214506855,
        "bias": 15.0,
        "pace": 12.0,
        "3f": 9.0,
        "margin": 6.0,
        "track": 2.0100000000000002
      },
      "avg_margin": 0.7799999999999999,
      "race_name": "福島12R",
      "pred_prob_won": 0.13022531270980836,
      "pred_prob_in_top2": 0.12740496695041656,
      "pred_prob_in_top3": 0.37174338698387144,
      "score_z": 0.9269531253516577,
      "上り3F平均": 37.1,
      "Ave-3F平均": 34.21,
      "PCI平均": 42.28,
      "-3F差平均": 0.38,
      "想定脚質": "先行",
      "track_bias_aptitude_score": 92.2,
      "investment_value_score": 94.1,
      "total_investment_index": 90.7,
      "investment_rating": 0.6780558222532274,
      "stability_score": 75,
      "investment_mark": "△"
    },
    {
      "horse_number": 11,
      "name": "ザカート",
      "popularity": 7,
      "odds": 9.7,
      "mark": "⭐︎",
      "score": 100.09,
      "track_aptitude": 2,
      "total_points": 72.50802299867316,
      "detail_points": {
        "score": 44.26802299867315,
        "bias": 4.95,
        "pace": 8.28,
        "3f": 7.0,
        "margin": 6.0,
        "track": 2.0100000000000002
      },
      "avg_margin": 0.9,
      "race_name": "福島12R",
      "pred_prob_won": 0.06643171831965447,
      "pred_prob_in_top2": 0.060931642353534696,
      "pred_prob_in_top3": 0.2069144368171692,
      "score_z": 0.6647406650211042,
      "上り3F平均": 37.37,
      "Ave-3F平均": 36.71,
      "PCI平均": 48.4,
      "-3F差平均": 0.4,
      "想定脚質": "逃げ",
      "track_bias_aptitude_score": 25.8,
      "investment_value_score": 50.9,
      "total_investment_index": 44.4,
      "investment_rating": 0.519066568017006,
      "stability_score": 75,
      "investment_mark": "△"
    },
    {
      "horse_number": 12,
      "name": "イェルマーク",
      "popularity": 1,
      "odds": 5.2,
      "mark": "▲",
      "score": 96.36,
      "track_aptitude": 0,
      "total_points": 84.61831048208757,
      "detail_points": {
        "score": 42.61831048208757,
        "bias": 15.0,
        "pace": 12.0,
        "3f": 9.0,
        "margin": 6.0,
        "track": 0.0
      },
      "avg_margin": 0.6875,
      "race_name": "福島12R",
      "pred_prob_won": 0.07533047795295715,
      "pred_prob_in_top2": 0.0977073684334755,
      "pred_prob_in_top3": 0.2721633195877075,
      "score_z": 0.48462050350490393,
      "上り3F平均": 37.2,
      "Ave-3F平均": 35.08,
      "PCI平均": 44.33,
      "-3F差平均": 0.77,
      "想定脚質": "先行",
      "track_bias_aptitude_score": 76.6,
      "investment_value_score": 100,
      "total_investment_index": 88.8,
      "investment_rating": 0.2895838010311127,
      "stability_score": 75,
      "investment_mark": "☆"
    },
    {
      "horse_number": 2,
      "name": "オコジュ",
      "popularity": 8,
      "odds": 14.3,
      "mark": "△",
      "score": 87.6,
      "track_aptitude": 2,
      "total_points": 82.75391862007962,
      "detail_points": {
        "score": 38.74391862007961,
        "bias": 15.0,
        "pace": 12.0,
        "3f": 9.0,
        "margin": 6.0,
        "track": 2.0100000000000002
      },
      "avg_margin": 0.95,
      "race_name": "福島12R",
      "pred_prob_won": 0.03482698574662209,
      "pred_prob_in_top2": 0.043269026279449466,
      "pred_prob_in_top3": 0.14903488755226135,
      "score_z": 0.06160371667329182,
      "上り3F平均": 36.4,
      "Ave-3F平均": 34.38,
      "PCI平均": 44.88,
      "-3F差平均": 0.47,
      "想定脚質": "先行",
      "track_bias_aptitude_score": 92.2,
      "investment_value_score": 38.5,
      "total_investment_index": 55.9,
      "investment_rating": 0.2240163028240204,
      "stability_score": 75,
      "investment_mark": "☆"
    },
    {
      "horse_number": 4,
      "name": "アタリダイキチ",
      "popularity": 3,
      "odds": 6.5,
      "mark": "△",
      "score": 91.0,
      "track_aptitude": 0,
      "total_points": 76.19767801857584,
      "detail_points": {
        "score": 40.24767801857585,
        "bias": 10.95,
        "pace": 12.0,
        "3f": 9.0,
        "margin": 4.0,
        "track": 0.0
      },
      "avg_margin": 1.8333333333333333,
      "race_name": "福島12R",
      "pred_prob_won": 0.04000399373471737,
      "pred_prob_in_top2": 0.0637628085911274,
      "pred_prob_in_top3": 0.1743111193180084,
      "score_z": 0.2257883143019999,
      "上り3F平均": 38.73,
      "Ave-3F平均": 37.06,
      "PCI平均": 46.5,
      "-3F差平均": 0.5,
      "想定脚質": "中団",
      "track_bias_aptitude_score": 56.6,
      "investment_value_score": 64.0,
      "total_investment_index": 60.8,
      "investment_rating": 0.151373361647129,
      "stability_score": 60,
      "investment_mark": "×"
    },
    {
      "horse_number": 13,
      "name": "レオプルミエール",
      "popularity": 14,
      "odds": 84.3,
      "mark": "△",
      "score": 82.7,
      "track_aptitude": 0,
      "total_points": 78.5767359575409,
      "detail_points": {
        "score": 36.57673595754091,