{
  "horses": [
    {
      "horse_number": 4,
      "name": "ヤマメキング",
      "popularity": 4,
      "odds": 7.6,
      "mark": "▲",
      "score": 110.15,
      "track_aptitude": 0,
      "total_points": 90.0,
      "detail_points": {
        "score": 50.0,
        "bias": 15.0,
        "pace": 12.0,
        "3f": 9.0,
        "margin": 4.0,
        "track": 0.0
      },
      "avg_margin": 1.0416666666666667,
      "race_name": "福島9R",
      "pred_prob_won": 0.19276311099529267,
      "pred_prob_in_top2": 0.15002059638500215,
      "pred_prob_in_top3": 0.4619023621082306,
      "score_z": 1.4751126818260882,
      "上り3F平均": 37.22,
      "Ave-3F平均": 35.19,
      "PCI平均": 44.8,
      "-3F差平均": 0.65,
      "想定脚質": "先行",
      "track_bias_aptitude_score": 78.6,
      "investment_value_score": 77.4,
      "total_investment_index": 77.5,
      "investment_rating": 1.4014192122220992,
      "stability_score": 60,
      "investment_mark": "◎"
    },
    {
      "horse_number": 8,
      "name": "ピックアップライン",
      "popularity": 3,
      "odds": 6.1,
      "mark": "○",
      "score": 107.09,
      "track_aptitude": 0,
      "total_points": 90.61098502042668,
      "detail_points": {
        "score": 48.61098502042669,
        "bias": 15.0,
        "pace": 12.0,
        "3f": 9.0,
        "margin": 6.0,
        "track": 0.0
      },
      "avg_margin": 0.95,
      "race_name": "福島9R",
      "pred_prob_won": 0.1483718693256378,
      "pred_prob_in_top2": 0.1475446879863739,
      "pred_prob_in_top3": 0.40198776721954343,
      "score_z": 1.191178427610782,
      "上り3F平均": 37.93,
      "Ave-3F平均": 36.48,
      "PCI平均": 46.26,
      "-3F差平均": 0.38,
      "想定脚質": "先行",
      "track_bias_aptitude_score": 78.6,
      "investment_value_score": 79.1,
      "total_investment_index": 78.0,
      "investment_rating": 0.9966590201854704,
      "stability_score": 75,
      "investment_mark": "○"
    },
    {
      "horse_number": 6,
      "name": "アスクアイルビゼア",
      "popularity": 2,
      "odds": 5.7,
      "mark": "▲",
      "score": 110.11,
      "track_aptitude": 0,
      "total_points": 87.93184294144348,
      "detail_points": {
        "score": 49.98184294144348,
        "bias": 10.95,
        "pace": 12.0,
        "3f": 9.0,
        "margin": 6.0,
        "track": 0.0
      },
      "avg_margin": 0.6000000000000001,
      "race_name": "福島9R",
      "pred_prob_won": 0.19276311099529267,
      "pred_prob_in_top2": 0.14842094480991364,
      "pred_prob_in_top3": 0.4619023621082306,
      "score_z": 1.4714011229474562,
      "上り3F平均": 36.62,
      "Ave-3F平均": 35.31,
      "PCI平均": 46.54,
      "-3F差平均": 0.79,
      "想定脚質": "中団",
      "track_bias_aptitude_score": 44.6,
      "investment_value_score": 92.3,
      "total_investment_index": 76.2,
      "investment_rating": 0.9933266139030457,
      "stability_score": 75,
      "investment_mark": "▲"
    },
    {
      "horse_number": 2,
      "name": "ビバップ",
      "popularity": 5,
      "odds": 8.3,
      "mark": "⭐︎",
      "score": 103.46,
      "track_aptitude": 1,
      "total_points": 76.28323195642305,
      "detail_points": {
        "score": 46.96323195642305,
        "bias": 7.05,
        "pace": 8.28,
        "3f": 7.0,
        "margin": 6.0,
        "track": 0.99
      },
      "avg_margin": 0.785,
      "race_name": "福島9R",
      "pred_prob_won": 0.0879437804222107,
      "pred_prob_in_top2": 0.08604875206947327,
      "pred_prob_in_top3": 0.26571504175662997,
      "score_z": 0.8543544593749769,
      "上り3F平均": 37.7,
      "Ave-3F平均": 34.7,
      "PCI平均": 42.18,
      "-3F差平均": 0.4,
      "想定脚質": "逃げ",
      "track_bias_aptitude_score": 23.5,
      "investment_value_score": 58.0,
      "total_investment_index": 48.3,
      "investment_rating": 0.7324319358170034,
      "stability_score": 75,
      "investment_mark": "△"
    },
    {
      "horse_number": 3,
      "name": "フレッシュラン",
      "popularity": 1,
      "odds": 3.8,
      "mark": "◎",
      "score": 103.91,
      "track_aptitude": 0,
      "total_points": 91.16749886518383,
      "detail_points": {
        "score": 47.16749886518384,
        "bias": 15.0,
        "pace": 12.0,
        "3f": 9.0,
        "margin": 8.0,
        "track": 0.0
      },
      "avg_margin": 0.3666666666666667,
      "race_name": "福島9R",
      "pred_prob_won": 0.12633596658706664,
      "pred_prob_in_top2": 0.12937213629484176,
      "pred_prob_in_top3": 0.3915267288684845,
      "score_z": 0.896109496759581,
      "上り3F平均": 37.17,
      "Ave-3F平均": 35.3,
      "PCI平均": 45.0,
      "-3F差平均": 0.33,
      "想定脚質": "先行",
      "track_bias_aptitude_score": 78.6,
      "investment_value_score": 100,
      "total_investment_index": 90.1,
      "investment_rating": 0.6309351399540901,
      "stability_score": 90,
      "investment_mark": "△"
    },
    {
      "horse_number": 1,
      "name": "エコロエイト",
      "popularity": 10,
      "odds": 24.9,
      "mark": "△",
      "score": 97.13,
      "track_aptitude": 2,
      "total_points": 86.09987743985475,
      "detail_points": {
        "score": 44.08987743985474,
        "bias": 15.0,
        "pace": 12.0,
        "3f": 9.0,
        "margin": 4.0,
        "track": 2.0100000000000002
      },
      "avg_margin": 1.0799999999999998,
      "race_name": "福島9R",
      "pred_prob_won": 0.0427005834877491,
      "pred_prob_in_top2": 0.06578626781702042,
      "pred_prob_in_top3": 0.17787009179592134,
      "score_z": 0.2670002668315498,
      "上り3F平均": 37.7,
      "Ave-3F平均": 35.48,
      "PCI平均": 44.11,
      "-3F差平均": 0.66,
      "想定脚質": "先行",
      "track_bias_aptitude_score": 92.9,
      "investment_value_score": 33.4,
      "total_investment_index": 53.4,
      "investment_rating": 0.5806646609306336,
      "stability_score": 60,
      "investment_mark": "△"
    },
    {
      "horse_number": 7,
      "name": "マイレーヌ",
      "popularity": 8,
      "odds": 18.9,
      "mark": "△",
      "score": 97.25,
      "track_aptitude": 1,
      "total_points": 87.13434861552427,
      "detail_points": {
        "score": 44.14434861552428,
        "bias": 15.0,
        "pace": 12.0,
        "3f": 9.0,
        "margin": 6.0,
        "track": 0.99
      },
      "avg_margin": 0.705,
      "race_name": "福島9R",
      "pred_prob_won": 0.04443351924419403,
      "pred_prob_in_top2": 0.07124608159065246,
      "pred_prob_in_top3": 0.18540791273117066,
      "score_z": 0.2781349434674446,
      "上り3F平均": 37.48,
      "Ave-3F平均": 34.83,
      "PCI平均": 43.01,
      "-3F差平均": 0.41,
      "想定脚質": "先行",
      "track_bias_aptitude_score": 85.7,
      "investment_value_score": 38.7,
      "total_investment_index": 54.4,
      "investment_rating": 0.5309882676601411,
      "stability_score": 75,
      "investment_mark": "☆"
    },
    {
      "horse_number": 12,
      "name": "リリージェーン",
      "popularity": 11,
      "odds": 31.4,
      "mark": "△",
      "score": 92.04,
      "track_aptitude": 1,
      "total_points": 84.76939173853835,
      "detail_points": {
        "score": 41.77939173853836,
        "bias": 15.0,
        "pace": 12.0,
        "3f": 9.0,
        "margin": 6.0,
        "track": 0.99
      },
      "avg_margin": 0.985,
      "race_name": "福島9R",
      "pred_prob_won": 0.03718850240111351,
      "pred_prob_in_top2": 0.05002853497862816,
      "pred_prob_in_top3": 0.13645625114440918,
      "score_z": -0.20529560047430137,
      "上り3F平均": 37.36,
      "Ave-3F平均": 34.74,
      "PCI平均": 43.09,
      "-3F差平均": 0.6,
      "想定脚質": "先行",
      "track_bias_aptitude_score": 85.7,
      "investment_value_score": 24.9,
      "total_investment_index": 45.3,
      "investment_rating": 0.30753594636917114,
      "stability_score": 75,
      "investment_mark": "☆"
    },
    {
      "horse_number": 15,
      "name": "ゼットカレン",
      "popularity": 7,
      "odds": 15.6,
      "mark": "⭐︎",
      "score": 93.64,
      "track_aptitude": 0,
      "total_points": 78.45567408079891,
      "detail_points": {
        "score": 42.50567408079891,
        "bias": 10.95,