{
  "horses": [
    {
      "horse_number": 5,
      "name": "サトノスカイターフ",
      "popularity": 6,
      "odds": 9.7,
      "mark": "▲",
      "score": 153.18,
      "track_aptitude": 1,
      "total_points": 83.19,
      "detail_points": {
        "score": 50.0,
        "bias": 9.0,
        "pace": 10.2,
        "3f": 7.0,
        "margin": 6.0,
        "track": 0.99
      },
      "avg_margin": 0.6,
      "race_name": "福島9R",
      "pred_prob_won": 0.3023776590824127,
      "pred_prob_in_top2": 0.17475850880146027,
      "pred_prob_in_top3": 0.6335697412490845,
      "score_z": 1.9187723248189898,
      "上り3F平均": 34.5,
      "Ave-3F平均": 36.84,
      "PCI平均": 56.83,
      "-3F差平均": 1.17,
      "想定脚質": "中団",
      "track_bias_aptitude_score": 55.3,
      "investment_value_score": 77.3,
      "total_investment_index": 71.2,
      "investment_rating": 2.5945626544952396,
      "stability_score": 75,
      "investment_mark": "◎"
    },
    {
      "horse_number": 12,
      "name": "ウインマイルート",
      "popularity": 2,
      "odds": 5.0,
      "mark": "◎",
      "score": 147.12,
      "track_aptitude": 2,
      "total_points": 88.28193497845672,
      "detail_points": {
        "score": 48.02193497845671,
        "bias": 13.05,
        "pace": 10.2,
        "3f": 9.0,
        "margin": 6.0,
        "track": 2.0100000000000002
      },
      "avg_margin": 0.595,
      "race_name": "福島9R",
      "pred_prob_won": 0.2150902271270752,
      "pred_prob_in_top2": 0.16467083990573883,
      "pred_prob_in_top3": 0.5292479157447815,
      "score_z": 1.0874757894550542,
      "上り3F平均": 36.13,
      "Ave-3F平均": 37.56,
      "PCI平均": 54.05,
      "-3F差平均": 0.57,
      "想定脚質": "先行",
      "track_bias_aptitude_score": 93.6,
      "investment_value_score": 94.6,
      "total_investment_index": 91.7,
      "investment_rating": 1.0877437472343445,
      "stability_score": 75,
      "investment_mark": "○"
    },
    {
      "horse_number": 4,
      "name": "ロードオールライト",
      "popularity": 7,
      "odds": 13.1,
      "mark": "△",
      "score": 141.98,
      "track_aptitude": 1,
      "total_points": 81.53417025721372,
      "detail_points": {
        "score": 46.344170257213726,
        "bias": 9.0,
        "pace": 10.2,
        "3f": 9.0,
        "margin": 6.0,
        "track": 0.99
      },
      "avg_margin": 0.7285714285714285,
      "race_name": "福島9R",
      "pred_prob_won": 0.0808461844921112,
      "pred_prob_in_top2": 0.10432972908020019,
      "pred_prob_in_top3": 0.28031282424926757,
      "score_z": 0.3823826885028034,
      "上り3F平均": 36.51,
      "Ave-3F平均": 37.12,
      "PCI平均": 51.89,
      "-3F差平均": 0.75,
      "想定脚質": "中団",
      "track_bias_aptitude_score": 55.3,
      "investment_value_score": 46.8,
      "total_investment_index": 50.3,
      "investment_rating": 0.8617987394332887,
      "stability_score": 75,
      "investment_mark": "▲"
    },
    {
      "horse_number": 6,
      "name": "ブラックボイス",
      "popularity": 9,
      "odds": 21.9,
      "mark": "△",
      "score": 139.89,
      "track_aptitude": 0,
      "total_points": 79.91196631414023,
      "detail_points": {
        "score": 45.66196631414022,
        "bias": 13.05,
        "pace": 10.2,
        "3f": 7.0,
        "margin": 4.0,
        "track": 0.0
      },
      "avg_margin": 1.18,
      "race_name": "福島9R",
      "pred_prob_won": 0.05632990151643753,
      "pred_prob_in_top2": 0.07936452627182007,
      "pred_prob_in_top3": 0.22114232182502747,
      "score_z": 0.09568140815451501,
      "上り3F平均": 17.77,
      "Ave-3F平均": 36.43,
      "PCI平均": 52.8,
      "-3F差平均": 0.1,
      "想定脚質": "先行",
      "track_bias_aptitude_score": 80.8,
      "investment_value_score": 34.7,
      "total_investment_index": 50.2,
      "investment_rating": 0.6648249045014382,
      "stability_score": 60,
      "investment_mark": "△"
    },
    {
      "horse_number": 1,
      "name": "トロピカルライト",
      "popularity": 3,
      "odds": 5.5,
      "mark": "⭐︎",
      "score": 144.45,
      "track_aptitude": 2,
      "total_points": 73.44041128084606,
      "detail_points": {
        "score": 47.15041128084606,
        "bias": 3.0,
        "pace": 8.28,
        "3f": 7.0,
        "margin": 6.0,
        "track": 2.0100000000000002
      },
      "avg_margin": 0.6049999999999999,
      "race_name": "福島9R",
      "pred_prob_won": 0.10163027048110962,
      "pred_prob_in_top2": 0.10422637313604355,
      "pred_prob_in_top3": 0.32428217530250547,
      "score_z": 0.7212114743689617,
      "上り3F平均": 35.06,
      "Ave-3F平均": 37.64,
      "PCI平均": 57.47,
      "-3F差平均": 0.9,
      "想定脚質": "後方",
      "track_bias_aptitude_score": 13.8,
      "investment_value_score": 71.3,
      "total_investment_index": 53.1,
      "investment_rating": 0.6012017223238943,
      "stability_score": 75,
      "investment_mark": "△"
    },
    {
      "horse_number": 2,
      "name": "エコロレイズ",
      "popularity": 1,
      "odds": 4.9,
      "mark": "△",
      "score": 144.92,
      "track_aptitude": 0,
      "total_points": 81.50382556469512,
      "detail_points": {
        "score": 47.303825564695124,
        "bias": 9.0,
        "pace": 10.2,
        "3f": 9.0,
        "margin": 6.0,
        "track": 0.0
      },
      "avg_margin": 0.51,
      "race_name": "福島9R",
      "pred_prob_won": 0.12819381505250932,
      "pred_prob_in_top2": 0.11665875017642975,
      "pred_prob_in_top3": 0.3615817904472351,
      "score_z": 0.7856849680358015,
      "上り3F平均": 34.78,
      "Ave-3F平均": 36.9,
      "PCI平均": 56.15,
      "-3F差平均": 0.67,
      "想定脚質": "中団",
      "track_bias_aptitude_score": 48.9,
      "investment_value_score": 100,
      "total_investment_index": 81.0,
      "investment_rating": 0.43587538659572606,
      "stability_score": 75,
      "investment_mark": "☆"
    },
    {
      "horse_number": 11,
      "name": "ソワドリヨン",
      "popularity": 8,
      "odds": 20.3,
      "mark": "▲",
      "score": 135.06,
      "track_aptitude": 0,
      "total_points": 82.33538973756366,
      "detail_points": {
        "score": 44.08538973756365,
        "bias": 13.05,
        "pace": 10.2,
        "3f": 9.0,
        "margin": 6.0,
        "track": 0.0
      },
      "avg_margin": 0.6500000000000001,
      "race_name": "福島9R",
      "pred_prob_won": 0.028658905625343324,
      "pred_prob_in_top2": 0.05581992119550705,
      "pred_prob_in_top3": 0.1753898173570633,
      "score_z": -0.5668866225068372,
      "上り3F平均": 34.99,
      "Ave-3F平均": 36.98,
      "PCI平均": 55.8,
      "-3F差平均": 0.49,
      "想定脚質": "先行",
      "track_bias_aptitude_score": 80.8,
      "investment_value_score": 29.7,
      "total_investment_index": 46.1,
      "investment_rating": 0.3049558493494987,
      "stability_score": 75,
      "investment_mark": "☆"
    },
    {
      "horse_number": 7,
      "name": "ミヤビブレイブ",
      "popularity": 10,
      "odds": 21.9,
      "mark": "○",
      "score": 133.79,
      "track_aptitude": 0,
      "total_points": 83.92084475780128,
      "detail_points": {
        "score": 43.67084475780128,
        "bias": 13.05,
        "pace": 10.2,
        "3f": 9.0,
        "margin": 8.0,
        "track": 0.0
      },
      "avg_margin": 0.41666666666666663,
      "race_name": "福島9R",
      "pred_prob_won": 0.03102785684168339,
      "pred_prob_in_top2": 0.037864641100168225,
      "pred_prob_in_top3": 0.13984106481075287,
      "score_z": -0.741102233053406,
      "上り3F平均": 35.96,
      "Ave-3F平均": 36.72,
      "PCI平均": 52.16,
      "-3F差平均": 0.43,
      "想定脚質": "先行",
      "track_bias_aptitude_score": 80.8,
      "investment_value_score": 19.6,
      "total_investment_index": 39.8,
      "investment_rating": 0.1348238795995712,
      "stability_score": 90,
      "investment_mark": "×"
    },
    {
      "horse_number": 3,
      "name": "マルカブリッツ",
      "popularity": 4,
      "odds": 6.0,
      "mark": "△",
      "score": 136.82,
      "track_aptitude": 1,
      "total_points": 81.89987726857292,