{
  "horses": [
    {
      "horse_number": 5,
      "name": "ナンヨーラーク",
      "popularity": 7,
      "odds": 57.9,
      "mark": "△",
      "score": 39.82,
      "track_aptitude": 0,
      "total_points": 56.904242424242426,
      "detail_points": {
        "score": 27.42424242424243,
        "bias": 9.0,
        "pace": 6.48,
        "3f": 4.0,
        "margin": 10.0,
        "track": 0.0
      },
      "avg_margin": 0.0,
      "race_name": "福島6R",
      "pred_prob_won": 0.14475445151329042,
      "pred_prob_in_top2": 0.03231852203607559,
      "pred_prob_in_top3": 0.3822048604488373,
      "score_z": -0.9445639350116337,
      "上り3F平均": 0,
      "Ave-3F平均": 0,
      "PCI平均": 0,
      "-3F差平均": 0,
      "想定脚質": "不明",
      "track_bias_aptitude_score": null,
      "investment_value_score": 1,
      "total_investment_index": null,
      "investment_rating": 1.2932291626930237,
      "stability_score": 90,
      "investment_mark": "◎"
    },
    {
      "horse_number": 1,
      "name": "アビエーション",
      "popularity": 5,
      "odds": 41.5,
      "mark": "○",
      "score": 50.17,
      "track_aptitude": 0,
      "total_points": 64.03234159779615,
      "detail_points": {
        "score": 34.55234159779615,
        "bias": 9.0,
        "pace": 6.48,
        "3f": 4.0,
        "margin": 10.0,
        "track": 0.0
      },
      "avg_margin": 0.0,
      "race_name": "福島6R",
      "pred_prob_won": 0.11718737334012985,
      "pred_prob_in_top2": 0.0686155766248703,
      "pred_prob_in_top3": 0.3528717279434204,
      "score_z": 0.03811350742938991,
      "上り3F平均": 0,
      "Ave-3F平均": 0,
      "PCI平均": 0,
      "-3F差平均": 0,
      "想定脚質": "不明",
      "track_bias_aptitude_score": null,
      "investment_value_score": 15.1,
      "total_investment_index": null,
      "investment_rating": 0.82907146692276,
      "stability_score": 90,
      "investment_mark": "○"
    },
    {
      "horse_number": 4,
      "name": "コパノセビリア",
      "popularity": 6,
      "odds": 43.0,
      "mark": "▲",
      "score": 47.26,
      "track_aptitude": 0,
      "total_points": 62.02820936639118,
      "detail_points": {
        "score": 32.548209366391184,
        "bias": 9.0,
        "pace": 6.48,
        "3f": 4.0,
        "margin": 10.0,
        "track": 0.0
      },
      "avg_margin": 0.0,
      "race_name": "福島6R",
      "pred_prob_won": 0.10997190177440644,
      "pred_prob_in_top2": 0.08060279265046119,
      "pred_prob_in_top3": 0.31018054485321045,
      "score_z": -0.23817551261924602,
      "上り3F平均": 0,
      "Ave-3F平均": 0,
      "PCI平均": 0,
      "-3F差平均": 0,
      "想定脚質": "不明",
      "track_bias_aptitude_score": null,
      "investment_value_score": 3.5,
      "total_investment_index": null,
      "investment_rating": 0.740483969449997,
      "stability_score": 90,
      "investment_mark": "△"
    },
    {
      "horse_number": 6,
      "name": "ハイティー",
      "popularity": 1,
      "odds": 1.4,
      "mark": "◎",
      "score": 72.6,
      "track_aptitude": 0,
      "total_points": 79.48,
      "detail_points": {
        "score": 50.0,
        "bias": 9.0,
        "pace": 6.48,
        "3f": 4.0,
        "margin": 10.0,
        "track": 0.0
      },
      "avg_margin": 0.0,
      "race_name": "福島6R",
      "pred_prob_won": 0.22652496993541718,
      "pred_prob_in_top2": 0.1745034545660019,
      "pred_prob_in_top3": 0.5188886284828186,
      "score_z": 2.1677226894537522,
      "上り3F平均": 0,
      "Ave-3F平均": 0,
      "PCI平均": 0,
      "-3F差平均": 0,
      "想定脚質": "不明",
      "track_bias_aptitude_score": null,
      "investment_value_score": 100,
      "total_investment_index": null,
      "investment_rating": 0.7009992969036102,
      "stability_score": 90,
      "investment_mark": "△"
    },
    {
      "horse_number": 2,
      "name": "ハッピーエンジェル",
      "popularity": 2,
      "odds": 3.3,
      "mark": "▲",
      "score": 46.53,
      "track_aptitude": 0,
      "total_points": 61.52545454545455,
      "detail_points": {
        "score": 32.04545454545455,
        "bias": 9.0,
        "pace": 6.48,
        "3f": 4.0,
        "margin": 10.0,
        "track": 0.0
      },
      "avg_margin": 0.0,
      "race_name": "福島6R",
      "pred_prob_won": 0.08000600859522819,
      "pred_prob_in_top2": 0.05717872753739357,
      "pred_prob_in_top3": 0.30178508162498474,
      "score_z": -0.30748512933247735,
      "上り3F平均": 0,
      "Ave-3F平均": 0,
      "PCI平均": 0,
      "-3F差平均": 0,
      "想定脚質": "不明",
      "track_bias_aptitude_score": null,
      "investment_value_score": 36.9,
      "total_investment_index": null,
      "investment_rating": 0.2308015152812004,
      "stability_score": 90,
      "investment_mark": "☆"
    },
    {
      "horse_number": 3,
      "name": "ビースタニング",
      "popularity": 4,
      "odds": 14.3,
      "mark": "△",
      "score": 46.0,
      "track_aptitude": 0,
      "total_points": 61.16044077134987,
      "detail_points": {
        "score": 31.680440771349865,
        "bias": 9.0,
        "pace": 6.48,
        "3f": 4.0,
        "margin": 10.0,
        "track": 0.0
      },
      "avg_margin": 0.0,
      "race_name": "福島6R",
      "pred_prob_won": 0.05885387361049652,
      "pred_prob_in_top2": 0.09726435840129852,
      "pred_prob_in_top3": 0.2122830331325531,
      "score_z": -0.35780580995989214,
      "上り3F平均": 0,
      "Ave-3F平均": 0,
      "PCI平均": 0,
      "-3F差平均": 0,
      "想定脚質": "不明",
      "track_bias_aptitude_score": null,
      "investment_value_score": 3.6,
      "total_investment_index": null,
      "investment_rating": 0.07343119412660593,
      "stability_score": 90,
      "investment_mark": "☆"
    },
    {
      "horse_number": 7,
      "name": "セイウンアインス",
      "popularity": 3,
      "odds": 7.9,
      "mark": "△",
      "score": 46.0,
      "track_aptitude": 0,
      "total_points": 61.16044077134987,
      "detail_points": {
        "score": 31.680440771349865,
        "bias": 9.0,
        "pace": 6.48,
        "3f": 4.0,
        "margin": 10.0,
        "track": 0.0
      },
      "avg_margin": 0.0,
      "race_name": "福島6R",
      "pred_prob_won": 0.05885387361049652,
      "pred_prob_in_top2": 0.09726435840129852,
      "pred_prob_in_top3": 0.2122830331325531,
      "score_z": -0.35780580995989214,
      "上り3F平均": 0,
      "Ave-3F平均": 0,
      "PCI平均": 0,
      "-3F差平均": 0,
      "想定脚質": "不明",
      "track_bias_aptitude_score": null,
      "investment_value_score": 12.6,
      "total_investment_index": null,
      "investment_rating": 0.0066755259037016845,
      "stability_score": 90,
      "investment_mark": "×"
    }
  ]
}