{
  "horses": [
    {
      "horse_number": 4,
      "name": "エコロヴァイス",
      "popularity": 2,
      "odds": 5.2,
      "mark": "◎",
      "score": 109.53,
      "track_aptitude": 1,
      "total_points": 91.65013461702308,
      "detail_points": {
        "score": 46.66013461702308,
        "bias": 15.0,
        "pace": 12.0,
        "3f": 9.0,
        "margin": 8.0,
        "track": 0.99
      },
      "avg_margin": 0.45999999999999996,
      "race_name": "福島12R",
      "pred_prob_won": 0.17010630071163177,
      "pred_prob_in_top2": 0.15595191419124604,
      "pred_prob_in_top3": 0.460947322845459,
      "score_z": 1.0889009489968065,
      "上り3F平均": 37.08,
      "Ave-3F平均": 35.29,
      "PCI平均": 45.34,
      "-3F差平均": 0.38,
      "想定脚質": "先行",
      "track_bias_aptitude_score": 86.0,
      "investment_value_score": 80.0,
      "total_investment_index": 80.6,
      "investment_rating": 0.8558893346786499,
      "stability_score": 90,
      "investment_mark": "◎"
    },
    {
      "horse_number": 3,
      "name": "ピコテンダー",
      "popularity": 1,
      "odds": 1.4,
      "mark": "▲",
      "score": 117.37,
      "track_aptitude": 3,
      "total_points": 82.33,
      "detail_points": {
        "score": 50.0,
        "bias": 7.05,
        "pace": 8.28,
        "3f": 5.0,
        "margin": 9.0,
        "track": 3.0
      },
      "avg_margin": 0.03333333333333333,
      "race_name": "福島12R",
      "pred_prob_won": 0.2371320277452469,
      "pred_prob_in_top2": 0.15806463062763215,
      "pred_prob_in_top3": 0.5183621644973755,
      "score_z": 1.6754519661203833,
      "上り3F平均": 37.3,
      "Ave-3F平均": 35.07,
      "PCI平均": 44.07,
      "-3F差平均": 0.6,
      "想定脚質": "逃げ",
      "track_bias_aptitude_score": 51.3,
      "investment_value_score": 100,
      "total_investment_index": 83.2,
      "investment_rating": 0.7959054112434387,
      "stability_score": 90,
      "investment_mark": "○"
    },
    {
      "horse_number": 6,
      "name": "キボウノホシ",
      "popularity": 3,
      "odds": 13.2,
      "mark": "▲",
      "score": 106.91,
      "track_aptitude": 1,
      "total_points": 84.48400613444662,
      "detail_points": {
        "score": 45.54400613444662,
        "bias": 10.95,
        "pace": 12.0,
        "3f": 9.0,
        "margin": 6.0,
        "track": 0.99
      },
      "avg_margin": 0.5222222222222223,
      "race_name": "福島12R",
      "pred_prob_won": 0.1117896392941475,
      "pred_prob_in_top2": 0.12145892381668091,
      "pred_prob_in_top3": 0.33969115018844603,
      "score_z": 0.8928851754172434,
      "上り3F平均": 36.84,
      "Ave-3F平均": 35.32,
      "PCI平均": 45.88,
      "-3F差平均": 0.9,
      "想定脚質": "中団",
      "track_bias_aptitude_score": 61.0,
      "investment_value_score": 64.8,
      "total_investment_index": 63.7,
      "investment_rating": 0.6228881406784057,
      "stability_score": 75,
      "investment_mark": "△"
    },
    {
      "horse_number": 1,
      "name": "オコジュ",
      "popularity": 8,
      "odds": 29.7,
      "mark": "○",
      "score": 95.07,
      "track_aptitude": 2,
      "total_points": 84.51012780097129,
      "detail_points": {
        "score": 40.50012780097128,
        "bias": 15.0,
        "pace": 12.0,
        "3f": 9.0,
        "margin": 6.0,
        "track": 2.0100000000000002
      },
      "avg_margin": 0.9949999999999999,
      "race_name": "福島12R",
      "pred_prob_won": 0.05033942461013794,
      "pred_prob_in_top2": 0.07290856093168259,
      "pred_prob_in_top3": 0.19648816287517548,
      "score_z": 0.007073435271433481,
      "上り3F平均": 36.61,
      "Ave-3F平均": 34.4,
      "PCI平均": 44.35,
      "-3F差平均": 0.47,
      "想定脚質": "先行",
      "track_bias_aptitude_score": 93.0,
      "investment_value_score": 31.8,
      "total_investment_index": 52.0,
      "investment_rating": 0.3976998342573643,
      "stability_score": 75,
      "investment_mark": "△"
    },
    {
      "horse_number": 7,
      "name": "アルヴァレス",
      "popularity": 6,
      "odds": 18.3,
      "mark": "△",
      "score": 96.47,
      "track_aptitude": 1,
      "total_points": 82.08653233364574,
      "detail_points": {
        "score": 41.09653233364573,
        "bias": 15.0,
        "pace": 12.0,
        "3f": 9.0,
        "margin": 4.0,
        "track": 0.99
      },
      "avg_margin": 1.04,
      "race_name": "福島12R",
      "pred_prob_won": 0.03658548854291439,
      "pred_prob_in_top2": 0.06479016840457916,
      "pred_prob_in_top3": 0.16220543384552003,
      "score_z": 0.11181468832921546,
      "上り3F平均": 38.0,
      "Ave-3F平均": 35.93,
      "PCI平均": 44.7,
      "-3F差平均": 0.57,
      "想定脚質": "先行",
      "track_bias_aptitude_score": 86.0,
      "investment_value_score": 33.9,
      "total_investment_index": 51.3,
      "investment_rating": 0.10157852768898012,
      "stability_score": 60,
      "investment_mark": "☆"
    },
    {
      "horse_number": 10,
      "name": "グラスブランシュ",
      "popularity": 4,
      "odds": 13.2,
      "mark": "×",
      "score": 100.04,
      "track_aptitude": 0,
      "total_points": 66.89736389196558,
      "detail_points": {
        "score": 42.61736389196558,
        "bias": 3.0,
        "pace": 8.28,
        "3f": 9.0,
        "margin": 4.0,
        "track": 0.0
      },
      "avg_margin": 1.1199999999999999,
      "race_name": "福島12R",
      "pred_prob_won": 0.04204464554786682,
      "pred_prob_in_top2": 0.05523124039173126,
      "pred_prob_in_top3": 0.15649211406707764,
      "score_z": 0.378904883626559,
      "上り3F平均": 36.75,
      "Ave-3F平均": 36.19,
      "PCI平均": 48.55,
      "-3F差平均": 1.57,
      "想定脚質": "後方",
      "track_bias_aptitude_score": 1,
      "investment_value_score": 41.9,
      "total_investment_index": 31.1,
      "investment_rating": -0.0005577266216277854,
      "stability_score": 60,
      "investment_mark": "××"
    },
    {
      "horse_number": 8,
      "name": "スターチスブーケ",
      "popularity": 7,
      "odds": 29.1,
      "mark": "△",
      "score": 91.56,
      "track_aptitude": 0,
      "total_points": 72.95485643690891,
      "detail_points": {
        "score": 39.004856436908916,
        "bias": 10.95,
        "pace": 12.0,
        "3f": 7.0,
        "margin": 4.0,
        "track": 0.0
      },
      "avg_margin": 1.1999999999999997,
      "race_name": "福島12R",
      "pred_prob_won": 0.02934728004038334,
      "pred_prob_in_top2": 0.04486123472452164,
      "pred_prob_in_top3": 0.1237286925315857,
      "score_z": -0.2555278491805753,
      "上り3F平均": 36.74,
      "Ave-3F平均": 35.54,
      "PCI平均": 46.77,
      "-3F差平均": 1.06,
      "想定脚質": "中団",
      "track_bias_aptitude_score": 54.0,
      "investment_value_score": 25.0,
      "total_investment_index": 35.8,
      "investment_rating": -0.082373583316803,
      "stability_score": 60,
      "investment_mark": "××"
    },
    {
      "horse_number": 11,
      "name": "サザンレイク",
      "popularity": 5,
      "odds": 15.9,
      "mark": "△",
      "score": 86.8,
      "track_aptitude": 1,
      "total_points": 79.96708102581579,
      "detail_points": {
        "score": 36.97708102581579,
        "bias": 15.0,
        "pace": 12.0,
        "3f": 9.0,
        "margin": 6.0,
        "track": 0.99
      },
      "avg_margin": 0.745,
      "race_name": "福島12R",
      "pred_prob_won": 0.0226896483451128,
      "pred_prob_in_top2": 0.03394892252981663,
      "pred_prob_in_top3": 0.10781519114971161,
      "score_z": -0.611648109577033,
      "上り3F平均": 36.39,
      "Ave-3F平均": 35.24,
      "PCI平均": 46.91,
      "-3F差平均": 0.54,
      "想定脚質": "先行",
      "track_bias_aptitude_score": 86.0,
      "investment_value_score": 27.5,
      "total_investment_index": 46.3,
      "investment_rating": -0.1932686015963554,
      "stability_score": 75,
      "investment_mark": "××"
    },
    {
      "horse_number": 5,
      "name": "オオゾラヒバリ",
      "popularity": 10,
      "odds": 83.8,
      "mark": "消",
      "score": 90.71,
      "track_aptitude": 2,
      "total_points": 64.932753684928,