{
  "horses": [
    {
      "horse_number": 3,
      "name": "ヴァンヴィーヴ",
      "popularity": 3,
      "odds": 7.0,
      "mark": "○",
      "score": 115.71,
      "track_aptitude": 2,
      "total_points": 90.4135311324697,
      "detail_points": {
        "score": 48.3535311324697,
        "bias": 13.05,
        "pace": 12.0,
        "3f": 9.0,
        "margin": 6.0,
        "track": 2.0100000000000002
      },
      "avg_margin": 0.8550000000000001,
      "race_name": "福島9R",
      "pred_prob_won": 0.17415252327919006,
      "pred_prob_in_top2": 0.1626180440187454,
      "pred_prob_in_top3": 0.4648986518383026,
      "score_z": 1.2332710124478035,
      "上り3F平均": 36.67,
      "Ave-3F平均": 35.9,
      "PCI平均": 48.07,
      "-3F差平均": 0.63,
      "想定脚質": "中団",
      "track_bias_aptitude_score": 91.8,
      "investment_value_score": 72.0,
      "total_investment_index": 77.8,
      "investment_rating": 1.0736351466178893,
      "stability_score": 75,
      "investment_mark": "◎"
    },
    {
      "horse_number": 6,
      "name": "ライクアフラワー",
      "popularity": 4,
      "odds": 15.4,
      "mark": "▲",
      "score": 114.33,
      "track_aptitude": 0,
      "total_points": 87.82684914333473,
      "detail_points": {
        "score": 47.77684914333472,
        "bias": 13.05,
        "pace": 12.0,
        "3f": 9.0,
        "margin": 6.0,
        "track": 0.0
      },
      "avg_margin": 0.63,
      "race_name": "福島9R",
      "pred_prob_won": 0.1521269351243973,
      "pred_prob_in_top2": 0.13622505366802215,
      "pred_prob_in_top3": 0.40076594352722167,
      "score_z": 1.1306336551618519,
      "上り3F平均": 35.3,
      "Ave-3F平均": 35.0,
      "PCI平均": 49.3,
      "-3F差平均": 0.78,
      "想定脚質": "中団",
      "track_bias_aptitude_score": 75.4,
      "investment_value_score": 62.3,
      "total_investment_index": 66.9,
      "investment_rating": 1.01317866563797,
      "stability_score": 75,
      "investment_mark": "○"
    },
    {
      "horse_number": 1,
      "name": "マックアルイーン",
      "popularity": 1,
      "odds": 1.7,
      "mark": "◎",
      "score": 119.65,
      "track_aptitude": 2,
      "total_points": 94.06,
      "detail_points": {
        "score": 50.0,
        "bias": 13.05,
        "pace": 12.0,
        "3f": 9.0,
        "margin": 8.0,
        "track": 2.0100000000000002
      },
      "avg_margin": 0.35000000000000003,
      "race_name": "福島9R",
      "pred_prob_won": 0.24273886084556578,
      "pred_prob_in_top2": 0.1663068115711212,
      "pred_prob_in_top3": 0.534559428691864,
      "score_z": 1.5263081049888558,
      "上り3F平均": 35.45,
      "Ave-3F平均": 34.82,
      "PCI平均": 48.35,
      "-3F差平均": 0.37,
      "想定脚質": "先行",
      "track_bias_aptitude_score": 83.0,
      "investment_value_score": 100,
      "total_investment_index": 92.4,
      "investment_rating": 0.83639857172966,
      "stability_score": 90,
      "investment_mark": "▲"
    },
    {
      "horse_number": 8,
      "name": "ソルレース",
      "popularity": 2,
      "odds": 4.7,
      "mark": "△",
      "score": 109.77,
      "track_aptitude": 0,
      "total_points": 72.10129126619307,
      "detail_points": {
        "score": 45.87129126619306,
        "bias": 4.95,
        "pace": 8.28,
        "3f": 5.0,
        "margin": 8.0,
        "track": 0.0
      },
      "avg_margin": 0.2222222222222222,
      "race_name": "福島9R",
      "pred_prob_won": 0.09503885507583618,
      "pred_prob_in_top2": 0.10232436060905456,
      "pred_prob_in_top3": 0.29301596283912656,
      "score_z": 0.7914841267387059,
      "上り3F平均": 35.17,
      "Ave-3F平均": 35.28,
      "PCI平均": 50.38,
      "-3F差平均": 0.55,
      "想定脚質": "逃げ",
      "track_bias_aptitude_score": 6.3,
      "investment_value_score": 68.6,
      "total_investment_index": 49.4,
      "investment_rating": 0.34369868665933606,
      "stability_score": 90,
      "investment_mark": "△"
    },
    {
      "horse_number": 5,
      "name": "ニシノピウモッソ",
      "popularity": 6,
      "odds": 15.9,
      "mark": "▲",
      "score": 99.26,
      "track_aptitude": 0,
      "total_points": 83.52931466778104,
      "detail_points": {
        "score": 41.47931466778103,
        "bias": 13.05,
        "pace": 12.0,
        "3f": 9.0,
        "margin": 8.0,
        "track": 0.0
      },
      "avg_margin": 0.27999999999999997,
      "race_name": "福島9R",
      "pred_prob_won": 0.04402454644441604,
      "pred_prob_in_top2": 0.0648362547159195,
      "pred_prob_in_top3": 0.17679048478603362,
      "score_z": 0.00980396364062289,
      "上り3F平均": 34.73,
      "Ave-3F平均": 35.15,
      "PCI平均": 51.34,
      "-3F差平均": 0.77,
      "想定脚質": "中団",
      "track_bias_aptitude_score": 75.4,
      "investment_value_score": 33.0,
      "total_investment_index": 47.4,
      "investment_rating": 0.17815004512667654,
      "stability_score": 90,
      "investment_mark": "☆"
    },
    {
      "horse_number": 2,
      "name": "ディアドコス",
      "popularity": 5,
      "odds": 15.5,
      "mark": "△",
      "score": 95.19,
      "track_aptitude": 1,
      "total_points": 68.99852068533221,
      "detail_points": {
        "score": 39.77852068533221,
        "bias": 4.95,
        "pace": 8.28,
        "3f": 7.0,
        "margin": 8.0,
        "track": 0.99
      },
      "avg_margin": 0.37,
      "race_name": "福島9R",
      "pred_prob_won": 0.029153171554207803,
      "pred_prob_in_top2": 0.04829350486397743,
      "pred_prob_in_top3": 0.12208607494831085,
      "score_z": -0.29290186545635205,
      "上り3F平均": 34.16,
      "Ave-3F平均": 34.57,
      "PCI平均": 51.26,
      "-3F差平均": 0.74,
      "想定脚質": "後方",
      "track_bias_aptitude_score": 9.2,
      "investment_value_score": 28.4,
      "total_investment_index": 24.3,
      "investment_rating": -0.12619544774293895,
      "stability_score": 90,
      "investment_mark": "××"
    },
    {
      "horse_number": 4,
      "name": "エクセルゴールド",
      "popularity": 7,
      "odds": 22.6,
      "mark": "△",
      "score": 90.97,
      "track_aptitude": 0,
      "total_points": 78.06504387797743,
      "detail_points": {
        "score": 38.01504387797743,
        "bias": 13.05,
        "pace": 12.0,
        "3f": 9.0,
        "margin": 6.0,
        "track": 0.0
      },
      "avg_margin": 0.595,
      "race_name": "福島9R",
      "pred_prob_won": 0.020985668152570726,
      "pred_prob_in_top2": 0.04053452536463738,
      "pred_prob_in_top3": 0.10270694494247437,
      "score_z": -0.6067639290409298,
      "上り3F平均": 35.26,
      "Ave-3F平均": 35.35,
      "PCI平均": 50.34,
      "-3F差平均": 0.58,
      "想定脚質": "先行",
      "track_bias_aptitude_score": 66.6,
      "investment_value_score": 18.0,
      "total_investment_index": 34.8,
      "investment_rating": -0.20429971933364877,
      "stability_score": 75,
      "investment_mark": "××"
    },
    {
      "horse_number": 10,
      "name": "ナファロア",
      "popularity": 9,
      "odds": 56.6,
      "mark": "△",
      "score": 87.03,
      "track_aptitude": 0,
      "total_points": 76.41857501044714,
      "detail_points": {
        "score": 36.36857501044714,
        "bias": 13.05,
        "pace": 12.0,
        "3f": 9.0,
        "margin": 6.0,
        "track": 0.0
      },
      "avg_margin": 0.735,
      "race_name": "福島9R",
      "pred_prob_won": 0.015958878956735135,
      "pred_prob_in_top2": 0.028050034865736963,
      "pred_prob_in_top3": 0.08471047580242157,
      "score_z": -0.899801021581981,
      "上り3F平均": 35.1,
      "Ave-3F平均": 35.76,
      "PCI平均": 52.06,
      "-3F差平均": 0.7,
      "想定脚質": "先行",
      "track_bias_aptitude_score": 66.6,
      "investment_value_score": 9.3,
      "total_investment_index": 29.1,
      "investment_rating": -0.3154977169632913,
      "stability_score": 75,
      "investment_mark": "××"
    },
    {
      "horse_number": 7,
      "name": "タリエシン",
      "popularity": 10,
      "odds": 59.7,
      "mark": "×",
      "score": 89.0,
      "track_aptitude": 2,
      "total_points": 65.43180944421229,
      "detail_points": {
        "score": 37.19180944421228,