{
  "horses": [
    {
      "horse_number": 11,
      "name": "ユウオウマイシン",
      "popularity": 7,
      "odds": 19.4,
      "mark": "△",
      "score": 127.11,
      "track_aptitude": 0,
      "total_points": 71.98680078066357,
      "detail_points": {
        "score": 47.70680078066356,
        "bias": 3.0,
        "pace": 8.28,
        "3f": 9.0,
        "margin": 4.0,
        "track": 0.0
      },
      "avg_margin": 1.145,
      "race_name": "福島3R",
      "pred_prob_won": 0.1265910342335701,
      "pred_prob_in_top2": 0.1341073840856552,
      "pred_prob_in_top3": 0.3733173906803131,
      "score_z": 0.8887912038118799,
      "上り3F平均": 37.12,
      "Ave-3F平均": 36.73,
      "PCI平均": 49.0,
      "-3F差平均": 1.29,
      "想定脚質": "後方",
      "track_bias_aptitude_score": 1,
      "investment_value_score": 53.4,
      "total_investment_index": 38.8,
      "investment_rating": 1.4905773878097535,
      "stability_score": 60,
      "investment_mark": "◎"
    },
    {
      "horse_number": 2,
      "name": "テルケンレンスター",
      "popularity": 6,
      "odds": 13.8,
      "mark": "▲",
      "score": 123.38,
      "track_aptitude": 2,
      "total_points": 86.51686083170695,
      "detail_points": {
        "score": 46.30686083170695,
        "bias": 15.0,
        "pace": 10.2,
        "3f": 9.0,
        "margin": 4.0,
        "track": 2.0100000000000002
      },
      "avg_margin": 1.06,
      "race_name": "福島3R",
      "pred_prob_won": 0.10185568183660507,
      "pred_prob_in_top2": 0.1090524360537529,
      "pred_prob_in_top3": 0.33935053944587706,
      "score_z": 0.6441998514274683,
      "上り3F平均": 38.32,
      "Ave-3F平均": 37.28,
      "PCI平均": 47.28,
      "-3F差平均": 0.46,
      "想定脚質": "先行",
      "track_bias_aptitude_score": 94.5,
      "investment_value_score": 53.5,
      "total_investment_index": 66.5,
      "investment_rating": 1.163720224201679,
      "stability_score": 60,
      "investment_mark": "○"
    },
    {
      "horse_number": 12,
      "name": "ベルチュガダン",
      "popularity": 2,
      "odds": 3.6,
      "mark": "◎",
      "score": 132.55,
      "track_aptitude": 1,
      "total_points": 91.93853625581744,
      "detail_points": {
        "score": 49.74853625581745,
        "bias": 15.0,
        "pace": 10.2,
        "3f": 7.0,
        "margin": 9.0,
        "track": 0.99
      },
      "avg_margin": 0.2,
      "race_name": "福島3R",
      "pred_prob_won": 0.22115172147750856,
      "pred_prob_in_top2": 0.17527167797088622,
      "pred_prob_in_top3": 0.5277491927146911,
      "score_z": 1.245514248576277,
      "上り3F平均": 39.6,
      "Ave-3F平均": 37.42,
      "PCI平均": 44.5,
      "-3F差平均": 0.2,
      "想定脚質": "先行",
      "track_bias_aptitude_score": 88.9,
      "investment_value_score": 85.9,
      "total_investment_index": 85.3,
      "investment_rating": 1.15408519923687,
      "stability_score": 90,
      "investment_mark": "▲"
    },
    {
      "horse_number": 3,
      "name": "マルターズヴェロス",
      "popularity": 3,
      "odds": 3.7,
      "mark": "▲",
      "score": 129.08,
      "track_aptitude": 3,
      "total_points": 81.69617925236452,
      "detail_points": {
        "score": 48.446179252364516,
        "bias": 7.05,
        "pace": 10.2,
        "3f": 7.0,
        "margin": 6.0,
        "track": 3.0
      },
      "avg_margin": 0.76,
      "race_name": "福島3R",
      "pred_prob_won": 0.16059036552906036,
      "pred_prob_in_top2": 0.14414910078048707,
      "pred_prob_in_top3": 0.44745891690254214,
      "score_z": 1.0179721593607522,
      "上り3F平均": 36.58,
      "Ave-3F平均": 37.66,
      "PCI平均": 53.14,
      "-3F差平均": 1.12,
      "想定脚質": "中団",
      "track_bias_aptitude_score": 46.8,
      "investment_value_score": 73.7,
      "total_investment_index": 65.0,
      "investment_rating": 1.1213603174686435,
      "stability_score": 75,
      "investment_mark": "▲"
    },
    {
      "horse_number": 9,
      "name": "メイショウコウベ",
      "popularity": 1,
      "odds": 2.8,
      "mark": "○",
      "score": 133.22,
      "track_aptitude": 1,
      "total_points": 91.19,
      "detail_points": {
        "score": 50.0,
        "bias": 15.0,
        "pace": 10.2,
        "3f": 9.0,
        "margin": 6.0,
        "track": 0.99
      },
      "avg_margin": 0.6125,
      "race_name": "福島3R",
      "pred_prob_won": 0.21495564877986909,
      "pred_prob_in_top2": 0.19404277503490447,
      "pred_prob_in_top3": 0.536665815114975,
      "score_z": 1.2894488882807145,
      "上り3F平均": 39.65,
      "Ave-3F平均": 38.19,
      "PCI平均": 46.33,
      "-3F差平均": 0.75,
      "想定脚質": "先行",
      "track_bias_aptitude_score": 88.9,
      "investment_value_score": 100,
      "total_investment_index": 93.8,
      "investment_rating": 0.9343313747644426,
      "stability_score": 75,
      "investment_mark": "△"
    },
    {
      "horse_number": 5,
      "name": "ピンキースウェア",
      "popularity": 4,
      "odds": 11.3,
      "mark": "△",
      "score": 126.06,
      "track_aptitude": 0,
      "total_points": 75.56271580843718,
      "detail_points": {
        "score": 47.312715808437176,
        "bias": 7.05,
        "pace": 10.2,
        "3f": 9.0,
        "margin": 2.0,
        "track": 0.0
      },
      "avg_margin": 2.4000000000000004,
      "race_name": "福島3R",
      "pred_prob_won": 0.1254097953438759,
      "pred_prob_in_top2": 0.12054519653320313,
      "pred_prob_in_top3": 0.3502287805080414,
      "score_z": 0.8199384102452227,
      "上り3F平均": 38.57,
      "Ave-3F平均": 37.0,
      "PCI平均": 46.0,
      "-3F差平均": 0.65,
      "想定脚質": "中団",
      "track_bias_aptitude_score": 30.1,
      "investment_value_score": 62.5,
      "total_investment_index": 52.9,
      "investment_rating": 0.9334036830067636,
      "stability_score": 45,
      "investment_mark": "△"
    },
    {
      "horse_number": 10,
      "name": "ヤマニンエボルブ",
      "popularity": 5,
      "odds": 13.3,
      "mark": "⭐︎",
      "score": 122.69,
      "track_aptitude": 0,
      "total_points": 70.32789070710103,
      "detail_points": {
        "score": 46.04789070710103,
        "bias": 3.0,
        "pace": 8.28,
        "3f": 9.0,
        "margin": 4.0,
        "track": 0.0
      },
      "avg_margin": 1.3125,
      "race_name": "福島3R",
      "pred_prob_won": 0.08683660477399827,
      "pred_prob_in_top2": 0.07669571340084076,
      "pred_prob_in_top3": 0.2719377100467682,
      "score_z": 0.5989537299408079,
      "上り3F平均": 38.08,
      "Ave-3F平均": 38.58,
      "PCI平均": 51.4,
      "-3F差平均": 1.45,
      "想定脚質": "後方",
      "track_bias_aptitude_score": 1,
      "investment_value_score": 52.6,
      "total_investment_index": 37.9,
      "investment_rating": 0.7237196952104569,
      "stability_score": 60,
      "investment_mark": "☆"
    },
    {
      "horse_number": 13,
      "name": "オロパタジン",
      "popularity": 8,
      "odds": 58.4,
      "mark": "△",
      "score": 113.35,
      "track_aptitude": 2,
      "total_points": 74.80241104939198,
      "detail_points": {
        "score": 42.54241104939198,
        "bias": 7.05,
        "pace": 10.2,
        "3f": 9.0,
        "margin": 4.0,
        "track": 2.0100000000000002
      },
      "avg_margin": 1.34,
      "race_name": "福島3R",
      "pred_prob_won": 0.03823374435305595,
      "pred_prob_in_top2": 0.057688267529010774,
      "pred_prob_in_top3": 0.1591314435005188,
      "score_z": -0.013508262356887263,
      "上り3F平均": 36.74,
      "Ave-3F平均": 35.92,
      "PCI平均": 47.92,
      "-3F差平均": 0.76,
      "想定脚質": "中団",
      "track_bias_aptitude_score": 41.2,
      "investment_value_score": 32.0,
      "total_investment_index": 36.5,
      "investment_rating": 0.3286583775281907,
      "stability_score": 60,
      "investment_mark": "☆"
    },
    {
      "horse_number": 15,
      "name": "レオネッサ",
      "popularity": 12,
      "odds": 106.2,
      "mark": "△",
      "score": 107.65,
      "track_aptitude": 0,
      "total_points": 78.60309262873443,
      "detail_points": {
        "score": 40.40309262873443,
        "bias": 15.0,
        "pace": 10.2,