{
  "horses": [
    {
      "horse_number": 1,
      "name": "マイネルマスター",
      "popularity": 3,
      "odds": 5.4,
      "mark": "○",
      "score": 126.01,
      "track_aptitude": 1,
      "total_points": 86.63352409638554,
      "detail_points": {
        "score": 47.443524096385545,
        "bias": 15.0,
        "pace": 10.2,
        "3f": 9.0,
        "margin": 4.0,
        "track": 0.99
      },
      "avg_margin": 1.5,
      "race_name": "福島3R",
      "pred_prob_won": 0.1468780517578125,
      "pred_prob_in_top2": 0.14897871613502503,
      "pred_prob_in_top3": 0.4291290581226349,
      "score_z": 0.9223985586902896,
      "上り3F平均": 35.3,
      "Ave-3F平均": 36.36,
      "PCI平均": 53.0,
      "-3F差平均": 0.5,
      "想定脚質": "先行",
      "track_bias_aptitude_score": 88.6,
      "investment_value_score": 68.1,
      "total_investment_index": 74.0,
      "investment_rating": 0.8877775150537492,
      "stability_score": 60,
      "investment_mark": "◎"
    },
    {
      "horse_number": 3,
      "name": "ルージュカルデア",
      "popularity": 2,
      "odds": 3.4,
      "mark": "◎",
      "score": 127.91,
      "track_aptitude": 1,
      "total_points": 89.34888554216866,
      "detail_points": {
        "score": 48.15888554216867,
        "bias": 15.0,
        "pace": 10.2,
        "3f": 9.0,
        "margin": 6.0,
        "track": 0.99
      },
      "avg_margin": 1.0,
      "race_name": "福島3R",
      "pred_prob_won": 0.18066885471343994,
      "pred_prob_in_top2": 0.16088223755359649,
      "pred_prob_in_top3": 0.4874400317668915,
      "score_z": 1.063544109952964,
      "上り3F平均": 35.1,
      "Ave-3F平均": 37.56,
      "PCI平均": 57.0,
      "-3F差平均": 0.4,
      "想定脚質": "先行",
      "track_bias_aptitude_score": 88.6,
      "investment_value_score": 80.7,
      "total_investment_index": 81.8,
      "investment_rating": 0.8854361000657082,
      "stability_score": 75,
      "investment_mark": "○"
    },
    {
      "horse_number": 6,
      "name": "サトノワーグナー",
      "popularity": 1,
      "odds": 2.0,
      "mark": "△",
      "score": 132.8,
      "track_aptitude": 3,
      "total_points": 75.28,
      "detail_points": {
        "score": 50.0,
        "bias": 3.0,
        "pace": 8.28,
        "3f": 7.0,
        "margin": 4.0,
        "track": 3.0
      },
      "avg_margin": 2.0,
      "race_name": "福島3R",
      "pred_prob_won": 0.2063751310110092,
      "pred_prob_in_top2": 0.17208695709705352,
      "pred_prob_in_top3": 0.521626615524292,
      "score_z": 1.4268081866237443,
      "上り3F平均": 36.1,
      "Ave-3F平均": 36.96,
      "PCI平均": 52.4,
      "-3F差平均": 0.7,
      "想定脚質": "後方",
      "track_bias_aptitude_score": 18.1,
      "investment_value_score": 100,
      "total_investment_index": 72.8,
      "investment_rating": 0.7562292003631592,
      "stability_score": 60,
      "investment_mark": "△"
    },
    {
      "horse_number": 2,
      "name": "コスモエーヴィヒ",
      "popularity": 5,
      "odds": 13.5,
      "mark": "▲",
      "score": 119.44,
      "track_aptitude": 0,
      "total_points": 77.16987951807229,
      "detail_points": {
        "score": 44.96987951807229,
        "bias": 9.0,
        "pace": 10.2,
        "3f": 9.0,
        "margin": 4.0,
        "track": 0.0
      },
      "avg_margin": 1.6,
      "race_name": "福島3R",
      "pred_prob_won": 0.07722489088773728,
      "pred_prob_in_top2": 0.09803780317306518,
      "pred_prob_in_top3": 0.2754426598548889,
      "score_z": 0.4343320998504077,
      "上り3F平均": 35.3,
      "Ave-3F平均": 37.8,
      "PCI平均": 57.1,
      "-3F差平均": 0.8,
      "想定脚質": "中団",
      "track_bias_aptitude_score": 47.4,
      "investment_value_score": 45.2,
      "total_investment_index": 47.1,
      "investment_rating": 0.5221247673034668,
      "stability_score": 60,
      "investment_mark": "△"
    },
    {
      "horse_number": 5,
      "name": "コーディアリー",
      "popularity": 4,
      "odds": 9.0,
      "mark": "▲",
      "score": 106.78,
      "track_aptitude": 0,
      "total_points": 76.40331325301204,
      "detail_points": {
        "score": 40.20331325301205,
        "bias": 15.0,
        "pace": 10.2,
        "3f": 9.0,
        "margin": 2.0,
        "track": 0.0
      },
      "avg_margin": 2.7,
      "race_name": "福島3R",
      "pred_prob_won": 0.03089221939444542,
      "pred_prob_in_top2": 0.04346909672021866,
      "pred_prob_in_top3": 0.13257132172584535,
      "score_z": -0.5061429943524685,
      "上り3F平均": 37.2,
      "Ave-3F平均": 36.15,
      "PCI平均": 47.2,
      "-3F差平均": 0.3,
      "想定脚質": "先行",
      "track_bias_aptitude_score": 82.9,
      "investment_value_score": 31.1,
      "total_investment_index": 47.7,
      "investment_rating": -0.18657188266515734,
      "stability_score": 45,
      "investment_mark": "××"
    },
    {
      "horse_number": 9,
      "name": "コパノカーター",
      "popularity": 9,
      "odds": 139.8,
      "mark": "△",
      "score": 107.01,
      "track_aptitude": 0,
      "total_points": 72.48990963855421,
      "detail_points": {
        "score": 40.289909638554214,
        "bias": 9.0,
        "pace": 10.2,
        "3f": 9.0,
        "margin": 4.0,
        "track": 0.0
      },
      "avg_margin": 1.6,
      "race_name": "福島3R",
      "pred_prob_won": 0.023076261952519418,
      "pred_prob_in_top2": 0.03918136060237885,
      "pred_prob_in_top3": 0.10890639424324036,
      "score_z": -0.48905695393646015,
      "上り3F平均": 36.0,
      "Ave-3F平均": 36.53,
      "PCI平均": 51.5,
      "-3F差平均": 0.7,
      "想定脚質": "中団",
      "track_bias_aptitude_score": 47.4,
      "investment_value_score": 11.4,
      "total_investment_index": 25.2,
      "investment_rating": -0.23765524029731744,
      "stability_score": 60,
      "investment_mark": "××"
    },
    {
      "horse_number": 8,
      "name": "ハミングディスト",
      "popularity": 7,
      "odds": 29.9,
      "mark": "×",
      "score": 108.29,
      "track_aptitude": 0,
      "total_points": 61.05183734939759,
      "detail_points": {
        "score": 40.771837349397586,
        "bias": 3.0,
        "pace": 8.28,
        "3f": 7.0,
        "margin": 2.0,
        "track": 0.0
      },
      "avg_margin": 2.6,
      "race_name": "福島3R",
      "pred_prob_won": 0.019760818779468538,
      "pred_prob_in_top2": 0.02676962539553642,
      "pred_prob_in_top3": 0.08523955792188645,
      "score_z": -0.39396942466476326,
      "上り3F平均": 36.8,
      "Ave-3F平均": 36.3,
      "PCI平均": 48.6,
      "-3F差平均": 0.8,
      "想定脚質": "後方",
      "track_bias_aptitude_score": 1,
      "investment_value_score": 11.8,
      "total_investment_index": 11.7,
      "investment_rating": -0.39708660826087006,
      "stability_score": 45,
      "investment_mark": "××"
    },
    {
      "horse_number": 7,
      "name": "ケナゲ",
      "popularity": 6,
      "odds": 20.8,
      "mark": "△",
      "score": 100.38,
      "track_aptitude": 1,
      "total_points": 61.06367469879518,
      "detail_points": {
        "score": 37.79367469879518,
        "bias": 3.0,
        "pace": 8.28,
        "3f": 9.0,
        "margin": 2.0,
        "track": 0.99
      },
      "avg_margin": 2.7,
      "race_name": "福島3R",
      "pred_prob_won": 0.01743875928223133,
      "pred_prob_in_top2": 0.03245406039059162,
      "pred_prob_in_top3": 0.08040155619382858,
      "score_z": -0.9815806407109531,
      "上り3F平均": 37.0,
      "Ave-3F平均": 38.1,
      "PCI平均": 53.0,
      "-3F差平均": 2.0,
      "想定脚質": "後方",
      "track_bias_aptitude_score": 6.7,
      "investment_value_score": 12.0,
      "total_investment_index": 12.6,
      "investment_rating": -0.419851674363017,
      "stability_score": 45,
      "investment_mark": "××"
    },
    {
      "horse_number": 4,
      "name": "セニング",
      "popularity": 8,
      "odds": 119.9,
      "mark": "△",
      "score": 93.72,
      "track_aptitude": 1,
      "total_points": 70.47614457831324,
      "detail_points": {
        "score": 35.28614457831325,
        "bias": 15.0,
        "pace": 10.2,
        "3f": 7.0,
        "margin": 2.0,
        "track": 0.99
      },