{
  "horses": [
    {
      "horse_number": 15,
      "name": "ダイメイナガス",
      "popularity": 4,
      "odds": 10.2,
      "mark": "○",
      "score": 112.65,
      "track_aptitude": 1,
      "total_points": 89.78710867397807,
      "detail_points": {
        "score": 46.797108673978066,
        "bias": 15.0,
        "pace": 12.0,
        "3f": 7.0,
        "margin": 8.0,
        "track": 0.99
      },
      "avg_margin": 0.5,
      "race_name": "福島7R",
      "pred_prob_won": 0.16756542026996613,
      "pred_prob_in_top2": 0.15972373485565186,
      "pred_prob_in_top3": 0.45496052503585815,
      "score_z": 1.1614571581473867,
      "上り3F平均": 37.9,
      "Ave-3F平均": 34.58,
      "PCI平均": 41.2,
      "-3F差平均": 0.1,
      "想定脚質": "先行",
      "track_bias_aptitude_score": 87.7,
      "investment_value_score": 68.3,
      "total_investment_index": 74.2,
      "investment_rating": 1.3470940738916397,
      "stability_score": 90,
      "investment_mark": "◎"
    },
    {
      "horse_number": 5,
      "name": "ウィルマテソーロ",
      "popularity": 8,
      "odds": 17.2,
      "mark": "△",
      "score": 105.05,
      "track_aptitude": 1,
      "total_points": 78.67991359255565,
      "detail_points": {
        "score": 43.639913592555665,
        "bias": 7.05,
        "pace": 12.0,
        "3f": 9.0,
        "margin": 6.0,
        "track": 0.99
      },
      "avg_margin": 0.8,
      "race_name": "福島7R",
      "pred_prob_won": 0.09986955523490906,
      "pred_prob_in_top2": 0.10167934447526931,
      "pred_prob_in_top3": 0.287164980173111,
      "score_z": 0.7751970104511229,
      "上り3F平均": 39.6,
      "Ave-3F平均": 35.4,
      "PCI平均": 39.4,
      "-3F差平均": 0.6,
      "想定脚質": "中団",
      "track_bias_aptitude_score": 38.5,
      "investment_value_score": 45.2,
      "total_investment_index": 45.0,
      "investment_rating": 1.1160646280646327,
      "stability_score": 75,
      "investment_mark": "○"
    },
    {
      "horse_number": 9,
      "name": "アイドル",
      "popularity": 1,
      "odds": 2.7,
      "mark": "◎",
      "score": 120.36,
      "track_aptitude": 2,
      "total_points": 92.01,
      "detail_points": {
        "score": 50.0,
        "bias": 15.0,
        "pace": 12.0,
        "3f": 7.0,
        "margin": 6.0,
        "track": 2.0100000000000002
      },
      "avg_margin": 0.5285714285714286,
      "race_name": "福島7R",
      "pred_prob_won": 0.2441727727651596,
      "pred_prob_in_top2": 0.16489555835723876,
      "pred_prob_in_top3": 0.5341084718704223,
      "score_z": 1.5533079132445167,
      "上り3F平均": 36.56,
      "Ave-3F平均": 35.26,
      "PCI平均": 46.6,
      "-3F差平均": 0.23,
      "想定脚質": "先行",
      "track_bias_aptitude_score": 93.8,
      "investment_value_score": 100,
      "total_investment_index": 95.7,
      "investment_rating": 0.9284494853019714,
      "stability_score": 75,
      "investment_mark": "▲"
    },
    {
      "horse_number": 11,
      "name": "ポム",
      "popularity": 2,
      "odds": 7.3,
      "mark": "▲",
      "score": 111.35,
      "track_aptitude": 1,
      "total_points": 85.24706214689265,
      "detail_points": {
        "score": 46.25706214689265,
        "bias": 15.0,
        "pace": 12.0,
        "3f": 7.0,
        "margin": 4.0,
        "track": 0.99
      },
      "avg_margin": 1.4,
      "race_name": "福島7R",
      "pred_prob_won": 0.15033130943775178,
      "pred_prob_in_top2": 0.13650823533535003,
      "pred_prob_in_top3": 0.4064308762550354,
      "score_z": 1.0953863434098674,
      "上り3F平均": 38.2,
      "Ave-3F平均": 34.69,
      "PCI平均": 40.8,
      "-3F差平均": 0.2,
      "想定脚質": "先行",
      "track_bias_aptitude_score": 87.7,
      "investment_value_score": 79.0,
      "total_investment_index": 80.5,
      "investment_rating": 0.8083279973268509,
      "stability_score": 60,
      "investment_mark": "▲"
    },
    {
      "horse_number": 13,
      "name": "フランシナテソーロ",
      "popularity": 5,
      "odds": 11.0,
      "mark": "▲",
      "score": 96.03,
      "track_aptitude": 2,
      "total_points": 81.90282153539383,
      "detail_points": {
        "score": 39.89282153539382,
        "bias": 15.0,
        "pace": 12.0,
        "3f": 9.0,
        "margin": 4.0,
        "track": 2.0100000000000002
      },
      "avg_margin": 1.3999999999999997,
      "race_name": "福島7R",
      "pred_prob_won": 0.0698934942483902,
      "pred_prob_in_top2": 0.08391373455524445,
      "pred_prob_in_top3": 0.23427480161190034,
      "score_z": 0.3167672035800317,
      "上り3F平均": 38.3,
      "Ave-3F平均": 35.08,
      "PCI平均": 41.63,
      "-3F差平均": 0.5,
      "想定脚質": "先行",
      "track_bias_aptitude_score": 93.8,
      "investment_value_score": 48.3,
      "total_investment_index": 62.6,
      "investment_rating": 0.5542366072535515,
      "stability_score": 60,
      "investment_mark": "△"
    },
    {
      "horse_number": 14,
      "name": "ホウオウブライツ",
      "popularity": 7,
      "odds": 14.5,
      "mark": "△",
      "score": 97.35,
      "track_aptitude": 0,
      "total_points": 72.49117647058823,
      "detail_points": {
        "score": 40.44117647058823,
        "bias": 7.05,
        "pace": 12.0,
        "3f": 9.0,
        "margin": 4.0,
        "track": 0.0
      },
      "avg_margin": 1.8333333333333333,
      "race_name": "福島7R",
      "pred_prob_won": 0.04926725327968597,
      "pred_prob_in_top2": 0.07194212973117828,
      "pred_prob_in_top3": 0.20018344819545747,
      "score_z": 0.38385449239043495,
      "上り3F平均": 39.13,
      "Ave-3F平均": 37.68,
      "PCI平均": 46.63,
      "-3F差平均": 0.73,
      "想定脚質": "中団",
      "track_bias_aptitude_score": 32.3,
      "investment_value_score": 39.7,
      "total_investment_index": 39.2,
      "investment_rating": 0.5210273098945617,
      "stability_score": 60,
      "investment_mark": "△"
    },
    {
      "horse_number": 12,
      "name": "エレレラナキラ",
      "popularity": 10,
      "odds": 19.7,
      "mark": "×",
      "score": 100.13,
      "track_aptitude": 0,
      "total_points": 65.87604519774011,
      "detail_points": {
        "score": 41.59604519774011,
        "bias": 9.0,
        "pace": 8.28,
        "3f": 5.0,
        "margin": 2.0,
        "track": 0.0
      },
      "avg_margin": 2.35,
      "race_name": "福島7R",
      "pred_prob_won": 0.05855507776141167,
      "pred_prob_in_top2": 0.058450669050216675,
      "pred_prob_in_top3": 0.17347410321235657,
      "score_z": 0.5251443885214366,
      "上り3F平均": 38.67,
      "Ave-3F平均": 37.09,
      "PCI平均": 46.47,
      "-3F差平均": 0.5,
      "想定脚質": "逃げ",
      "track_bias_aptitude_score": 42.1,
      "investment_value_score": 31.2,
      "total_investment_index": 37.2,
      "investment_rating": 0.5076872482895851,
      "stability_score": 45,
      "investment_mark": "☆"
    },
    {
      "horse_number": 2,
      "name": "アミラジオネ",
      "popularity": 3,
      "odds": 8.0,
      "mark": "△",
      "score": 93.53,
      "track_aptitude": 0,
      "total_points": 68.90427052176803,
      "detail_points": {
        "score": 38.85427052176803,
        "bias": 7.05,
        "pace": 12.0,
        "3f": 7.0,
        "margin": 4.0,
        "track": 0.0
      },
      "avg_margin": 1.7799999999999998,
      "race_name": "福島7R",
      "pred_prob_won": 0.04679233282804489,
      "pred_prob_in_top2": 0.06333795115351677,
      "pred_prob_in_top3": 0.16516688764095305,
      "score_z": 0.18970794446941877,
      "上り3F平均": 37.4,
      "Ave-3F平均": 36.77,
      "PCI平均": 48.72,
      "-3F差平均": 1.08,
      "想定脚質": "中団",
      "track_bias_aptitude_score": 32.3,
      "investment_value_score": 50.7,
      "total_investment_index": 45.4,
      "investment_rating": 0.16156741797924046,
      "stability_score": 60,
      "investment_mark": "×"
    },
    {
      "horse_number": 4,
      "name": "グレートシューター",
      "popularity": 6,
      "odds": 14.1,
      "mark": "△",
      "score": 80.56,
      "track_aptitude": 0,
      "total_points": 73.46626786307743,
      "detail_points": {
        "score": 33.466267863077434,