{
  "horses": [
    {
      "horse_number": 5,
      "name": "ヴァイオパイシーズ",
      "popularity": 3,
      "odds": 5.3,
      "mark": "○",
      "score": 127.36,
      "track_aptitude": 1,
      "total_points": 79.79746650426308,
      "detail_points": {
        "score": 48.47746650426309,
        "bias": 7.05,
        "pace": 8.28,
        "3f": 9.0,
        "margin": 6.0,
        "track": 0.99
      },
      "avg_margin": 0.8166666666666668,
      "race_name": "福島2R",
      "pred_prob_won": 0.18411912620067597,
      "pred_prob_in_top2": 0.17486538589000702,
      "pred_prob_in_top3": 0.5009122550487518,
      "score_z": 1.152019591562275,
      "上り3F平均": 40.63,
      "Ave-3F平均": 38.32,
      "PCI平均": 44.3,
      "-3F差平均": 0.43,
      "想定脚質": "中団",
      "track_bias_aptitude_score": 35.7,
      "investment_value_score": 77.4,
      "total_investment_index": 64.1,
      "investment_rating": 1.303101667165756,
      "stability_score": 75,
      "investment_mark": "◎"
    },
    {
      "horse_number": 14,
      "name": "ミヤグリフォン",
      "popularity": 2,
      "odds": 3.2,
      "mark": "◎",
      "score": 131.36,
      "track_aptitude": 1,
      "total_points": 84.99,
      "detail_points": {
        "score": 50.0,
        "bias": 15.0,
        "pace": 12.0,
        "3f": 5.0,
        "margin": 2.0,
        "track": 0.99
      },
      "avg_margin": 2.4,
      "race_name": "福島2R",
      "pred_prob_won": 0.23548928499221802,
      "pred_prob_in_top2": 0.18164255023002623,
      "pred_prob_in_top3": 0.5578041434288025,
      "score_z": 1.4256042956736417,
      "上り3F平均": 39.73,
      "Ave-3F平均": 37.26,
      "PCI平均": 43.77,
      "-3F差平均": 1.53,
      "想定脚質": "先行",
      "track_bias_aptitude_score": 88.9,
      "investment_value_score": 88.9,
      "total_investment_index": 87.4,
      "investment_rating": 1.239741808772087,
      "stability_score": 45,
      "investment_mark": "○"
    },
    {
      "horse_number": 6,
      "name": "アナベルケイツー",
      "popularity": 5,
      "odds": 17.8,
      "mark": "△",
      "score": 123.26,
      "track_aptitude": 0,
      "total_points": 74.96686967113276,
      "detail_points": {
        "score": 46.91686967113276,
        "bias": 7.05,
        "pace": 12.0,
        "3f": 5.0,
        "margin": 4.0,
        "track": 0.0
      },
      "avg_margin": 1.7,
      "race_name": "福島2R",
      "pred_prob_won": 0.12773258984088898,
      "pred_prob_in_top2": 0.12877429127693177,
      "pred_prob_in_top3": 0.3754322826862335,
      "score_z": 0.8715952698481259,
      "上り3F平均": 38.58,
      "Ave-3F平均": 36.52,
      "PCI平均": 44.72,
      "-3F差平均": 0.7,
      "想定脚質": "逃げ",
      "track_bias_aptitude_score": 36.0,
      "investment_value_score": 60.7,
      "total_investment_index": 53.7,
      "investment_rating": 1.1894452720880508,
      "stability_score": 60,
      "investment_mark": "▲"
    },
    {
      "horse_number": 9,
      "name": "キタノマーシャル",
      "popularity": 1,
      "odds": 2.3,
      "mark": "▲",
      "score": 129.92,
      "track_aptitude": 2,
      "total_points": 75.79188794153471,
      "detail_points": {
        "score": 49.45188794153471,
        "bias": 7.05,
        "pace": 8.28,
        "3f": 7.0,
        "margin": 2.0,
        "track": 2.0100000000000002
      },
      "avg_margin": 2.3214285714285716,
      "race_name": "福島2R",
      "pred_prob_won": 0.20670375227928162,
      "pred_prob_in_top2": 0.1577552378177643,
      "pred_prob_in_top3": 0.5060292661190033,
      "score_z": 1.3271138021935482,
      "上り3F平均": 39.74,
      "Ave-3F平均": 38.61,
      "PCI平均": 47.21,
      "-3F差平均": 1.07,
      "想定脚質": "中団",
      "track_bias_aptitude_score": 41.2,
      "investment_value_score": 100,
      "total_investment_index": 79.6,
      "investment_rating": 0.8638673120737077,
      "stability_score": 45,
      "investment_mark": "▲"
    },
    {
      "horse_number": 7,
      "name": "ブラックモノリス",
      "popularity": 4,
      "odds": 7.8,
      "mark": "▲",
      "score": 120.53,
      "track_aptitude": 1,
      "total_points": 75.19774056029232,
      "detail_points": {
        "score": 45.877740560292324,
        "bias": 7.05,
        "pace": 8.28,
        "3f": 9.0,
        "margin": 4.0,
        "track": 0.99
      },
      "avg_margin": 1.3666666666666665,
      "race_name": "福島2R",
      "pred_prob_won": 0.10174026787281036,
      "pred_prob_in_top2": 0.1201914519071579,
      "pred_prob_in_top3": 0.33158830404281614,
      "score_z": 0.6848737092921185,
      "上り3F平均": 38.0,
      "Ave-3F平均": 37.26,
      "PCI平均": 48.23,
      "-3F差平均": 0.55,
      "想定脚質": "中団",
      "track_bias_aptitude_score": 35.7,
      "investment_value_score": 61.7,
      "total_investment_index": 53.9,
      "investment_rating": 0.8597738009691237,
      "stability_score": 60,
      "investment_mark": "△"
    },
    {
      "horse_number": 2,
      "name": "プロメテドール",
      "popularity": 6,
      "odds": 22.3,
      "mark": "△",
      "score": 116.68,
      "track_aptitude": 1,
      "total_points": 71.73230207064555,
      "detail_points": {
        "score": 44.41230207064555,
        "bias": 7.05,
        "pace": 8.28,
        "3f": 7.0,
        "margin": 4.0,
        "track": 0.99
      },
      "avg_margin": 1.3250000000000002,
      "race_name": "福島2R",
      "pred_prob_won": 0.06524360850453377,
      "pred_prob_in_top2": 0.07762116193771362,
      "pred_prob_in_top3": 0.22936960458755493,
      "score_z": 0.4215484315849296,
      "上り3F平均": 35.48,
      "Ave-3F平均": 37.4,
      "PCI平均": 55.45,
      "-3F差平均": 1.18,
      "想定脚質": "中団",
      "track_bias_aptitude_score": 35.7,
      "investment_value_score": 46.2,
      "total_investment_index": 44.1,
      "investment_rating": 0.6083165031671525,
      "stability_score": 60,
      "investment_mark": "△"
    },
    {
      "horse_number": 12,
      "name": "トラストユー",
      "popularity": 9,
      "odds": 61.3,
      "mark": "△",
      "score": 110.66,
      "track_aptitude": 2,
      "total_points": 70.4608891595615,
      "detail_points": {
        "score": 42.1208891595615,
        "bias": 7.05,
        "pace": 8.28,
        "3f": 9.0,
        "margin": 2.0,
        "track": 2.0100000000000002
      },
      "avg_margin": 2.3000000000000003,
      "race_name": "福島2R",
      "pred_prob_won": 0.03900886625051499,
      "pred_prob_in_top2": 0.05677349269390106,
      "pred_prob_in_top3": 0.16371448040008546,
      "score_z": 0.009803451897323763,
      "上り3F平均": 35.9,
      "Ave-3F平均": 37.8,
      "PCI平均": 55.3,
      "-3F差平均": 0.65,
      "想定脚質": "中団",
      "track_bias_aptitude_score": 41.2,
      "investment_value_score": 31.3,
      "total_investment_index": 36.2,
      "investment_rating": 0.39688701868057263,
      "stability_score": 45,
      "investment_mark": "☆"
    },
    {
      "horse_number": 15,
      "name": "リュウノヒルド",
      "popularity": 7,
      "odds": 32.2,
      "mark": "△",
      "score": 110.67,
      "track_aptitude": 2,
      "total_points": 72.46469549330085,
      "detail_points": {
        "score": 42.12469549330085,
        "bias": 7.05,
        "pace": 8.28,
        "3f": 9.0,
        "margin": 4.0,
        "track": 2.0100000000000002
      },
      "avg_margin": 1.3599999999999999,
      "race_name": "福島2R",
      "pred_prob_won": 0.03900886625051499,
      "pred_prob_in_top2": 0.05677349269390106,
      "pred_prob_in_top3": 0.16371448040008546,
      "score_z": 0.010487413657602527,
      "上り3F平均": 36.76,
      "Ave-3F平均": 34.73,
      "PCI平均": 44.66,
      "-3F差平均": 0.47,
      "想定脚質": "中団",
      "track_bias_aptitude_score": 41.2,
      "investment_value_score": 35.8,
      "total_investment_index": 38.9,
      "investment_rating": 0.31680109024047853,
      "stability_score": 60,
      "investment_mark": "☆"
    },
    {
      "horse_number": 4,
      "name": "ライヴスプーン",
      "popularity": 11,
      "odds": 100.4,
      "mark": "⭐︎",
      "score": 111.56,
      "track_aptitude": 2,
      "total_points": 68.75345919610233,