{
  "horses": [
    {
      "horse_number": 2,
      "name": "バロネッサ",
      "popularity": 5,
      "odds": 7.9,
      "mark": "△",
      "score": 137.66,
      "track_aptitude": 1,
      "total_points": 86.99,
      "detail_points": {
        "score": 50.0,
        "bias": 9.0,
        "pace": 12.0,
        "3f": 9.0,
        "margin": 6.0,
        "track": 0.99
      },
      "avg_margin": 0.52,
      "race_name": "福島11R",
      "pred_prob_won": 0.23257241249084473,
      "pred_prob_in_top2": 0.18440921902656554,
      "pred_prob_in_top3": 0.541484820842743,
      "score_z": 1.504411514339444,
      "上り3F平均": 36.65,
      "Ave-3F平均": 36.89,
      "PCI平均": 50.97,
      "-3F差平均": 0.8,
      "想定脚質": "中団",
      "track_bias_aptitude_score": 45.3,
      "investment_value_score": 73.9,
      "total_investment_index": 65.4,
      "investment_rating": 1.9596074527502063,
      "stability_score": 75,
      "investment_mark": "◎"
    },
    {
      "horse_number": 5,
      "name": "ワイドアラジン",
      "popularity": 4,
      "odds": 7.8,
      "mark": "○",
      "score": 133.45,
      "track_aptitude": 2,
      "total_points": 90.53087026006102,
      "detail_points": {
        "score": 48.47087026006102,
        "bias": 13.05,
        "pace": 12.0,
        "3f": 9.0,
        "margin": 6.0,
        "track": 2.0100000000000002
      },
      "avg_margin": 0.77,
      "race_name": "福島11R",
      "pred_prob_won": 0.1879181444644928,
      "pred_prob_in_top2": 0.1846701979637146,
      "pred_prob_in_top3": 0.520081615447998,
      "score_z": 1.1407527200887257,
      "上り3F平均": 35.64,
      "Ave-3F平均": 36.35,
      "PCI平均": 52.11,
      "-3F差平均": 0.57,
      "想定脚質": "先行",
      "track_bias_aptitude_score": 92.2,
      "investment_value_score": 75.7,
      "total_investment_index": 80.0,
      "investment_rating": 1.6283183002471924,
      "stability_score": 75,
      "investment_mark": "○"
    },
    {
      "horse_number": 10,
      "name": "サトノクローク",
      "popularity": 9,
      "odds": 38.4,
      "mark": "▲",
      "score": 126.9,
      "track_aptitude": 0,
      "total_points": 88.14182042713934,
      "detail_points": {
        "score": 46.09182042713933,
        "bias": 13.05,
        "pace": 12.0,
        "3f": 9.0,
        "margin": 8.0,
        "track": 0.0
      },
      "avg_margin": 0.345,
      "race_name": "福島11R",
      "pred_prob_won": 0.09583647549152374,
      "pred_prob_in_top2": 0.11570358276367188,
      "pred_prob_in_top3": 0.3307693064212799,
      "score_z": 0.5749652848530499,
      "上り3F平均": 35.08,
      "Ave-3F平均": 37.19,
      "PCI平均": 56.08,
      "-3F差平均": 0.41,
      "想定脚質": "先行",
      "track_bias_aptitude_score": 76.6,
      "investment_value_score": 49.4,
      "total_investment_index": 58.6,
      "investment_rating": 1.5496158877015114,
      "stability_score": 90,
      "investment_mark": "○"
    },
    {
      "horse_number": 1,
      "name": "アンゴラブラック",
      "popularity": 1,
      "odds": 2.6,
      "mark": "◎",
      "score": 131.73,
      "track_aptitude": 2,
      "total_points": 92.90614267034724,
      "detail_points": {
        "score": 47.84614267034723,
        "bias": 13.05,
        "pace": 12.0,
        "3f": 9.0,
        "margin": 9.0,
        "track": 2.0100000000000002
      },
      "avg_margin": 0.13,
      "race_name": "福島11R",
      "pred_prob_won": 0.1770789295434952,
      "pred_prob_in_top2": 0.1554308772087097,
      "pred_prob_in_top3": 0.4808232069015503,
      "score_z": 0.9921795309886701,
      "上り3F平均": 34.84,
      "Ave-3F平均": 36.53,
      "PCI平均": 54.88,
      "-3F差平均": 0.5,
      "想定脚質": "先行",
      "track_bias_aptitude_score": 92.2,
      "investment_value_score": 100,
      "total_investment_index": 94.3,
      "investment_rating": 0.8318522155284882,
      "stability_score": 90,
      "investment_mark": "▲"
    },
    {
      "horse_number": 16,
      "name": "ルカランフィースト",
      "popularity": 6,
      "odds": 14.2,
      "mark": "×",
      "score": 126.16,
      "track_aptitude": 0,
      "total_points": 74.05304227807642,
      "detail_points": {
        "score": 45.82304227807642,
        "bias": 4.95,
        "pace": 8.28,
        "3f": 9.0,
        "margin": 6.0,
        "track": 0.0
      },
      "avg_margin": 0.6166666666666667,
      "race_name": "福島11R",
      "pred_prob_won": 0.07911048233509063,
      "pred_prob_in_top2": 0.07952377796173096,
      "pred_prob_in_top3": 0.24853186309337616,
      "score_z": 0.5110442616355833,
      "上り3F平均": 34.8,
      "Ave-3F平均": 37.19,
      "PCI平均": 56.99,
      "-3F差平均": 1.04,
      "想定脚質": "後方",
      "track_bias_aptitude_score": 8.8,
      "investment_value_score": 51.3,
      "total_investment_index": 39.3,
      "investment_rating": 0.7426593154668808,
      "stability_score": 75,
      "investment_mark": "△"
    },
    {
      "horse_number": 3,
      "name": "ニューステソーロ",
      "popularity": 8,
      "odds": 27.7,
      "mark": "△",
      "score": 121.81,
      "track_aptitude": 2,
      "total_points": 86.30306261804446,
      "detail_points": {
        "score": 44.24306261804446,
        "bias": 13.05,
        "pace": 12.0,
        "3f": 9.0,
        "margin": 6.0,
        "track": 2.0100000000000002
      },
      "avg_margin": 0.51,
      "race_name": "福島11R",
      "pred_prob_won": 0.0486044354736805,
      "pred_prob_in_top2": 0.06464534476399422,
      "pred_prob_in_top3": 0.20073665976524352,
      "score_z": 0.13529230083021032,
      "上り3F平均": 34.94,
      "Ave-3F平均": 35.87,
      "PCI平均": 52.75,
      "-3F差平均": 0.63,
      "想定脚質": "先行",
      "track_bias_aptitude_score": 92.2,
      "investment_value_score": 40.8,
      "total_investment_index": 57.4,
      "investment_rating": 0.6244936245679855,
      "stability_score": 75,
      "investment_mark": "△"
    },
    {
      "horse_number": 15,
      "name": "アスクナイスショー",
      "popularity": 3,
      "odds": 7.7,
      "mark": "▲",
      "score": 124.27,
      "track_aptitude": 2,
      "total_points": 89.19656835682116,
      "detail_points": {
        "score": 45.13656835682116,
        "bias": 13.05,
        "pace": 12.0,
        "3f": 9.0,
        "margin": 8.0,
        "track": 2.0100000000000002
      },
      "avg_margin": 0.32,
      "race_name": "福島11R",
      "pred_prob_won": 0.08434326350688934,
      "pred_prob_in_top2": 0.095696821808815,
      "pred_prob_in_top3": 0.2888321578502655,
      "score_z": 0.34778651314773135,
      "上り3F平均": 35.73,
      "Ave-3F平均": 36.54,
      "PCI平均": 52.36,
      "-3F差平均": 0.43,
      "想定脚質": "先行",
      "track_bias_aptitude_score": 92.2,
      "investment_value_score": 66.3,
      "total_investment_index": 73.0,
      "investment_rating": 0.6175877287983894,
      "stability_score": 90,
      "investment_mark": "☆"
    },
    {
      "horse_number": 11,
      "name": "ライラスター",
      "popularity": 14,
      "odds": 66.5,
      "mark": "△",
      "score": 118.36,
      "track_aptitude": 2,
      "total_points": 85.0499753014674,
      "detail_points": {
        "score": 42.98997530146739,
        "bias": 13.05,
        "pace": 12.0,
        "3f": 9.0,
        "margin": 6.0,
        "track": 2.0100000000000002
      },
      "avg_margin": 0.7899999999999999,
      "race_name": "福島11R",
      "pred_prob_won": 0.034410902112722394,
      "pred_prob_in_top2": 0.052450678497552874,
      "pred_prob_in_top3": 0.16068238914012908,
      "score_z": -0.1627178749809482,
      "上り3F平均": 37.11,
      "Ave-3F平均": 36.25,
      "PCI平均": 47.84,
      "-3F差平均": 0.51,
      "想定脚質": "先行",
      "track_bias_aptitude_score": 92.2,
      "investment_value_score": 26.2,
      "total_investment_index": 48.1,
      "investment_rating": 0.6104144579172134,
      "stability_score": 75,
      "investment_mark": "☆"
    },
    {
      "horse_number": 7,
      "name": "モズマーヴェリック",
      "popularity": 7,
      "odds": 16.0,
      "mark": "△",
      "score": 122.27,
      "track_aptitude": 2,
      "total_points": 84.4201409269214,