{
  "horses": [
    {
      "horse_number": 7,
      "name": "ベネスピラ",
      "popularity": 7,
      "odds": 14.2,
      "mark": "▲",
      "score": 131.37,
      "track_aptitude": 2,
      "total_points": 77.20764181234392,
      "detail_points": {
        "score": 46.86764181234392,
        "bias": 7.05,
        "pace": 8.28,
        "3f": 9.0,
        "margin": 4.0,
        "track": 2.0100000000000002
      },
      "avg_margin": 1.08,
      "race_name": "福島2R",
      "pred_prob_won": 0.17601583003997803,
      "pred_prob_in_top2": 0.16156102418899537,
      "pred_prob_in_top3": 0.49189313054084777,
      "score_z": 1.1404543547438282,
      "上り3F平均": 38.46,
      "Ave-3F平均": 37.79,
      "PCI平均": 48.24,
      "-3F差平均": 0.48,
      "想定脚質": "中団",
      "track_bias_aptitude_score": 41.2,
      "investment_value_score": 64.5,
      "total_investment_index": 58.0,
      "investment_rating": 2.1546015310287476,
      "stability_score": 60,
      "investment_mark": "◎"
    },
    {
      "horse_number": 9,
      "name": "ヴィジブルライト",
      "popularity": 3,
      "odds": 5.3,
      "mark": "○",
      "score": 140.15,
      "track_aptitude": 3,
      "total_points": 83.33,
      "detail_points": {
        "score": 50.0,
        "bias": 7.05,
        "pace": 8.28,
        "3f": 9.0,
        "margin": 6.0,
        "track": 3.0
      },
      "avg_margin": 0.8214285714285714,
      "race_name": "福島2R",
      "pred_prob_won": 0.2648720473051071,
      "pred_prob_in_top2": 0.19183465242385864,
      "pred_prob_in_top3": 0.5896116137504578,
      "score_z": 1.628537539742892,
      "上り3F平均": 38.59,
      "Ave-3F平均": 37.51,
      "PCI平均": 47.26,
      "-3F差平均": 0.59,
      "想定脚質": "中団",
      "track_bias_aptitude_score": 46.8,
      "investment_value_score": 88.3,
      "total_investment_index": 74.7,
      "investment_rating": 1.6046794867515566,
      "stability_score": 75,
      "investment_mark": "○"
    },
    {
      "horse_number": 4,
      "name": "ヤマニンエボルブ",
      "popularity": 4,
      "odds": 8.0,
      "mark": "△",
      "score": 128.98,
      "track_aptitude": 1,
      "total_points": 71.28498394577237,
      "detail_points": {
        "score": 46.01498394577238,
        "bias": 3.0,
        "pace": 8.28,
        "3f": 9.0,
        "margin": 4.0,
        "track": 0.99
      },
      "avg_margin": 1.06,
      "race_name": "福島2R",
      "pred_prob_won": 0.1548488050699234,
      "pred_prob_in_top2": 0.1424151062965393,
      "pred_prob_in_top3": 0.42468649744987486,
      "score_z": 1.007593442198524,
      "上り3F平均": 38.24,
      "Ave-3F平均": 38.32,
      "PCI平均": 50.3,
      "-3F差平均": 1.48,
      "想定脚質": "後方",
      "track_bias_aptitude_score": 6.5,
      "investment_value_score": 72.3,
      "total_investment_index": 52.0,
      "investment_rating": 1.2275116649270057,
      "stability_score": 60,
      "investment_mark": "▲"
    },
    {
      "horse_number": 2,
      "name": "ジュンビクトワール",
      "popularity": 1,
      "odds": 3.2,
      "mark": "◎",
      "score": 126.28,
      "track_aptitude": 2,
      "total_points": 87.06173028897611,
      "detail_points": {
        "score": 45.051730288976096,
        "bias": 15.0,
        "pace": 12.0,
        "3f": 7.0,
        "margin": 6.0,
        "track": 2.0100000000000002
      },
      "avg_margin": 0.725,
      "race_name": "福島2R",
      "pred_prob_won": 0.1542482078075409,
      "pred_prob_in_top2": 0.13898633420467377,
      "pred_prob_in_top3": 0.43354790210723876,
      "score_z": 0.8574995242603158,
      "上り3F平均": 36.45,
      "Ave-3F平均": 37.03,
      "PCI平均": 51.95,
      "-3F差平均": 1.1,
      "想定脚質": "先行",
      "track_bias_aptitude_score": 94.5,
      "investment_value_score": 100,
      "total_investment_index": 94.8,
      "investment_rating": 0.6971601748466492,
      "stability_score": 75,
      "investment_mark": "△"
    },
    {
      "horse_number": 11,
      "name": "ブラザービート",
      "popularity": 2,
      "odds": 5.1,
      "mark": "▲",
      "score": 124.46,
      "track_aptitude": 2,
      "total_points": 76.74242597217267,
      "detail_points": {
        "score": 44.402425972172665,
        "bias": 7.05,
        "pace": 8.28,
        "3f": 9.0,
        "margin": 6.0,
        "track": 2.0100000000000002
      },
      "avg_margin": 0.9214285714285715,
      "race_name": "福島2R",
      "pred_prob_won": 0.11816372871398925,
      "pred_prob_in_top2": 0.12295283824205398,
      "pred_prob_in_top3": 0.3666168570518494,
      "score_z": 0.7563251055019673,
      "上り3F平均": 38.63,
      "Ave-3F平均": 37.76,
      "PCI平均": 47.94,
      "-3F差平均": 0.63,
      "想定脚質": "中団",
      "track_bias_aptitude_score": 41.2,
      "investment_value_score": 82.0,
      "total_investment_index": 67.8,
      "investment_rating": 0.6948580425977707,
      "stability_score": 75,
      "investment_mark": "△"
    },
    {
      "horse_number": 6,
      "name": "チェインズモーカー",
      "popularity": 5,
      "odds": 10.4,
      "mark": "△",
      "score": 119.31,
      "track_aptitude": 0,
      "total_points": 68.89510881198716,
      "detail_points": {
        "score": 42.56510881198716,
        "bias": 7.05,
        "pace": 8.28,
        "3f": 7.0,
        "margin": 4.0,
        "track": 0.0
      },
      "avg_margin": 1.35,
      "race_name": "福島2R",
      "pred_prob_won": 0.0706380546092987,
      "pred_prob_in_top2": 0.07908698916435242,
      "pred_prob_in_top3": 0.2405308097600937,
      "score_z": 0.47003485461982886,
      "上り3F平均": 38.45,
      "Ave-3F平均": 38.7,
      "PCI平均": 50.65,
      "-3F差平均": 1.4,
      "想定脚質": "中団",
      "track_bias_aptitude_score": 30.1,
      "investment_value_score": 54.0,
      "total_investment_index": 47.2,
      "investment_rating": 0.5823886439204216,
      "stability_score": 60,
      "investment_mark": "△"
    },
    {
      "horse_number": 8,
      "name": "レジョンデロル",
      "popularity": 8,
      "odds": 15.1,
      "mark": "△",
      "score": 112.69,
      "track_aptitude": 0,
      "total_points": 68.5333535497681,
      "detail_points": {
        "score": 40.2033535497681,
        "bias": 7.05,
        "pace": 8.28,
        "3f": 9.0,
        "margin": 4.0,
        "track": 0.0
      },
      "avg_margin": 1.7,
      "race_name": "福島2R",
      "pred_prob_won": 0.04110802933573723,
      "pred_prob_in_top2": 0.06013182774186134,
      "pred_prob_in_top3": 0.16471778154373168,
      "score_z": 0.1020268039713316,
      "上り3F平均": 38.3,
      "Ave-3F平均": 35.33,
      "PCI平均": 42.3,
      "-3F差平均": 0.67,
      "想定脚質": "中団",
      "track_bias_aptitude_score": 30.1,
      "investment_value_score": 36.3,
      "total_investment_index": 36.0,
      "investment_rating": 0.36301435649394986,
      "stability_score": 60,
      "investment_mark": "☆"
    },
    {
      "horse_number": 15,
      "name": "スカイリスト",
      "popularity": 10,
      "odds": 31.9,
      "mark": "⭐︎",
      "score": 112.38,
      "track_aptitude": 1,
      "total_points": 67.41275775954334,
      "detail_points": {
        "score": 40.09275775954334,
        "bias": 7.05,
        "pace": 8.28,
        "3f": 7.0,
        "margin": 4.0,
        "track": 0.99
      },
      "avg_margin": 1.75,
      "race_name": "福島2R",
      "pred_prob_won": 0.03694051876664162,
      "pred_prob_in_top2": 0.051524148881435396,
      "pred_prob_in_top3": 0.14260897040367126,
      "score_z": 0.08479379857842602,
      "上り3F平均": 37.02,
      "Ave-3F平均": 36.97,
      "PCI平均": 49.95,
      "-3F差平均": 1.1,
      "想定脚質": "中団",
      "track_bias_aptitude_score": 35.7,
      "investment_value_score": 29.3,
      "total_investment_index": 33.4,
      "investment_rating": 0.28391503542661667,
      "stability_score": 60,
      "investment_mark": "☆"
    },
    {
      "horse_number": 12,
      "name": "キタノショウリュウ",
      "popularity": 9,
      "odds": 28.8,
      "mark": "⭐︎",
      "score": 109.71,
      "track_aptitude": 2,
      "total_points": 65.4302069211559,
      "detail_points": {
        "score": 39.1402069211559,