{
  "horses": [
    {
      "horse_number": 8,
      "name": "ウィングブルー",
      "popularity": 2,
      "odds": 4.6,
      "mark": "◎",
      "score": 132.61,
      "track_aptitude": 0,
      "total_points": 92.0,
      "detail_points": {
        "score": 50.0,
        "bias": 15.0,
        "pace": 12.0,
        "3f": 9.0,
        "margin": 6.0,
        "track": 0.0
      },
      "avg_margin": 0.7,
      "race_name": "福島3R",
      "pred_prob_won": 0.2256599485874176,
      "pred_prob_in_top2": 0.17742468118667604,
      "pred_prob_in_top3": 0.5359116435050965,
      "score_z": 1.3070959592597378,
      "上り3F平均": 35.4,
      "Ave-3F平均": 35.94,
      "PCI平均": 51.5,
      "-3F差平均": 0.4,
      "想定脚質": "先行",
      "track_bias_aptitude_score": 82.9,
      "investment_value_score": 89.4,
      "total_investment_index": 85.7,
      "investment_rating": 1.061326094865799,
      "stability_score": 75,
      "investment_mark": "◎"
    },
    {
      "horse_number": 3,
      "name": "ラディアントスター",
      "popularity": 4,
      "odds": 6.1,
      "mark": "○",
      "score": 126.79,
      "track_aptitude": 0,
      "total_points": 91.80559535479978,
      "detail_points": {
        "score": 47.805595354799785,
        "bias": 15.0,
        "pace": 12.0,
        "3f": 9.0,
        "margin": 8.0,
        "track": 0.0
      },
      "avg_margin": 0.35,
      "race_name": "福島3R",
      "pred_prob_won": 0.1399882346391678,
      "pred_prob_in_top2": 0.14202084839344026,
      "pred_prob_in_top3": 0.4084609508514404,
      "score_z": 0.8818934282166613,
      "上り3F平均": 35.3,
      "Ave-3F平均": 40.07,
      "PCI平均": 63.5,
      "-3F差平均": 0.7,
      "想定脚質": "先行",
      "track_bias_aptitude_score": 82.9,
      "investment_value_score": 66.1,
      "total_investment_index": 71.0,
      "investment_rating": 1.0155359935760497,
      "stability_score": 90,
      "investment_mark": "○"
    },
    {
      "horse_number": 10,
      "name": "マイネルヴェーゼン",
      "popularity": 1,
      "odds": 2.3,
      "mark": "▲",
      "score": 129.82,
      "track_aptitude": 2,
      "total_points": 85.95804313400195,
      "detail_points": {
        "score": 48.94804313400195,
        "bias": 9.0,
        "pace": 12.0,
        "3f": 5.0,
        "margin": 9.0,
        "track": 2.0100000000000002
      },
      "avg_margin": 0.15,
      "race_name": "福島3R",
      "pred_prob_won": 0.168337681889534,
      "pred_prob_in_top2": 0.14906761646270753,
      "pred_prob_in_top3": 0.45965113043785094,
      "score_z": 1.103261756233932,
      "上り3F平均": 35.1,
      "Ave-3F平均": 37.35,
      "PCI平均": 56.4,
      "-3F差平均": 1.7,
      "想定脚質": "中団",
      "track_bias_aptitude_score": 58.8,
      "investment_value_score": 100,
      "total_investment_index": 84.5,
      "investment_rating": 0.62211038261652,
      "stability_score": 90,
      "investment_mark": "△"
    },
    {
      "horse_number": 2,
      "name": "ミスターマーボー",
      "popularity": 5,
      "odds": 9.7,
      "mark": "▲",
      "score": 117.38,
      "track_aptitude": 1,
      "total_points": 87.24759746625442,
      "detail_points": {
        "score": 44.257597466254424,
        "bias": 15.0,
        "pace": 12.0,
        "3f": 9.0,
        "margin": 6.0,
        "track": 0.99
      },
      "avg_margin": 0.8,
      "race_name": "福島3R",
      "pred_prob_won": 0.07591267675161362,
      "pred_prob_in_top2": 0.08522623628377915,
      "pred_prob_in_top3": 0.25978479385375974,
      "score_z": 0.19440961084288996,
      "上り3F平均": 36.7,
      "Ave-3F平均": 36.8,
      "PCI平均": 50.3,
      "-3F差平均": 0.6,
      "想定脚質": "先行",
      "track_bias_aptitude_score": 88.6,
      "investment_value_score": 48.7,
      "total_investment_index": 61.1,
      "investment_rating": 0.48397777080535875,
      "stability_score": 75,
      "investment_mark": "△"
    },
    {
      "horse_number": 5,
      "name": "アメテュストス",
      "popularity": 3,
      "odds": 5.3,
      "mark": "△",
      "score": 117.21,
      "track_aptitude": 1,
      "total_points": 85.18349973606816,
      "detail_points": {
        "score": 44.19349973606816,
        "bias": 15.0,
        "pace": 12.0,
        "3f": 9.0,
        "margin": 4.0,
        "track": 0.99
      },
      "avg_margin": 1.3,
      "race_name": "福島3R",
      "pred_prob_won": 0.057049745321273805,
      "pred_prob_in_top2": 0.06976800560951232,
      "pred_prob_in_top3": 0.20824624001979827,
      "score_z": 0.18198960564060068,
      "上り3F平均": 35.6,
      "Ave-3F平均": 36.25,
      "PCI平均": 51.8,
      "-3F差平均": 0.5,
      "想定脚質": "先行",
      "track_bias_aptitude_score": 88.6,
      "investment_value_score": 54.7,
      "total_investment_index": 64.7,
      "investment_rating": 0.1100987760722637,
      "stability_score": 60,
      "investment_mark": "☆"
    },
    {
      "horse_number": 6,
      "name": "コーディアリー",
      "popularity": 8,
      "odds": 29.9,
      "mark": "△",
      "score": 111.9,
      "track_aptitude": 2,
      "total_points": 84.20138828142674,
      "detail_points": {
        "score": 42.19138828142674,
        "bias": 15.0,
        "pace": 12.0,
        "3f": 9.0,
        "margin": 4.0,
        "track": 2.0100000000000002
      },
      "avg_margin": 1.7000000000000002,
      "race_name": "福島3R",
      "pred_prob_won": 0.0314719770103693,
      "pred_prob_in_top2": 0.047149605304002765,
      "pred_prob_in_top3": 0.1360284149646759,
      "score_z": -0.2059529097956069,
      "上り3F平均": 36.85,
      "Ave-3F平均": 36.9,
      "PCI平均": 50.2,
      "-3F差平均": 0.6,
      "想定脚質": "先行",
      "track_bias_aptitude_score": 94.3,
      "investment_value_score": 24.9,
      "total_investment_index": 47.9,
      "investment_rating": -0.02941814422607425,
      "stability_score": 60,
      "investment_mark": "××"
    },
    {
      "horse_number": 1,
      "name": "ケナゲ",
      "popularity": 7,
      "odds": 25.3,
      "mark": "△",
      "score": 110.47,
      "track_aptitude": 1,
      "total_points": 74.64221325691877,
      "detail_points": {
        "score": 41.65221325691878,
        "bias": 9.0,
        "pace": 12.0,
        "3f": 7.0,
        "margin": 4.0,
        "track": 0.99
      },
      "avg_margin": 1.4500000000000002,
      "race_name": "福島3R",
      "pred_prob_won": 0.03139092028141022,
      "pred_prob_in_top2": 0.048329047113657,
      "pred_prob_in_top3": 0.1295008599758148,
      "score_z": -0.3104270712030986,
      "上り3F平均": 36.65,
      "Ave-3F平均": 37.85,
      "PCI平均": 53.3,
      "-3F差平均": 1.4,
      "想定脚質": "中団",
      "track_bias_aptitude_score": 53.1,
      "investment_value_score": 26.2,
      "total_investment_index": 36.1,
      "investment_rating": -0.09241996914148332,
      "stability_score": 60,
      "investment_mark": "××"
    },
    {
      "horse_number": 9,
      "name": "コスモエーヴィヒ",
      "popularity": 6,
      "odds": 23.4,
      "mark": "△",
      "score": 111.47,
      "track_aptitude": 0,
      "total_points": 76.02925872860266,
      "detail_points": {
        "score": 42.02925872860266,
        "bias": 9.0,
        "pace": 12.0,
        "3f": 9.0,
        "margin": 4.0,
        "track": 0.0
      },
      "avg_margin": 1.15,
      "race_name": "福島3R",
      "pred_prob_won": 0.029996656998991966,
      "pred_prob_in_top2": 0.043915990740060806,
      "pred_prob_in_top3": 0.128176774084568,
      "score_z": -0.23736821707198588,
      "上り3F平均": 36.05,
      "Ave-3F平均": 37.65,
      "PCI平均": 54.5,
      "-3F差平均": 0.7,
      "想定脚質": "中団",
      "track_bias_aptitude_score": 47.4,
      "investment_value_score": 29.2,
      "total_investment_index": 36.3,
      "investment_rating": -0.12066309735178948,
      "stability_score": 60,
      "investment_mark": "××"
    },
    {
      "horse_number": 7,
      "name": "イチザペガサス",
      "popularity": 9,
      "odds": 31.1,
      "mark": "消",
      "score": 103.33,
      "track_aptitude": 0,
      "total_points": 67.19010858909584,
      "detail_points": {
        "score": 38.96010858909584,
        "bias": 4.95,
        "pace": 8.28,