{
  "horses": [
    {
      "horse_number": 9,
      "name": "シーズザスローン",
      "popularity": 1,
      "odds": 1.6,
      "mark": "◎",
      "score": 138.48,
      "track_aptitude": 2,
      "total_points": 88.21000000000001,
      "detail_points": {
        "score": 50.0,
        "bias": 9.0,
        "pace": 10.2,
        "3f": 9.0,
        "margin": 8.0,
        "track": 2.0100000000000002
      },
      "avg_margin": 0.25,
      "race_name": "福島1R",
      "pred_prob_won": 0.28295438289642333,
      "pred_prob_in_top2": 0.20289293825626373,
      "pred_prob_in_top3": 0.6113649606704712,
      "score_z": 1.828086036976589,
      "上り3F平均": 34.3,
      "Ave-3F平均": 37.0,
      "PCI平均": 57.9,
      "-3F差平均": 0.9,
      "想定脚質": "中団",
      "track_bias_aptitude_score": 58.8,
      "investment_value_score": 100,
      "total_investment_index": 85.7,
      "investment_rating": 1.0089806497097016,
      "stability_score": 90,
      "investment_mark": "◎"
    },
    {
      "horse_number": 10,
      "name": "ブラックハヤテ",
      "popularity": 2,
      "odds": 3.9,
      "mark": "○",
      "score": 125.89,
      "track_aptitude": 1,
      "total_points": 79.59421721548239,
      "detail_points": {
        "score": 45.45421721548239,
        "bias": 4.95,
        "pace": 10.2,
        "3f": 9.0,
        "margin": 9.0,
        "track": 0.99
      },
      "avg_margin": 0.2,
      "race_name": "福島1R",
      "pred_prob_won": 0.16425825357437135,
      "pred_prob_in_top2": 0.1589212477207184,
      "pred_prob_in_top3": 0.45679270625114443,
      "score_z": 1.0447094813082691,
      "上り3F平均": 35.1,
      "Ave-3F平均": 36.55,
      "PCI平均": 54.1,
      "-3F差平均": 0,
      "想定脚質": "逃げ",
      "track_bias_aptitude_score": 30.7,
      "investment_value_score": 75.9,
      "total_investment_index": 61.5,
      "investment_rating": 0.8160573893785477,
      "stability_score": 90,
      "investment_mark": "○"
    },
    {
      "horse_number": 8,
      "name": "ノブステップ",
      "popularity": 6,
      "odds": 22.2,
      "mark": "▲",
      "score": 113.14,
      "track_aptitude": 1,
      "total_points": 72.04066435586365,
      "detail_points": {
        "score": 40.850664355863664,
        "bias": 9.0,
        "pace": 10.2,
        "3f": 7.0,
        "margin": 4.0,
        "track": 0.99
      },
      "avg_margin": 1.3,
      "race_name": "福島1R",
      "pred_prob_won": 0.06791257113218307,
      "pred_prob_in_top2": 0.09483394175767898,
      "pred_prob_in_top3": 0.25087845623493193,
      "score_z": 0.2513773856155695,
      "上り3F平均": 35.8,
      "Ave-3F平均": 36.45,
      "PCI平均": 51.8,
      "-3F差平均": 1.2,
      "想定脚質": "中団",
      "track_bias_aptitude_score": 53.1,
      "investment_value_score": 40.0,
      "total_investment_index": 45.4,
      "investment_rating": 0.5296558180451392,
      "stability_score": 60,
      "investment_mark": "△"
    },
    {
      "horse_number": 4,
      "name": "ロンドンプライド",
      "popularity": 5,
      "odds": 22.0,
      "mark": "▲",
      "score": 113.78,
      "track_aptitude": 2,
      "total_points": 75.29174465626807,
      "detail_points": {
        "score": 41.08174465626806,
        "bias": 9.0,
        "pace": 10.2,
        "3f": 9.0,
        "margin": 4.0,
        "track": 2.0100000000000002
      },
      "avg_margin": 1.4,
      "race_name": "福島1R",
      "pred_prob_won": 0.06377552971243858,
      "pred_prob_in_top2": 0.07620298713445664,
      "pred_prob_in_top3": 0.2412916898727417,
      "score_z": 0.2911995457130855,
      "上り3F平均": 35.5,
      "Ave-3F平均": 36.3,
      "PCI平均": 52.3,
      "-3F差平均": 1.0,
      "想定脚質": "中団",
      "track_bias_aptitude_score": 58.8,
      "investment_value_score": 42.8,
      "total_investment_index": 48.8,
      "investment_rating": 0.3961355268955231,
      "stability_score": 60,
      "investment_mark": "△"
    },
    {
      "horse_number": 6,
      "name": "ウールヴヘジン",
      "popularity": 8,
      "odds": 40.2,
      "mark": "△",
      "score": 112.75,
      "track_aptitude": 2,
      "total_points": 66.99984979780474,
      "detail_points": {
        "score": 40.70984979780474,
        "bias": 3.0,
        "pace": 8.28,
        "3f": 9.0,
        "margin": 4.0,
        "track": 2.0100000000000002
      },
      "avg_margin": 2.0,
      "race_name": "福島1R",
      "pred_prob_won": 0.04570706635713577,
      "pred_prob_in_top2": 0.06930373311042785,
      "pred_prob_in_top3": 0.19407465755939485,
      "score_z": 0.22711075680614573,
      "上り3F平均": 36.6,
      "Ave-3F平均": 37.45,
      "PCI平均": 52.3,
      "-3F差平均": 1.9,
      "想定脚質": "後方",
      "track_bias_aptitude_score": 12.4,
      "investment_value_score": 30.0,
      "total_investment_index": 27.1,
      "investment_rating": 0.342077808380127,
      "stability_score": 60,
      "investment_mark": "☆"
    },
    {
      "horse_number": 5,
      "name": "ユニゾン",
      "popularity": 4,
      "odds": 13.7,
      "mark": "△",
      "score": 112.87,
      "track_aptitude": 0,
      "total_points": 70.95317735413056,
      "detail_points": {
        "score": 40.753177354130564,
        "bias": 9.0,
        "pace": 10.2,
        "3f": 9.0,
        "margin": 2.0,
        "track": 0.0
      },
      "avg_margin": 2.4,
      "race_name": "福島1R",
      "pred_prob_won": 0.047263703495264056,
      "pred_prob_in_top2": 0.07712511420249939,
      "pred_prob_in_top3": 0.1872752696275711,
      "score_z": 0.23457741182443026,
      "上り3F平均": 36.2,
      "Ave-3F平均": 36.5,
      "PCI平均": 50.8,
      "-3F差平均": 1.0,
      "想定脚質": "中団",
      "track_bias_aptitude_score": 47.4,
      "investment_value_score": 42.1,
      "total_investment_index": 44.9,
      "investment_rating": 0.08655613243579874,
      "stability_score": 45,
      "investment_mark": "☆"
    },
    {
      "horse_number": 7,
      "name": "カズノダイジョウ",
      "popularity": 9,
      "odds": 40.5,
      "mark": "△",
      "score": 102.39,
      "track_aptitude": 0,
      "total_points": 69.16923743500867,
      "detail_points": {
        "score": 36.969237435008665,
        "bias": 15.0,
        "pace": 10.2,
        "3f": 5.0,
        "margin": 2.0,
        "track": 0.0
      },
      "avg_margin": 2.9,
      "race_name": "福島1R",
      "pred_prob_won": 0.026021207869052886,
      "pred_prob_in_top2": 0.038031961768865585,
      "pred_prob_in_top3": 0.11173223406076431,
      "score_z": -0.4175104597723929,
      "上り3F平均": 38.0,
      "Ave-3F平均": 35.7,
      "PCI平均": 43.9,
      "-3F差平均": 0,
      "想定脚質": "先行",
      "track_bias_aptitude_score": 82.9,
      "investment_value_score": 16.4,
      "total_investment_index": 39.0,
      "investment_rating": -0.17346097327768806,
      "stability_score": 45,
      "investment_mark": "××"
    },
    {
      "horse_number": 1,
      "name": "スターオブアダム",
      "popularity": 3,
      "odds": 7.4,
      "mark": "△",
      "score": 89.09,
      "track_aptitude": 0,
      "total_points": 70.36709994222993,
      "detail_points": {
        "score": 32.167099942229925,
        "bias": 15.0,
        "pace": 10.2,
        "3f": 9.0,
        "margin": 4.0,
        "track": 0.0
      },
      "avg_margin": 1.4,
      "race_name": "福島1R",
      "pred_prob_won": 0.018619729951024056,
      "pred_prob_in_top2": 0.02410967871546745,
      "pred_prob_in_top3": 0.08214263767004013,
      "score_z": -1.245064724298895,
      "上り3F平均": 36.4,
      "Ave-3F平均": 39.9,
      "PCI平均": 59.6,
      "-3F差平均": 0.3,
      "想定脚質": "先行",
      "track_bias_aptitude_score": 82.9,
      "investment_value_score": 27.5,
      "total_investment_index": 44.3,
      "investment_rating": -0.3501793725043535,
      "stability_score": 60,
      "investment_mark": "××"
    },
    {
      "horse_number": 3,
      "name": "ヘラクレステソーロ",
      "popularity": 7,
      "odds": 31.4,
      "mark": "消",
      "score": 95.49,
      "track_aptitude": 2,
      "total_points": 57.76790294627383,
      "detail_points": {
        "score": 34.47790294627383,
        "bias": 3.0,
        "pace": 8.28,
        "3f": 9.0,