{
  "horses": [
    {
      "horse_number": 2,
      "name": "ノーブルアクト",
      "popularity": 9,
      "odds": 18.9,
      "mark": "△",
      "score": 121.12,
      "track_aptitude": 1,
      "total_points": 82.90009021302403,
      "detail_points": {
        "score": 45.910090213024034,
        "bias": 9.0,
        "pace": 12.0,
        "3f": 9.0,
        "margin": 6.0,
        "track": 0.99
      },
      "avg_margin": 0.7150000000000001,
      "race_name": "福島12R",
      "pred_prob_won": 0.1064007043838501,
      "pred_prob_in_top2": 0.11709538400173188,
      "pred_prob_in_top3": 0.33709065318107606,
      "score_z": 0.7390290597759738,
      "上り3F平均": 37.85,
      "Ave-3F平均": 37.68,
      "PCI平均": 49.6,
      "-3F差平均": 0.99,
      "想定脚質": "中団",
      "track_bias_aptitude_score": 48.9,
      "investment_value_score": 45.2,
      "total_investment_index": 48.0,
      "investment_rating": 1.5585073763132098,
      "stability_score": 75,
      "investment_mark": "◎"
    },
    {
      "horse_number": 5,
      "name": "ヘリオトロープ",
      "popularity": 1,
      "odds": 3.6,
      "mark": "◎",
      "score": 131.91,
      "track_aptitude": 2,
      "total_points": 97.01,
      "detail_points": {
        "score": 50.0,
        "bias": 15.0,
        "pace": 12.0,
        "3f": 9.0,
        "margin": 9.0,
        "track": 2.0100000000000002
      },
      "avg_margin": 0.15,
      "race_name": "福島12R",
      "pred_prob_won": 0.2927657186985016,
      "pred_prob_in_top2": 0.1624908745288849,
      "pred_prob_in_top3": 0.6033856034278869,
      "score_z": 1.9979686800763758,
      "上り3F平均": 37.35,
      "Ave-3F平均": 37.33,
      "PCI平均": 50.05,
      "-3F差平均": 0.5,
      "想定脚質": "先行",
      "track_bias_aptitude_score": 94.2,
      "investment_value_score": 100,
      "total_investment_index": 96.6,
      "investment_rating": 1.08778688788414,
      "stability_score": 90,
      "investment_mark": "○"
    },
    {
      "horse_number": 13,
      "name": "ヴィーデ",
      "popularity": 8,
      "odds": 17.7,
      "mark": "▲",
      "score": 118.23,
      "track_aptitude": 2,
      "total_points": 88.82464634978395,
      "detail_points": {
        "score": 44.81464634978395,
        "bias": 15.0,
        "pace": 12.0,
        "3f": 9.0,
        "margin": 6.0,
        "track": 2.0100000000000002
      },
      "avg_margin": 0.73,
      "race_name": "福島12R",
      "pred_prob_won": 0.08612152040004731,
      "pred_prob_in_top2": 0.08929235339164734,
      "pred_prob_in_top3": 0.27856603264808655,
      "score_z": 0.4018339251450038,
      "上り3F平均": 37.52,
      "Ave-3F平均": 37.34,
      "PCI平均": 49.71,
      "-3F差平均": 0.38,
      "想定脚質": "先行",
      "track_bias_aptitude_score": 94.2,
      "investment_value_score": 42.9,
      "total_investment_index": 59.7,
      "investment_rating": 1.0631811007857324,
      "stability_score": 75,
      "investment_mark": "▲"
    },
    {
      "horse_number": 10,
      "name": "タニセンドリーム",
      "popularity": 12,
      "odds": 33.7,
      "mark": "△",
      "score": 116.79,
      "track_aptitude": 2,
      "total_points": 88.27881964976122,
      "detail_points": {
        "score": 44.268819649761205,
        "bias": 15.0,
        "pace": 12.0,
        "3f": 7.0,
        "margin": 8.0,
        "track": 2.0100000000000002
      },
      "avg_margin": 0.5,
      "race_name": "福島12R",
      "pred_prob_won": 0.05088629946112633,
      "pred_prob_in_top2": 0.06973373591899872,
      "pred_prob_in_top3": 0.2042463392019272,
      "score_z": 0.2338197404153859,
      "上り3F平均": 38.97,
      "Ave-3F平均": 38.1,
      "PCI平均": 47.92,
      "-3F差平均": 0.2,
      "想定脚質": "先行",
      "track_bias_aptitude_score": 94.2,
      "investment_value_score": 30.6,
      "total_investment_index": 52.0,
      "investment_rating": 0.855456932336092,
      "stability_score": 90,
      "investment_mark": "▲"
    },
    {
      "horse_number": 11,
      "name": "オーケーバーディー",
      "popularity": 5,
      "odds": 10.6,
      "mark": "▲",
      "score": 119.37,
      "track_aptitude": 2,
      "total_points": 89.25675915396862,
      "detail_points": {
        "score": 45.24675915396862,
        "bias": 15.0,
        "pace": 12.0,
        "3f": 9.0,
        "margin": 6.0,
        "track": 2.0100000000000002
      },
      "avg_margin": 0.8571428571428571,
      "race_name": "福島12R",
      "pred_prob_won": 0.0923532634973526,
      "pred_prob_in_top2": 0.09651517570018768,
      "pred_prob_in_top3": 0.2925999939441681,
      "score_z": 0.5348451547226183,
      "上り3F平均": 38.53,
      "Ave-3F平均": 37.21,
      "PCI平均": 46.69,
      "-3F差平均": 0.47,
      "想定脚質": "先行",
      "track_bias_aptitude_score": 94.2,
      "investment_value_score": 52.1,
      "total_investment_index": 65.4,
      "investment_rating": 0.8166999727487564,
      "stability_score": 75,
      "investment_mark": "△"
    },
    {
      "horse_number": 6,
      "name": "ブルータス",
      "popularity": 2,
      "odds": 4.7,
      "mark": "○",
      "score": 121.92,
      "track_aptitude": 1,
      "total_points": 92.20332726859222,
      "detail_points": {
        "score": 46.213327268592224,
        "bias": 15.0,
        "pace": 12.0,
        "3f": 9.0,
        "margin": 9.0,
        "track": 0.99
      },
      "avg_margin": 0.1642857142857143,
      "race_name": "福島12R",
      "pred_prob_won": 0.1392814815044403,
      "pred_prob_in_top2": 0.13676296770572663,
      "pred_prob_in_top3": 0.39254753589630126,
      "score_z": 0.8323702735146502,
      "上り3F平均": 37.6,
      "Ave-3F平均": 37.82,
      "PCI平均": 50.73,
      "-3F差平均": 0.4,
      "想定脚質": "先行",
      "track_bias_aptitude_score": 88.4,
      "investment_value_score": 74.0,
      "total_investment_index": 77.3,
      "investment_rating": 0.7687604773044586,
      "stability_score": 90,
      "investment_mark": "△"
    },
    {
      "horse_number": 1,
      "name": "スクレイピング",
      "popularity": 6,
      "odds": 14.2,
      "mark": "×",
      "score": 118.4,
      "track_aptitude": 2,
      "total_points": 73.1690842240922,
      "detail_points": {
        "score": 44.87908422409219,
        "bias": 3.0,
        "pace": 8.28,
        "3f": 7.0,
        "margin": 8.0,
        "track": 2.0100000000000002
      },
      "avg_margin": 0.45,
      "race_name": "福島12R",
      "pred_prob_won": 0.05815959423780441,
      "pred_prob_in_top2": 0.06767469495534897,
      "pred_prob_in_top3": 0.20073473453521729,
      "score_z": 0.42166893306447284,
      "上り3F平均": 36.5,
      "Ave-3F平均": 37.14,
      "PCI平均": 51.75,
      "-3F差平均": 0.9,
      "想定脚質": "後方",
      "track_bias_aptitude_score": 12.6,
      "investment_value_score": 42.3,
      "total_investment_index": 34.9,
      "investment_rating": 0.46371040940284725,
      "stability_score": 90,
      "investment_mark": "☆"
    },
    {
      "horse_number": 14,
      "name": "レッドベルダンス",
      "popularity": 3,
      "odds": 5.4,
      "mark": "△",
      "score": 118.33,
      "track_aptitude": 2,
      "total_points": 82.86255098172997,
      "detail_points": {
        "score": 44.85255098172997,
        "bias": 9.0,
        "pace": 12.0,
        "3f": 9.0,
        "margin": 6.0,
        "track": 2.0100000000000002
      },
      "avg_margin": 0.8833333333333332,
      "race_name": "福島12R",
      "pred_prob_won": 0.061910105496644975,
      "pred_prob_in_top2": 0.07295526415109635,
      "pred_prob_in_top3": 0.2341851770877838,
      "score_z": 0.4135015768623378,
      "上り3F平均": 37.58,
      "Ave-3F平均": 37.44,
      "PCI平均": 49.77,
      "-3F差平均": 0.68,
      "想定脚質": "中団",
      "track_bias_aptitude_score": 54.7,
      "investment_value_score": 56.5,
      "total_investment_index": 56.0,
      "investment_rating": 0.396229602098465,
      "stability_score": 75,
      "investment_mark": "☆"
    },
    {
      "horse_number": 9,
      "name": "ミダース",
      "popularity": 10,
      "odds": 25.2,
      "mark": "△",
      "score": 113.76,
      "track_aptitude": 2,
      "total_points": 85.13030930179669,