{
  "horses": [
    {
      "horse_number": 6,
      "name": "トーセンエスクード",
      "popularity": 2,
      "odds": 6.0,
      "mark": "◎",
      "score": 110.65,
      "track_aptitude": 0,
      "total_points": 84.82958702572485,
      "detail_points": {
        "score": 47.59958702572485,
        "bias": 10.95,
        "pace": 8.28,
        "3f": 9.0,
        "margin": 9.0,
        "track": 0.0
      },
      "avg_margin": 0.19500000000000003,
      "race_name": "福島10R",
      "pred_prob_won": 0.20440936386585234,
      "pred_prob_in_top2": 0.1579599231481552,
      "pred_prob_in_top3": 0.5055700302124023,
      "score_z": 1.4051646916284901,
      "上り3F平均": 34.36,
      "Ave-3F平均": 34.83,
      "PCI平均": 51.51,
      "-3F差平均": 0.65,
      "想定脚質": "中団",
      "track_bias_aptitude_score": 55.7,
      "investment_value_score": 79.5,
      "total_investment_index": 71.8,
      "investment_rating": 0.9425455951690673,
      "stability_score": 90,
      "investment_mark": "◎"
    },
    {
      "horse_number": 8,
      "name": "レイピア",
      "popularity": 1,
      "odds": 1.3,
      "mark": "○",
      "score": 116.23,
      "track_aptitude": 2,
      "total_points": 82.96000000000001,
      "detail_points": {
        "score": 50.0,
        "bias": 4.95,
        "pace": 12.0,
        "3f": 5.0,
        "margin": 9.0,
        "track": 2.0100000000000002
      },
      "avg_margin": 0.12000000000000002,
      "race_name": "福島10R",
      "pred_prob_won": 0.2629138112068176,
      "pred_prob_in_top2": 0.1664130747318268,
      "pred_prob_in_top3": 0.5573221802711487,
      "score_z": 1.9383925200521168,
      "上り3F平均": 35.13,
      "Ave-3F平均": 33.87,
      "PCI平均": 46.49,
      "-3F差平均": 0.58,
      "想定脚質": "逃げ",
      "track_bias_aptitude_score": 19.5,
      "investment_value_score": 100,
      "total_investment_index": 74.1,
      "investment_rating": 0.8490376687049865,
      "stability_score": 90,
      "investment_mark": "○"
    },
    {
      "horse_number": 7,
      "name": "ワックスフラワー",
      "popularity": 8,
      "odds": 35.0,
      "mark": "▲",
      "score": 91.19,
      "track_aptitude": 2,
      "total_points": 77.46825432332444,
      "detail_points": {
        "score": 39.22825432332444,
        "bias": 10.95,
        "pace": 8.28,
        "3f": 9.0,
        "margin": 8.0,
        "track": 2.0100000000000002
      },
      "avg_margin": 0.355,
      "race_name": "福島10R",
      "pred_prob_won": 0.027971672639250756,
      "pred_prob_in_top2": 0.04760158360004425,
      "pred_prob_in_top3": 0.13218616247177123,
      "score_z": -0.4544434698632267,
      "上り3F平均": 35.07,
      "Ave-3F平均": 34.47,
      "PCI平均": 48.35,
      "-3F差平均": 0.49,
      "想定脚質": "中団",
      "track_bias_aptitude_score": 74.2,
      "investment_value_score": 16.4,
      "total_investment_index": 36.3,
      "investment_rating": -0.09739925205707556,
      "stability_score": 90,
      "investment_mark": "××"
    },
    {
      "horse_number": 3,
      "name": "ショウナンラスボス",
      "popularity": 3,
      "odds": 9.9,
      "mark": "▲",
      "score": 94.58,
      "track_aptitude": 0,
      "total_points": 80.73656973242709,
      "detail_points": {
        "score": 40.68656973242708,
        "bias": 13.05,
        "pace": 12.0,
        "3f": 9.0,
        "margin": 6.0,
        "track": 0.0
      },
      "avg_margin": 0.8500000000000002,
      "race_name": "福島10R",
      "pred_prob_won": 0.03816970810294151,
      "pred_prob_in_top2": 0.05297608524560928,
      "pred_prob_in_top3": 0.15643791556358339,
      "score_z": -0.13049323001446417,
      "上り3F平均": 34.77,
      "Ave-3F平均": 34.97,
      "PCI平均": 50.62,
      "-3F差平均": 0.52,
      "想定脚質": "先行",
      "track_bias_aptitude_score": 72.2,
      "investment_value_score": 39.6,
      "total_investment_index": 50.2,
      "investment_rating": -0.12117971241474151,
      "stability_score": 75,
      "investment_mark": "××"
    },
    {
      "horse_number": 2,
      "name": "アレンジャー",
      "popularity": 4,
      "odds": 16.8,
      "mark": "△",
      "score": 93.82,
      "track_aptitude": 0,
      "total_points": 74.58963176460466,
      "detail_points": {
        "score": 40.35963176460466,
        "bias": 10.95,
        "pace": 8.28,
        "3f": 9.0,
        "margin": 6.0,
        "track": 0.0
      },
      "avg_margin": 0.915,
      "race_name": "福島10R",
      "pred_prob_won": 0.03185731582343578,
      "pred_prob_in_top2": 0.04779843837022781,
      "pred_prob_in_top3": 0.12256774157285691,
      "score_z": -0.20311924248793353,
      "上り3F平均": 34.78,
      "Ave-3F平均": 35.59,
      "PCI平均": 52.42,
      "-3F差平均": 0.88,
      "想定脚質": "中団",
      "track_bias_aptitude_score": 55.7,
      "investment_value_score": 28.9,
      "total_investment_index": 38.7,
      "investment_rating": -0.22908709831535817,
      "stability_score": 75,
      "investment_mark": "××"
    },
    {
      "horse_number": 4,
      "name": "ジュノー",
      "popularity": 6,
      "odds": 23.7,
      "mark": "△",
      "score": 91.81,
      "track_aptitude": 0,
      "total_points": 69.82496687602168,
      "detail_points": {
        "score": 39.49496687602168,
        "bias": 7.05,
        "pace": 8.28,
        "3f": 9.0,
        "margin": 6.0,
        "track": 0.0
      },
      "avg_margin": 0.8799999999999999,
      "race_name": "福島10R",
      "pred_prob_won": 0.028096666559576988,
      "pred_prob_in_top2": 0.042327599972486495,
      "pred_prob_in_top3": 0.11422831714153289,
      "score_z": -0.39519593337171216,
      "上り3F平均": 34.68,
      "Ave-3F平均": 35.46,
      "PCI平均": 52.36,
      "-3F差平均": 1.12,
      "想定脚質": "後方",
      "track_bias_aptitude_score": 5.5,
      "investment_value_score": 19.2,
      "total_investment_index": 17.5,
      "investment_rating": -0.23887850329279903,
      "stability_score": 75,
      "investment_mark": "××"
    },
    {
      "horse_number": 5,
      "name": "ダルエスサラーム",
      "popularity": 5,
      "odds": 23.6,
      "mark": "△",
      "score": 92.91,
      "track_aptitude": 0,
      "total_points": 68.29816656629097,
      "detail_points": {
        "score": 39.968166566290975,
        "bias": 7.05,
        "pace": 8.28,
        "3f": 9.0,
        "margin": 4.0,
        "track": 0.0
      },
      "avg_margin": 1.22,
      "race_name": "福島10R",
      "pred_prob_won": 0.02781710438430309,
      "pred_prob_in_top2": 0.043767064809799194,
      "pred_prob_in_top3": 0.11410508900880814,
      "score_z": -0.2900793363706394,
      "上り3F平均": 34.56,
      "Ave-3F平均": 35.73,
      "PCI平均": 53.53,
      "-3F差平均": 1.25,
      "想定脚質": "後方",
      "track_bias_aptitude_score": 5.5,
      "investment_value_score": 22.9,
      "total_investment_index": 19.9,
      "investment_rating": -0.25229557275772097,
      "stability_score": 60,
      "investment_mark": "××"
    },
    {
      "horse_number": 1,
      "name": "ベンダバリラビア",
      "popularity": 7,
      "odds": 33.8,
      "mark": "△",
      "score": 85.28,
      "track_aptitude": 0,
      "total_points": 68.91588144196851,
      "detail_points": {
        "score": 36.68588144196851,
        "bias": 10.95,
        "pace": 8.28,
        "3f": 9.0,
        "margin": 4.0,
        "track": 0.0
      },
      "avg_margin": 1.6800000000000002,
      "race_name": "福島10R",
      "pred_prob_won": 0.016415557824075222,
      "pred_prob_in_top2": 0.026827239617705344,
      "pred_prob_in_top3": 0.07331002354621888,
      "score_z": -1.019206277387175,
      "上り3F平均": 37.18,
      "Ave-3F平均": 35.26,
      "PCI平均": 45.02,
      "-3F差平均": 0.97,
      "想定脚質": "中団",
      "track_bias_aptitude_score": 55.7,
      "investment_value_score": 6.7,
      "total_investment_index": 24.0,
      "investment_rating": -0.46747086107730873,
      "stability_score": 60,
      "investment_mark": "××"
    },
    {
      "horse_number": 9,
      "name": "アバンチュリエ",
      "popularity": 9,
      "odds": 38.3,
      "mark": "⭐︎",
      "score": 87.04,
      "track_aptitude": 0,
      "total_points": 67.77300094639938,