{
  "horses": [
    {
      "horse_number": 16,
      "name": "ピーターライズ",
      "popularity": 3,
      "odds": 5.3,
      "mark": "○",
      "score": 116.73,
      "track_aptitude": 0,
      "total_points": 86.9471811576046,
      "detail_points": {
        "score": 48.74718115760461,
        "bias": 15.0,
        "pace": 10.2,
        "3f": 7.0,
        "margin": 6.0,
        "track": 0.0
      },
      "avg_margin": 1.0,
      "race_name": "福島6R",
      "pred_prob_won": 0.1712013453245163,
      "pred_prob_in_top2": 0.15590096414089202,
      "pred_prob_in_top3": 0.4606252253055573,
      "score_z": 1.1976095922253565,
      "上り3F平均": 37.27,
      "Ave-3F平均": 36.76,
      "PCI平均": 48.87,
      "-3F差平均": 1.03,
      "想定脚質": "先行",
      "track_bias_aptitude_score": 81.5,
      "investment_value_score": 76.6,
      "total_investment_index": 77.4,
      "investment_rating": 1.193094504773617,
      "stability_score": 75,
      "investment_mark": "◎"
    },
    {
      "horse_number": 7,
      "name": "ビレッジルミエール",
      "popularity": 10,
      "odds": 32.4,
      "mark": "△",
      "score": 101.66,
      "track_aptitude": 0,
      "total_points": 80.65385450597176,
      "detail_points": {
        "score": 42.45385450597177,
        "bias": 15.0,
        "pace": 10.2,
        "3f": 9.0,
        "margin": 4.0,
        "track": 0.0
      },
      "avg_margin": 1.295,
      "race_name": "福島6R",
      "pred_prob_won": 0.07311846017837524,
      "pred_prob_in_top2": 0.07078799158334732,
      "pred_prob_in_top3": 0.2325893074274063,
      "score_z": 0.544451724551298,
      "上り3F平均": 38.01,
      "Ave-3F平均": 36.14,
      "PCI平均": 45.33,
      "-3F差平均": 0.64,
      "想定脚質": "先行",
      "track_bias_aptitude_score": 81.5,
      "investment_value_score": 39.3,
      "total_investment_index": 53.9,
      "investment_rating": 0.9746430134773255,
      "stability_score": 60,
      "investment_mark": "○"
    },
    {
      "horse_number": 5,
      "name": "ミートザターゲット",
      "popularity": 5,
      "odds": 11.6,
      "mark": "▲",
      "score": 107.96,
      "track_aptitude": 0,
      "total_points": 83.28477407500208,
      "detail_points": {
        "score": 45.08477407500208,
        "bias": 15.0,
        "pace": 10.2,
        "3f": 9.0,
        "margin": 4.0,
        "track": 0.0
      },
      "avg_margin": 1.34,
      "race_name": "福島6R",
      "pred_prob_won": 0.11131240874528885,
      "pred_prob_in_top2": 0.10838885009288787,
      "pred_prob_in_top3": 0.3141976833343506,
      "score_z": 0.8175037860208776,
      "上り3F平均": 37.96,
      "Ave-3F平均": 36.47,
      "PCI平均": 46.18,
      "-3F差平均": 0.52,
      "想定脚質": "先行",
      "track_bias_aptitude_score": 81.5,
      "investment_value_score": 58.3,
      "total_investment_index": 65.8,
      "investment_rating": 0.9481796908378602,
      "stability_score": 60,
      "investment_mark": "▲"
    },
    {
      "horse_number": 1,
      "name": "キタノライブリー",
      "popularity": 1,
      "odds": 3.4,
      "mark": "◎",
      "score": 119.73,
      "track_aptitude": 0,
      "total_points": 90.2,
      "detail_points": {
        "score": 50.0,
        "bias": 15.0,
        "pace": 10.2,
        "3f": 9.0,
        "margin": 6.0,
        "track": 0.0
      },
      "avg_margin": 0.8699999999999999,
      "race_name": "福島6R",
      "pred_prob_won": 0.21699534654617308,
      "pred_prob_in_top2": 0.15758370459079743,
      "pred_prob_in_top3": 0.5087203800678253,
      "score_z": 1.3276343834013469,
      "上り3F平均": 37.73,
      "Ave-3F平均": 35.72,
      "PCI平均": 44.76,
      "-3F差平均": 0.79,
      "想定脚質": "先行",
      "track_bias_aptitude_score": 81.5,
      "investment_value_score": 100,
      "total_investment_index": 91.7,
      "investment_rating": 0.8946208551526069,
      "stability_score": 75,
      "investment_mark": "▲"
    },
    {
      "horse_number": 13,
      "name": "アイドル",
      "popularity": 2,
      "odds": 5.2,
      "mark": "▲",
      "score": 111.81,
      "track_aptitude": 1,
      "total_points": 85.88255825607617,
      "detail_points": {
        "score": 46.692558256076175,
        "bias": 15.0,
        "pace": 10.2,
        "3f": 7.0,
        "margin": 6.0,
        "track": 0.99
      },
      "avg_margin": 0.5583333333333333,
      "race_name": "福島6R",
      "pred_prob_won": 0.13920324742794038,
      "pred_prob_in_top2": 0.12749240398406983,
      "pred_prob_in_top3": 0.375569349527359,
      "score_z": 0.9843689346967323,
      "上り3F平均": 36.37,
      "Ave-3F平均": 35.39,
      "PCI平均": 47.47,
      "-3F差平均": 0.26,
      "想定脚質": "先行",
      "track_bias_aptitude_score": 87.7,
      "investment_value_score": 79.3,
      "total_investment_index": 80.5,
      "investment_rating": 0.7515941786766053,
      "stability_score": 75,
      "investment_mark": "△"
    },
    {
      "horse_number": 8,
      "name": "キチロクキャップ",
      "popularity": 7,
      "odds": 13.1,
      "mark": "×",
      "score": 100.28,
      "track_aptitude": 0,
      "total_points": 64.1575578384699,
      "detail_points": {
        "score": 41.87755783846989,
        "bias": 3.0,
        "pace": 8.28,
        "3f": 7.0,
        "margin": 4.0,
        "track": 0.0
      },
      "avg_margin": 1.3499999999999999,
      "race_name": "福島6R",
      "pred_prob_won": 0.046669861674308775,
      "pred_prob_in_top2": 0.06134160161018372,
      "pred_prob_in_top3": 0.17965585887432098,
      "score_z": 0.4846403206103426,
      "上り3F平均": 37.2,
      "Ave-3F平均": 36.84,
      "PCI平均": 49.1,
      "-3F差平均": 0.93,
      "想定脚質": "後方",
      "track_bias_aptitude_score": 1,
      "investment_value_score": 40.8,
      "total_investment_index": 30.6,
      "investment_rating": 0.44709001675248145,
      "stability_score": 60,
      "investment_mark": "☆"
    },
    {
      "horse_number": 11,
      "name": "リネンプリンセス",
      "popularity": 6,
      "odds": 12.7,
      "mark": "△",
      "score": 93.5,
      "track_aptitude": 0,
      "total_points": 69.2961872546563,
      "detail_points": {
        "score": 39.0461872546563,
        "bias": 7.05,
        "pace": 10.2,
        "3f": 7.0,
        "margin": 6.0,
        "track": 0.0
      },
      "avg_margin": 0.925,
      "race_name": "福島6R",
      "pred_prob_won": 0.04679233282804489,
      "pred_prob_in_top2": 0.06333795115351677,
      "pred_prob_in_top3": 0.16516688764095305,
      "score_z": 0.19078429255260435,
      "上り3F平均": 36.35,
      "Ave-3F平均": 36.62,
      "PCI平均": 50.92,
      "-3F差平均": 1.3,
      "想定脚質": "中団",
      "track_bias_aptitude_score": 32.3,
      "investment_value_score": 41.1,
      "total_investment_index": 39.7,
      "investment_rating": 0.3258344382047653,
      "stability_score": 75,
      "investment_mark": "☆"
    },
    {
      "horse_number": 6,
      "name": "エスシーレベッカ",
      "popularity": 4,
      "odds": 10.2,
      "mark": "△",
      "score": 94.81,
      "track_aptitude": 0,
      "total_points": 69.8432514825023,
      "detail_points": {
        "score": 39.593251482502296,
        "bias": 7.05,
        "pace": 10.2,
        "3f": 9.0,
        "margin": 4.0,
        "track": 0.0
      },
      "avg_margin": 1.9000000000000001,
      "race_name": "福島6R",
      "pred_prob_won": 0.04722303226590156,
      "pred_prob_in_top2": 0.06847823858261108,
      "pred_prob_in_top3": 0.1751413583755493,
      "score_z": 0.24756178469945356,
      "上り3F平均": 38.9,
      "Ave-3F平均": 35.89,
      "PCI平均": 42.33,
      "-3F差平均": 0.7,
      "想定脚質": "中団",
      "track_bias_aptitude_score": 32.3,
      "investment_value_score": 49.5,
      "total_investment_index": 44.8,
      "investment_rating": 0.28305129766464243,
      "stability_score": 60,
      "investment_mark": "☆"
    },
    {
      "horse_number": 4,
      "name": "ラヴィーズドリーム",
      "popularity": 9,
      "odds": 23.4,
      "mark": "⭐︎",
      "score": 94.71,
      "track_aptitude": 0,
      "total_points": 67.80149085442244,
      "detail_points": {
        "score": 39.55149085442245,
        "bias": 7.05,