{
  "horses": [
    {
      "horse_number": 1,
      "name": "レイヤードレッド",
      "popularity": 4,
      "odds": 6.8,
      "mark": "◎",
      "score": 134.23,
      "track_aptitude": 2,
      "total_points": 92.14348913940061,
      "detail_points": {
        "score": 46.1334891394006,
        "bias": 15.0,
        "pace": 12.0,
        "3f": 9.0,
        "margin": 8.0,
        "track": 2.0100000000000002
      },
      "avg_margin": 0.49375,
      "race_name": "福島4R",
      "pred_prob_won": 0.16317465901374817,
      "pred_prob_in_top2": 0.1630150318145752,
      "pred_prob_in_top3": 0.4846235871315002,
      "score_z": 0.94734859574417,
      "上り3F平均": 36.04,
      "Ave-3F平均": 36.93,
      "PCI平均": 52.57,
      "-3F差平均": 0.4,
      "想定脚質": "先行",
      "track_bias_aptitude_score": 94.4,
      "investment_value_score": 65.4,
      "total_investment_index": 74.1,
      "investment_rating": 1.464263169169426,
      "stability_score": 90,
      "investment_mark": "◎"
    },
    {
      "horse_number": 3,
      "name": "マイネルトラオム",
      "popularity": 2,
      "odds": 4.3,
      "mark": "▲",
      "score": 142.48,
      "track_aptitude": 1,
      "total_points": 91.95893043717349,
      "detail_points": {
        "score": 48.9689304371735,
        "bias": 15.0,
        "pace": 12.0,
        "3f": 9.0,
        "margin": 6.0,
        "track": 0.99
      },
      "avg_margin": 0.6888888888888888,
      "race_name": "福島4R",
      "pred_prob_won": 0.23706966638565063,
      "pred_prob_in_top2": 0.17882323265075684,
      "pred_prob_in_top3": 0.5437210202217102,
      "score_z": 1.3837644417901849,
      "上り3F平均": 36.14,
      "Ave-3F平均": 37.28,
      "PCI平均": 53.24,
      "-3F差平均": 0.38,
      "想定脚質": "先行",
      "track_bias_aptitude_score": 88.9,
      "investment_value_score": 83.8,
      "total_investment_index": 84.3,
      "investment_rating": 1.199604907631874,
      "stability_score": 75,
      "investment_mark": "○"
    },
    {
      "horse_number": 10,
      "name": "コインアフレーズ",
      "popularity": 8,
      "odds": 33.7,
      "mark": "▲",
      "score": 123.76,
      "track_aptitude": 0,
      "total_points": 74.8150563651361,
      "detail_points": {
        "score": 42.5350563651361,
        "bias": 9.0,
        "pace": 8.28,
        "3f": 9.0,
        "margin": 6.0,
        "track": 0.0
      },
      "avg_margin": 1.0,
      "race_name": "福島4R",
      "pred_prob_won": 0.07825792729854583,
      "pred_prob_in_top2": 0.09716805070638657,
      "pred_prob_in_top3": 0.28217862248420716,
      "score_z": 0.39349721294395557,
      "上り3F平均": 35.67,
      "Ave-3F平均": 38.27,
      "PCI平均": 57.4,
      "-3F差平均": 0.77,
      "想定脚質": "中団",
      "track_bias_aptitude_score": 42.4,
      "investment_value_score": 39.1,
      "total_investment_index": 41.8,
      "investment_rating": 1.0853985282778742,
      "stability_score": 75,
      "investment_mark": "▲"
    },
    {
      "horse_number": 5,
      "name": "クレプスクルム",
      "popularity": 1,
      "odds": 3.2,
      "mark": "○",
      "score": 145.48,
      "track_aptitude": 0,
      "total_points": 92.0,
      "detail_points": {
        "score": 50.0,
        "bias": 15.0,
        "pace": 12.0,
        "3f": 7.0,
        "margin": 8.0,
        "track": 0.0
      },
      "avg_margin": 0.26000000000000006,
      "race_name": "福島4R",
      "pred_prob_won": 0.26164319217205045,
      "pred_prob_in_top2": 0.1745784044265747,
      "pred_prob_in_top3": 0.5754595160484314,
      "score_z": 1.5424611130796448,
      "上り3F平均": 36.0,
      "Ave-3F平均": 37.56,
      "PCI平均": 54.4,
      "-3F差平均": 0.23,
      "想定脚質": "先行",
      "track_bias_aptitude_score": 83.3,
      "investment_value_score": 100,
      "total_investment_index": 92.6,
      "investment_rating": 1.0235568869113922,
      "stability_score": 90,
      "investment_mark": "▲"
    },
    {
      "horse_number": 7,
      "name": "ムーンストラック",
      "popularity": 5,
      "odds": 9.2,
      "mark": "△",
      "score": 127.99,
      "track_aptitude": 0,
      "total_points": 66.26886444872147,
      "detail_points": {
        "score": 43.98886444872148,
        "bias": 3.0,
        "pace": 8.28,
        "3f": 7.0,
        "margin": 4.0,
        "track": 0.0
      },
      "avg_margin": 1.911111111111111,
      "race_name": "福島4R",
      "pred_prob_won": 0.0997356966137886,
      "pred_prob_in_top2": 0.09675852060317994,
      "pred_prob_in_top3": 0.328080952167511,
      "score_z": 0.6172595194620936,
      "上り3F平均": 38.44,
      "Ave-3F平均": 38.08,
      "PCI平均": 49.55,
      "-3F差平均": 0.89,
      "想定脚質": "後方",
      "track_bias_aptitude_score": 1,
      "investment_value_score": 51.9,
      "total_investment_index": 37.5,
      "investment_rating": 0.9763642847537994,
      "stability_score": 60,
      "investment_mark": "△"
    },
    {
      "horse_number": 12,
      "name": "ガーンディーヴァ",
      "popularity": 11,
      "odds": 49.1,
      "mark": "△",
      "score": 118.57,
      "track_aptitude": 2,
      "total_points": 73.04130602144626,
      "detail_points": {
        "score": 40.75130602144625,
        "bias": 9.0,
        "pace": 8.28,
        "3f": 9.0,
        "margin": 4.0,
        "track": 2.0100000000000002
      },
      "avg_margin": 1.0333333333333334,
      "race_name": "福島4R",
      "pred_prob_won": 0.046816439181566236,
      "pred_prob_in_top2": 0.059248785674571994,
      "pred_prob_in_top3": 0.1927666187286377,
      "score_z": 0.1189519716131892,
      "上り3F平均": 35.55,
      "Ave-3F平均": 37.03,
      "PCI平均": 54.27,
      "-3F差平均": 0.62,
      "想定脚質": "中団",
      "track_bias_aptitude_score": 53.5,
      "investment_value_score": 25.2,
      "total_investment_index": 36.4,
      "investment_rating": 0.7035796260833741,
      "stability_score": 60,
      "investment_mark": "△"
    },
    {
      "horse_number": 6,
      "name": "ヴィジョンメーカー",
      "popularity": 3,
      "odds": 4.8,
      "mark": "△",
      "score": 124.62,
      "track_aptitude": 0,
      "total_points": 67.11062963981304,
      "detail_points": {
        "score": 42.83062963981304,
        "bias": 3.0,
        "pace": 8.28,
        "3f": 7.0,
        "margin": 6.0,
        "track": 0.0
      },
      "avg_margin": 0.625,
      "race_name": "福島4R",
      "pred_prob_won": 0.06951563358306885,
      "pred_prob_in_top2": 0.08437336385250091,
      "pred_prob_in_top3": 0.24619882106781005,
      "score_z": 0.4389902587136007,
      "上り3F平均": 34.9,
      "Ave-3F平均": 38.16,
      "PCI平均": 59.45,
      "-3F差平均": 0.7,
      "想定脚質": "後方",
      "track_bias_aptitude_score": 1,
      "investment_value_score": 55.4,
      "total_investment_index": 39.3,
      "investment_rating": 0.4370759916305542,
      "stability_score": 75,
      "investment_mark": "☆"
    },
    {
      "horse_number": 9,
      "name": "マイネルボス",
      "popularity": 13,
      "odds": 56.9,
      "mark": "△",
      "score": 111.49,
      "track_aptitude": 1,
      "total_points": 61.5879818531757,
      "detail_points": {
        "score": 38.317981853175695,
        "bias": 3.0,
        "pace": 8.28,
        "3f": 7.0,
        "margin": 4.0,
        "track": 0.99
      },
      "avg_margin": 1.4714285714285715,
      "race_name": "福島4R",
      "pred_prob_won": 0.03408796042203903,
      "pred_prob_in_top2": 0.05053180605173111,
      "pred_prob_in_top3": 0.13946445286273956,
      "score_z": -0.2555721726299362,
      "上り3F平均": 36.49,
      "Ave-3F平均": 37.29,
      "PCI平均": 52.27,
      "-3F差平均": 0.89,
      "想定脚質": "後方",
      "track_bias_aptitude_score": 6.6,
      "investment_value_score": 15.3,
      "total_investment_index": 15.7,
      "investment_rating": 0.34123363047838207,
      "stability_score": 60,
      "investment_mark": "☆"
    },
    {
      "horse_number": 4,
      "name": "フライハイ",
      "popularity": 15,
      "odds": 95.4,
      "mark": "消",
      "score": 112.17,
      "track_aptitude": 0,
      "total_points": 60.831690954083044,
      "detail_points": {
        "score": 38.55169095408304,