{
  "horses": [
    {
      "horse_number": 5,
      "name": "カサビセンス",
      "popularity": 6,
      "odds": 15.8,
      "mark": "▲",
      "score": 126.3,
      "track_aptitude": 2,
      "total_points": 70.52817863397549,
      "detail_points": {
        "score": 44.23817863397548,
        "bias": 3.0,
        "pace": 8.28,
        "3f": 9.0,
        "margin": 4.0,
        "track": 2.0100000000000002
      },
      "avg_margin": 1.56,
      "race_name": "福島1R",
      "pred_prob_won": 0.13913376927375792,
      "pred_prob_in_top2": 0.13270139396190644,
      "pred_prob_in_top3": 0.3968289792537689,
      "score_z": 0.8476881054790576,
      "上り3F平均": 37.58,
      "Ave-3F平均": 37.92,
      "PCI平均": 50.96,
      "-3F差平均": 1.3,
      "想定脚質": "後方",
      "track_bias_aptitude_score": 12.1,
      "investment_value_score": 52.8,
      "total_investment_index": 41.7,
      "investment_rating": 1.4539863452315331,
      "stability_score": 60,
      "investment_mark": "◎"
    },
    {
      "horse_number": 8,
      "name": "エウテルペ",
      "popularity": 3,
      "odds": 4.6,
      "mark": "○",
      "score": 135.42,
      "track_aptitude": 2,
      "total_points": 75.77257443082313,
      "detail_points": {
        "score": 47.43257443082312,
        "bias": 7.05,
        "pace": 8.28,
        "3f": 7.0,
        "margin": 4.0,
        "track": 2.0100000000000002
      },
      "avg_margin": 1.0699999999999998,
      "race_name": "福島1R",
      "pred_prob_won": 0.21682920455932617,
      "pred_prob_in_top2": 0.18439254760742188,
      "pred_prob_in_top3": 0.5415169596672058,
      "score_z": 1.2964641613209114,
      "上り3F平均": 36.7,
      "Ave-3F平均": 36.68,
      "PCI平均": 50.18,
      "-3F差平均": 1.1,
      "想定脚質": "中団",
      "track_bias_aptitude_score": 41.2,
      "investment_value_score": 74.0,
      "total_investment_index": 63.9,
      "investment_rating": 1.4411576628685,
      "stability_score": 60,
      "investment_mark": "○"
    },
    {
      "horse_number": 12,
      "name": "リックメイン",
      "popularity": 1,
      "odds": 2.6,
      "mark": "◎",
      "score": 142.75,
      "track_aptitude": 2,
      "total_points": 92.01,
      "detail_points": {
        "score": 50.0,
        "bias": 15.0,
        "pace": 12.0,
        "3f": 7.0,
        "margin": 6.0,
        "track": 2.0100000000000002
      },
      "avg_margin": 0.6749999999999999,
      "race_name": "福島1R",
      "pred_prob_won": 0.29525144696235656,
      "pred_prob_in_top2": 0.1909474641084671,
      "pred_prob_in_top3": 0.6190736532211304,
      "score_z": 1.6571580746236303,
      "上り3F平均": 38.63,
      "Ave-3F平均": 37.69,
      "PCI平均": 47.93,
      "-3F差平均": 0.23,
      "想定脚質": "先行",
      "track_bias_aptitude_score": 94.5,
      "investment_value_score": 100,
      "total_investment_index": 96.1,
      "investment_rating": 1.1238694024086,
      "stability_score": 75,
      "investment_mark": "▲"
    },
    {
      "horse_number": 4,
      "name": "イザベルソレイユ",
      "popularity": 2,
      "odds": 4.4,
      "mark": "▲",
      "score": 129.76,
      "track_aptitude": 2,
      "total_points": 73.74008756567426,
      "detail_points": {
        "score": 45.45008756567425,
        "bias": 3.0,
        "pace": 8.28,
        "3f": 9.0,
        "margin": 6.0,
        "track": 2.0100000000000002
      },
      "avg_margin": 0.75,
      "race_name": "福島1R",
      "pred_prob_won": 0.1621299386024475,
      "pred_prob_in_top2": 0.14202980697155,
      "pred_prob_in_top3": 0.4505320191383362,
      "score_z": 1.0179474424541468,
      "上り3F平均": 36.35,
      "Ave-3F平均": 36.64,
      "PCI平均": 50.85,
      "-3F差平均": 1.15,
      "想定脚質": "後方",
      "track_bias_aptitude_score": 12.1,
      "investment_value_score": 76.8,
      "total_investment_index": 56.4,
      "investment_rating": 0.9340162545442581,
      "stability_score": 75,
      "investment_mark": "▲"
    },
    {
      "horse_number": 1,
      "name": "ドリームパンジャ",
      "popularity": 5,
      "odds": 10.8,
      "mark": "△",
      "score": 118.88,
      "track_aptitude": 1,
      "total_points": 68.95922942206654,
      "detail_points": {
        "score": 41.63922942206655,
        "bias": 7.05,
        "pace": 8.28,
        "3f": 7.0,
        "margin": 4.0,
        "track": 0.99
      },
      "avg_margin": 1.8200000000000003,
      "race_name": "福島1R",
      "pred_prob_won": 0.07064070105552674,
      "pred_prob_in_top2": 0.08463431298732757,
      "pred_prob_in_top3": 0.24630773961544036,
      "score_z": 0.4825654810989525,
      "上り3F平均": 38.06,
      "Ave-3F平均": 37.39,
      "PCI平均": 48.26,
      "-3F差平均": 1.38,
      "想定脚質": "中団",
      "track_bias_aptitude_score": 35.7,
      "investment_value_score": 45.9,
      "total_investment_index": 44.1,
      "investment_rating": 0.6083848282694817,
      "stability_score": 60,
      "investment_mark": "△"
    },
    {
      "horse_number": 7,
      "name": "サンマルレーヴ",
      "popularity": 8,
      "odds": 46.9,
      "mark": "△",
      "score": 115.75,
      "track_aptitude": 0,
      "total_points": 66.8229071803853,
      "detail_points": {
        "score": 40.54290718038529,
        "bias": 3.0,
        "pace": 8.28,
        "3f": 9.0,
        "margin": 6.0,
        "track": 0.0
      },
      "avg_margin": 1.0,
      "race_name": "福島1R",
      "pred_prob_won": 0.057450837641954425,
      "pred_prob_in_top2": 0.0678323671221733,
      "pred_prob_in_top3": 0.1984161078929901,
      "score_z": 0.3285447514076146,
      "上り3F平均": 37.2,
      "Ave-3F平均": 36.98,
      "PCI平均": 49.4,
      "-3F差平均": 1.3,
      "想定脚質": "後方",
      "track_bias_aptitude_score": 1,
      "investment_value_score": 32.8,
      "total_investment_index": 25.5,
      "investment_rating": 0.5702590635418893,
      "stability_score": 75,
      "investment_mark": "△"
    },
    {
      "horse_number": 2,
      "name": "ブラックモノリス",
      "popularity": 7,
      "odds": 32.3,
      "mark": "△",
      "score": 109.13,
      "track_aptitude": 0,
      "total_points": 66.55416812609457,
      "detail_points": {
        "score": 38.22416812609457,
        "bias": 7.05,
        "pace": 8.28,
        "3f": 9.0,
        "margin": 4.0,
        "track": 0.0
      },
      "avg_margin": 1.85,
      "race_name": "福島1R",
      "pred_prob_won": 0.03343173041939736,
      "pred_prob_in_top2": 0.05771184340119362,
      "pred_prob_in_top3": 0.14518194496631623,
      "score_z": 0.0027884477153911997,
      "上り3F平均": 37.4,
      "Ave-3F平均": 37.08,
      "PCI平均": 49.35,
      "-3F差平均": 0.55,
      "想定脚質": "中団",
      "track_bias_aptitude_score": 30.1,
      "investment_value_score": 28.6,
      "total_investment_index": 31.2,
      "investment_rating": 0.2130188918113709,
      "stability_score": 60,
      "investment_mark": "☆"
    },
    {
      "horse_number": 11,
      "name": "ノースカトレア",
      "popularity": 4,
      "odds": 7.1,
      "mark": "⭐︎",
      "score": 112.35,
      "track_aptitude": 0,
      "total_points": 63.68201401050788,
      "detail_points": {
        "score": 39.35201401050788,
        "bias": 7.05,
        "pace": 8.28,
        "3f": 7.0,
        "margin": 2.0,
        "track": 0.0
      },
      "avg_margin": 2.2333333333333334,
      "race_name": "福島1R",
      "pred_prob_won": 0.036169982701539996,
      "pred_prob_in_top2": 0.05354990065097809,
      "pred_prob_in_top3": 0.13852669894695283,
      "score_z": 0.161237888484116,
      "上り3F平均": 40.23,
      "Ave-3F平均": 38.78,
      "PCI平均": 46.37,
      "-3F差平均": 1.03,
      "想定脚質": "中団",
      "track_bias_aptitude_score": 30.1,
      "investment_value_score": 38.3,
      "total_investment_index": 37.3,
      "investment_rating": 0.09718046084046372,
      "stability_score": 45,
      "investment_mark": "×"
    },
    {
      "horse_number": 10,
      "name": "ミルキーハニー",
      "popularity": 10,
      "odds": 59.9,
      "mark": "⭐︎",
      "score": 105.21,
      "track_aptitude": 1,
      "total_points": 64.17113835376531,