{
  "horses": [
    {
      "horse_number": 13,
      "name": "キューティリップ",
      "popularity": 6,
      "odds": 15.1,
      "mark": "○",
      "score": 126.82,
      "track_aptitude": 1,
      "total_points": 82.61915523861767,
      "detail_points": {
        "score": 43.479155238617665,
        "bias": 10.95,
        "pace": 10.2,
        "3f": 9.0,
        "margin": 8.0,
        "track": 0.99
      },
      "avg_margin": 0.39285714285714285,
      "race_name": "福島9R",
      "pred_prob_won": 0.12608727365732192,
      "pred_prob_in_top2": 0.1438397914171219,
      "pred_prob_in_top3": 0.41046683192253114,
      "score_z": 0.7926685813565861,
      "上り3F平均": 35.04,
      "Ave-3F平均": 37.03,
      "PCI平均": 56.03,
      "-3F差平均": 0.74,
      "想定脚質": "中団",
      "track_bias_aptitude_score": 64.4,
      "investment_value_score": 51.2,
      "total_investment_index": 56.4,
      "investment_rating": 1.4639041844010354,
      "stability_score": 90,
      "investment_mark": "◎"
    },
    {
      "horse_number": 8,
      "name": "マリアイリダータ",
      "popularity": 1,
      "odds": 2.5,
      "mark": "◎",
      "score": 145.84,
      "track_aptitude": 2,
      "total_points": 91.16000000000001,
      "detail_points": {
        "score": 50.0,
        "bias": 10.95,
        "pace": 10.2,
        "3f": 9.0,
        "margin": 9.0,
        "track": 2.0100000000000002
      },
      "avg_margin": 0.025,
      "race_name": "福島9R",
      "pred_prob_won": 0.33022421002388,
      "pred_prob_in_top2": 0.18175148963928223,
      "pred_prob_in_top3": 0.6578686833381653,
      "score_z": 2.371111308474487,
      "上り3F平均": 33.65,
      "Ave-3F平均": 36.65,
      "PCI平均": 58.9,
      "-3F差平均": 0.6,
      "想定脚質": "中団",
      "track_bias_aptitude_score": 71.8,
      "investment_value_score": 100,
      "total_investment_index": 90.5,
      "investment_rating": 1.1788848400115968,
      "stability_score": 90,
      "investment_mark": "○"
    },
    {
      "horse_number": 11,
      "name": "フォーカルフラワー",
      "popularity": 4,
      "odds": 7.8,
      "mark": "▲",
      "score": 123.67,
      "track_aptitude": 1,
      "total_points": 81.63920460778935,
      "detail_points": {
        "score": 42.39920460778936,
        "bias": 13.05,
        "pace": 10.2,
        "3f": 9.0,
        "margin": 6.0,
        "track": 0.99
      },
      "avg_margin": 0.585,
      "race_name": "福島9R",
      "pred_prob_won": 0.09259141683578491,
      "pred_prob_in_top2": 0.10303803831338883,
      "pred_prob_in_top3": 0.30866392850875857,
      "score_z": 0.531254565035799,
      "上り3F平均": 35.18,
      "Ave-3F平均": 35.86,
      "PCI平均": 51.96,
      "-3F差平均": 0.67,
      "想定脚質": "先行",
      "track_bias_aptitude_score": 85.3,
      "investment_value_score": 52.3,
      "total_investment_index": 62.9,
      "investment_rating": 0.7000889104604722,
      "stability_score": 75,
      "investment_mark": "△"
    },
    {
      "horse_number": 5,
      "name": "ディバイングレース",
      "popularity": 7,
      "odds": 15.8,
      "mark": "⭐︎",
      "score": 122.29,
      "track_aptitude": 0,
      "total_points": 68.20608337904554,
      "detail_points": {
        "score": 41.92608337904553,
        "bias": 3.0,
        "pace": 8.28,
        "3f": 9.0,
        "margin": 6.0,
        "track": 0.0
      },
      "avg_margin": 0.5944444444444444,
      "race_name": "福島9R",
      "pred_prob_won": 0.057956486195325854,
      "pred_prob_in_top2": 0.06999320834875107,
      "pred_prob_in_top3": 0.20662045776844024,
      "score_z": 0.4167303293143115,
      "上り3F平均": 34.68,
      "Ave-3F平均": 35.86,
      "PCI平均": 53.49,
      "-3F差平均": 1.19,
      "想定脚質": "後方",
      "track_bias_aptitude_score": 1,
      "investment_value_score": 35.4,
      "total_investment_index": 27.2,
      "investment_rating": 0.4777366092801095,
      "stability_score": 75,
      "investment_mark": "△"
    },
    {
      "horse_number": 1,
      "name": "コスモイシュタル",
      "popularity": 2,
      "odds": 5.0,
      "mark": "▲",
      "score": 121.73,
      "track_aptitude": 2,
      "total_points": 81.99409215578717,
      "detail_points": {
        "score": 41.73409215578717,
        "bias": 13.05,
        "pace": 10.2,
        "3f": 9.0,
        "margin": 6.0,
        "track": 2.0100000000000002
      },
      "avg_margin": 0.6142857142857142,
      "race_name": "福島9R",
      "pred_prob_won": 0.08167083412408829,
      "pred_prob_in_top2": 0.09326581358909607,
      "pred_prob_in_top3": 0.2867282569408417,
      "score_z": 0.3702567264128379,
      "上り3F平均": 35.11,
      "Ave-3F平均": 36.64,
      "PCI平均": 54.39,
      "-3F差平均": 0.53,
      "想定脚質": "先行",
      "track_bias_aptitude_score": 92.6,
      "investment_value_score": 62.3,
      "total_investment_index": 70.8,
      "investment_rating": 0.39584835797548296,
      "stability_score": 75,
      "investment_mark": "☆"
    },
    {
      "horse_number": 2,
      "name": "ガラク",
      "popularity": 5,
      "odds": 13.7,
      "mark": "⭐︎",
      "score": 122.55,
      "track_aptitude": 1,
      "total_points": 69.20522216127262,
      "detail_points": {
        "score": 42.015222161272625,
        "bias": 3.0,
        "pace": 10.2,
        "3f": 4.0,
        "margin": 9.0,
        "track": 0.99
      },
      "avg_margin": 0.175,
      "race_name": "福島9R",
      "pred_prob_won": 0.0646610900759697,
      "pred_prob_in_top2": 0.0734396830201149,
      "pred_prob_in_top3": 0.21257602274417878,
      "score_z": 0.4383073592328519,
      "上り3F平均": 37.6,
      "Ave-3F平均": 36.98,
      "PCI平均": 48.42,
      "-3F差平均": 0.8,
      "想定脚質": "逃げ",
      "track_bias_aptitude_score": 13.2,
      "investment_value_score": 41.7,
      "total_investment_index": 34.7,
      "investment_rating": 0.37784970462322237,
      "stability_score": 90,
      "investment_mark": "☆"
    },
    {
      "horse_number": 7,
      "name": "クイーンズワーフ",
      "popularity": 9,
      "odds": 26.7,
      "mark": "△",
      "score": 114.46,
      "track_aptitude": 1,
      "total_points": 76.48163466812946,
      "detail_points": {
        "score": 39.24163466812946,
        "bias": 13.05,
        "pace": 10.2,
        "3f": 9.0,
        "margin": 4.0,
        "track": 0.99
      },
      "avg_margin": 1.025,
      "race_name": "福島9R",
      "pred_prob_won": 0.0344671729952097,
      "pred_prob_in_top2": 0.04860185086727142,
      "pred_prob_in_top3": 0.1429668128490448,
      "score_z": -0.23307022554021928,
      "上り3F平均": 36.18,
      "Ave-3F平均": 36.07,
      "PCI平均": 49.75,
      "-3F差平均": 0.33,
      "想定脚質": "先行",
      "track_bias_aptitude_score": 85.3,
      "investment_value_score": 23.4,
      "total_investment_index": 44.2,
      "investment_rating": 0.1721743273735047,
      "stability_score": 60,
      "investment_mark": "×"
    },
    {
      "horse_number": 3,
      "name": "ミラーダカリエンテ",
      "popularity": 8,
      "odds": 18.2,
      "mark": "△",
      "score": 114.8,
      "track_aptitude": 2,
      "total_points": 79.6182007679649,
      "detail_points": {
        "score": 39.35820076796489,
        "bias": 13.05,
        "pace": 10.2,
        "3f": 9.0,
        "margin": 6.0,
        "track": 2.0100000000000002
      },
      "avg_margin": 0.8812500000000001,
      "race_name": "福島9R",
      "pred_prob_won": 0.03514917828142643,
      "pred_prob_in_top2": 0.04928625747561455,
      "pred_prob_in_top3": 0.139937824010849,
      "score_z": -0.20485410949289587,
      "上り3F平均": 35.34,
      "Ave-3F平均": 36.21,
      "PCI平均": 52.6,
      "-3F差平均": 0.7,
      "想定脚質": "先行",
      "track_bias_aptitude_score": 92.6,
      "investment_value_score": 25.0,
      "total_investment_index": 47.4,
      "investment_rating": 0.12461140006780624,
      "stability_score": 75,
      "investment_mark": "×"
    },
    {
      "horse_number": 12,
      "name": "ニシノクードクール",
      "popularity": 11,
      "odds": 39.3,
      "mark": "△",
      "score": 111.88,
      "track_aptitude": 0,
      "total_points": 74.50710367526055,