{
  "horses": [
    {
      "horse_number": 16,
      "name": "ブルーメサイア",
      "popularity": 7,
      "odds": 19.0,
      "mark": "◎",
      "score": 124.16,
      "track_aptitude": 1,
      "total_points": 84.28753103640675,
      "detail_points": {
        "score": 43.29753103640675,
        "bias": 15.0,
        "pace": 12.0,
        "3f": 7.0,
        "margin": 6.0,
        "track": 0.99
      },
      "avg_margin": 0.9400000000000001,
      "race_name": "福島4R",
      "pred_prob_won": 0.11353880912065506,
      "pred_prob_in_top2": 0.11074907779693603,
      "pred_prob_in_top3": 0.35212581157684325,
      "score_z": 0.554398577053077,
      "上り3F平均": 36.24,
      "Ave-3F平均": 37.15,
      "PCI平均": 52.52,
      "-3F差平均": 1.12,
      "想定脚質": "先行",
      "track_bias_aptitude_score": 88.9,
      "investment_value_score": 49.1,
      "total_investment_index": 62.1,
      "investment_rating": 1.4042982542514801,
      "stability_score": 75,
      "investment_mark": "◎"
    },
    {
      "horse_number": 11,
      "name": "オリオアルセーリオ",
      "popularity": 4,
      "odds": 9.6,
      "mark": "▲",
      "score": 132.2,
      "track_aptitude": 0,
      "total_points": 78.38126935416376,
      "detail_points": {
        "score": 46.10126935416376,
        "bias": 9.0,
        "pace": 8.28,
        "3f": 9.0,
        "margin": 6.0,
        "track": 0.0
      },
      "avg_margin": 0.8333333333333334,
      "race_name": "福島4R",
      "pred_prob_won": 0.1624846488237381,
      "pred_prob_in_top2": 0.1531513065099716,
      "pred_prob_in_top3": 0.4603217363357544,
      "score_z": 1.055895187362533,
      "上り3F平均": 34.87,
      "Ave-3F平均": 37.73,
      "PCI平均": 58.23,
      "-3F差平均": 1.0,
      "想定脚質": "中団",
      "track_bias_aptitude_score": 42.4,
      "investment_value_score": 65.9,
      "total_investment_index": 59.0,
      "investment_rating": 1.3952547717094421,
      "stability_score": 75,
      "investment_mark": "○"
    },
    {
      "horse_number": 3,
      "name": "イフルジャンス",
      "popularity": 1,
      "odds": 2.2,
      "mark": "○",
      "score": 143.38,
      "track_aptitude": 0,
      "total_points": 84.28,
      "detail_points": {
        "score": 50.0,
        "bias": 9.0,
        "pace": 8.28,
        "3f": 9.0,
        "margin": 8.0,
        "track": 0.0
      },
      "avg_margin": 0.34375,
      "race_name": "福島4R",
      "pred_prob_won": 0.28354324102401735,
      "pred_prob_in_top2": 0.1842845767736435,
      "pred_prob_in_top3": 0.6009923577308655,
      "score_z": 1.753249926573942,
      "上り3F平均": 34.79,
      "Ave-3F平均": 37.45,
      "PCI平均": 57.74,
      "-3F差平均": 0.73,
      "想定脚質": "中団",
      "track_bias_aptitude_score": 42.4,
      "investment_value_score": 100,
      "total_investment_index": 80.6,
      "investment_rating": 1.1022328048944472,
      "stability_score": 90,
      "investment_mark": "▲"
    },
    {
      "horse_number": 15,
      "name": "ガーンディーヴァ",
      "popularity": 11,
      "odds": 39.5,
      "mark": "△",
      "score": 121.58,
      "track_aptitude": 2,
      "total_points": 76.6878239642907,
      "detail_points": {
        "score": 42.3978239642907,
        "bias": 9.0,
        "pace": 8.28,
        "3f": 9.0,
        "margin": 6.0,
        "track": 2.0100000000000002
      },
      "avg_margin": 0.9714285714285714,
      "race_name": "福島4R",
      "pred_prob_won": 0.06352808997035027,
      "pred_prob_in_top2": 0.07649333775043488,
      "pred_prob_in_top3": 0.2351316034793854,
      "score_z": 0.3934705603119829,
      "上り3F平均": 35.49,
      "Ave-3F平均": 37.11,
      "PCI平均": 54.67,
      "-3F差平均": 0.63,
      "想定脚質": "中団",
      "track_bias_aptitude_score": 53.5,
      "investment_value_score": 33.8,
      "total_investment_index": 42.0,
      "investment_rating": 1.0722699269652367,
      "stability_score": 75,
      "investment_mark": "▲"
    },
    {
      "horse_number": 12,
      "name": "ヴォルヴァ",
      "popularity": 2,
      "odds": 5.3,
      "mark": "⭐︎",
      "score": 128.63,
      "track_aptitude": 2,
      "total_points": 71.14632584739853,
      "detail_points": {
        "score": 44.85632584739852,
        "bias": 3.0,
        "pace": 8.28,
        "3f": 7.0,
        "margin": 6.0,
        "track": 2.0100000000000002
      },
      "avg_margin": 0.9299999999999999,
      "race_name": "福島4R",
      "pred_prob_won": 0.12436247766017913,
      "pred_prob_in_top2": 0.10521745681762695,
      "pred_prob_in_top3": 0.3431640684604645,
      "score_z": 0.8332157223370659,
      "上り3F平均": 35.86,
      "Ave-3F平均": 36.87,
      "PCI平均": 52.96,
      "-3F差平均": 0.84,
      "想定脚質": "後方",
      "track_bias_aptitude_score": 12.1,
      "investment_value_score": 72.1,
      "total_investment_index": 53.3,
      "investment_rating": 0.6608593916893006,
      "stability_score": 75,
      "investment_mark": "△"
    },
    {
      "horse_number": 8,
      "name": "レイーナアスール",
      "popularity": 12,
      "odds": 50.3,
      "mark": "▲",
      "score": 112.44,
      "track_aptitude": 1,
      "total_points": 80.20048960803459,
      "detail_points": {
        "score": 39.21048960803459,
        "bias": 15.0,
        "pace": 12.0,
        "3f": 9.0,
        "margin": 4.0,
        "track": 0.99
      },
      "avg_margin": 1.9,
      "race_name": "福島4R",
      "pred_prob_won": 0.04009348899126053,
      "pred_prob_in_top2": 0.05765239745378494,
      "pred_prob_in_top3": 0.1694314658641815,
      "score_z": -0.1766387703134441,
      "上り3F平均": 38.97,
      "Ave-3F平均": 37.2,
      "PCI平均": 45.6,
      "-3F差平均": 0.37,
      "想定脚質": "先行",
      "track_bias_aptitude_score": 88.9,
      "investment_value_score": 25.2,
      "total_investment_index": 46.5,
      "investment_rating": 0.6062811666727066,
      "stability_score": 60,
      "investment_mark": "△"
    },
    {
      "horse_number": 7,
      "name": "ポッポノフェスタ",
      "popularity": 3,
      "odds": 9.1,
      "mark": "△",
      "score": 122.96,
      "track_aptitude": 0,
      "total_points": 75.15906263077137,
      "detail_points": {
        "score": 42.87906263077137,
        "bias": 9.0,
        "pace": 8.28,
        "3f": 9.0,
        "margin": 6.0,
        "track": 0.0
      },
      "avg_margin": 0.6,
      "race_name": "福島4R",
      "pred_prob_won": 0.07348823696374893,
      "pred_prob_in_top2": 0.08864607363939285,
      "pred_prob_in_top3": 0.26896933317184446,
      "score_z": 0.4795483367083819,
      "上り3F平均": 36.17,
      "Ave-3F平均": 37.91,
      "PCI平均": 54.87,
      "-3F差平均": 0.7,
      "想定脚質": "中団",
      "track_bias_aptitude_score": 42.4,
      "investment_value_score": 59.0,
      "total_investment_index": 53.9,
      "investment_rating": 0.5510472661256789,
      "stability_score": 75,
      "investment_mark": "☆"
    },
    {
      "horse_number": 9,
      "name": "ヴィラスターリ",
      "popularity": 5,
      "odds": 12.0,
      "mark": "△",
      "score": 119.57,
      "track_aptitude": 0,
      "total_points": 71.97688938485145,
      "detail_points": {
        "score": 41.696889384851445,
        "bias": 9.0,
        "pace": 8.28,
        "3f": 9.0,
        "margin": 4.0,
        "track": 0.0
      },
      "avg_margin": 1.2214285714285715,
      "race_name": "福島4R",
      "pred_prob_won": 0.05321784242987633,
      "pred_prob_in_top2": 0.07516824305057526,
      "pred_prob_in_top3": 0.21050757467746734,
      "score_z": 0.26809640773461846,
      "上り3F平均": 39.01,
      "Ave-3F平均": 37.97,
      "PCI平均": 47.73,
      "-3F差平均": 0.48,
      "想定脚質": "中団",
      "track_bias_aptitude_score": 42.4,
      "investment_value_score": 45.0,
      "total_investment_index": 45.2,
      "investment_rating": 0.4867587073147297,
      "stability_score": 60,
      "investment_mark": "☆"
    },
    {
      "horse_number": 5,
      "name": "リースアンドリボン",
      "popularity": 13,
      "odds": 52.6,
      "mark": "×",
      "score": 115.48,
      "track_aptitude": 0,
      "total_points": 64.55060956897755,