{
  "horses": [
    {
      "horse_number": 5,
      "name": "ミートザターゲット",
      "popularity": 8,
      "odds": 16.8,
      "mark": "▲",
      "score": 108.23,
      "track_aptitude": 0,
      "total_points": 83.34474013514641,
      "detail_points": {
        "score": 45.144740135146414,
        "bias": 15.0,
        "pace": 10.2,
        "3f": 9.0,
        "margin": 4.0,
        "track": 0.0
      },
      "avg_margin": 1.34,
      "race_name": "福島6R",
      "pred_prob_won": 0.11131240874528885,
      "pred_prob_in_top2": 0.1018039420247078,
      "pred_prob_in_top3": 0.3227947235107422,
      "score_z": 0.8279673349512481,
      "上り3F平均": 37.96,
      "Ave-3F平均": 36.47,
      "PCI平均": 46.18,
      "-3F差平均": 0.52,
      "想定脚質": "先行",
      "track_bias_aptitude_score": 81.5,
      "investment_value_score": 50.1,
      "total_investment_index": 60.9,
      "investment_rating": 1.3690478134155273,
      "stability_score": 60,
      "investment_mark": "◎"
    },
    {
      "horse_number": 16,
      "name": "ピーターライズ",
      "popularity": 2,
      "odds": 5.8,
      "mark": "○",
      "score": 116.77,
      "track_aptitude": 0,
      "total_points": 86.9069325102194,
      "detail_points": {
        "score": 48.7069325102194,
        "bias": 15.0,
        "pace": 10.2,
        "3f": 7.0,
        "margin": 6.0,
        "track": 0.0
      },
      "avg_margin": 1.0,
      "race_name": "福島6R",
      "pred_prob_won": 0.1712013453245163,
      "pred_prob_in_top2": 0.15590096414089202,
      "pred_prob_in_top3": 0.4606252253055573,
      "score_z": 1.1976361908123718,
      "上り3F平均": 37.27,
      "Ave-3F平均": 36.76,
      "PCI平均": 48.87,
      "-3F差平均": 1.03,
      "想定脚質": "先行",
      "track_bias_aptitude_score": 81.5,
      "investment_value_score": 84.2,
      "total_investment_index": 82.0,
      "investment_rating": 0.9897506308555604,
      "stability_score": 75,
      "investment_mark": "○"
    },
    {
      "horse_number": 13,
      "name": "アイドル",
      "popularity": 3,
      "odds": 6.0,
      "mark": "▲",
      "score": 111.34,
      "track_aptitude": 1,
      "total_points": 85.6319788103779,
      "detail_points": {
        "score": 46.44197881037791,
        "bias": 15.0,
        "pace": 10.2,
        "3f": 7.0,
        "margin": 6.0,
        "track": 0.99
      },
      "avg_margin": 0.5583333333333333,
      "race_name": "福島6R",
      "pred_prob_won": 0.13366493284702302,
      "pred_prob_in_top2": 0.12824279963970184,
      "pred_prob_in_top3": 0.3731149137020111,
      "score_z": 0.9625891314065286,
      "上り3F平均": 36.37,
      "Ave-3F平均": 35.39,
      "PCI平均": 47.47,
      "-3F差平均": 0.26,
      "想定脚質": "先行",
      "track_bias_aptitude_score": 87.7,
      "investment_value_score": 71.5,
      "total_investment_index": 75.8,
      "investment_rating": 0.8999349609017372,
      "stability_score": 75,
      "investment_mark": "▲"
    },
    {
      "horse_number": 1,
      "name": "キタノライブリー",
      "popularity": 1,
      "odds": 3.7,
      "mark": "◎",
      "score": 119.87,
      "track_aptitude": 0,
      "total_points": 90.2,
      "detail_points": {
        "score": 50.0,
        "bias": 15.0,
        "pace": 10.2,
        "3f": 9.0,
        "margin": 6.0,
        "track": 0.0
      },
      "avg_margin": 0.8699999999999999,
      "race_name": "福島6R",
      "pred_prob_won": 0.21600964963436126,
      "pred_prob_in_top2": 0.15779585242271424,
      "pred_prob_in_top3": 0.509769731760025,
      "score_z": 1.331825119754935,
      "上り3F平均": 37.73,
      "Ave-3F平均": 35.72,
      "PCI平均": 44.76,
      "-3F差平均": 0.79,
      "想定脚質": "先行",
      "track_bias_aptitude_score": 81.5,
      "investment_value_score": 100,
      "total_investment_index": 91.7,
      "investment_rating": 0.8969818964600563,
      "stability_score": 75,
      "investment_mark": "▲"
    },
    {
      "horse_number": 7,
      "name": "ビレッジルミエール",
      "popularity": 9,
      "odds": 27.7,
      "mark": "△",
      "score": 102.01,
      "track_aptitude": 0,
      "total_points": 80.7502627846834,
      "detail_points": {
        "score": 42.550262784683405,
        "bias": 15.0,
        "pace": 10.2,
        "3f": 9.0,
        "margin": 4.0,
        "track": 0.0
      },
      "avg_margin": 1.295,
      "race_name": "福島6R",
      "pred_prob_won": 0.06765598803758621,
      "pred_prob_in_top2": 0.06969347149133683,
      "pred_prob_in_top3": 0.22378437519073485,
      "score_z": 0.5587237420406869,
      "上り3F平均": 38.01,
      "Ave-3F平均": 36.14,
      "PCI平均": 45.33,
      "-3F差平均": 0.64,
      "想定脚質": "先行",
      "track_bias_aptitude_score": 81.5,
      "investment_value_score": 40.4,
      "total_investment_index": 54.6,
      "investment_rating": 0.8381660950183868,
      "stability_score": 60,
      "investment_mark": "△"
    },
    {
      "horse_number": 11,
      "name": "リネンプリンセス",
      "popularity": 7,
      "odds": 12.4,
      "mark": "△",
      "score": 94.55,
      "track_aptitude": 0,
      "total_points": 69.68855843830816,
      "detail_points": {
        "score": 39.43855843830816,
        "bias": 7.05,
        "pace": 10.2,
        "3f": 7.0,
        "margin": 6.0,
        "track": 0.0
      },
      "avg_margin": 0.925,
      "race_name": "福島6R",
      "pred_prob_won": 0.043528659641742705,
      "pred_prob_in_top2": 0.0667629897594452,
      "pred_prob_in_top3": 0.17394877076148987,
      "score_z": 0.23580457755310025,
      "上り3F平均": 36.35,
      "Ave-3F平均": 36.62,
      "PCI平均": 50.92,
      "-3F差平均": 1.3,
      "想定脚質": "中団",
      "track_bias_aptitude_score": 32.3,
      "investment_value_score": 39.3,
      "total_investment_index": 38.7,
      "investment_rating": 0.4154156777262687,
      "stability_score": 75,
      "investment_mark": "☆"
    },
    {
      "horse_number": 8,
      "name": "キチロクキャップ",
      "popularity": 5,
      "odds": 10.3,
      "mark": "消",
      "score": 98.62,
      "track_aptitude": 0,
      "total_points": 63.416230916826564,
      "detail_points": {
        "score": 41.13623091682656,
        "bias": 3.0,
        "pace": 8.28,
        "3f": 7.0,
        "margin": 4.0,
        "track": 0.0
      },
      "avg_margin": 1.3499999999999999,
      "race_name": "福島6R",
      "pred_prob_won": 0.044901734590530394,
      "pred_prob_in_top2": 0.05993327796459198,
      "pred_prob_in_top3": 0.16694685816764832,
      "score_z": 0.4119816552293038,
      "上り3F平均": 37.2,
      "Ave-3F平均": 36.84,
      "PCI平均": 49.1,
      "-3F差平均": 0.93,
      "想定脚質": "後方",
      "track_bias_aptitude_score": 1,
      "investment_value_score": 45.1,
      "total_investment_index": 33.0,
      "investment_rating": 0.29291351884603506,
      "stability_score": 60,
      "investment_mark": "☆"
    },
    {
      "horse_number": 6,
      "name": "エスシーレベッカ",
      "popularity": 4,
      "odds": 10.2,
      "mark": "△",
      "score": 95.34,
      "track_aptitude": 0,
      "total_points": 70.01808208892967,
      "detail_points": {
        "score": 39.768082088929674,
        "bias": 7.05,
        "pace": 10.2,
        "3f": 9.0,
        "margin": 4.0,
        "track": 0.0
      },
      "avg_margin": 1.9000000000000001,
      "race_name": "福島6R",
      "pred_prob_won": 0.04643178954720497,
      "pred_prob_in_top2": 0.07020614594221115,
      "pred_prob_in_top3": 0.17480973303318023,
      "score_z": 0.2700011110578181,
      "上り3F平均": 38.9,
      "Ave-3F平均": 35.89,
      "PCI平均": 42.33,
      "-3F差平均": 0.7,
      "想定脚質": "中団",
      "track_bias_aptitude_score": 32.3,
      "investment_value_score": 49.4,
      "total_investment_index": 44.8,
      "investment_rating": 0.281757958829403,
      "stability_score": 60,
      "investment_mark": "☆"
    },
    {
      "horse_number": 4,
      "name": "ラヴィーズドリーム",
      "popularity": 6,
      "odds": 10.6,
      "mark": "×",
      "score": 94.0,
      "track_aptitude": 0,
      "total_points": 67.45914323850837,
      "detail_points": {
        "score": 39.20914323850838,
        "bias": 7.05,