{
  "horses": [
    {
      "horse_number": 9,
      "name": "シェーンシュティア",
      "popularity": 3,
      "odds": 4.9,
      "mark": "◎",
      "score": 130.11,
      "track_aptitude": 2,
      "total_points": 94.43655099511555,
      "detail_points": {
        "score": 47.426550995115555,
        "bias": 15.0,
        "pace": 12.0,
        "3f": 9.0,
        "margin": 9.0,
        "track": 2.0100000000000002
      },
      "avg_margin": 0.18333333333333335,
      "race_name": "福島9R",
      "pred_prob_won": 0.15662544667720796,
      "pred_prob_in_top2": 0.1337481051683426,
      "pred_prob_in_top3": 0.42954395413398744,
      "score_z": 0.8337140015153712,
      "上り3F平均": 34.1,
      "Ave-3F平均": 37.26,
      "PCI平均": 59.3,
      "-3F差平均": 0.6,
      "想定脚質": "先行",
      "track_bias_aptitude_score": 93.5,
      "investment_value_score": 68.7,
      "total_investment_index": 75.7,
      "investment_rating": 0.9178354325890542,
      "stability_score": 90,
      "investment_mark": "◎"
    },
    {
      "horse_number": 5,
      "name": "タッチアンドムーブ",
      "popularity": 5,
      "odds": 11.7,
      "mark": "△",
      "score": 129.13,
      "track_aptitude": 2,
      "total_points": 87.02933002843189,
      "detail_points": {
        "score": 47.06933002843188,
        "bias": 10.95,
        "pace": 12.0,
        "3f": 7.0,
        "margin": 8.0,
        "track": 2.0100000000000002
      },
      "avg_margin": 0.43333333333333335,
      "race_name": "福島9R",
      "pred_prob_won": 0.11254707425832748,
      "pred_prob_in_top2": 0.11990762352943421,
      "pred_prob_in_top3": 0.34881930947303774,
      "score_z": 0.7420970782719222,
      "上り3F平均": 34.87,
      "Ave-3F平均": 36.49,
      "PCI平均": 54.72,
      "-3F差平均": 1.05,
      "想定脚質": "中団",
      "track_bias_aptitude_score": 65.9,
      "investment_value_score": 53.9,
      "total_investment_index": 58.3,
      "investment_rating": 0.9068917199969293,
      "stability_score": 90,
      "investment_mark": "○"
    },
    {
      "horse_number": 7,
      "name": "ルトンワージ",
      "popularity": 1,
      "odds": 2.8,
      "mark": "▲",
      "score": 137.17,
      "track_aptitude": 2,
      "total_points": 91.96000000000001,
      "detail_points": {
        "score": 50.0,
        "bias": 10.95,
        "pace": 12.0,
        "3f": 9.0,
        "margin": 8.0,
        "track": 2.0100000000000002
      },
      "avg_margin": 0.35625000000000007,
      "race_name": "福島9R",
      "pred_prob_won": 0.23281914591789246,
      "pred_prob_in_top2": 0.18336824774742128,
      "pred_prob_in_top3": 0.5510471940040589,
      "score_z": 1.493729795493673,
      "上り3F平均": 34.58,
      "Ave-3F平均": 36.43,
      "PCI平均": 55.43,
      "-3F差平均": 0.79,
      "想定脚質": "中団",
      "track_bias_aptitude_score": 65.9,
      "investment_value_score": 100,
      "total_investment_index": 87.3,
      "investment_rating": 0.8551703447103501,
      "stability_score": 90,
      "investment_mark": "▲"
    },
    {
      "horse_number": 4,
      "name": "ヤマニンエイドロン",
      "popularity": 2,
      "odds": 4.9,
      "mark": "○",
      "score": 127.97,
      "track_aptitude": 2,
      "total_points": 92.65649704745937,
      "detail_points": {
        "score": 46.64649704745936,
        "bias": 15.0,
        "pace": 12.0,
        "3f": 9.0,
        "margin": 8.0,
        "track": 2.0100000000000002
      },
      "avg_margin": 0.3125,
      "race_name": "福島9R",
      "pred_prob_won": 0.11260385364294052,
      "pred_prob_in_top2": 0.1274220272898674,
      "pred_prob_in_top3": 0.3735769152641296,
      "score_z": 0.6336525568817196,
      "上り3F平均": 35.12,
      "Ave-3F平均": 36.84,
      "PCI平均": 54.92,
      "-3F差平均": 0.3,
      "想定脚質": "先行",
      "track_bias_aptitude_score": 93.5,
      "investment_value_score": 73.1,
      "total_investment_index": 78.0,
      "investment_rating": 0.5580884373188019,
      "stability_score": 90,
      "investment_mark": "△"
    },
    {
      "horse_number": 2,
      "name": "ゲンジ",
      "popularity": 7,
      "odds": 12.8,
      "mark": "▲",
      "score": 120.28,
      "track_aptitude": 2,
      "total_points": 87.85340599256399,
      "detail_points": {
        "score": 43.84340599256398,
        "bias": 15.0,
        "pace": 12.0,
        "3f": 9.0,
        "margin": 6.0,
        "track": 2.0100000000000002
      },
      "avg_margin": 0.5700000000000001,
      "race_name": "福島9R",
      "pred_prob_won": 0.0545936606824398,
      "pred_prob_in_top2": 0.07007496654987336,
      "pred_prob_in_top3": 0.22136523425579072,
      "score_z": -0.0852598306102291,
      "上り3F平均": 35.66,
      "Ave-3F平均": 36.21,
      "PCI平均": 51.66,
      "-3F差平均": 0.3,
      "想定脚質": "先行",
      "track_bias_aptitude_score": 93.5,
      "investment_value_score": 35.5,
      "total_investment_index": 54.2,
      "investment_rating": 0.4449866203963757,
      "stability_score": 75,
      "investment_mark": "☆"
    },
    {
      "horse_number": 3,
      "name": "アンドローゼス",
      "popularity": 4,
      "odds": 6.2,
      "mark": "△",
      "score": 124.08,
      "track_aptitude": 2,
      "total_points": 85.18854851643947,
      "detail_points": {
        "score": 45.22854851643946,
        "bias": 10.95,
        "pace": 12.0,
        "3f": 9.0,
        "margin": 6.0,
        "track": 2.0100000000000002
      },
      "avg_margin": 0.57,
      "race_name": "福島9R",
      "pred_prob_won": 0.05549268946051598,
      "pred_prob_in_top2": 0.07958894670009613,
      "pred_prob_in_top3": 0.23342402875423432,
      "score_z": 0.2699894635990562,
      "上り3F平均": 35.47,
      "Ave-3F平均": 36.8,
      "PCI平均": 53.89,
      "-3F差平均": 0.6,
      "想定脚質": "中団",
      "track_bias_aptitude_score": 65.9,
      "investment_value_score": 48.5,
      "total_investment_index": 54.3,
      "investment_rating": 0.2803809207677841,
      "stability_score": 75,
      "investment_mark": "☆"
    },
    {
      "horse_number": 10,
      "name": "ジェットブレード",
      "popularity": 6,
      "odds": 12.1,
      "mark": "消",
      "score": 120.4,
      "track_aptitude": 2,
      "total_points": 68.17714733542321,
      "detail_points": {
        "score": 43.88714733542321,
        "bias": 3.0,
        "pace": 8.28,
        "3f": 5.0,
        "margin": 6.0,
        "track": 2.0100000000000002
      },
      "avg_margin": 0.8055555555555555,
      "race_name": "福島9R",
      "pred_prob_won": 0.03567488119006157,
      "pred_prob_in_top2": 0.046095070987939836,
      "pred_prob_in_top3": 0.14239519834518433,
      "score_z": -0.07404143184572493,
      "上り3F平均": 36.8,
      "Ave-3F平均": 36.62,
      "PCI平均": 49.56,
      "-3F差平均": 0.77,
      "想定脚質": "逃げ",
      "track_bias_aptitude_score": 28.0,
      "investment_value_score": 30.1,
      "total_investment_index": 31.3,
      "investment_rating": -0.045305448770523116,
      "stability_score": 75,
      "investment_mark": "××"
    },
    {
      "horse_number": 8,
      "name": "ロジルーラー",
      "popularity": 9,
      "odds": 33.2,
      "mark": "△",
      "score": 111.34,
      "track_aptitude": 2,
      "total_points": 76.54467594955166,
      "detail_points": {
        "score": 40.58467594955166,
        "bias": 10.95,
        "pace": 12.0,
        "3f": 7.0,
        "margin": 4.0,
        "track": 2.0100000000000002
      },
      "avg_margin": 1.5999999999999999,
      "race_name": "福島9R",
      "pred_prob_won": 0.020701977238059045,
      "pred_prob_in_top2": 0.03343755677342415,
      "pred_prob_in_top3": 0.1087406188249588,
      "score_z": -0.9210305385657586,
      "上り3F平均": 36.43,
      "Ave-3F平均": 37.22,
      "PCI平均": 52.53,
      "-3F差平均": 1.03,
      "想定脚質": "中団",
      "track_bias_aptitude_score": 65.9,
      "investment_value_score": 15.7,
      "total_investment_index": 32.7,
      "investment_rating": -0.1942526991665362,
      "stability_score": 60,
      "investment_mark": "××"
    },
    {
      "horse_number": 1,
      "name": "イヴニングスター",
      "popularity": 8,
      "odds": 28.1,
      "mark": "△",