{
  "horses": [
    {
      "horse_number": 4,
      "name": "エコロヴァイス",
      "popularity": 2,
      "odds": 3.4,
      "mark": "◎",
      "score": 110.07,
      "track_aptitude": 1,
      "total_points": 91.88017636534036,
      "detail_points": {
        "score": 46.890176365340366,
        "bias": 15.0,
        "pace": 12.0,
        "3f": 9.0,
        "margin": 8.0,
        "track": 0.99
      },
      "avg_margin": 0.45999999999999996,
      "race_name": "福島12R",
      "pred_prob_won": 0.17083806097507476,
      "pred_prob_in_top2": 0.15040411651134492,
      "pred_prob_in_top3": 0.4620818555355072,
      "score_z": 1.129928986772523,
      "上り3F平均": 37.08,
      "Ave-3F平均": 35.29,
      "PCI平均": 45.34,
      "-3F差平均": 0.38,
      "想定脚質": "先行",
      "track_bias_aptitude_score": 86.0,
      "investment_value_score": 80.3,
      "total_investment_index": 80.9,
      "investment_rating": 0.859349659383297,
      "stability_score": 90,
      "investment_mark": "◎"
    },
    {
      "horse_number": 3,
      "name": "ピコテンダー",
      "popularity": 1,
      "odds": 1.5,
      "mark": "▲",
      "score": 117.37,
      "track_aptitude": 3,
      "total_points": 82.33,
      "detail_points": {
        "score": 50.0,
        "bias": 7.05,
        "pace": 8.28,
        "3f": 5.0,
        "margin": 9.0,
        "track": 3.0
      },
      "avg_margin": 0.03333333333333333,
      "race_name": "福島12R",
      "pred_prob_won": 0.2371320277452469,
      "pred_prob_in_top2": 0.15806463062763215,
      "pred_prob_in_top3": 0.5183621644973755,
      "score_z": 1.6765151171209194,
      "上り3F平均": 37.3,
      "Ave-3F平均": 35.07,
      "PCI平均": 44.07,
      "-3F差平均": 0.6,
      "想定脚質": "逃げ",
      "track_bias_aptitude_score": 51.3,
      "investment_value_score": 100,
      "total_investment_index": 83.2,
      "investment_rating": 0.7959054112434387,
      "stability_score": 90,
      "investment_mark": "○"
    },
    {
      "horse_number": 6,
      "name": "キボウノホシ",
      "popularity": 4,
      "odds": 18.3,
      "mark": "▲",
      "score": 106.6,
      "track_aptitude": 1,
      "total_points": 84.35194513078298,
      "detail_points": {
        "score": 45.41194513078299,
        "bias": 10.95,
        "pace": 12.0,
        "3f": 9.0,
        "margin": 6.0,
        "track": 0.99
      },
      "avg_margin": 0.5222222222222223,
      "race_name": "福島12R",
      "pred_prob_won": 0.10983874052762985,
      "pred_prob_in_top2": 0.12013324052095413,
      "pred_prob_in_top3": 0.3278848469257355,
      "score_z": 0.8701133878260939,
      "上り3F平均": 36.84,
      "Ave-3F平均": 35.32,
      "PCI平均": 45.88,
      "-3F差平均": 0.9,
      "想定脚質": "中団",
      "track_bias_aptitude_score": 61.0,
      "investment_value_score": 58.3,
      "total_investment_index": 59.7,
      "investment_rating": 0.7107221147418024,
      "stability_score": 75,
      "investment_mark": "△"
    },
    {
      "horse_number": 1,
      "name": "オコジュ",
      "popularity": 6,
      "odds": 29.3,
      "mark": "○",
      "score": 94.71,
      "track_aptitude": 2,
      "total_points": 84.35676663542642,
      "detail_points": {
        "score": 40.34676663542642,
        "bias": 15.0,
        "pace": 12.0,
        "3f": 9.0,
        "margin": 6.0,
        "track": 2.0100000000000002
      },
      "avg_margin": 0.9949999999999999,
      "race_name": "福島12R",
      "pred_prob_won": 0.05278500467538834,
      "pred_prob_in_top2": 0.07025719732046128,
      "pred_prob_in_top3": 0.19413184523582458,
      "score_z": -0.02014813133040246,
      "上り3F平均": 36.61,
      "Ave-3F平均": 34.4,
      "PCI平均": 44.35,
      "-3F差平均": 0.47,
      "想定脚質": "先行",
      "track_bias_aptitude_score": 93.0,
      "investment_value_score": 36.9,
      "total_investment_index": 55.0,
      "investment_rating": 0.26919218748807905,
      "stability_score": 75,
      "investment_mark": "△"
    },
    {
      "horse_number": 7,
      "name": "アルヴァレス",
      "popularity": 7,
      "odds": 33.0,
      "mark": "△",
      "score": 96.07,
      "track_aptitude": 1,
      "total_points": 81.91613103859588,
      "detail_points": {
        "score": 40.926131038595884,
        "bias": 15.0,
        "pace": 12.0,
        "3f": 9.0,
        "margin": 4.0,
        "track": 0.99
      },
      "avg_margin": 1.04,
      "race_name": "福島12R",
      "pred_prob_won": 0.039391853287816046,
      "pred_prob_in_top2": 0.061220107972621916,
      "pred_prob_in_top3": 0.1569531410932541,
      "score_z": 0.08168161350162736,
      "上り3F平均": 38.0,
      "Ave-3F平均": 35.93,
      "PCI平均": 44.7,
      "-3F差平均": 0.57,
      "想定脚質": "先行",
      "track_bias_aptitude_score": 86.0,
      "investment_value_score": 30.4,
      "total_investment_index": 49.2,
      "investment_rating": 0.1103282183408737,
      "stability_score": 60,
      "investment_mark": "☆"
    },
    {
      "horse_number": 8,
      "name": "スターチスブーケ",
      "popularity": 8,
      "odds": 52.0,
      "mark": "△",
      "score": 92.5,
      "track_aptitude": 0,
      "total_points": 73.35529948027605,
      "detail_points": {
        "score": 39.40529948027604,
        "bias": 10.95,
        "pace": 12.0,
        "3f": 7.0,
        "margin": 4.0,
        "track": 0.0
      },
      "avg_margin": 1.1999999999999997,
      "race_name": "福島12R",
      "pred_prob_won": 0.03147240802645683,
      "pred_prob_in_top2": 0.04859244599938393,
      "pred_prob_in_top3": 0.12839987725019456,
      "score_z": -0.18562146668245053,
      "上り3F平均": 36.74,
      "Ave-3F平均": 35.54,
      "PCI平均": 46.77,
      "-3F差平均": 1.06,
      "想定脚質": "中団",
      "track_bias_aptitude_score": 54.0,
      "investment_value_score": 23.4,
      "total_investment_index": 34.9,
      "investment_rating": -0.03466077946126456,
      "stability_score": 60,
      "investment_mark": "××"
    },
    {
      "horse_number": 10,
      "name": "グラスブランシュ",
      "popularity": 3,
      "odds": 10.3,
      "mark": "×",
      "score": 99.69,
      "track_aptitude": 0,
      "total_points": 66.74826275879697,
      "detail_points": {
        "score": 42.46826275879697,
        "bias": 3.0,
        "pace": 8.28,
        "3f": 9.0,
        "margin": 4.0,
        "track": 0.0
      },
      "avg_margin": 1.1199999999999999,
      "race_name": "福島12R",
      "pred_prob_won": 0.04112158939242363,
      "pred_prob_in_top2": 0.05547195225954056,
      "pred_prob_in_top3": 0.15517078936100007,
      "score_z": 0.3527284343045307,
      "上り3F平均": 36.75,
      "Ave-3F平均": 36.19,
      "PCI平均": 48.55,
      "-3F差平均": 1.57,
      "想定脚質": "後方",
      "track_bias_aptitude_score": 1,
      "investment_value_score": 47.1,
      "total_investment_index": 34.1,
      "investment_rating": -0.04138515830039968,
      "stability_score": 60,
      "investment_mark": "××"
    },
    {
      "horse_number": 11,
      "name": "サザンレイク",
      "popularity": 5,
      "odds": 24.8,
      "mark": "△",
      "score": 87.65,
      "track_aptitude": 1,
      "total_points": 80.3291837777967,
      "detail_points": {
        "score": 37.33918377779671,
        "bias": 15.0,
        "pace": 12.0,
        "3f": 9.0,
        "margin": 6.0,
        "track": 0.99
      },
      "avg_margin": 0.745,
      "race_name": "福島12R",
      "pred_prob_won": 0.023192548751831056,
      "pred_prob_in_top2": 0.0310452438890934,
      "pred_prob_in_top3": 0.10892789214849471,
      "score_z": -0.5487643067084389,
      "上り3F平均": 36.39,
      "Ave-3F平均": 35.24,
      "PCI平均": 46.91,
      "-3F差平均": 0.54,
      "想定脚質": "先行",
      "track_bias_aptitude_score": 86.0,
      "investment_value_score": 27.9,
      "total_investment_index": 46.6,
      "investment_rating": -0.1880389069020748,
      "stability_score": 75,
      "investment_mark": "××"
    },
    {
      "horse_number": 5,
      "name": "オオゾラヒバリ",
      "popularity": 9,
      "odds": 132.3,
      "mark": "消",
      "score": 89.91,
      "track_aptitude": 2,
      "total_points": 64.59195109482832,