{
  "horses": [
    {
      "horse_number": 7,
      "name": "クインズツバキ",
      "popularity": 10,
      "odds": 20.4,
      "mark": "△",
      "score": 54.06,
      "track_aptitude": 0,
      "total_points": 71.77385072758567,
      "detail_points": {
        "score": 42.29385072758567,
        "bias": 9.0,
        "pace": 6.48,
        "3f": 4.0,
        "margin": 10.0,
        "track": 0.0
      },
      "avg_margin": 0.0,
      "race_name": "福島6R",
      "pred_prob_won": 0.09722422361373902,
      "pred_prob_in_top2": 0.08856875896453857,
      "pred_prob_in_top3": 0.2868766486644745,
      "score_z": 0.6280591848719895,
      "上り3F平均": 0,
      "Ave-3F平均": 0,
      "PCI平均": 0,
      "-3F差平均": 0,
      "想定脚質": "不明",
      "track_bias_aptitude_score": null,
      "investment_value_score": 32.9,
      "total_investment_index": null,
      "investment_rating": 1.2941995352506637,
      "stability_score": 90,
      "investment_mark": "◎"
    },
    {
      "horse_number": 8,
      "name": "ライヴレッドアイ",
      "popularity": 7,
      "odds": 13.1,
      "mark": "○",
      "score": 55.83,
      "track_aptitude": 0,
      "total_points": 73.15861054608042,
      "detail_points": {
        "score": 43.67861054608043,
        "bias": 9.0,
        "pace": 6.48,
        "3f": 4.0,
        "margin": 10.0,
        "track": 0.0
      },
      "avg_margin": 0.0,
      "race_name": "福島6R",
      "pred_prob_won": 0.10756272375583649,
      "pred_prob_in_top2": 0.11513475477695465,
      "pred_prob_in_top3": 0.34352714419364927,
      "score_z": 0.911079854105084,
      "上り3F平均": 0,
      "Ave-3F平均": 0,
      "PCI平均": 0,
      "-3F差平均": 0,
      "想定脚質": "不明",
      "track_bias_aptitude_score": null,
      "investment_value_score": 44.6,
      "total_investment_index": null,
      "investment_rating": 1.2909283646941185,
      "stability_score": 90,
      "investment_mark": "○"
    },
    {
      "horse_number": 14,
      "name": "プリティーミズホ",
      "popularity": 6,
      "odds": 11.1,
      "mark": "▲",
      "score": 54.26,
      "track_aptitude": 0,
      "total_points": 71.93032076357377,
      "detail_points": {
        "score": 42.45032076357378,
        "bias": 9.0,
        "pace": 6.48,
        "3f": 4.0,
        "margin": 10.0,
        "track": 0.0
      },
      "avg_margin": 0.0,
      "race_name": "福島6R",
      "pred_prob_won": 0.1091516375541687,
      "pred_prob_in_top2": 0.11456718295812607,
      "pred_prob_in_top3": 0.3483006954193115,
      "score_z": 0.6600389215084967,
      "上り3F平均": 0,
      "Ave-3F平均": 0,
      "PCI平均": 0,
      "-3F差平均": 0,
      "想定脚質": "不明",
      "track_bias_aptitude_score": null,
      "investment_value_score": 46.9,
      "total_investment_index": null,
      "investment_rating": 1.1763335466384888,
      "stability_score": 90,
      "investment_mark": "▲"
    },
    {
      "horse_number": 9,
      "name": "ボールドタワー",
      "popularity": 4,
      "odds": 8.3,
      "mark": "▲",
      "score": 54.28,
      "track_aptitude": 0,
      "total_points": 71.94596776717259,
      "detail_points": {
        "score": 42.46596776717259,
        "bias": 9.0,
        "pace": 6.48,
        "3f": 4.0,
        "margin": 10.0,
        "track": 0.0
      },
      "avg_margin": 0.0,
      "race_name": "福島6R",
      "pred_prob_won": 0.1091516375541687,
      "pred_prob_in_top2": 0.11588843315839767,
      "pred_prob_in_top3": 0.3470286726951599,
      "score_z": 0.663236895172148,
      "上り3F平均": 0,
      "Ave-3F平均": 0,
      "PCI平均": 0,
      "-3F差平均": 0,
      "想定脚質": "不明",
      "track_bias_aptitude_score": null,
      "investment_value_score": 54.9,
      "total_investment_index": null,
      "investment_rating": 0.8881146907806396,
      "stability_score": 90,
      "investment_mark": "▲"
    },
    {
      "horse_number": 11,
      "name": "ベアゴーフォー",
      "popularity": 11,
      "odds": 24.5,
      "mark": "△",
      "score": 52.1,
      "track_aptitude": 0,
      "total_points": 70.24044437490221,
      "detail_points": {
        "score": 40.760444374902214,
        "bias": 9.0,
        "pace": 6.48,
        "3f": 4.0,
        "margin": 10.0,
        "track": 0.0
      },
      "avg_margin": 0.0,
      "race_name": "福島6R",
      "pred_prob_won": 0.06206562966108322,
      "pred_prob_in_top2": 0.07354763448238373,
      "pred_prob_in_top3": 0.22010901868343352,
      "score_z": 0.31465776583421173,
      "上り3F平均": 0,
      "Ave-3F平均": 0,
      "PCI平均": 0,
      "-3F差平均": 0,
      "想定脚質": "不明",
      "track_bias_aptitude_score": null,
      "investment_value_score": 24.9,
      "total_investment_index": null,
      "investment_rating": 0.8778557966649532,
      "stability_score": 90,
      "investment_mark": "△"
    },
    {
      "horse_number": 12,
      "name": "オスロクィーン",
      "popularity": 1,
      "odds": 4.4,
      "mark": "◎",
      "score": 63.91,
      "track_aptitude": 0,
      "total_points": 79.48,
      "detail_points": {
        "score": 50.0,
        "bias": 9.0,
        "pace": 6.48,
        "3f": 4.0,
        "margin": 10.0,
        "track": 0.0
      },
      "avg_margin": 0.0,
      "race_name": "福島6R",
      "pred_prob_won": 0.167011559009552,
      "pred_prob_in_top2": 0.14382756501436234,
      "pred_prob_in_top3": 0.5090968191623688,
      "score_z": 2.203061214220004,
      "上り3F平均": 0,
      "Ave-3F平均": 0,
      "PCI平均": 0,
      "-3F差平均": 0,
      "想定脚質": "不明",
      "track_bias_aptitude_score": null,
      "investment_value_score": 100,
      "total_investment_index": null,
      "investment_rating": 0.8463775250315667,
      "stability_score": 90,
      "investment_mark": "△"
    },
    {
      "horse_number": 6,
      "name": "ショーリバース",
      "popularity": 5,
      "odds": 10.9,
      "mark": "△",
      "score": 51.39,
      "track_aptitude": 0,
      "total_points": 69.68497574714442,
      "detail_points": {
        "score": 40.204975747144424,
        "bias": 9.0,
        "pace": 6.48,
        "3f": 4.0,
        "margin": 10.0,
        "track": 0.0
      },
      "avg_margin": 0.0,
      "race_name": "福島6R",
      "pred_prob_won": 0.05463972389698028,
      "pred_prob_in_top2": 0.06992317587137223,
      "pred_prob_in_top3": 0.1956838220357895,
      "score_z": 0.20112970077460843,
      "上り3F平均": 0,
      "Ave-3F平均": 0,
      "PCI平均": 0,
      "-3F差平均": 0,
      "想定脚質": "不明",
      "track_bias_aptitude_score": null,
      "investment_value_score": 37.3,
      "total_investment_index": null,
      "investment_rating": 0.3403613902628421,
      "stability_score": 90,
      "investment_mark": "☆"
    },
    {
      "horse_number": 4,
      "name": "ムービングアップ",
      "popularity": 2,
      "odds": 5.0,
      "mark": "△",
      "score": 50.28,
      "track_aptitude": 0,
      "total_points": 68.81656704741043,
      "detail_points": {
        "score": 39.336567047410426,
        "bias": 9.0,
        "pace": 6.48,
        "3f": 4.0,
        "margin": 10.0,
        "track": 0.0
      },
      "avg_margin": 0.0,
      "race_name": "福島6R",
      "pred_prob_won": 0.058270431309938434,
      "pred_prob_in_top2": 0.04636255726218223,
      "pred_prob_in_top3": 0.19724432826042176,
      "score_z": 0.023642162441989547,
      "上り3F平均": 0,
      "Ave-3F平均": 0,
      "PCI平均": 0,
      "-3F差平均": 0,
      "想定脚質": "不明",
      "track_bias_aptitude_score": null,
      "investment_value_score": 54.4,
      "total_investment_index": null,
      "investment_rating": 0.17200855195522313,
      "stability_score": 90,
      "investment_mark": "×"
    },
    {
      "horse_number": 2,
      "name": "マツリダシリウス",
      "popularity": 8,
      "odds": 17.1,
      "mark": "⭐︎",
      "score": 46.97,
      "track_aptitude": 0,
      "total_points": 66.22698795180723,
      "detail_points": {
        "score": 36.74698795180723,
        "bias": 9.0,
        "pace": 6.48,
        "3f": 4.0,
        "margin": 10.0,
        "track": 0.0
      },
      "avg_margin": 0.0,
      "race_name": "福島6R",
      "pred_prob_won": 0.031382158398628235,