{
  "horses": [
    {
      "horse_number": 11,
      "name": "バーンズベリー",
      "popularity": 9,
      "odds": 18.2,
      "mark": "◎",
      "score": 101.41,
      "track_aptitude": 0,
      "total_points": 84.34193266287713,
      "detail_points": {
        "score": 44.341932662877134,
        "bias": 15.0,
        "pace": 12.0,
        "3f": 9.0,
        "margin": 4.0,
        "track": 0.0
      },
      "avg_margin": 1.0333333333333332,
      "race_name": "福島7R",
      "pred_prob_won": 0.10228282064199448,
      "pred_prob_in_top2": 0.10353339016437531,
      "pred_prob_in_top3": 0.3331750690937042,
      "score_z": 0.6405892103949249,
      "上り3F平均": 37.27,
      "Ave-3F平均": 37.02,
      "PCI平均": 49.45,
      "-3F差平均": 0.53,
      "想定脚質": "先行",
      "track_bias_aptitude_score": 81.7,
      "investment_value_score": 44.8,
      "total_investment_index": 57.5,
      "investment_rating": 1.5656142094731331,
      "stability_score": 60,
      "investment_mark": "◎"
    },
    {
      "horse_number": 13,
      "name": "マハーギータ",
      "popularity": 7,
      "odds": 14.4,
      "mark": "△",
      "score": 104.24,
      "track_aptitude": 2,
      "total_points": 77.8693616090949,
      "detail_points": {
        "score": 45.57936160909488,
        "bias": 9.0,
        "pace": 8.28,
        "3f": 9.0,
        "margin": 4.0,
        "track": 2.0100000000000002
      },
      "avg_margin": 1.2999999999999998,
      "race_name": "福島7R",
      "pred_prob_won": 0.09833083897829056,
      "pred_prob_in_top2": 0.09818542450666427,
      "pred_prob_in_top3": 0.3002255499362946,
      "score_z": 0.8900163274873851,
      "上り3F平均": 36.5,
      "Ave-3F平均": 35.35,
      "PCI平均": 47.05,
      "-3F差平均": 1.0,
      "想定脚質": "中団",
      "track_bias_aptitude_score": 56.0,
      "investment_value_score": 48.5,
      "total_investment_index": 52.4,
      "investment_rating": 1.1162518021464347,
      "stability_score": 60,
      "investment_mark": "○"
    },
    {
      "horse_number": 14,
      "name": "リケアコンパンナ",
      "popularity": 2,
      "odds": 5.2,
      "mark": "▲",
      "score": 110.93,
      "track_aptitude": 2,
      "total_points": 82.79459116746831,
      "detail_points": {
        "score": 48.504591167468305,
        "bias": 9.0,
        "pace": 8.28,
        "3f": 9.0,
        "margin": 6.0,
        "track": 2.0100000000000002
      },
      "avg_margin": 0.8500000000000002,
      "race_name": "福島7R",
      "pred_prob_won": 0.18936651349067687,
      "pred_prob_in_top2": 0.1442706525325775,
      "pred_prob_in_top3": 0.457937490940094,
      "score_z": 1.4796514558791032,
      "上り3F平均": 35.33,
      "Ave-3F平均": 34.73,
      "PCI平均": 48.33,
      "-3F差平均": 0.73,
      "想定脚質": "中団",
      "track_bias_aptitude_score": 56.0,
      "investment_value_score": 83.1,
      "total_investment_index": 74.1,
      "investment_rating": 0.9822249746322632,
      "stability_score": 75,
      "investment_mark": "▲"
    },
    {
      "horse_number": 1,
      "name": "ノーブルライナー",
      "popularity": 1,
      "odds": 3.6,
      "mark": "▲",
      "score": 114.35,
      "track_aptitude": 0,
      "total_points": 82.28,
      "detail_points": {
        "score": 50.0,
        "bias": 9.0,
        "pace": 8.28,
        "3f": 9.0,
        "margin": 6.0,
        "track": 0.0
      },
      "avg_margin": 0.6571428571428571,
      "race_name": "福島7R",
      "pred_prob_won": 0.2311667114496231,
      "pred_prob_in_top2": 0.14639331102371217,
      "pred_prob_in_top3": 0.49825264811515807,
      "score_z": 1.7810792793618635,
      "上り3F平均": 34.6,
      "Ave-3F平均": 36.45,
      "PCI平均": 55.4,
      "-3F差平均": 0.96,
      "想定脚質": "中団",
      "track_bias_aptitude_score": 43.7,
      "investment_value_score": 100,
      "total_investment_index": 81.1,
      "investment_rating": 0.8710684582591057,
      "stability_score": 75,
      "investment_mark": "▲"
    },
    {
      "horse_number": 6,
      "name": "フォルトレス",
      "popularity": 8,
      "odds": 18.2,
      "mark": "△",
      "score": 101.39,
      "track_aptitude": 0,
      "total_points": 70.61318758198513,
      "detail_points": {
        "score": 44.333187581985136,
        "bias": 3.0,
        "pace": 8.28,
        "3f": 9.0,
        "margin": 6.0,
        "track": 0.0
      },
      "avg_margin": 1.0,
      "race_name": "福島7R",
      "pred_prob_won": 0.07067166045308113,
      "pred_prob_in_top2": 0.07492184937000275,
      "pred_prob_in_top3": 0.2399900197982788,
      "score_z": 0.6388264745850846,
      "上り3F平均": 34.5,
      "Ave-3F平均": 36.3,
      "PCI平均": 55.2,
      "-3F差平均": 1.2,
      "想定脚質": "後方",
      "track_bias_aptitude_score": 1,
      "investment_value_score": 41.0,
      "total_investment_index": 31.0,
      "investment_rating": 0.8639391207695007,
      "stability_score": 75,
      "investment_mark": "△"
    },
    {
      "horse_number": 2,
      "name": "シャンハイノハナ",
      "popularity": 4,
      "odds": 9.2,
      "mark": "○",
      "score": 99.95,
      "track_aptitude": 2,
      "total_points": 83.71354175776126,
      "detail_points": {
        "score": 43.70354175776126,
        "bias": 15.0,
        "pace": 12.0,
        "3f": 7.0,
        "margin": 4.0,
        "track": 2.0100000000000002
      },
      "avg_margin": 1.35,
      "race_name": "福島7R",
      "pred_prob_won": 0.08565763682126999,
      "pred_prob_in_top2": 0.0982381209731102,
      "pred_prob_in_top3": 0.2843718707561493,
      "score_z": 0.5119094962765537,
      "上り3F平均": 35.92,
      "Ave-3F平均": 34.99,
      "PCI平均": 47.43,
      "-3F差平均": 0.27,
      "想定脚質": "先行",
      "track_bias_aptitude_score": 93.9,
      "investment_value_score": 56.3,
      "total_investment_index": 67.8,
      "investment_rating": 0.7090502959489823,
      "stability_score": 60,
      "investment_mark": "△"
    },
    {
      "horse_number": 4,
      "name": "リーサイェイ",
      "popularity": 13,
      "odds": 40.2,
      "mark": "△",
      "score": 96.11,
      "track_aptitude": 0,
      "total_points": 72.3044862264976,
      "detail_points": {
        "score": 42.0244862264976,
        "bias": 9.0,
        "pace": 8.28,
        "3f": 9.0,
        "margin": 4.0,
        "track": 0.0
      },
      "avg_margin": 1.09,
      "race_name": "福島7R",
      "pred_prob_won": 0.04299064055085182,
      "pred_prob_in_top2": 0.06297101974487304,
      "pred_prob_in_top3": 0.16223800480365752,
      "score_z": 0.1734642207871373,
      "上り3F平均": 36.0,
      "Ave-3F平均": 35.45,
      "PCI平均": 48.72,
      "-3F差平均": 0.68,
      "想定脚質": "中団",
      "track_bias_aptitude_score": 43.7,
      "investment_value_score": 23.8,
      "total_investment_index": 32.7,
      "investment_rating": 0.5858063425123691,
      "stability_score": 60,
      "investment_mark": "☆"
    },
    {
      "horse_number": 12,
      "name": "クリアクォーツ",
      "popularity": 10,
      "odds": 23.8,
      "mark": "⭐︎",
      "score": 98.99,
      "track_aptitude": 2,
      "total_points": 69.57377787494535,
      "detail_points": {
        "score": 43.28377787494534,
        "bias": 3.0,
        "pace": 8.28,
        "3f": 9.0,
        "margin": 4.0,
        "track": 2.0100000000000002
      },
      "avg_margin": 1.35,
      "race_name": "福島7R",
      "pred_prob_won": 0.04240125715732575,
      "pred_prob_in_top2": 0.04971146360039711,
      "pred_prob_in_top3": 0.1632024198770523,
      "score_z": 0.427298177404199,
      "上り3F平均": 36.78,
      "Ave-3F平均": 35.63,
      "PCI平均": 47.18,
      "-3F差平均": 1.46,
      "想定脚質": "後方",
      "track_bias_aptitude_score": 13.2,
      "investment_value_score": 29.3,
      "total_investment_index": 27.3,
      "investment_rating": 0.4750574231147766,
      "stability_score": 60,
      "investment_mark": "☆"
    },
    {
      "horse_number": 10,
      "name": "イオリ",
      "popularity": 3,
      "odds": 7.1,
      "mark": "△",
      "score": 94.05,
      "track_aptitude": 1,
      "total_points": 72.39374289462178,
      "detail_points": {
        "score": 41.12374289462178,