{
  "horses": [
    {
      "horse_number": 4,
      "name": "ヴィアトル",
      "popularity": 4,
      "odds": 5.8,
      "mark": "◎",
      "score": 126.72,
      "track_aptitude": 2,
      "total_points": 90.68403314917127,
      "detail_points": {
        "score": 46.674033149171265,
        "bias": 15.0,
        "pace": 12.0,
        "3f": 9.0,
        "margin": 6.0,
        "track": 2.0100000000000002
      },
      "avg_margin": 0.77,
      "race_name": "福島8R",
      "pred_prob_won": 0.174417707324028,
      "pred_prob_in_top2": 0.1547960877418518,
      "pred_prob_in_top3": 0.473476243019104,
      "score_z": 1.0577575018052947,
      "上り3F平均": 36.88,
      "Ave-3F平均": 36.95,
      "PCI平均": 50.2,
      "-3F差平均": 0.36,
      "想定脚質": "先行",
      "track_bias_aptitude_score": 94.3,
      "investment_value_score": 66.2,
      "total_investment_index": 74.8,
      "investment_rating": 1.3939049720764158,
      "stability_score": 75,
      "investment_mark": "◎"
    },
    {
      "horse_number": 1,
      "name": "マイネルアズーロ",
      "popularity": 2,
      "odds": 5.1,
      "mark": "▲",
      "score": 132.29,
      "track_aptitude": 2,
      "total_points": 83.0155985267035,
      "detail_points": {
        "score": 48.72559852670349,
        "bias": 9.0,
        "pace": 8.28,
        "3f": 9.0,
        "margin": 6.0,
        "track": 2.0100000000000002
      },
      "avg_margin": 0.6583333333333333,
      "race_name": "福島8R",
      "pred_prob_won": 0.22696545720100403,
      "pred_prob_in_top2": 0.17033684253692627,
      "pred_prob_in_top3": 0.5382508397102356,
      "score_z": 1.4734821628141999,
      "上り3F平均": 35.72,
      "Ave-3F平均": 36.87,
      "PCI平均": 53.25,
      "-3F差平均": 0.57,
      "想定脚質": "中団",
      "track_bias_aptitude_score": 58.5,
      "investment_value_score": 83.8,
      "total_investment_index": 75.3,
      "investment_rating": 1.1609274351596832,
      "stability_score": 75,
      "investment_mark": "○"
    },
    {
      "horse_number": 2,
      "name": "スペードギニー",
      "popularity": 1,
      "odds": 2.9,
      "mark": "○",
      "score": 135.75,
      "track_aptitude": 2,
      "total_points": 86.29,
      "detail_points": {
        "score": 50.0,
        "bias": 9.0,
        "pace": 8.28,
        "3f": 9.0,
        "margin": 8.0,
        "track": 2.0100000000000002
      },
      "avg_margin": 0.25,
      "race_name": "福島8R",
      "pred_prob_won": 0.2598783016204834,
      "pred_prob_in_top2": 0.19381314218044282,
      "pred_prob_in_top3": 0.5806918859481811,
      "score_z": 1.7317240527766444,
      "上り3F平均": 34.43,
      "Ave-3F平均": 37.31,
      "PCI平均": 58.4,
      "-3F差平均": 0.5,
      "想定脚質": "中団",
      "track_bias_aptitude_score": 58.5,
      "investment_value_score": 100,
      "total_investment_index": 85.4,
      "investment_rating": 1.0146259319782256,
      "stability_score": 90,
      "investment_mark": "▲"
    },
    {
      "horse_number": 7,
      "name": "ウインバーテックス",
      "popularity": 3,
      "odds": 5.3,
      "mark": "△",
      "score": 122.92,
      "track_aptitude": 1,
      "total_points": 76.5444014732965,
      "detail_points": {
        "score": 45.2744014732965,
        "bias": 9.0,
        "pace": 8.28,
        "3f": 9.0,
        "margin": 4.0,
        "track": 0.99
      },
      "avg_margin": 1.05,
      "race_name": "福島8R",
      "pred_prob_won": 0.11412939429283142,
      "pred_prob_in_top2": 0.12565454095602036,
      "pred_prob_in_top3": 0.3525711953639984,
      "score_z": 0.7741392411528998,
      "上り3F平均": 35.27,
      "Ave-3F平均": 37.15,
      "PCI平均": 55.41,
      "-3F差平均": 0.76,
      "想定脚質": "中団",
      "track_bias_aptitude_score": 52.8,
      "investment_value_score": 64.8,
      "total_investment_index": 61.0,
      "investment_rating": 0.7663706240057944,
      "stability_score": 60,
      "investment_mark": "△"
    },
    {
      "horse_number": 6,
      "name": "ワウワウワウ",
      "popularity": 6,
      "odds": 14.8,
      "mark": "▲",
      "score": 116.79,
      "track_aptitude": 1,
      "total_points": 84.00657458563536,
      "detail_points": {
        "score": 43.01657458563536,
        "bias": 15.0,
        "pace": 12.0,
        "3f": 9.0,
        "margin": 4.0,
        "track": 0.99
      },
      "avg_margin": 1.7833333333333334,
      "race_name": "福島8R",
      "pred_prob_won": 0.07872142642736435,
      "pred_prob_in_top2": 0.09195466339588165,
      "pred_prob_in_top3": 0.25991393327713014,
      "score_z": 0.31661820488995734,
      "上り3F平均": 39.67,
      "Ave-3F平均": 37.18,
      "PCI平均": 43.8,
      "-3F差平均": 0.5,
      "想定脚質": "先行",
      "track_bias_aptitude_score": 88.5,
      "investment_value_score": 44.8,
      "total_investment_index": 59.0,
      "investment_rating": 0.7255610597133637,
      "stability_score": 60,
      "investment_mark": "△"
    },
    {
      "horse_number": 14,
      "name": "ポタリング",
      "popularity": 5,
      "odds": 11.6,
      "mark": "△",
      "score": 116.87,
      "track_aptitude": 0,
      "total_points": 75.32604051565377,
      "detail_points": {
        "score": 43.04604051565378,
        "bias": 9.0,
        "pace": 8.28,
        "3f": 9.0,
        "margin": 6.0,
        "track": 0.0
      },
      "avg_margin": 0.8333333333333334,
      "race_name": "福島8R",
      "pred_prob_won": 0.060260336846113205,
      "pred_prob_in_top2": 0.07159094884991646,
      "pred_prob_in_top3": 0.21611604392528533,
      "score_z": 0.32258911564053394,
      "上り3F平均": 35.07,
      "Ave-3F平均": 36.06,
      "PCI平均": 52.87,
      "-3F差平均": 0.53,
      "想定脚質": "中団",
      "track_bias_aptitude_score": 47.1,
      "investment_value_score": 44.8,
      "total_investment_index": 46.5,
      "investment_rating": 0.4333279998600482,
      "stability_score": 75,
      "investment_mark": "☆"
    },
    {
      "horse_number": 8,
      "name": "スノーリン",
      "popularity": 9,
      "odds": 34.8,
      "mark": "×",
      "score": 113.42,
      "track_aptitude": 2,
      "total_points": 68.06532228360958,
      "detail_points": {
        "score": 41.775322283609576,
        "bias": 3.0,
        "pace": 8.28,
        "3f": 9.0,
        "margin": 4.0,
        "track": 2.0100000000000002
      },
      "avg_margin": 1.485714285714286,
      "race_name": "福島8R",
      "pred_prob_won": 0.037008386105298996,
      "pred_prob_in_top2": 0.04754799529910088,
      "pred_prob_in_top3": 0.14520993828773499,
      "score_z": 0.06509358952191178,
      "上り3F平均": 36.53,
      "Ave-3F平均": 37.04,
      "PCI平均": 51.47,
      "-3F差平均": 1.21,
      "想定脚質": "後方",
      "track_bias_aptitude_score": 12.5,
      "investment_value_score": 26.7,
      "total_investment_index": 24.9,
      "investment_rating": 0.23016708344221115,
      "stability_score": 60,
      "investment_mark": "☆"
    },
    {
      "horse_number": 3,
      "name": "ノブノリオウ",
      "popularity": 7,
      "odds": 19.7,
      "mark": "△",
      "score": 111.25,
      "track_aptitude": 0,
      "total_points": 71.25605893186004,
      "detail_points": {
        "score": 40.97605893186004,
        "bias": 9.0,
        "pace": 8.28,
        "3f": 9.0,
        "margin": 4.0,
        "track": 0.0
      },
      "avg_margin": 1.9,
      "race_name": "福島8R",
      "pred_prob_won": 0.03504420444369316,
      "pred_prob_in_top2": 0.056678970158100125,
      "pred_prob_in_top3": 0.1475535124540329,
      "score_z": -0.09686736458748244,
      "上り3F平均": 36.35,
      "Ave-3F平均": 37.63,
      "PCI平均": 53.55,
      "-3F差平均": 0.85,
      "想定脚質": "中団",
      "track_bias_aptitude_score": 47.1,
      "investment_value_score": 30.8,
      "total_investment_index": 37.4,
      "investment_rating": 0.18367734536528602,
      "stability_score": 60,
      "investment_mark": "×"
    },
    {
      "horse_number": 10,
      "name": "ルラクソント",
      "popularity": 12,
      "odds": 47.5,
      "mark": "△",
      "score": 101.34,
      "track_aptitude": 2,
      "total_points": 79.33596685082874,