{
  "horses": [
    {
      "horse_number": 5,
      "name": "エルフレスアリー",
      "popularity": 5,
      "odds": 6.8,
      "mark": "◎",
      "score": 116.78,
      "track_aptitude": 2,
      "total_points": 96.01,
      "detail_points": {
        "score": 50.0,
        "bias": 15.0,
        "pace": 12.0,
        "3f": 9.0,
        "margin": 8.0,
        "track": 2.0100000000000002
      },
      "avg_margin": 0.31666666666666665,
      "race_name": "福島12R",
      "pred_prob_won": 0.22871101796627044,
      "pred_prob_in_top2": 0.16187225580215453,
      "pred_prob_in_top3": 0.5227474093437194,
      "score_z": 1.4862105935835201,
      "上り3F平均": 35.16,
      "Ave-3F平均": 34.37,
      "PCI平均": 47.8,
      "-3F差平均": 0.41,
      "想定脚質": "先行",
      "track_bias_aptitude_score": 92.2,
      "investment_value_score": 70.9,
      "total_investment_index": 77.7,
      "investment_rating": 1.8523633420467376,
      "stability_score": 90,
      "investment_mark": "◎"
    },
    {
      "horse_number": 14,
      "name": "ティピティーナ",
      "popularity": 3,
      "odds": 5.9,
      "mark": "⭐︎",
      "score": 115.16,
      "track_aptitude": 0,
      "total_points": 76.53638808015072,
      "detail_points": {
        "score": 49.30638808015071,
        "bias": 4.95,
        "pace": 8.28,
        "3f": 5.0,
        "margin": 9.0,
        "track": 0.0
      },
      "avg_margin": 0.05,
      "race_name": "福島12R",
      "pred_prob_won": 0.15788349509239197,
      "pred_prob_in_top2": 0.11089559495449067,
      "pred_prob_in_top3": 0.39007622599601743,
      "score_z": 1.3674505889005881,
      "上り3F平均": 34.52,
      "Ave-3F平均": 35.2,
      "PCI平均": 52.08,
      "-3F差平均": 0.6,
      "想定脚質": "逃げ",
      "track_bias_aptitude_score": 10.2,
      "investment_value_score": 74.7,
      "total_investment_index": 55.2,
      "investment_rating": 0.9262591683864592,
      "stability_score": 90,
      "investment_mark": "○"
    },
    {
      "horse_number": 1,
      "name": "アサクサヴィーナス",
      "popularity": 4,
      "odds": 6.7,
      "mark": "▲",
      "score": 108.35,
      "track_aptitude": 0,
      "total_points": 90.3906490837472,
      "detail_points": {
        "score": 46.39064908374721,
        "bias": 15.0,
        "pace": 12.0,
        "3f": 9.0,
        "margin": 8.0,
        "track": 0.0
      },
      "avg_margin": 0.33499999999999996,
      "race_name": "福島12R",
      "pred_prob_won": 0.1044986292719841,
      "pred_prob_in_top2": 0.11115633696317673,
      "pred_prob_in_top3": 0.33334594368934634,
      "score_z": 0.8682187173630788,
      "上り3F平均": 34.9,
      "Ave-3F平均": 35.18,
      "PCI平均": 50.85,
      "-3F差平均": 0.36,
      "想定脚質": "先行",
      "track_bias_aptitude_score": 76.6,
      "investment_value_score": 63.4,
      "total_investment_index": 67.5,
      "investment_rating": 0.8667164775729181,
      "stability_score": 90,
      "investment_mark": "▲"
    },
    {
      "horse_number": 15,
      "name": "ボンヌソワレ",
      "popularity": 1,
      "odds": 3.1,
      "mark": "○",
      "score": 114.08,
      "track_aptitude": 0,
      "total_points": 92.84398013358452,
      "detail_points": {
        "score": 48.843980133584516,
        "bias": 15.0,
        "pace": 12.0,
        "3f": 9.0,
        "margin": 8.0,
        "track": 0.0
      },
      "avg_margin": 0.34375,
      "race_name": "福島12R",
      "pred_prob_won": 0.190316778421402,
      "pred_prob_in_top2": 0.1544693112373352,
      "pred_prob_in_top3": 0.46637951731681826,
      "score_z": 1.2882772524453003,
      "上り3F平均": 34.77,
      "Ave-3F平均": 36.07,
      "PCI平均": 53.85,
      "-3F差平均": 0.36,
      "想定脚質": "先行",
      "track_bias_aptitude_score": 76.6,
      "investment_value_score": 100,
      "total_investment_index": 90.1,
      "investment_rating": 0.7726728898286821,
      "stability_score": 90,
      "investment_mark": "△"
    },
    {
      "horse_number": 11,
      "name": "セイウンデセオ",
      "popularity": 6,
      "odds": 15.0,
      "mark": "△",
      "score": 103.24,
      "track_aptitude": 1,
      "total_points": 83.14277444767939,
      "detail_points": {
        "score": 44.202774447679396,
        "bias": 10.95,
        "pace": 12.0,
        "3f": 9.0,
        "margin": 6.0,
        "track": 0.99
      },
      "avg_margin": 0.9799999999999999,
      "race_name": "福島12R",
      "pred_prob_won": 0.07006297409534454,
      "pred_prob_in_top2": 0.07657323330640793,
      "pred_prob_in_top3": 0.22581398785114287,
      "score_z": 0.49361154209778196,
      "上り3F平均": 36.01,
      "Ave-3F平均": 35.57,
      "PCI平均": 48.93,
      "-3F差平均": 0.66,
      "想定脚質": "中団",
      "track_bias_aptitude_score": 64.3,
      "investment_value_score": 46.5,
      "total_investment_index": 53.0,
      "investment_rating": 0.5903606386482714,
      "stability_score": 75,
      "investment_mark": "△"
    },
    {
      "horse_number": 4,
      "name": "ユーティジャーニー",
      "popularity": 2,
      "odds": 5.4,
      "mark": "▲",
      "score": 105.36,
      "track_aptitude": 1,
      "total_points": 91.10046412056859,
      "detail_points": {
        "score": 45.11046412056859,
        "bias": 15.0,
        "pace": 12.0,
        "3f": 9.0,
        "margin": 9.0,
        "track": 0.99
      },
      "avg_margin": 0.13333333333333333,
      "race_name": "福島12R",
      "pred_prob_won": 0.09392796456813812,
      "pred_prob_in_top2": 0.09878467470407486,
      "pred_prob_in_top3": 0.29568793773651125,
      "score_z": 0.6490258692137175,
      "上り3F平均": 35.3,
      "Ave-3F平均": 34.94,
      "PCI平均": 49.02,
      "-3F差平均": 0.5,
      "想定脚質": "先行",
      "track_bias_aptitude_score": 84.4,
      "investment_value_score": 73.6,
      "total_investment_index": 75.6,
      "investment_rating": 0.49271062254905706,
      "stability_score": 90,
      "investment_mark": "☆"
    },
    {
      "horse_number": 10,
      "name": "パレスドフィーヌ",
      "popularity": 10,
      "odds": 36.7,
      "mark": "△",
      "score": 95.45,
      "track_aptitude": 1,
      "total_points": 83.85744305531769,
      "detail_points": {
        "score": 40.86744305531769,
        "bias": 15.0,
        "pace": 12.0,
        "3f": 9.0,
        "margin": 6.0,
        "track": 0.99
      },
      "avg_margin": 0.6833333333333333,
      "race_name": "福島12R",
      "pred_prob_won": 0.036673955619335175,
      "pred_prob_in_top2": 0.0554648295044899,
      "pred_prob_in_top3": 0.1454525262117386,
      "score_z": -0.07746280140841363,
      "上り3F平均": 36.0,
      "Ave-3F平均": 35.02,
      "PCI平均": 47.61,
      "-3F差平均": 0.51,
      "想定脚質": "先行",
      "track_bias_aptitude_score": 84.4,
      "investment_value_score": 26.8,
      "total_investment_index": 46.3,
      "investment_rating": 0.3045308150351047,
      "stability_score": 75,
      "investment_mark": "☆"
    },
    {
      "horse_number": 13,
      "name": "モンレーヴ",
      "popularity": 11,
      "odds": 68.3,
      "mark": "△",
      "score": 92.78,
      "track_aptitude": 2,
      "total_points": 81.7342678540846,
      "detail_points": {
        "score": 39.7242678540846,
        "bias": 15.0,
        "pace": 12.0,
        "3f": 9.0,
        "margin": 4.0,
        "track": 2.0100000000000002
      },
      "avg_margin": 1.12,
      "race_name": "福島12R",
      "pred_prob_won": 0.027566210925579072,
      "pred_prob_in_top2": 0.04363931640982628,
      "pred_prob_in_top3": 0.11983640789985657,
      "score_z": -0.273196883200653,
      "上り3F平均": 35.65,
      "Ave-3F平均": 34.9,
      "PCI平均": 48.03,
      "-3F差平均": 0.69,
      "想定脚質": "先行",
      "track_bias_aptitude_score": 92.2,
      "investment_value_score": 21.1,
      "total_investment_index": 44.9,
      "investment_rating": 0.13472398161888122,
      "stability_score": 60,
      "investment_mark": "×"
    },
    {
      "horse_number": 2,
      "name": "プリュノワール",
      "popularity": 7,
      "odds": 17.6,
      "mark": "△",
      "score": 94.42,
      "track_aptitude": 2,
      "total_points": 84.4364428840555,