{
  "horses": [
    {
      "horse_number": 8,
      "name": "イイクニパッション",
      "popularity": 1,
      "odds": 1.1,
      "mark": "◎",
      "score": 113.91,
      "track_aptitude": 0,
      "total_points": 86.25,
      "detail_points": {
        "score": 50.0,
        "bias": 7.05,
        "pace": 10.2,
        "3f": 9.0,
        "margin": 10.0,
        "track": 0.0
      },
      "avg_margin": 0.0,
      "race_name": "福島1R",
      "pred_prob_won": 0.2427734315395355,
      "pred_prob_in_top2": 0.15642912685871124,
      "pred_prob_in_top3": 0.5272594809532165,
      "score_z": 1.6474439445728934,
      "上り3F平均": 35.7,
      "Ave-3F平均": 34.0,
      "PCI平均": 45.2,
      "-3F差平均": 0,
      "想定脚質": "逃げ",
      "track_bias_aptitude_score": 31.7,
      "investment_value_score": 100,
      "total_investment_index": 77.3,
      "investment_rating": 0.770874650478363,
      "stability_score": 90,
      "investment_mark": "◎"
    },
    {
      "horse_number": 7,
      "name": "フォトンゲイザー",
      "popularity": 3,
      "odds": 10.7,
      "mark": "○",
      "score": 105.47,
      "track_aptitude": 0,
      "total_points": 80.49532086735142,
      "detail_points": {
        "score": 46.29532086735142,
        "bias": 9.0,
        "pace": 10.2,
        "3f": 9.0,
        "margin": 6.0,
        "track": 0.0
      },
      "avg_margin": 0.95,
      "race_name": "福島1R",
      "pred_prob_won": 0.1429668515920639,
      "pred_prob_in_top2": 0.12962425053119658,
      "pred_prob_in_top3": 0.37692002654075624,
      "score_z": 1.04592576523355,
      "上り3F平均": 35.6,
      "Ave-3F平均": 35.23,
      "PCI平均": 49.0,
      "-3F差平均": 0.5,
      "想定脚質": "中団",
      "track_bias_aptitude_score": 41.6,
      "investment_value_score": 64.7,
      "total_investment_index": 58.0,
      "investment_rating": 0.6946040982007982,
      "stability_score": 75,
      "investment_mark": "○"
    },
    {
      "horse_number": 9,
      "name": "ビップレオン",
      "popularity": 6,
      "odds": 29.5,
      "mark": "▲",
      "score": 92.71,
      "track_aptitude": 0,
      "total_points": 76.89440786585901,
      "detail_points": {
        "score": 40.69440786585901,
        "bias": 15.0,
        "pace": 10.2,
        "3f": 9.0,
        "margin": 2.0,
        "track": 0.0
      },
      "avg_margin": 2.2,
      "race_name": "福島1R",
      "pred_prob_won": 0.05902002900838852,
      "pred_prob_in_top2": 0.06958656013011932,
      "pred_prob_in_top3": 0.19780725240707397,
      "score_z": 0.13652150357833348,
      "上り3F平均": 36.6,
      "Ave-3F平均": 36.3,
      "PCI平均": 49.2,
      "-3F差平均": 0.3,
      "想定脚質": "先行",
      "track_bias_aptitude_score": 81.4,
      "investment_value_score": 32.5,
      "total_investment_index": 49.1,
      "investment_rating": 0.2082688003778458,
      "stability_score": 45,
      "investment_mark": "△"
    },
    {
      "horse_number": 4,
      "name": "リュウノエッセンス",
      "popularity": 2,
      "odds": 9.6,
      "mark": "△",
      "score": 100.87,
      "track_aptitude": 0,
      "total_points": 74.4761829514529,
      "detail_points": {
        "score": 44.2761829514529,
        "bias": 9.0,
        "pace": 10.2,
        "3f": 7.0,
        "margin": 4.0,
        "track": 0.0
      },
      "avg_margin": 1.1,
      "race_name": "福島1R",
      "pred_prob_won": 0.07526793479919433,
      "pred_prob_in_top2": 0.09615957587957383,
      "pred_prob_in_top3": 0.24763032495975495,
      "score_z": 0.7180841035083158,
      "上り3F平均": 35.05,
      "Ave-3F平均": 35.9,
      "PCI平均": 52.45,
      "-3F差平均": 1.2,
      "想定脚質": "中団",
      "track_bias_aptitude_score": 41.6,
      "investment_value_score": 62.8,
      "total_investment_index": 56.4,
      "investment_rating": 0.13003552362322812,
      "stability_score": 60,
      "investment_mark": "△"
    },
    {
      "horse_number": 6,
      "name": "リオンアンサー",
      "popularity": 5,
      "odds": 23.9,
      "mark": "▲",
      "score": 91.53,
      "track_aptitude": 0,
      "total_points": 76.37645509612852,
      "detail_points": {
        "score": 40.17645509612852,
        "bias": 15.0,
        "pace": 10.2,
        "3f": 9.0,
        "margin": 2.0,
        "track": 0.0
      },
      "avg_margin": 2.3,
      "race_name": "福島1R",
      "pred_prob_won": 0.03946643248200417,
      "pred_prob_in_top2": 0.06611954569816589,
      "pred_prob_in_top3": 0.18171870708465576,
      "score_z": 0.052422990353165125,
      "上り3F平均": 36.4,
      "Ave-3F平均": 37.56,
      "PCI平均": 53.2,
      "-3F差平均": 0.4,
      "想定脚質": "先行",
      "track_bias_aptitude_score": 81.4,
      "investment_value_score": 34.2,
      "total_investment_index": 50.0,
      "investment_rating": 0.07224979400634757,
      "stability_score": 45,
      "investment_mark": "☆"
    },
    {
      "horse_number": 2,
      "name": "エレクトロン",
      "popularity": 9,
      "odds": 97.5,
      "mark": "△",
      "score": 72.72,
      "track_aptitude": 0,
      "total_points": 54.199936792204376,
      "detail_points": {
        "score": 31.919936792204375,
        "bias": 3.0,
        "pace": 8.28,
        "3f": 9.0,
        "margin": 2.0,
        "track": 0.0
      },
      "avg_margin": 2.4,
      "race_name": "福島1R",
      "pred_prob_won": 0.0208298210054636,
      "pred_prob_in_top2": 0.038105393201112746,
      "pred_prob_in_top3": 0.10726572871208191,
      "score_z": -1.2881643263971967,
      "上り3F平均": 36.4,
      "Ave-3F平均": 37.6,
      "PCI平均": 53.3,
      "-3F差平均": 1.7,
      "想定脚質": "後方",
      "track_bias_aptitude_score": 1,
      "investment_value_score": 8.6,
      "total_investment_index": 8.3,
      "investment_rating": -0.24913989901542655,
      "stability_score": 45,
      "investment_mark": "××"
    },
    {
      "horse_number": 1,
      "name": "リアアーテシアン",
      "popularity": 4,
      "odds": 18.5,
      "mark": "△",
      "score": 85.27,
      "track_aptitude": 0,
      "total_points": 59.70867175840576,
      "detail_points": {
        "score": 37.428671758405756,
        "bias": 3.0,
        "pace": 8.28,
        "3f": 9.0,
        "margin": 2.0,
        "track": 0.0
      },
      "avg_margin": 2.8,
      "race_name": "福島1R",
      "pred_prob_won": 0.02410443387925625,
      "pred_prob_in_top2": 0.04108233898878098,
      "pred_prob_in_top3": 0.10703265070915222,
      "score_z": -0.3937267492990024,
      "上り3F平均": 36.9,
      "Ave-3F平均": 36.75,
      "PCI平均": 49.6,
      "-3F差平均": 1.6,
      "想定脚質": "後方",
      "track_bias_aptitude_score": 1,
      "investment_value_score": 26.5,
      "total_investment_index": 20.5,
      "investment_rating": -0.29511123448610305,
      "stability_score": 45,
      "investment_mark": "××"
    },
    {
      "horse_number": 5,
      "name": "ナンヨーラーク",
      "popularity": 7,
      "odds": 72.9,
      "mark": "△",
      "score": 77.48,
      "track_aptitude": 1,
      "total_points": 55.27930559213414,
      "detail_points": {
        "score": 34.00930559213414,
        "bias": 3.0,
        "pace": 8.28,
        "3f": 7.0,
        "margin": 2.0,
        "track": 0.99
      },
      "avg_margin": 2.8,
      "race_name": "福島1R",
      "pred_prob_won": 0.018387903273105622,
      "pred_prob_in_top2": 0.033683212101459505,
      "pred_prob_in_top3": 0.09403197616338729,
      "score_z": -0.9489194764380405,
      "上り3F平均": 37.0,
      "Ave-3F平均": 36.0,
      "PCI平均": 47.3,
      "-3F差平均": 0.9,
      "想定脚質": "後方",
      "track_bias_aptitude_score": 7.2,
      "investment_value_score": 11.7,
      "total_investment_index": 12.6,
      "investment_rating": -0.3452113406360149,
      "stability_score": 45,
      "investment_mark": "××"
    },
    {
      "horse_number": 3,
      "name": "コパノセビリア",
      "popularity": 8,
      "odds": 86.4,
      "mark": "消",
      "score": 77.19,
      "track_aptitude": 1,
      "total_points": 54.1520121148275,
      "detail_points": {
        "score": 33.882012114827496,
        "bias": 3.0,
        "pace": 8.28,
        "3f": 7.0,
        "margin": 1.0,
        "track": 0.99
      },