{
  "horses": [
    {
      "horse_number": 13,
      "name": "シャルパンティエ",
      "popularity": 13,
      "odds": 46.2,
      "mark": "▲",
      "score": 102.54,
      "track_aptitude": 0,
      "total_points": 77.49164021164022,
      "detail_points": {
        "score": 45.211640211640216,
        "bias": 9.0,
        "pace": 8.28,
        "3f": 9.0,
        "margin": 6.0,
        "track": 0.0
      },
      "avg_margin": 0.9500000000000001,
      "race_name": "福島7R",
      "pred_prob_won": 0.09243291318416595,
      "pred_prob_in_top2": 0.09902238696813584,
      "pred_prob_in_top3": 0.30193507075309756,
      "score_z": 0.7313185995891415,
      "上り3F平均": 35.6,
      "Ave-3F平均": 35.57,
      "PCI平均": 50.09,
      "-3F差平均": 0.95,
      "想定脚質": "中団",
      "track_bias_aptitude_score": 43.7,
      "investment_value_score": 40.4,
      "total_investment_index": 43.6,
      "investment_rating": 1.8221253761649134,
      "stability_score": 75,
      "investment_mark": "◎"
    },
    {
      "horse_number": 4,
      "name": "リーフアクアリウム",
      "popularity": 5,
      "odds": 13.9,
      "mark": "◎",
      "score": 101.05,
      "track_aptitude": 0,
      "total_points": 84.55467372134038,
      "detail_points": {
        "score": 44.55467372134038,
        "bias": 15.0,
        "pace": 12.0,
        "3f": 7.0,
        "margin": 6.0,
        "track": 0.0
      },
      "avg_margin": 0.8500000000000001,
      "race_name": "福島7R",
      "pred_prob_won": 0.10629543513059617,
      "pred_prob_in_top2": 0.10993175059556962,
      "pred_prob_in_top3": 0.33666241765022276,
      "score_z": 0.6428807614324751,
      "上り3F平均": 35.6,
      "Ave-3F平均": 35.23,
      "PCI平均": 48.95,
      "-3F差平均": 0.25,
      "想定脚質": "先行",
      "track_bias_aptitude_score": 81.7,
      "investment_value_score": 59.4,
      "total_investment_index": 66.2,
      "investment_rating": 1.0481477585434913,
      "stability_score": 75,
      "investment_mark": "○"
    },
    {
      "horse_number": 9,
      "name": "タイヨウノキセツ",
      "popularity": 2,
      "odds": 3.7,
      "mark": "▲",
      "score": 111.13,
      "track_aptitude": 0,
      "total_points": 81.27911816578482,
      "detail_points": {
        "score": 48.99911816578483,
        "bias": 9.0,
        "pace": 8.28,
        "3f": 9.0,
        "margin": 6.0,
        "track": 0.0
      },
      "avg_margin": 0.66,
      "race_name": "福島7R",
      "pred_prob_won": 0.1690520942211151,
      "pred_prob_in_top2": 0.1380542367696762,
      "pred_prob_in_top3": 0.4210050702095032,
      "score_z": 1.2411716397003896,
      "上り3F平均": 35.2,
      "Ave-3F平均": 36.68,
      "PCI平均": 54.32,
      "-3F差平均": 0.5,
      "想定脚質": "中団",
      "track_bias_aptitude_score": 43.7,
      "investment_value_score": 83.3,
      "total_investment_index": 70.2,
      "investment_rating": 0.878814196586609,
      "stability_score": 75,
      "investment_mark": "▲"
    },
    {
      "horse_number": 15,
      "name": "リケアコンパンナ",
      "popularity": 1,
      "odds": 2.4,
      "mark": "○",
      "score": 113.4,
      "track_aptitude": 3,
      "total_points": 83.28,
      "detail_points": {
        "score": 50.0,
        "bias": 9.0,
        "pace": 8.28,
        "3f": 9.0,
        "margin": 4.0,
        "track": 3.0
      },
      "avg_margin": 1.1700000000000002,
      "race_name": "福島7R",
      "pred_prob_won": 0.20080910325050355,
      "pred_prob_in_top2": 0.1654191344976425,
      "pred_prob_in_top3": 0.48909088373184206,
      "score_z": 1.3759057958182637,
      "上り3F平均": 35.92,
      "Ave-3F平均": 34.78,
      "PCI平均": 46.95,
      "-3F差平均": 0.74,
      "想定脚質": "中団",
      "track_bias_aptitude_score": 62.1,
      "investment_value_score": 100,
      "total_investment_index": 85.9,
      "investment_rating": 0.8504544883966446,
      "stability_score": 60,
      "investment_mark": "▲"
    },
    {
      "horse_number": 7,
      "name": "レインチェック",
      "popularity": 8,
      "odds": 22.3,
      "mark": "△",
      "score": 94.29,
      "track_aptitude": 0,
      "total_points": 71.85407407407408,
      "detail_points": {
        "score": 41.574074074074076,
        "bias": 9.0,
        "pace": 8.28,
        "3f": 9.0,
        "margin": 4.0,
        "track": 0.0
      },
      "avg_margin": 1.25,
      "race_name": "福島7R",
      "pred_prob_won": 0.04471882134675979,
      "pred_prob_in_top2": 0.06916578561067581,
      "pred_prob_in_top3": 0.1713307559490204,
      "score_z": 0.2416460057686757,
      "上り3F平均": 35.4,
      "Ave-3F平均": 35.41,
      "PCI平均": 50.05,
      "-3F差平均": 1.0,
      "想定脚質": "中団",
      "track_bias_aptitude_score": 43.7,
      "investment_value_score": 37.4,
      "total_investment_index": 41.0,
      "investment_rating": 0.4451176112890244,
      "stability_score": 60,
      "investment_mark": "☆"
    },
    {
      "horse_number": 10,
      "name": "レッドキリアン",
      "popularity": 4,
      "odds": 13.3,
      "mark": "⭐︎",
      "score": 100.9,
      "track_aptitude": 0,
      "total_points": 68.76853615520282,
      "detail_points": {
        "score": 44.48853615520282,
        "bias": 3.0,
        "pace": 8.28,
        "3f": 9.0,
        "margin": 4.0,
        "track": 0.0
      },
      "avg_margin": 1.825,
      "race_name": "福島7R",
      "pred_prob_won": 0.06177918016910553,
      "pred_prob_in_top2": 0.06351528763771057,
      "pred_prob_in_top3": 0.2010733515024185,
      "score_z": 0.6339776233630126,
      "上り3F平均": 35.48,
      "Ave-3F平均": 37.06,
      "PCI平均": 54.85,
      "-3F差平均": 1.12,
      "想定脚質": "後方",
      "track_bias_aptitude_score": 1,
      "investment_value_score": 54.0,
      "total_investment_index": 38.8,
      "investment_rating": 0.38418607085943224,
      "stability_score": 60,
      "investment_mark": "☆"
    },
    {
      "horse_number": 8,
      "name": "グリームスター",
      "popularity": 6,
      "odds": 20.0,
      "mark": "△",
      "score": 93.89,
      "track_aptitude": 0,
      "total_points": 69.67770723104056,
      "detail_points": {
        "score": 41.39770723104056,
        "bias": 9.0,
        "pace": 8.28,
        "3f": 7.0,
        "margin": 4.0,
        "track": 0.0
      },
      "avg_margin": 1.65,
      "race_name": "福島7R",
      "pred_prob_won": 0.04450525045394897,
      "pred_prob_in_top2": 0.06616104990243912,
      "pred_prob_in_top3": 0.1688537061214447,
      "score_z": 0.21790430425010732,
      "上り3F平均": 38.15,
      "Ave-3F平均": 36.31,
      "PCI平均": 45.25,
      "-3F差平均": 1.02,
      "想定脚質": "中団",
      "track_bias_aptitude_score": 43.7,
      "investment_value_score": 42.1,
      "total_investment_index": 43.7,
      "investment_rating": 0.34426853060722357,
      "stability_score": 60,
      "investment_mark": "☆"
    },
    {
      "horse_number": 3,
      "name": "ヘヴンリーゴール",
      "popularity": 3,
      "odds": 9.6,
      "mark": "△",
      "score": 94.94,
      "track_aptitude": 0,
      "total_points": 72.14067019400352,
      "detail_points": {
        "score": 41.860670194003525,
        "bias": 9.0,
        "pace": 8.28,
        "3f": 9.0,
        "margin": 4.0,
        "track": 0.0
      },
      "avg_margin": 1.65,
      "race_name": "福島7R",
      "pred_prob_won": 0.046235103905200955,
      "pred_prob_in_top2": 0.069056935608387,
      "pred_prob_in_top3": 0.17347091138362886,
      "score_z": 0.28022627073634826,
      "上り3F平均": 36.33,
      "Ave-3F平均": 36.02,
      "PCI平均": 49.33,
      "-3F差平均": 0.72,
      "想定脚質": "中団",
      "track_bias_aptitude_score": 43.7,
      "investment_value_score": 55.2,
      "total_investment_index": 51.7,
      "investment_rating": 0.2311275531351567,
      "stability_score": 60,
      "investment_mark": "☆"
    },
    {
      "horse_number": 6,
      "name": "ノーブルオリンポス",
      "popularity": 9,
      "odds": 28.2,
      "mark": "×",
      "score": 94.86,
      "track_aptitude": 0,
      "total_points": 64.10539682539682,
      "detail_points": {
        "score": 41.82539682539682,
        "bias": 3.0,
        "pace": 8.28,