{
  "horses": [
    {
      "horse_number": 14,
      "name": "ミライヘノハナ",
      "popularity": 5,
      "odds": 9.6,
      "mark": "▲",
      "score": 127.46,
      "track_aptitude": 2,
      "total_points": 83.85859813084112,
      "detail_points": {
        "score": 47.648598130841116,
        "bias": 9.0,
        "pace": 10.2,
        "3f": 9.0,
        "margin": 6.0,
        "track": 2.0100000000000002
      },
      "avg_margin": 0.7142857142857143,
      "race_name": "福島4R",
      "pred_prob_won": 0.16294689178466798,
      "pred_prob_in_top2": 0.15054725706577302,
      "pred_prob_in_top3": 0.4505800843238831,
      "score_z": 1.0462021093950729,
      "上り3F平均": 36.77,
      "Ave-3F平均": 37.16,
      "PCI平均": 51.36,
      "-3F差平均": 0.79,
      "想定脚質": "中団",
      "track_bias_aptitude_score": 58.5,
      "investment_value_score": 61.9,
      "total_investment_index": 61.4,
      "investment_rating": 1.5550813752412798,
      "stability_score": 75,
      "investment_mark": "◎"
    },
    {
      "horse_number": 9,
      "name": "サルーポルティ",
      "popularity": 3,
      "odds": 4.9,
      "mark": "△",
      "score": 129.88,
      "track_aptitude": 2,
      "total_points": 80.71327102803738,
      "detail_points": {
        "score": 48.55327102803738,
        "bias": 4.95,
        "pace": 10.2,
        "3f": 7.0,
        "margin": 8.0,
        "track": 2.0100000000000002
      },
      "avg_margin": 0.48750000000000004,
      "race_name": "福島4R",
      "pred_prob_won": 0.1791502594947815,
      "pred_prob_in_top2": 0.15698590874671936,
      "pred_prob_in_top3": 0.4742495894432068,
      "score_z": 1.2314790288781376,
      "上り3F平均": 35.65,
      "Ave-3F平均": 36.68,
      "PCI平均": 52.92,
      "-3F差平均": 0.47,
      "想定脚質": "逃げ",
      "track_bias_aptitude_score": 38.2,
      "investment_value_score": 73.4,
      "total_investment_index": 62.6,
      "investment_rating": 1.2387361246347426,
      "stability_score": 90,
      "investment_mark": "○"
    },
    {
      "horse_number": 16,
      "name": "ジェノヴィーノ",
      "popularity": 6,
      "odds": 14.8,
      "mark": "▲",
      "score": 123.25,
      "track_aptitude": 2,
      "total_points": 82.28476635514019,
      "detail_points": {
        "score": 46.074766355140184,
        "bias": 9.0,
        "pace": 10.2,
        "3f": 9.0,
        "margin": 6.0,
        "track": 2.0100000000000002
      },
      "avg_margin": 0.7333333333333334,
      "race_name": "福島4R",
      "pred_prob_won": 0.09776751846075057,
      "pred_prob_in_top2": 0.11962566822767258,
      "pred_prob_in_top3": 0.3425410628318787,
      "score_z": 0.7238815180629651,
      "上り3F平均": 34.67,
      "Ave-3F平均": 37.41,
      "PCI平均": 57.97,
      "-3F差平均": 0.93,
      "想定脚質": "中団",
      "track_bias_aptitude_score": 58.5,
      "investment_value_score": 52.0,
      "total_investment_index": 55.0,
      "investment_rating": 1.2127053141593933,
      "stability_score": 75,
      "investment_mark": "▲"
    },
    {
      "horse_number": 1,
      "name": "ヴィアトル",
      "popularity": 2,
      "odds": 4.0,
      "mark": "○",
      "score": 131.66,
      "track_aptitude": 1,
      "total_points": 88.40869158878505,
      "detail_points": {
        "score": 49.21869158878505,
        "bias": 15.0,
        "pace": 10.2,
        "3f": 7.0,
        "margin": 6.0,
        "track": 0.99
      },
      "avg_margin": 0.7374999999999999,
      "race_name": "福島4R",
      "pred_prob_won": 0.22379222512245178,
      "pred_prob_in_top2": 0.1789204001426697,
      "pred_prob_in_top3": 0.5341098666191101,
      "score_z": 1.3677570936218795,
      "上り3F平均": 37.05,
      "Ave-3F平均": 37.07,
      "PCI平均": 50.08,
      "-3F差平均": 0.22,
      "想定脚質": "先行",
      "track_bias_aptitude_score": 88.5,
      "investment_value_score": 84.2,
      "total_investment_index": 84.4,
      "investment_rating": 1.1955076265335083,
      "stability_score": 75,
      "investment_mark": "▲"
    },
    {
      "horse_number": 2,
      "name": "サトノシャルレーヌ",
      "popularity": 1,
      "odds": 3.0,
      "mark": "◎",
      "score": 133.75,
      "track_aptitude": 2,
      "total_points": 94.21000000000001,
      "detail_points": {
        "score": 50.0,
        "bias": 15.0,
        "pace": 10.2,
        "3f": 9.0,
        "margin": 8.0,
        "track": 2.0100000000000002
      },
      "avg_margin": 0.3,
      "race_name": "福島4R",
      "pred_prob_won": 0.24755158126354218,
      "pred_prob_in_top2": 0.19293902814388275,
      "pred_prob_in_top3": 0.5755942225456238,
      "score_z": 1.527768978629981,
      "上り3F平均": 35.25,
      "Ave-3F平均": 36.55,
      "PCI平均": 53.72,
      "-3F差平均": 0.35,
      "想定脚質": "先行",
      "track_bias_aptitude_score": 94.3,
      "investment_value_score": 100,
      "total_investment_index": 95.8,
      "investment_rating": 1.0450870007276534,
      "stability_score": 90,
      "investment_mark": "△"
    },
    {
      "horse_number": 11,
      "name": "ハットメリリー",
      "popularity": 7,
      "odds": 33.5,
      "mark": "△",
      "score": 116.77,
      "track_aptitude": 0,
      "total_points": 75.85233644859812,
      "detail_points": {
        "score": 43.65233644859813,
        "bias": 9.0,
        "pace": 10.2,
        "3f": 9.0,
        "margin": 4.0,
        "track": 0.0
      },
      "avg_margin": 1.5,
      "race_name": "福島4R",
      "pred_prob_won": 0.05209947451949119,
      "pred_prob_in_top2": 0.0701038435101509,
      "pred_prob_in_top3": 0.20055085718631743,
      "score_z": 0.22776811382732073,
      "上り3F平均": 36.8,
      "Ave-3F平均": 37.77,
      "PCI平均": 52.75,
      "-3F差平均": 0.9,
      "想定脚質": "中団",
      "track_bias_aptitude_score": 47.1,
      "investment_value_score": 37.5,
      "total_investment_index": 42.0,
      "investment_rating": 0.5630572573840618,
      "stability_score": 60,
      "investment_mark": "△"
    },
    {
      "horse_number": 4,
      "name": "イサゴールド",
      "popularity": 8,
      "odds": 43.0,
      "mark": "△",
      "score": 115.0,
      "track_aptitude": 2,
      "total_points": 77.20065420560748,
      "detail_points": {
        "score": 42.99065420560748,
        "bias": 9.0,
        "pace": 10.2,
        "3f": 9.0,
        "margin": 4.0,
        "track": 2.0100000000000002
      },
      "avg_margin": 1.2,
      "race_name": "福島4R",
      "pred_prob_won": 0.043147866427898404,
      "pred_prob_in_top2": 0.058042369037866595,
      "pred_prob_in_top3": 0.1706128567457199,
      "score_z": 0.09225565618888122,
      "上り3F平均": 34.7,
      "Ave-3F平均": 37.44,
      "PCI平均": 57.93,
      "-3F差平均": 0.93,
      "想定脚質": "中団",
      "track_bias_aptitude_score": 58.5,
      "investment_value_score": 31.8,
      "total_investment_index": 41.8,
      "investment_rating": 0.44073842614889147,
      "stability_score": 60,
      "investment_mark": "☆"
    },
    {
      "horse_number": 8,
      "name": "モズアンドモズ",
      "popularity": 10,
      "odds": 81.3,
      "mark": "△",
      "score": 113.28,
      "track_aptitude": 0,
      "total_points": 80.54766355140187,
      "detail_points": {
        "score": 42.34766355140187,
        "bias": 15.0,
        "pace": 10.2,
        "3f": 9.0,
        "margin": 4.0,
        "track": 0.0
      },
      "avg_margin": 1.0250000000000001,
      "race_name": "福島4R",
      "pred_prob_won": 0.036563413217663765,
      "pred_prob_in_top2": 0.05585028678178787,
      "pred_prob_in_top3": 0.15489818453788756,
      "score_z": -0.03942876592304892,
      "上り3F平均": 36.9,
      "Ave-3F平均": 34.93,
      "PCI平均": 44.85,
      "-3F差平均": 0.35,
      "想定脚質": "先行",
      "track_bias_aptitude_score": 82.8,
      "investment_value_score": 25.8,
      "total_investment_index": 45.3,
      "investment_rating": 0.4152669286727906,
      "stability_score": 60,
      "investment_mark": "☆"
    },
    {
      "horse_number": 6,
      "name": "ダノンブロッサム",
      "popularity": 4,
      "odds": 5.7,
      "mark": "⭐︎",
      "score": 119.1,
      "track_aptitude": 2,
      "total_points": 72.81336448598131,