{
  "horses": [
    {
      "horse_number": 2,
      "name": "ノーブルアクト",
      "popularity": 8,
      "odds": 20.5,
      "mark": "△",
      "score": 121.49,
      "track_aptitude": 1,
      "total_points": 83.05779918094949,
      "detail_points": {
        "score": 46.067799180949486,
        "bias": 9.0,
        "pace": 12.0,
        "3f": 9.0,
        "margin": 6.0,
        "track": 0.99
      },
      "avg_margin": 0.7150000000000001,
      "race_name": "福島12R",
      "pred_prob_won": 0.11249678581953049,
      "pred_prob_in_top2": 0.11645067930221557,
      "pred_prob_in_top3": 0.3398773729801178,
      "score_z": 0.7834948722207637,
      "上り3F平均": 37.85,
      "Ave-3F平均": 37.68,
      "PCI平均": 49.6,
      "-3F差平均": 0.99,
      "想定脚質": "中団",
      "track_bias_aptitude_score": 48.9,
      "investment_value_score": 47.1,
      "total_investment_index": 49.2,
      "investment_rating": 1.4402458438277244,
      "stability_score": 75,
      "investment_mark": "◎"
    },
    {
      "horse_number": 5,
      "name": "ヘリオトロープ",
      "popularity": 1,
      "odds": 3.3,
      "mark": "◎",
      "score": 131.86,
      "track_aptitude": 2,
      "total_points": 97.01,
      "detail_points": {
        "score": 50.0,
        "bias": 15.0,
        "pace": 12.0,
        "3f": 9.0,
        "margin": 9.0,
        "track": 2.0100000000000002
      },
      "avg_margin": 0.15,
      "race_name": "福島12R",
      "pred_prob_won": 0.29229944944381714,
      "pred_prob_in_top2": 0.1706756830215454,
      "pred_prob_in_top3": 0.6006053209304809,
      "score_z": 1.9939897805833007,
      "上り3F平均": 37.35,
      "Ave-3F平均": 37.33,
      "PCI平均": 50.05,
      "-3F差平均": 0.5,
      "想定脚質": "先行",
      "track_bias_aptitude_score": 94.2,
      "investment_value_score": 100,
      "total_investment_index": 96.6,
      "investment_rating": 1.0813922381401062,
      "stability_score": 90,
      "investment_mark": "○"
    },
    {
      "horse_number": 6,
      "name": "ブルータス",
      "popularity": 3,
      "odds": 4.4,
      "mark": "○",
      "score": 121.86,
      "track_aptitude": 1,
      "total_points": 92.19809949946912,
      "detail_points": {
        "score": 46.20809949946913,
        "bias": 15.0,
        "pace": 12.0,
        "3f": 9.0,
        "margin": 9.0,
        "track": 0.99
      },
      "avg_margin": 0.1642857142857143,
      "race_name": "福島12R",
      "pred_prob_won": 0.1426524043083191,
      "pred_prob_in_top2": 0.13630232810974122,
      "pred_prob_in_top3": 0.39829778075218203,
      "score_z": 0.8266851437823975,
      "上り3F平均": 37.6,
      "Ave-3F平均": 37.82,
      "PCI平均": 50.73,
      "-3F差平均": 0.4,
      "想定脚質": "先行",
      "track_bias_aptitude_score": 88.4,
      "investment_value_score": 67.0,
      "total_investment_index": 73.1,
      "investment_rating": 0.9542124545574191,
      "stability_score": 90,
      "investment_mark": "▲"
    },
    {
      "horse_number": 10,
      "name": "タニセンドリーム",
      "popularity": 11,
      "odds": 33.6,
      "mark": "△",
      "score": 116.7,
      "track_aptitude": 2,
      "total_points": 88.2614788411952,
      "detail_points": {
        "score": 44.2514788411952,
        "bias": 15.0,
        "pace": 12.0,
        "3f": 7.0,
        "margin": 8.0,
        "track": 2.0100000000000002
      },
      "avg_margin": 0.5,
      "race_name": "福島12R",
      "pred_prob_won": 0.05249961465597153,
      "pred_prob_in_top2": 0.06703084260225296,
      "pred_prob_in_top3": 0.20052253305912018,
      "score_z": 0.2243559511931329,
      "上り3F平均": 38.97,
      "Ave-3F平均": 38.1,
      "PCI平均": 47.92,
      "-3F差平均": 0.2,
      "想定脚質": "先行",
      "track_bias_aptitude_score": 94.2,
      "investment_value_score": 31.1,
      "total_investment_index": 52.3,
      "investment_rating": 0.7640757578611372,
      "stability_score": 90,
      "investment_mark": "△"
    },
    {
      "horse_number": 11,
      "name": "オーケーバーディー",
      "popularity": 5,
      "odds": 11.3,
      "mark": "▲",
      "score": 118.64,
      "track_aptitude": 2,
      "total_points": 88.9971075382982,
      "detail_points": {
        "score": 44.98710753829819,
        "bias": 15.0,
        "pace": 12.0,
        "3f": 9.0,
        "margin": 6.0,
        "track": 2.0100000000000002
      },
      "avg_margin": 0.8571428571428571,
      "race_name": "福島12R",
      "pred_prob_won": 0.08010573536157609,
      "pred_prob_in_top2": 0.08946748077869415,
      "pred_prob_in_top3": 0.2792684733867645,
      "score_z": 0.4508130507325075,
      "上り3F平均": 38.53,
      "Ave-3F平均": 37.21,
      "PCI平均": 46.69,
      "-3F差平均": 0.47,
      "想定脚質": "先行",
      "track_bias_aptitude_score": 94.2,
      "investment_value_score": 50.6,
      "total_investment_index": 64.4,
      "investment_rating": 0.7567081302404404,
      "stability_score": 75,
      "investment_mark": "△"
    },
    {
      "horse_number": 13,
      "name": "ヴィーデ",
      "popularity": 4,
      "odds": 10.7,
      "mark": "▲",
      "score": 118.0,
      "track_aptitude": 2,
      "total_points": 88.75442590626422,
      "detail_points": {
        "score": 44.74442590626421,
        "bias": 15.0,
        "pace": 12.0,
        "3f": 9.0,
        "margin": 6.0,
        "track": 2.0100000000000002
      },
      "avg_margin": 0.73,
      "race_name": "福島12R",
      "pred_prob_won": 0.08185047954320908,
      "pred_prob_in_top2": 0.08719291687011718,
      "pred_prob_in_top3": 0.27699010968208315,
      "score_z": 0.37610555397724976,
      "上り3F平均": 37.52,
      "Ave-3F平均": 37.34,
      "PCI平均": 49.71,
      "-3F差平均": 0.38,
      "想定脚質": "先行",
      "track_bias_aptitude_score": 94.2,
      "investment_value_score": 53.9,
      "total_investment_index": 66.2,
      "investment_rating": 0.6441109332442285,
      "stability_score": 75,
      "investment_mark": "△"
    },
    {
      "horse_number": 1,
      "name": "スクレイピング",
      "popularity": 6,
      "odds": 14.6,
      "mark": "×",
      "score": 118.78,
      "track_aptitude": 2,
      "total_points": 73.33019414530563,
      "detail_points": {
        "score": 45.04019414530562,
        "bias": 3.0,
        "pace": 8.28,
        "3f": 7.0,
        "margin": 8.0,
        "track": 2.0100000000000002
      },
      "avg_margin": 0.45,
      "race_name": "福島12R",
      "pred_prob_won": 0.06446796730160713,
      "pred_prob_in_top2": 0.06974670886993409,
      "pred_prob_in_top3": 0.21415574848651886,
      "score_z": 0.46715531564772017,
      "上り3F平均": 36.5,
      "Ave-3F平均": 37.14,
      "PCI平均": 51.75,
      "-3F差平均": 0.9,
      "想定脚質": "後方",
      "track_bias_aptitude_score": 12.6,
      "investment_value_score": 43.1,
      "total_investment_index": 35.4,
      "investment_rating": 0.5314865298569202,
      "stability_score": 90,
      "investment_mark": "☆"
    },
    {
      "horse_number": 9,
      "name": "ミダース",
      "popularity": 9,
      "odds": 31.3,
      "mark": "△",
      "score": 114.23,
      "track_aptitude": 2,
      "total_points": 85.32487941756408,
      "detail_points": {
        "score": 43.31487941756408,
        "bias": 15.0,
        "pace": 12.0,
        "3f": 7.0,
        "margin": 6.0,
        "track": 2.0100000000000002
      },
      "avg_margin": 0.9,
      "race_name": "福島12R",
      "pred_prob_won": 0.03720481544733047,
      "pred_prob_in_top2": 0.05323120504617691,
      "pred_prob_in_top3": 0.15446345508098602,
      "score_z": -0.06396829409668961,
      "上り3F平均": 37.54,
      "Ave-3F平均": 37.08,
      "PCI平均": 48.88,
      "-3F差平均": 1.17,
      "想定脚質": "先行",
      "track_bias_aptitude_score": 94.2,
      "investment_value_score": 29.3,
      "total_investment_index": 50.7,
      "investment_rating": 0.3349051490426064,
      "stability_score": 75,
      "investment_mark": "☆"
    },
    {
      "horse_number": 14,
      "name": "レッドベルダンス",
      "popularity": 2,
      "odds": 4.3,
      "mark": "△",
      "score": 118.01,
      "track_aptitude": 2,
      "total_points": 82.75821780676475,