{
  "horses": [
    {
      "horse_number": 9,
      "name": "ツーネサーン",
      "popularity": 4,
      "odds": 6.0,
      "mark": "◎",
      "score": 132.09,
      "track_aptitude": 2,
      "total_points": 92.86551790187123,
      "detail_points": {
        "score": 48.65551790187122,
        "bias": 15.0,
        "pace": 10.2,
        "3f": 9.0,
        "margin": 8.0,
        "track": 2.0100000000000002
      },
      "avg_margin": 0.34,
      "race_name": "福島7R",
      "pred_prob_won": 0.18382269144058228,
      "pred_prob_in_top2": 0.15642136037349702,
      "pred_prob_in_top3": 0.49711673259735106,
      "score_z": 1.0358939237706626,
      "上り3F平均": 34.62,
      "Ave-3F平均": 35.35,
      "PCI平均": 52.28,
      "-3F差平均": 0.6,
      "想定脚質": "先行",
      "track_bias_aptitude_score": 93.5,
      "investment_value_score": 70.9,
      "total_investment_index": 77.3,
      "investment_rating": 1.5136110937595368,
      "stability_score": 90,
      "investment_mark": "◎"
    },
    {
      "horse_number": 15,
      "name": "リアンベーレ",
      "popularity": 3,
      "odds": 5.1,
      "mark": "▲",
      "score": 132.83,
      "track_aptitude": 0,
      "total_points": 89.12809783409459,
      "detail_points": {
        "score": 48.928097834094594,
        "bias": 15.0,
        "pace": 10.2,
        "3f": 9.0,
        "margin": 6.0,
        "track": 0.0
      },
      "avg_margin": 0.7714285714285715,
      "race_name": "福島7R",
      "pred_prob_won": 0.16665591895580292,
      "pred_prob_in_top2": 0.1511850595474243,
      "pred_prob_in_top3": 0.45332111120224,
      "score_z": 1.074094663152239,
      "上り3F平均": 35.54,
      "Ave-3F平均": 37.84,
      "PCI平均": 56.7,
      "-3F差平均": 0.6,
      "想定脚質": "先行",
      "track_bias_aptitude_score": 80.4,
      "investment_value_score": 74.9,
      "total_investment_index": 75.9,
      "investment_rating": 1.1412917780876162,
      "stability_score": 75,
      "investment_mark": "○"
    },
    {
      "horse_number": 6,
      "name": "ヴァンナチュール",
      "popularity": 12,
      "odds": 76.3,
      "mark": "△",
      "score": 119.59,
      "track_aptitude": 0,
      "total_points": 78.20112715485487,
      "detail_points": {
        "score": 44.05112715485487,
        "bias": 10.95,
        "pace": 10.2,
        "3f": 9.0,
        "margin": 4.0,
        "track": 0.0
      },
      "avg_margin": 1.32,
      "race_name": "福島7R",
      "pred_prob_won": 0.062188074737787244,
      "pred_prob_in_top2": 0.0776925802230835,
      "pred_prob_in_top3": 0.23411228358745576,
      "score_z": 0.39061116394674567,
      "上り3F平均": 37.22,
      "Ave-3F平均": 37.27,
      "PCI平均": 50.39,
      "-3F差平均": 0.84,
      "想定脚質": "中団",
      "track_bias_aptitude_score": 52.8,
      "investment_value_score": 33.2,
      "total_investment_index": 41.4,
      "investment_rating": 1.1048375679552556,
      "stability_score": 60,
      "investment_mark": "▲"
    },
    {
      "horse_number": 4,
      "name": "エナジーショット",
      "popularity": 1,
      "odds": 3.6,
      "mark": "○",
      "score": 135.74,
      "track_aptitude": 2,
      "total_points": 90.21000000000001,
      "detail_points": {
        "score": 50.0,
        "bias": 15.0,
        "pace": 10.2,
        "3f": 9.0,
        "margin": 4.0,
        "track": 2.0100000000000002
      },
      "avg_margin": 1.0374999999999999,
      "race_name": "福島7R",
      "pred_prob_won": 0.19204560816287994,
      "pred_prob_in_top2": 0.18785156309604645,
      "pred_prob_in_top3": 0.5215871691703796,
      "score_z": 1.2243164896392467,
      "上り3F平均": 36.2,
      "Ave-3F平均": 36.76,
      "PCI平均": 51.75,
      "-3F差平均": 0.4,
      "想定脚質": "先行",
      "track_bias_aptitude_score": 93.5,
      "investment_value_score": 100,
      "total_investment_index": 95.1,
      "investment_rating": 0.8996504890918732,
      "stability_score": 60,
      "investment_mark": "▲"
    },
    {
      "horse_number": 8,
      "name": "アンドローゼス",
      "popularity": 2,
      "odds": 3.8,
      "mark": "▲",
      "score": 127.66,
      "track_aptitude": 2,
      "total_points": 87.18372182112863,
      "detail_points": {
        "score": 47.023721821128625,
        "bias": 10.95,
        "pace": 10.2,
        "3f": 9.0,
        "margin": 8.0,
        "track": 2.0100000000000002
      },
      "avg_margin": 0.285,
      "race_name": "福島7R",
      "pred_prob_won": 0.14127470254898072,
      "pred_prob_in_top2": 0.1318560779094696,
      "pred_prob_in_top3": 0.39500769376754763,
      "score_z": 0.807205713689066,
      "上り3F平均": 35.1,
      "Ave-3F平均": 36.73,
      "PCI平均": 54.68,
      "-3F差平均": 0.59,
      "想定脚質": "中団",
      "track_bias_aptitude_score": 65.9,
      "investment_value_score": 78.7,
      "total_investment_index": 73.3,
      "investment_rating": 0.7757719272375108,
      "stability_score": 90,
      "investment_mark": "△"
    },
    {
      "horse_number": 5,
      "name": "コスモアミマネラ",
      "popularity": 5,
      "odds": 11.1,
      "mark": "△",
      "score": 121.93,
      "track_aptitude": 0,
      "total_points": 85.11306910269633,
      "detail_points": {
        "score": 44.913069102696326,
        "bias": 15.0,
        "pace": 10.2,
        "3f": 9.0,
        "margin": 6.0,
        "track": 0.0
      },
      "avg_margin": 0.945,
      "race_name": "福島7R",
      "pred_prob_won": 0.08059439808130264,
      "pred_prob_in_top2": 0.0836296871304512,
      "pred_prob_in_top3": 0.264027601480484,
      "score_z": 0.5114080965857831,
      "上り3F平均": 35.9,
      "Ave-3F平均": 37.24,
      "PCI平均": 53.81,
      "-3F差平均": 0.69,
      "想定脚質": "先行",
      "track_bias_aptitude_score": 80.4,
      "investment_value_score": 52.1,
      "total_investment_index": 61.2,
      "investment_rating": 0.688124206662178,
      "stability_score": 75,
      "investment_mark": "△"
    },
    {
      "horse_number": 14,
      "name": "パートオブワールド",
      "popularity": 9,
      "odds": 32.0,
      "mark": "△",
      "score": 115.8,
      "track_aptitude": 0,
      "total_points": 82.85507588035951,
      "detail_points": {
        "score": 42.655075880359504,
        "bias": 15.0,
        "pace": 10.2,
        "3f": 9.0,
        "margin": 6.0,
        "track": 0.0
      },
      "avg_margin": 0.7374999999999999,
      "race_name": "福島7R",
      "pred_prob_won": 0.05650883764028549,
      "pred_prob_in_top2": 0.06465593874454498,
      "pred_prob_in_top3": 0.19110586047172545,
      "score_z": 0.19496143116813372,
      "上り3F平均": 34.7,
      "Ave-3F平均": 37.39,
      "PCI平均": 57.75,
      "-3F差平均": 0.55,
      "想定脚質": "先行",
      "track_bias_aptitude_score": 80.4,
      "investment_value_score": 34.1,
      "total_investment_index": 49.9,
      "investment_rating": 0.5804092651605605,
      "stability_score": 75,
      "investment_mark": "☆"
    },
    {
      "horse_number": 12,
      "name": "ユーディキウム",
      "popularity": 8,
      "odds": 24.5,
      "mark": "△",
      "score": 115.32,
      "track_aptitude": 1,
      "total_points": 79.66826727567407,
      "detail_points": {
        "score": 42.47826727567408,
        "bias": 15.0,
        "pace": 10.2,
        "3f": 7.0,
        "margin": 4.0,
        "track": 0.99
      },
      "avg_margin": 1.45,
      "race_name": "福島7R",
      "pred_prob_won": 0.045855545252561566,
      "pred_prob_in_top2": 0.06675045117735863,
      "pred_prob_in_top3": 0.19005585014820098,
      "score_z": 0.1701825731908951,
      "上り3F平均": 36.9,
      "Ave-3F平均": 37.12,
      "PCI平均": 50.9,
      "-3F差平均": 0.28,
      "想定脚質": "先行",
      "track_bias_aptitude_score": 86.9,
      "investment_value_score": 36.1,
      "total_investment_index": 53.0,
      "investment_rating": 0.5188434784114361,
      "stability_score": 60,
      "investment_mark": "☆"
    },
    {
      "horse_number": 10,
      "name": "ボナーテソーロ",
      "popularity": 13,
      "odds": 77.9,
      "mark": "⭐︎",
      "score": 113.2,
      "track_aptitude": 1,
      "total_points": 76.8373626049801,