{
  "horses": [
    {
      "horse_number": 6,
      "name": "パルストリス",
      "popularity": 10,
      "odds": 19.9,
      "mark": "▲",
      "score": 57.35,
      "track_aptitude": 0,
      "total_points": 77.5520871751886,
      "detail_points": {
        "score": 48.07208717518861,
        "bias": 9.0,
        "pace": 6.48,
        "3f": 4.0,
        "margin": 10.0,
        "track": 0.0
      },
      "avg_margin": 0.0,
      "race_name": "福島4R",
      "pred_prob_won": 0.15356360077857972,
      "pred_prob_in_top2": 0.13336670994758607,
      "pred_prob_in_top3": 0.427356892824173,
      "score_z": 1.4763108502253395,
      "上り3F平均": 0,
      "Ave-3F平均": 0,
      "PCI平均": 0,
      "-3F差平均": 0,
      "想定脚質": "不明",
      "track_bias_aptitude_score": null,
      "investment_value_score": 49.6,
      "total_investment_index": null,
      "investment_rating": 2.3769696283340456,
      "stability_score": 90,
      "investment_mark": "◎"
    },
    {
      "horse_number": 13,
      "name": "パータリプトラ",
      "popularity": 6,
      "odds": 14.0,
      "mark": "○",
      "score": 59.63,
      "track_aptitude": 0,
      "total_points": 79.46323554065383,
      "detail_points": {
        "score": 49.98323554065382,
        "bias": 9.0,
        "pace": 6.48,
        "3f": 4.0,
        "margin": 10.0,
        "track": 0.0
      },
      "avg_margin": 0.0,
      "race_name": "福島4R",
      "pred_prob_won": 0.17152988016605378,
      "pred_prob_in_top2": 0.09683956801891327,
      "pred_prob_in_top3": 0.42854352593421935,
      "score_z": 1.8876751934595315,
      "上り3F平均": 0,
      "Ave-3F平均": 0,
      "PCI平均": 0,
      "-3F差平均": 0,
      "想定脚質": "不明",
      "track_bias_aptitude_score": null,
      "investment_value_score": 61.9,
      "total_investment_index": null,
      "investment_rating": 1.6427176296710968,
      "stability_score": 90,
      "investment_mark": "○"
    },
    {
      "horse_number": 15,
      "name": "タマリスペクト",
      "popularity": 15,
      "odds": 49.2,
      "mark": "△",
      "score": 51.39,
      "track_aptitude": 0,
      "total_points": 72.55627829002515,
      "detail_points": {
        "score": 43.07627829002515,
        "bias": 9.0,
        "pace": 6.48,
        "3f": 4.0,
        "margin": 10.0,
        "track": 0.0
      },
      "avg_margin": 0.0,
      "race_name": "福島4R",
      "pred_prob_won": 0.06108739674091339,
      "pred_prob_in_top2": 0.07294561117887496,
      "pred_prob_in_top3": 0.22117525041103364,
      "score_z": 0.400990023174557,
      "上り3F平均": 0,
      "Ave-3F平均": 0,
      "PCI平均": 0,
      "-3F差平均": 0,
      "想定脚質": "不明",
      "track_bias_aptitude_score": null,
      "investment_value_score": 25.2,
      "total_investment_index": null,
      "investment_rating": 1.2506937415897847,
      "stability_score": 90,
      "investment_mark": "▲"
    },
    {
      "horse_number": 10,
      "name": "ムーングレイル",
      "popularity": 1,
      "odds": 3.1,
      "mark": "◎",
      "score": 59.65,
      "track_aptitude": 0,
      "total_points": 79.48,
      "detail_points": {
        "score": 50.0,
        "bias": 9.0,
        "pace": 6.48,
        "3f": 4.0,
        "margin": 10.0,
        "track": 0.0
      },
      "avg_margin": 0.0,
      "race_name": "福島4R",
      "pred_prob_won": 0.16724212765693663,
      "pred_prob_in_top2": 0.0847545936703682,
      "pred_prob_in_top3": 0.4485661745071411,
      "score_z": 1.8912836526107077,
      "上り3F平均": 0,
      "Ave-3F平均": 0,
      "PCI平均": 0,
      "-3F差平均": 0,
      "想定脚質": "不明",
      "track_bias_aptitude_score": null,
      "investment_value_score": 100,
      "total_investment_index": null,
      "investment_rating": 0.7592738926410675,
      "stability_score": 90,
      "investment_mark": "△"
    },
    {
      "horse_number": 11,
      "name": "ユキノサイエンス",
      "popularity": 12,
      "odds": 35.8,
      "mark": "△",
      "score": 47.55,
      "track_aptitude": 0,
      "total_points": 69.33750209555741,
      "detail_points": {
        "score": 39.857502095557415,
        "bias": 9.0,
        "pace": 6.48,
        "3f": 4.0,
        "margin": 10.0,
        "track": 0.0
      },
      "avg_margin": 0.0,
      "race_name": "福島4R",
      "pred_prob_won": 0.05660528913140297,
      "pred_prob_in_top2": 0.05768287032842636,
      "pred_prob_in_top3": 0.18266332745552064,
      "score_z": -0.29183413385145096,
      "上り3F平均": 0,
      "Ave-3F平均": 0,
      "PCI平均": 0,
      "-3F差平均": 0,
      "想定脚質": "不明",
      "track_bias_aptitude_score": null,
      "investment_value_score": 23.6,
      "total_investment_index": null,
      "investment_rating": 0.7161056178808212,
      "stability_score": 90,
      "investment_mark": "△"
    },
    {
      "horse_number": 12,
      "name": "コックオーヴァン",
      "popularity": 2,
      "odds": 6.4,
      "mark": "▲",
      "score": 52.7,
      "track_aptitude": 0,
      "total_points": 73.65435037720034,
      "detail_points": {
        "score": 44.17435037720034,
        "bias": 9.0,
        "pace": 6.48,
        "3f": 4.0,
        "margin": 10.0,
        "track": 0.0
      },
      "avg_margin": 0.0,
      "race_name": "福島4R",
      "pred_prob_won": 0.1256893754005432,
      "pred_prob_in_top2": 0.08235527276992798,
      "pred_prob_in_top3": 0.35735729336738586,
      "score_z": 0.6373440975766589,
      "上り3F平均": 0,
      "Ave-3F平均": 0,
      "PCI平均": 0,
      "-3F差平均": 0,
      "想定脚質": "不明",
      "track_bias_aptitude_score": null,
      "investment_value_score": 74.1,
      "total_investment_index": null,
      "investment_rating": 0.7006004214286805,
      "stability_score": 90,
      "investment_mark": "△"
    },
    {
      "horse_number": 1,
      "name": "オレンジリバー",
      "popularity": 7,
      "odds": 15.4,
      "mark": "△",
      "score": 50.36,
      "track_aptitude": 0,
      "total_points": 71.69290863369656,
      "detail_points": {
        "score": 42.212908633696564,
        "bias": 9.0,
        "pace": 6.48,
        "3f": 4.0,
        "margin": 10.0,
        "track": 0.0
      },
      "avg_margin": 0.0,
      "race_name": "福島4R",
      "pred_prob_won": 0.05502928495407104,
      "pred_prob_in_top2": 0.05420101955533028,
      "pred_prob_in_top3": 0.22479250133037568,
      "score_z": 0.21515437688893504,
      "上り3F平均": 0,
      "Ave-3F平均": 0,
      "PCI平均": 0,
      "-3F差平均": 0,
      "想定脚質": "不明",
      "track_bias_aptitude_score": null,
      "investment_value_score": 39.1,
      "total_investment_index": null,
      "investment_rating": 0.697598382383585,
      "stability_score": 90,
      "investment_mark": "☆"
    },
    {
      "horse_number": 14,
      "name": "トップマジシャン",
      "popularity": 11,
      "odds": 25.7,
      "mark": "△",
      "score": 47.21,
      "track_aptitude": 0,
      "total_points": 69.05250628667225,
      "detail_points": {
        "score": 39.57250628667225,
        "bias": 9.0,
        "pace": 6.48,
        "3f": 4.0,
        "margin": 10.0,
        "track": 0.0
      },
      "avg_margin": 0.0,
      "race_name": "福島4R",
      "pred_prob_won": 0.046185589581727984,
      "pred_prob_in_top2": 0.055460353195667264,
      "pred_prob_in_top3": 0.17558568418025972,
      "score_z": -0.35317793942146136,
      "上り3F平均": 0,
      "Ave-3F平均": 0,
      "PCI平均": 0,
      "-3F差平均": 0,
      "想定脚質": "不明",
      "track_bias_aptitude_score": null,
      "investment_value_score": 24.3,
      "total_investment_index": null,
      "investment_rating": 0.6107890523970128,
      "stability_score": 90,
      "investment_mark": "☆"
    },
    {
      "horse_number": 8,
      "name": "シンエンドーツダ",
      "popularity": 9,
      "odds": 19.4,
      "mark": "⭐︎",
      "score": 46.16,
      "track_aptitude": 0,
      "total_points": 68.17237217099749,
      "detail_points": {
        "score": 38.69237217099749,
        "bias": 9.0,
        "pace": 6.48,
        "3f": 4.0,
        "margin": 10.0,
        "track": 0.0
      },
      "avg_margin": 0.0,
      "race_name": "福島4R",