{
  "horses": [
    {
      "horse_number": 2,
      "name": "シャンハイノハナ",
      "popularity": 8,
      "odds": 24.2,
      "mark": "○",
      "score": 100.22,
      "track_aptitude": 2,
      "total_points": 83.81244755244755,
      "detail_points": {
        "score": 43.802447552447546,
        "bias": 15.0,
        "pace": 12.0,
        "3f": 7.0,
        "margin": 4.0,
        "track": 2.0100000000000002
      },
      "avg_margin": 1.35,
      "race_name": "福島7R",
      "pred_prob_won": 0.08940912783145905,
      "pred_prob_in_top2": 0.10092842876911164,
      "pred_prob_in_top3": 0.2917206048965454,
      "score_z": 0.5339152714397153,
      "上り3F平均": 35.92,
      "Ave-3F平均": 34.99,
      "PCI平均": 47.43,
      "-3F差平均": 0.27,
      "想定脚質": "先行",
      "track_bias_aptitude_score": 93.9,
      "investment_value_score": 43.9,
      "total_investment_index": 60.4,
      "investment_rating": 1.1794956898689268,
      "stability_score": 60,
      "investment_mark": "◎"
    },
    {
      "horse_number": 11,
      "name": "バーンズベリー",
      "popularity": 5,
      "odds": 10.5,
      "mark": "◎",
      "score": 101.28,
      "track_aptitude": 0,
      "total_points": 84.26573426573427,
      "detail_points": {
        "score": 44.26573426573427,
        "bias": 15.0,
        "pace": 12.0,
        "3f": 9.0,
        "margin": 4.0,
        "track": 0.0
      },
      "avg_margin": 1.0333333333333332,
      "race_name": "福島7R",
      "pred_prob_won": 0.10561885684728622,
      "pred_prob_in_top2": 0.09875351637601852,
      "pred_prob_in_top3": 0.3330455183982849,
      "score_z": 0.6271909513286481,
      "上り3F平均": 37.27,
      "Ave-3F平均": 37.02,
      "PCI平均": 49.45,
      "-3F差平均": 0.53,
      "想定脚質": "先行",
      "track_bias_aptitude_score": 81.7,
      "investment_value_score": 55.5,
      "total_investment_index": 63.9,
      "investment_rating": 1.0320525568723677,
      "stability_score": 60,
      "investment_mark": "○"
    },
    {
      "horse_number": 14,
      "name": "リケアコンパンナ",
      "popularity": 2,
      "odds": 4.1,
      "mark": "▲",
      "score": 110.88,
      "track_aptitude": 2,
      "total_points": 82.75153846153846,
      "detail_points": {
        "score": 48.46153846153845,
        "bias": 9.0,
        "pace": 8.28,
        "3f": 9.0,
        "margin": 6.0,
        "track": 2.0100000000000002
      },
      "avg_margin": 0.8500000000000002,
      "race_name": "福島7R",
      "pred_prob_won": 0.19289026856422425,
      "pred_prob_in_top2": 0.13767432272434235,
      "pred_prob_in_top3": 0.45717220902442934,
      "score_z": 1.4719518257944524,
      "上り3F平均": 35.33,
      "Ave-3F平均": 34.73,
      "PCI平均": 48.33,
      "-3F差平均": 0.73,
      "想定脚質": "中団",
      "track_bias_aptitude_score": 56.0,
      "investment_value_score": 83.1,
      "total_investment_index": 74.1,
      "investment_rating": 0.9800821852684022,
      "stability_score": 75,
      "investment_mark": "▲"
    },
    {
      "horse_number": 1,
      "name": "ノーブルライナー",
      "popularity": 1,
      "odds": 2.5,
      "mark": "▲",
      "score": 114.4,
      "track_aptitude": 0,
      "total_points": 82.28,
      "detail_points": {
        "score": 50.0,
        "bias": 9.0,
        "pace": 8.28,
        "3f": 9.0,
        "margin": 6.0,
        "track": 0.0
      },
      "avg_margin": 0.6571428571428571,
      "race_name": "福島7R",
      "pred_prob_won": 0.22865734696388246,
      "pred_prob_in_top2": 0.14639331102371217,
      "pred_prob_in_top3": 0.4910750687122345,
      "score_z": 1.7816974797652485,
      "上り3F平均": 34.6,
      "Ave-3F平均": 36.45,
      "PCI平均": 55.4,
      "-3F差平均": 0.96,
      "想定脚質": "中団",
      "track_bias_aptitude_score": 43.7,
      "investment_value_score": 100,
      "total_investment_index": 81.1,
      "investment_rating": 0.8549189046025276,
      "stability_score": 75,
      "investment_mark": "▲"
    },
    {
      "horse_number": 13,
      "name": "マハーギータ",
      "popularity": 4,
      "odds": 9.9,
      "mark": "△",
      "score": 104.1,
      "track_aptitude": 2,
      "total_points": 77.78825174825175,
      "detail_points": {
        "score": 45.49825174825175,
        "bias": 9.0,
        "pace": 8.28,
        "3f": 9.0,
        "margin": 4.0,
        "track": 2.0100000000000002
      },
      "avg_margin": 1.2999999999999998,
      "race_name": "福島7R",
      "pred_prob_won": 0.09920595586299896,
      "pred_prob_in_top2": 0.10122883021831512,
      "pred_prob_in_top3": 0.2984263300895691,
      "score_z": 0.8753394582029776,
      "上り3F平均": 36.5,
      "Ave-3F平均": 35.35,
      "PCI平均": 47.05,
      "-3F差平均": 1.0,
      "想定脚質": "中団",
      "track_bias_aptitude_score": 56.0,
      "investment_value_score": 58.7,
      "total_investment_index": 58.5,
      "investment_rating": 0.7638626873493195,
      "stability_score": 60,
      "investment_mark": "△"
    },
    {
      "horse_number": 6,
      "name": "フォルトレス",
      "popularity": 6,
      "odds": 11.4,
      "mark": "△",
      "score": 101.92,
      "track_aptitude": 0,
      "total_points": 70.82545454545455,
      "detail_points": {
        "score": 44.54545454545455,
        "bias": 3.0,
        "pace": 8.28,
        "3f": 9.0,
        "margin": 6.0,
        "track": 0.0
      },
      "avg_margin": 1.0,
      "race_name": "福島7R",
      "pred_prob_won": 0.0770173117518425,
      "pred_prob_in_top2": 0.08036285489797593,
      "pred_prob_in_top3": 0.24936847686767577,
      "score_z": 0.6835083429597018,
      "上り3F平均": 34.5,
      "Ave-3F平均": 36.3,
      "PCI平均": 55.2,
      "-3F差平均": 1.2,
      "想定脚質": "後方",
      "track_bias_aptitude_score": 1,
      "investment_value_score": 46.9,
      "total_investment_index": 34.6,
      "investment_rating": 0.7468423843383788,
      "stability_score": 75,
      "investment_mark": "△"
    },
    {
      "horse_number": 4,
      "name": "リーサイェイ",
      "popularity": 10,
      "odds": 32.4,
      "mark": "△",
      "score": 95.89,
      "track_aptitude": 0,
      "total_points": 72.18996503496504,
      "detail_points": {
        "score": 41.90996503496503,
        "bias": 9.0,
        "pace": 8.28,
        "3f": 9.0,
        "margin": 4.0,
        "track": 0.0
      },
      "avg_margin": 1.09,
      "race_name": "福島7R",
      "pred_prob_won": 0.03837879821658134,
      "pred_prob_in_top2": 0.05946643128991127,
      "pred_prob_in_top3": 0.14906179904937744,
      "score_z": 0.15289291868586807,
      "上り3F平均": 36.0,
      "Ave-3F平均": 35.45,
      "PCI平均": 48.72,
      "-3F差平均": 0.68,
      "想定脚質": "中団",
      "track_bias_aptitude_score": 43.7,
      "investment_value_score": 26.4,
      "total_investment_index": 34.2,
      "investment_rating": 0.37324495315551764,
      "stability_score": 60,
      "investment_mark": "☆"
    },
    {
      "horse_number": 12,
      "name": "クリアクォーツ",
      "popularity": 7,
      "odds": 21.1,
      "mark": "⭐︎",
      "score": 99.09,
      "track_aptitude": 2,
      "total_points": 69.59856643356643,
      "detail_points": {
        "score": 43.30856643356643,
        "bias": 3.0,
        "pace": 8.28,
        "3f": 9.0,
        "margin": 4.0,
        "track": 2.0100000000000002
      },
      "avg_margin": 1.35,
      "race_name": "福島7R",
      "pred_prob_won": 0.04830619394779205,
      "pred_prob_in_top2": 0.05477402433753013,
      "pred_prob_in_top3": 0.1638297349214554,
      "score_z": 0.4344798768411366,
      "上り3F平均": 36.78,
      "Ave-3F平均": 35.63,
      "PCI平均": 47.18,
      "-3F差平均": 1.46,
      "想定脚質": "後方",
      "track_bias_aptitude_score": 13.2,
      "investment_value_score": 35.4,
      "total_investment_index": 30.9,
      "investment_rating": 0.35925502881407734,
      "stability_score": 60,
      "investment_mark": "☆"
    },
    {
      "horse_number": 10,
      "name": "イオリ",
      "popularity": 9,
      "odds": 29.0,
      "mark": "△",
      "score": 94.23,
      "track_aptitude": 1,
      "total_points": 72.45444055944056,