{
  "horses": [
    {
      "horse_number": 4,
      "name": "シャーンゴッセ",
      "popularity": 4,
      "odds": 6.6,
      "mark": "▲",
      "score": 109.62,
      "track_aptitude": 0,
      "total_points": 85.83724503671472,
      "detail_points": {
        "score": 49.687245036714714,
        "bias": 10.95,
        "pace": 10.2,
        "3f": 9.0,
        "margin": 6.0,
        "track": 0.0
      },
      "avg_margin": 0.5149999999999999,
      "race_name": "福島8R",
      "pred_prob_won": 0.18142544627189636,
      "pred_prob_in_top2": 0.14414057731628419,
      "pred_prob_in_top3": 0.4418156623840332,
      "score_z": 1.29307931963785,
      "上り3F平均": 36.79,
      "Ave-3F平均": 35.52,
      "PCI平均": 46.66,
      "-3F差平均": 0.76,
      "想定脚質": "中団",
      "track_bias_aptitude_score": 54.0,
      "investment_value_score": 89.9,
      "total_investment_index": 77.3,
      "investment_rating": 1.2951718664169312,
      "stability_score": 75,
      "investment_mark": "◎"
    },
    {
      "horse_number": 12,
      "name": "レジーナローズ",
      "popularity": 3,
      "odds": 6.4,
      "mark": "◎",
      "score": 110.31,
      "track_aptitude": 2,
      "total_points": 88.16000000000001,
      "detail_points": {
        "score": 50.0,
        "bias": 10.95,
        "pace": 10.2,
        "3f": 9.0,
        "margin": 6.0,
        "track": 2.0100000000000002
      },
      "avg_margin": 0.545,
      "race_name": "福島8R",
      "pred_prob_won": 0.20148902237415314,
      "pred_prob_in_top2": 0.1498471677303314,
      "pred_prob_in_top3": 0.48664056062698363,
      "score_z": 1.344421518426555,
      "上り3F平均": 36.19,
      "Ave-3F平均": 35.09,
      "PCI平均": 47.16,
      "-3F差平均": 0.65,
      "想定脚質": "中団",
      "track_bias_aptitude_score": 68.0,
      "investment_value_score": 100,
      "total_investment_index": 87.6,
      "investment_rating": 1.2545779061317444,
      "stability_score": 75,
      "investment_mark": "○"
    },
    {
      "horse_number": 14,
      "name": "オーサムデアラー",
      "popularity": 7,
      "odds": 11.3,
      "mark": "⭐︎",
      "score": 105.9,
      "track_aptitude": 0,
      "total_points": 74.28108784335056,
      "detail_points": {
        "score": 48.00108784335056,
        "bias": 3.0,
        "pace": 8.28,
        "3f": 9.0,
        "margin": 6.0,
        "track": 0.0
      },
      "avg_margin": 0.885,
      "race_name": "福島8R",
      "pred_prob_won": 0.09748030453920364,
      "pred_prob_in_top2": 0.08951916545629501,
      "pred_prob_in_top3": 0.2835835158824921,
      "score_z": 1.0162779000813533,
      "上り3F平均": 36.35,
      "Ave-3F平均": 36.71,
      "PCI平均": 51.03,
      "-3F差平均": 1.34,
      "想定脚質": "後方",
      "track_bias_aptitude_score": 1,
      "investment_value_score": 63.1,
      "total_investment_index": 44.9,
      "investment_rating": 0.9880676889419555,
      "stability_score": 75,
      "investment_mark": "▲"
    },
    {
      "horse_number": 5,
      "name": "エンドレスサマー",
      "popularity": 5,
      "odds": 9.9,
      "mark": "○",
      "score": 97.55,
      "track_aptitude": 2,
      "total_points": 86.42629951953586,
      "detail_points": {
        "score": 44.21629951953585,
        "bias": 15.0,
        "pace": 10.2,
        "3f": 9.0,
        "margin": 6.0,
        "track": 2.0100000000000002
      },
      "avg_margin": 0.54,
      "race_name": "福島8R",
      "pred_prob_won": 0.07815065532922745,
      "pred_prob_in_top2": 0.09195803254842758,
      "pred_prob_in_top3": 0.27197234630584716,
      "score_z": 0.3949628857542697,
      "上り3F平均": 34.8,
      "Ave-3F平均": 35.03,
      "PCI平均": 50.7,
      "-3F差平均": 0.87,
      "想定脚質": "先行",
      "track_bias_aptitude_score": 93.0,
      "investment_value_score": 67.2,
      "total_investment_index": 73.9,
      "investment_rating": 0.7238755583763122,
      "stability_score": 75,
      "investment_mark": "△"
    },
    {
      "horse_number": 15,
      "name": "ラヴァグロウ",
      "popularity": 6,
      "odds": 10.5,
      "mark": "⭐︎",
      "score": 99.83,
      "track_aptitude": 0,
      "total_points": 71.5297507025655,
      "detail_points": {
        "score": 45.24975070256549,
        "bias": 3.0,
        "pace": 8.28,
        "3f": 9.0,
        "margin": 6.0,
        "track": 0.0
      },
      "avg_margin": 0.8800000000000001,
      "race_name": "福島8R",
      "pred_prob_won": 0.05503343939781189,
      "pred_prob_in_top2": 0.06068737134337425,
      "pred_prob_in_top3": 0.18529097437858583,
      "score_z": 0.5646153687082517,
      "上り3F平均": 36.92,
      "Ave-3F平均": 35.48,
      "PCI平均": 46.13,
      "-3F差平均": 1.37,
      "想定脚質": "後方",
      "track_bias_aptitude_score": 1,
      "investment_value_score": 54.3,
      "total_investment_index": 38.8,
      "investment_rating": 0.3857194206118583,
      "stability_score": 75,
      "investment_mark": "☆"
    },
    {
      "horse_number": 9,
      "name": "キングヴァージル",
      "popularity": 11,
      "odds": 30.9,
      "mark": "消",
      "score": 95.58,
      "track_aptitude": 0,
      "total_points": 63.603361435953225,
      "detail_points": {
        "score": 43.323361435953224,
        "bias": 3.0,
        "pace": 8.28,
        "3f": 7.0,
        "margin": 2.0,
        "track": 0.0
      },
      "avg_margin": 2.04,
      "race_name": "福島8R",
      "pred_prob_won": 0.03885290250182152,
      "pred_prob_in_top2": 0.0554107204079628,
      "pred_prob_in_top3": 0.13885850608348846,
      "score_z": 0.24837718776332926,
      "上り3F平均": 38.08,
      "Ave-3F平均": 35.44,
      "PCI平均": 43.37,
      "-3F差平均": 0.86,
      "想定脚質": "後方",
      "track_bias_aptitude_score": 1,
      "investment_value_score": 31.8,
      "total_investment_index": 24.8,
      "investment_rating": 0.28309634745120993,
      "stability_score": 45,
      "investment_mark": "☆"
    },
    {
      "horse_number": 3,
      "name": "ミニョンマルーン",
      "popularity": 2,
      "odds": 6.0,
      "mark": "△",
      "score": 97.64,
      "track_aptitude": 1,
      "total_points": 75.49709364518175,
      "detail_points": {
        "score": 44.25709364518176,
        "bias": 7.05,
        "pace": 10.2,
        "3f": 7.0,
        "margin": 6.0,
        "track": 0.99
      },
      "avg_margin": 0.7785714285714285,
      "race_name": "福島8R",
      "pred_prob_won": 0.05467161014676094,
      "pred_prob_in_top2": 0.07300999462604522,
      "pred_prob_in_top3": 0.20839022994041442,
      "score_z": 0.40165969429192716,
      "上り3F平均": 38.41,
      "Ave-3F平均": 34.55,
      "PCI平均": 39.94,
      "-3F差平均": 0.2,
      "想定脚質": "逃げ",
      "track_bias_aptitude_score": 37.3,
      "investment_value_score": 83.0,
      "total_investment_index": 66.7,
      "investment_rating": 0.24391215533018112,
      "stability_score": 75,
      "investment_mark": "☆"
    },
    {
      "horse_number": 6,
      "name": "フェールブリエ",
      "popularity": 8,
      "odds": 11.5,
      "mark": "△",
      "score": 90.59,
      "track_aptitude": 0,
      "total_points": 75.21155380291906,
      "detail_points": {
        "score": 41.06155380291905,
        "bias": 10.95,
        "pace": 10.2,
        "3f": 9.0,
        "margin": 4.0,
        "track": 0.0
      },
      "avg_margin": 1.0999999999999999,
      "race_name": "福島8R",
      "pred_prob_won": 0.027208151668310164,
      "pred_prob_in_top2": 0.05095098316669464,
      "pred_prob_in_top3": 0.13095235377550124,
      "score_z": -0.12292364115788525,
      "上り3F平均": 37.72,
      "Ave-3F平均": 36.06,
      "PCI平均": 45.65,
      "-3F差平均": 0.7,
      "想定脚質": "中団",
      "track_bias_aptitude_score": 54.0,
      "investment_value_score": 36.4,
      "total_investment_index": 42.8,
      "investment_rating": 0.1553569757193327,
      "stability_score": 60,
      "investment_mark": "×"
    },
    {
      "horse_number": 11,
      "name": "テイエムパイロット",
      "popularity": 9,
      "odds": 14.9,
      "mark": "×",
      "score": 94.21,
      "track_aptitude": 0,
      "total_points": 66.98238419000997,