{
  "horses": [
    {
      "horse_number": 10,
      "name": "アイアムユウシュン",
      "popularity": 5,
      "odds": 10.5,
      "mark": "○",
      "score": 109.22,
      "track_aptitude": 1,
      "total_points": 91.90177787729512,
      "detail_points": {
        "score": 48.911777877295116,
        "bias": 15.0,
        "pace": 12.0,
        "3f": 9.0,
        "margin": 6.0,
        "track": 0.99
      },
      "avg_margin": 0.5599999999999999,
      "race_name": "福島11R",
      "pred_prob_won": 0.15851998031139375,
      "pred_prob_in_top2": 0.16065648198127747,
      "pred_prob_in_top3": 0.44576209783554077,
      "score_z": 1.184216101464777,
      "上り3F平均": 37.49,
      "Ave-3F平均": 34.76,
      "PCI平均": 42.74,
      "-3F差平均": 0.45,
      "想定脚質": "先行",
      "track_bias_aptitude_score": 86.4,
      "investment_value_score": 74.5,
      "total_investment_index": 77.6,
      "investment_rating": 1.5336413353681564,
      "stability_score": 75,
      "investment_mark": "◎"
    },
    {
      "horse_number": 6,
      "name": "フラップシグナス",
      "popularity": 12,
      "odds": 29.6,
      "mark": "×",
      "score": 106.74,
      "track_aptitude": 0,
      "total_points": 74.08116435288849,
      "detail_points": {
        "score": 47.801164352888485,
        "bias": 3.0,
        "pace": 8.28,
        "3f": 9.0,
        "margin": 6.0,
        "track": 0.0
      },
      "avg_margin": 0.655,
      "race_name": "福島11R",
      "pred_prob_won": 0.08714586943387985,
      "pred_prob_in_top2": 0.08704627305269241,
      "pred_prob_in_top3": 0.27440154552459717,
      "score_z": 0.9528081683114114,
      "上り3F平均": 36.63,
      "Ave-3F平均": 35.58,
      "PCI平均": 47.18,
      "-3F差平均": 1.16,
      "想定脚質": "後方",
      "track_bias_aptitude_score": 1,
      "investment_value_score": 45.5,
      "total_investment_index": 34.2,
      "investment_rating": 1.4775328278541564,
      "stability_score": 75,
      "investment_mark": "○"
    },
    {
      "horse_number": 12,
      "name": "ルディック",
      "popularity": 2,
      "odds": 6.1,
      "mark": "◎",
      "score": 111.65,
      "track_aptitude": 2,
      "total_points": 96.01,
      "detail_points": {
        "score": 50.0,
        "bias": 15.0,
        "pace": 12.0,
        "3f": 9.0,
        "margin": 8.0,
        "track": 2.0100000000000002
      },
      "avg_margin": 0.475,
      "race_name": "福島11R",
      "pred_prob_won": 0.20769845247268676,
      "pred_prob_in_top2": 0.16093361675739287,
      "pred_prob_in_top3": 0.508082365989685,
      "score_z": 1.4109585520948897,
      "上り3F平均": 37.54,
      "Ave-3F平均": 35.56,
      "PCI平均": 44.76,
      "-3F差平均": 0.53,
      "想定脚質": "先行",
      "track_bias_aptitude_score": 93.2,
      "investment_value_score": 97.8,
      "total_investment_index": 94.0,
      "investment_rating": 1.1226306247711182,
      "stability_score": 90,
      "investment_mark": "▲"
    },
    {
      "horse_number": 16,
      "name": "ショウナンアビアス",
      "popularity": 6,
      "odds": 11.0,
      "mark": "▲",
      "score": 102.09,
      "track_aptitude": 2,
      "total_points": 91.72876399462606,
      "detail_points": {
        "score": 45.71876399462606,
        "bias": 15.0,
        "pace": 12.0,
        "3f": 9.0,
        "margin": 8.0,
        "track": 2.0100000000000002
      },
      "avg_margin": 0.29999999999999993,
      "race_name": "福島11R",
      "pred_prob_won": 0.08906006813049316,
      "pred_prob_in_top2": 0.0816899761557579,
      "pred_prob_in_top3": 0.2669771909713745,
      "score_z": 0.5189182936488521,
      "上り3F平均": 36.63,
      "Ave-3F平均": 34.75,
      "PCI平均": 44.92,
      "-3F差平均": 0.49,
      "想定脚質": "先行",
      "track_bias_aptitude_score": 93.2,
      "investment_value_score": 57.2,
      "total_investment_index": 68.1,
      "investment_rating": 0.8348859548568726,
      "stability_score": 90,
      "investment_mark": "▲"
    },
    {
      "horse_number": 5,
      "name": "ドンレパルス",
      "popularity": 4,
      "odds": 9.6,
      "mark": "△",
      "score": 105.71,
      "track_aptitude": 0,
      "total_points": 85.33990147783251,
      "detail_points": {
        "score": 47.339901477832505,
        "bias": 9.0,
        "pace": 12.0,
        "3f": 9.0,
        "margin": 8.0,
        "track": 0.0
      },
      "avg_margin": 0.335,
      "race_name": "福島11R",
      "pred_prob_won": 0.0997803270816803,
      "pred_prob_in_top2": 0.10483972281217575,
      "pred_prob_in_top3": 0.29086562991142273,
      "score_z": 0.8566992283323925,
      "上り3F平均": 36.13,
      "Ave-3F平均": 35.35,
      "PCI平均": 47.86,
      "-3F差平均": 0.73,
      "想定脚質": "中団",
      "track_bias_aptitude_score": 34.0,
      "investment_value_score": 68.7,
      "total_investment_index": 57.8,
      "investment_rating": 0.7343759566545487,
      "stability_score": 90,
      "investment_mark": "△"
    },
    {
      "horse_number": 13,
      "name": "ブレーザー",
      "popularity": 9,
      "odds": 18.2,
      "mark": "△",
      "score": 98.58,
      "track_aptitude": 1,
      "total_points": 87.13688759516346,
      "detail_points": {
        "score": 44.146887595163456,
        "bias": 15.0,
        "pace": 12.0,
        "3f": 9.0,
        "margin": 6.0,
        "track": 0.99
      },
      "avg_margin": 0.675,
      "race_name": "福島11R",
      "pred_prob_won": 0.04718554988503456,
      "pred_prob_in_top2": 0.06969258040189744,
      "pred_prob_in_top3": 0.1784897893667221,
      "score_z": 0.19140142051646764,
      "上り3F平均": 37.24,
      "Ave-3F平均": 34.79,
      "PCI平均": 43.56,
      "-3F差平均": 0.65,
      "想定脚質": "先行",
      "track_bias_aptitude_score": 86.4,
      "investment_value_score": 39.9,
      "total_investment_index": 55.2,
      "investment_rating": 0.5369570992887021,
      "stability_score": 75,
      "investment_mark": "△"
    },
    {
      "horse_number": 15,
      "name": "オーブルクール",
      "popularity": 3,
      "odds": 7.1,
      "mark": "▲",
      "score": 100.31,
      "track_aptitude": 1,
      "total_points": 87.91163009404387,
      "detail_points": {
        "score": 44.921630094043884,
        "bias": 15.0,
        "pace": 12.0,
        "3f": 9.0,
        "margin": 6.0,
        "track": 0.99
      },
      "avg_margin": 0.65,
      "race_name": "福島11R",
      "pred_prob_won": 0.07472200840711593,
      "pred_prob_in_top2": 0.09475248903036118,
      "pred_prob_in_top3": 0.24841537475585937,
      "score_z": 0.3528271158210333,
      "上り3F平均": 37.36,
      "Ave-3F平均": 34.73,
      "PCI平均": 42.94,
      "-3F差平均": 0.5,
      "想定脚質": "先行",
      "track_bias_aptitude_score": 86.4,
      "investment_value_score": 68.9,
      "total_investment_index": 72.8,
      "investment_rating": 0.4821915054321289,
      "stability_score": 75,
      "investment_mark": "☆"
    },
    {
      "horse_number": 11,
      "name": "エコロアゼル",
      "popularity": 1,
      "odds": 3.5,
      "mark": "⭐︎",
      "score": 108.39,
      "track_aptitude": 0,
      "total_points": 76.82008060904613,
      "detail_points": {
        "score": 48.54008060904613,
        "bias": 9.0,
        "pace": 8.28,
        "3f": 5.0,
        "margin": 6.0,
        "track": 0.0
      },
      "avg_margin": 0.54,
      "race_name": "福島11R",
      "pred_prob_won": 0.10139016211032867,
      "pred_prob_in_top2": 0.08822476416826248,
      "pred_prob_in_top3": 0.30826321244239807,
      "score_z": 1.1067690915787718,
      "上り3F平均": 36.6,
      "Ave-3F平均": 35.61,
      "PCI平均": 47.36,
      "-3F差平均": 0.6,
      "想定脚質": "逃げ",
      "track_bias_aptitude_score": 37.2,
      "investment_value_score": 100,
      "total_investment_index": 78.0,
      "investment_rating": 0.44359222799539566,
      "stability_score": 75,
      "investment_mark": "☆"
    },
    {
      "horse_number": 4,
      "name": "ハッピーロンドン",
      "popularity": 8,
      "odds": 16.7,
      "mark": "△",
      "score": 94.38,
      "track_aptitude": 0,
      "total_points": 84.26600985221674,
      "detail_points": {
        "score": 42.26600985221675,