{
  "horses": [
    {
      "horse_number": 5,
      "name": "タッチアンドムーブ",
      "popularity": 7,
      "odds": 12.1,
      "mark": "△",
      "score": 129.9,
      "track_aptitude": 2,
      "total_points": 87.2824043715847,
      "detail_points": {
        "score": 47.3224043715847,
        "bias": 10.95,
        "pace": 12.0,
        "3f": 7.0,
        "margin": 8.0,
        "track": 2.0100000000000002
      },
      "avg_margin": 0.43333333333333335,
      "race_name": "福島9R",
      "pred_prob_won": 0.12810387313365937,
      "pred_prob_in_top2": 0.11880706548690796,
      "pred_prob_in_top3": 0.3747654020786285,
      "score_z": 0.8124231127596969,
      "上り3F平均": 34.87,
      "Ave-3F平均": 36.49,
      "PCI平均": 54.72,
      "-3F差平均": 1.05,
      "想定脚質": "中団",
      "track_bias_aptitude_score": 65.9,
      "investment_value_score": 54.1,
      "total_investment_index": 58.6,
      "investment_rating": 1.342377602159977,
      "stability_score": 90,
      "investment_mark": "◎"
    },
    {
      "horse_number": 7,
      "name": "ルトンワージ",
      "popularity": 2,
      "odds": 6.4,
      "mark": "▲",
      "score": 137.25,
      "track_aptitude": 2,
      "total_points": 91.96000000000001,
      "detail_points": {
        "score": 50.0,
        "bias": 10.95,
        "pace": 12.0,
        "3f": 9.0,
        "margin": 8.0,
        "track": 2.0100000000000002
      },
      "avg_margin": 0.35625000000000007,
      "race_name": "福島9R",
      "pred_prob_won": 0.23297380805015563,
      "pred_prob_in_top2": 0.18336824774742128,
      "pred_prob_in_top3": 0.551610803604126,
      "score_z": 1.498150016616354,
      "上り3F平均": 34.58,
      "Ave-3F平均": 36.43,
      "PCI平均": 55.43,
      "-3F差平均": 0.79,
      "想定脚質": "中団",
      "track_bias_aptitude_score": 65.9,
      "investment_value_score": 94.5,
      "total_investment_index": 84.0,
      "investment_rating": 1.1099934911727904,
      "stability_score": 90,
      "investment_mark": "○"
    },
    {
      "horse_number": 4,
      "name": "ヤマニンエイドロン",
      "popularity": 3,
      "odds": 6.5,
      "mark": "○",
      "score": 127.41,
      "track_aptitude": 2,
      "total_points": 92.4253005464481,
      "detail_points": {
        "score": 46.41530054644809,
        "bias": 15.0,
        "pace": 12.0,
        "3f": 9.0,
        "margin": 8.0,
        "track": 2.0100000000000002
      },
      "avg_margin": 0.3125,
      "race_name": "福島9R",
      "pred_prob_won": 0.10420313030481339,
      "pred_prob_in_top2": 0.11355924308300018,
      "pred_prob_in_top3": 0.3404362440109253,
      "score_z": 0.5801156310449918,
      "上り3F平均": 35.12,
      "Ave-3F平均": 36.84,
      "PCI平均": 54.92,
      "-3F差平均": 0.3,
      "想定脚質": "先行",
      "track_bias_aptitude_score": 93.5,
      "investment_value_score": 69.5,
      "total_investment_index": 75.7,
      "investment_rating": 0.5925922906398775,
      "stability_score": 90,
      "investment_mark": "△"
    },
    {
      "horse_number": 9,
      "name": "シェーンシュティア",
      "popularity": 1,
      "odds": 2.8,
      "mark": "◎",
      "score": 129.57,
      "track_aptitude": 2,
      "total_points": 94.21218579234973,
      "detail_points": {
        "score": 47.202185792349724,
        "bias": 15.0,
        "pace": 12.0,
        "3f": 9.0,
        "margin": 9.0,
        "track": 2.0100000000000002
      },
      "avg_margin": 0.18333333333333335,
      "race_name": "福島9R",
      "pred_prob_won": 0.1419859617948532,
      "pred_prob_in_top2": 0.13618899881839752,
      "pred_prob_in_top3": 0.42919501662254333,
      "score_z": 0.7816353742191928,
      "上り3F平均": 34.1,
      "Ave-3F平均": 37.26,
      "PCI平均": 59.3,
      "-3F差平均": 0.6,
      "想定脚質": "先行",
      "track_bias_aptitude_score": 93.5,
      "investment_value_score": 100,
      "total_investment_index": 94.4,
      "investment_rating": 0.5444472923874855,
      "stability_score": 90,
      "investment_mark": "△"
    },
    {
      "horse_number": 2,
      "name": "ゲンジ",
      "popularity": 8,
      "odds": 12.4,
      "mark": "▲",
      "score": 120.76,
      "track_aptitude": 2,
      "total_points": 88.00271402550091,
      "detail_points": {
        "score": 43.99271402550091,
        "bias": 15.0,
        "pace": 12.0,
        "3f": 9.0,
        "margin": 6.0,
        "track": 2.0100000000000002
      },
      "avg_margin": 0.5700000000000001,
      "race_name": "福島9R",
      "pred_prob_won": 0.05280479341745377,
      "pred_prob_in_top2": 0.06763834059238434,
      "pred_prob_in_top3": 0.21269108951091767,
      "score_z": -0.04030394863484048,
      "上り3F平均": 35.66,
      "Ave-3F平均": 36.21,
      "PCI平均": 51.66,
      "-3F差平均": 0.3,
      "想定脚質": "先行",
      "track_bias_aptitude_score": 93.5,
      "investment_value_score": 35.9,
      "total_investment_index": 54.5,
      "investment_rating": 0.461222972869873,
      "stability_score": 75,
      "investment_mark": "☆"
    },
    {
      "horse_number": 3,
      "name": "アンドローゼス",
      "popularity": 5,
      "odds": 7.2,
      "mark": "△",
      "score": 124.49,
      "track_aptitude": 2,
      "total_points": 85.31154826958105,
      "detail_points": {
        "score": 45.35154826958105,
        "bias": 10.95,
        "pace": 12.0,
        "3f": 9.0,
        "margin": 6.0,
        "track": 2.0100000000000002
      },
      "avg_margin": 0.57,
      "race_name": "福島9R",
      "pred_prob_won": 0.06397466287016869,
      "pred_prob_in_top2": 0.08195843696594238,
      "pred_prob_in_top3": 0.24584489166736603,
      "score_z": 0.30769079305023783,
      "上り3F平均": 35.47,
      "Ave-3F平均": 36.8,
      "PCI平均": 53.89,
      "-3F差平均": 0.6,
      "想定脚質": "中団",
      "track_bias_aptitude_score": 65.9,
      "investment_value_score": 50.2,
      "total_investment_index": 55.4,
      "investment_rating": 0.4177632354199886,
      "stability_score": 75,
      "investment_mark": "☆"
    },
    {
      "horse_number": 10,
      "name": "ジェットブレード",
      "popularity": 6,
      "odds": 10.7,
      "mark": "消",
      "score": 119.87,
      "track_aptitude": 2,
      "total_points": 67.95848816029145,
      "detail_points": {
        "score": 43.66848816029144,
        "bias": 3.0,
        "pace": 8.28,
        "3f": 5.0,
        "margin": 6.0,
        "track": 2.0100000000000002
      },
      "avg_margin": 0.8055555555555555,
      "race_name": "福島9R",
      "pred_prob_won": 0.029007729887962342,
      "pred_prob_in_top2": 0.044453876465559004,
      "pred_prob_in_top3": 0.12362894862890243,
      "score_z": -0.12333754651680315,
      "上り3F平均": 36.8,
      "Ave-3F平均": 36.62,
      "PCI平均": 49.56,
      "-3F差平均": 0.77,
      "想定脚質": "逃げ",
      "track_bias_aptitude_score": 28.0,
      "investment_value_score": 30.4,
      "total_investment_index": 31.4,
      "investment_rating": -0.1447665722668171,
      "stability_score": 75,
      "investment_mark": "××"
    },
    {
      "horse_number": 8,
      "name": "ロジルーラー",
      "popularity": 4,
      "odds": 7.0,
      "mark": "△",
      "score": 111.21,
      "track_aptitude": 2,
      "total_points": 76.4736612021858,
      "detail_points": {
        "score": 40.513661202185794,
        "bias": 10.95,
        "pace": 12.0,
        "3f": 7.0,
        "margin": 4.0,
        "track": 2.0100000000000002
      },
      "avg_margin": 1.5999999999999999,
      "race_name": "福島9R",
      "pred_prob_won": 0.022138544544577598,
      "pred_prob_in_top2": 0.03320515677332878,
      "pred_prob_in_top3": 0.10487017333507538,
      "score_z": -0.931282442761519,
      "上り3F平均": 36.43,
      "Ave-3F平均": 37.22,
      "PCI平均": 52.53,
      "-3F差平均": 1.03,
      "想定脚質": "中団",
      "track_bias_aptitude_score": 65.9,
      "investment_value_score": 32.5,
      "total_investment_index": 42.7,
      "investment_rating": -0.25954527199268335,
      "stability_score": 60,
      "investment_mark": "××"
    },
    {
      "horse_number": 1,
      "name": "イヴニングスター",
      "popularity": 9,
      "odds": 33.1,
      "mark": "△",