{
  "horses": [
    {
      "horse_number": 13,
      "name": "ホウオウヌーヴォー",
      "popularity": 2,
      "odds": 4.9,
      "mark": "◎",
      "score": 133.55,
      "track_aptitude": 1,
      "total_points": 88.0771806135149,
      "detail_points": {
        "score": 48.8871806135149,
        "bias": 15.0,
        "pace": 10.2,
        "3f": 7.0,
        "margin": 6.0,
        "track": 0.99
      },
      "avg_margin": 0.8875000000000001,
      "race_name": "福島2R",
      "pred_prob_won": 0.2371710181236267,
      "pred_prob_in_top2": 0.19766289591789246,
      "pred_prob_in_top3": 0.5738555908203125,
      "score_z": 1.4277750733778896,
      "上り3F平均": 36.12,
      "Ave-3F平均": 37.12,
      "PCI平均": 52.82,
      "-3F差平均": 0.27,
      "想定脚質": "先行",
      "track_bias_aptitude_score": 88.9,
      "investment_value_score": 85.8,
      "total_investment_index": 85.5,
      "investment_rating": 1.2854884338378907,
      "stability_score": 75,
      "investment_mark": "◎"
    },
    {
      "horse_number": 11,
      "name": "ルシャルムール",
      "popularity": 3,
      "odds": 6.9,
      "mark": "○",
      "score": 127.12,
      "track_aptitude": 2,
      "total_points": 86.74342118749543,
      "detail_points": {
        "score": 46.53342118749543,
        "bias": 15.0,
        "pace": 10.2,
        "3f": 9.0,
        "margin": 4.0,
        "track": 2.0100000000000002
      },
      "avg_margin": 1.7,
      "race_name": "福島2R",
      "pred_prob_won": 0.16265843212604522,
      "pred_prob_in_top2": 0.15669555366039276,
      "pred_prob_in_top3": 0.4621884524822235,
      "score_z": 1.0353413843200183,
      "上り3F平均": 39.05,
      "Ave-3F平均": 37.55,
      "PCI平均": 46.15,
      "-3F差平均": 0.4,
      "想定脚質": "先行",
      "track_bias_aptitude_score": 94.5,
      "investment_value_score": 72.2,
      "total_investment_index": 78.4,
      "investment_rating": 1.17144073843956,
      "stability_score": 60,
      "investment_mark": "○"
    },
    {
      "horse_number": 15,
      "name": "コンパクトファイト",
      "popularity": 6,
      "odds": 21.1,
      "mark": "△",
      "score": 122.58,
      "track_aptitude": 1,
      "total_points": 70.141513287942,
      "detail_points": {
        "score": 44.871513287942015,
        "bias": 3.0,
        "pace": 8.28,
        "3f": 9.0,
        "margin": 4.0,
        "track": 0.99
      },
      "avg_margin": 1.23,
      "race_name": "福島2R",
      "pred_prob_won": 0.10585951656103135,
      "pred_prob_in_top2": 0.11438422948122025,
      "pred_prob_in_top3": 0.3398783266544342,
      "score_z": 0.7582575665404327,
      "上り3F平均": 37.38,
      "Ave-3F平均": 36.66,
      "PCI平均": 48.09,
      "-3F差平均": 1.29,
      "想定脚質": "後方",
      "track_bias_aptitude_score": 6.5,
      "investment_value_score": 52.7,
      "total_investment_index": 39.8,
      "investment_rating": 1.1663855496048927,
      "stability_score": 60,
      "investment_mark": "▲"
    },
    {
      "horse_number": 2,
      "name": "トラストパイロ",
      "popularity": 1,
      "odds": 2.1,
      "mark": "▲",
      "score": 136.59,
      "track_aptitude": 2,
      "total_points": 78.29,
      "detail_points": {
        "score": 50.0,
        "bias": 3.0,
        "pace": 8.28,
        "3f": 9.0,
        "margin": 6.0,
        "track": 2.0100000000000002
      },
      "avg_margin": 0.65,
      "race_name": "福島2R",
      "pred_prob_won": 0.2576395869255066,
      "pred_prob_in_top2": 0.1760639637708664,
      "pred_prob_in_top3": 0.5755005598068237,
      "score_z": 1.613311374269946,
      "上り3F平均": 36.3,
      "Ave-3F平均": 36.54,
      "PCI平均": 50.77,
      "-3F差平均": 1.0,
      "想定脚質": "後方",
      "track_bias_aptitude_score": 12.1,
      "investment_value_score": 100,
      "total_investment_index": 71.3,
      "investment_rating": 1.0236512875556945,
      "stability_score": 75,
      "investment_mark": "▲"
    },
    {
      "horse_number": 5,
      "name": "ミュージックマン",
      "popularity": 5,
      "odds": 13.6,
      "mark": "△",
      "score": 117.06,
      "track_aptitude": 2,
      "total_points": 71.11086755985065,
      "detail_points": {
        "score": 42.85086755985065,
        "bias": 7.05,
        "pace": 10.2,
        "3f": 7.0,
        "margin": 2.0,
        "track": 2.0100000000000002
      },
      "avg_margin": 2.107142857142857,
      "race_name": "福島2R",
      "pred_prob_won": 0.06433495506644249,
      "pred_prob_in_top2": 0.07265360355377197,
      "pred_prob_in_top3": 0.2327346533536911,
      "score_z": 0.4213627043943294,
      "上り3F平均": 39.89,
      "Ave-3F平均": 37.54,
      "PCI平均": 44.14,
      "-3F差平均": 1.08,
      "想定脚質": "中団",
      "track_bias_aptitude_score": 41.2,
      "investment_value_score": 47.9,
      "total_investment_index": 46.8,
      "investment_rating": 0.5473059400916099,
      "stability_score": 45,
      "investment_mark": "△"
    },
    {
      "horse_number": 14,
      "name": "トーアナカヨシ",
      "popularity": 4,
      "odds": 11.7,
      "mark": "△",
      "score": 117.75,
      "track_aptitude": 0,
      "total_points": 71.35344827586206,
      "detail_points": {
        "score": 43.103448275862064,
        "bias": 7.05,
        "pace": 10.2,
        "3f": 7.0,
        "margin": 4.0,
        "track": 0.0
      },
      "avg_margin": 1.4874999999999998,
      "race_name": "福島2R",
      "pred_prob_won": 0.07363662719726563,
      "pred_prob_in_top2": 0.07728536427021027,
      "pred_prob_in_top3": 0.2472716301679611,
      "score_z": 0.4634745621625922,
      "上り3F平均": 39.9,
      "Ave-3F平均": 38.42,
      "PCI平均": 46.35,
      "-3F差平均": 1.5,
      "想定脚質": "中団",
      "track_bias_aptitude_score": 30.1,
      "investment_value_score": 53.1,
      "total_investment_index": 46.7,
      "investment_rating": 0.5267229391634465,
      "stability_score": 60,
      "investment_mark": "△"
    },
    {
      "horse_number": 8,
      "name": "ミスターボビー",
      "popularity": 7,
      "odds": 23.9,
      "mark": "▲",
      "score": 110.37,
      "track_aptitude": 2,
      "total_points": 80.611932791566,
      "detail_points": {
        "score": 40.401932791566004,
        "bias": 15.0,
        "pace": 10.2,
        "3f": 9.0,
        "margin": 4.0,
        "track": 2.0100000000000002
      },
      "avg_margin": 1.9249999999999998,
      "race_name": "福島2R",
      "pred_prob_won": 0.048663335293531416,
      "pred_prob_in_top2": 0.06550006493926049,
      "pred_prob_in_top3": 0.19149498343467714,
      "score_z": 0.013060779075953934,
      "上り3F平均": 39.38,
      "Ave-3F平均": 37.56,
      "PCI平均": 45.62,
      "-3F差平均": 0.57,
      "想定脚質": "先行",
      "track_bias_aptitude_score": 94.5,
      "investment_value_score": 37.1,
      "total_investment_index": 55.6,
      "investment_rating": 0.47237190723419187,
      "stability_score": 60,
      "investment_mark": "☆"
    },
    {
      "horse_number": 1,
      "name": "ライヴスプーン",
      "popularity": 9,
      "odds": 33.6,
      "mark": "⭐︎",
      "score": 112.37,
      "track_aptitude": 2,
      "total_points": 67.42405080899042,
      "detail_points": {
        "score": 41.13405080899041,
        "bias": 3.0,
        "pace": 8.28,
        "3f": 9.0,
        "margin": 4.0,
        "track": 2.0100000000000002
      },
      "avg_margin": 1.52,
      "race_name": "福島2R",
      "pred_prob_won": 0.036990420520305635,
      "pred_prob_in_top2": 0.050617745518684386,
      "pred_prob_in_top3": 0.14210768640041352,
      "score_z": 0.13512413492599148,
      "上り3F平均": 35.52,
      "Ave-3F平均": 37.69,
      "PCI平均": 56.16,
      "-3F差平均": 1.56,
      "想定脚質": "後方",
      "track_bias_aptitude_score": 12.1,
      "investment_value_score": 28.1,
      "total_investment_index": 25.7,
      "investment_rating": 0.2521214988827707,
      "stability_score": 60,
      "investment_mark": "☆"
    },
    {
      "horse_number": 4,
      "name": "ウーナファータ",
      "popularity": 12,
      "odds": 46.9,
      "mark": "×",
      "score": 111.3,
      "track_aptitude": 0,
      "total_points": 65.02236766966834,