{
  "horses": [
    {
      "horse_number": 2,
      "name": "プルミエソルティ",
      "popularity": 3,
      "odds": 4.2,
      "mark": "▲",
      "score": 149.25,
      "track_aptitude": 1,
      "total_points": 76.04132213580812,
      "detail_points": {
        "score": 48.77132213580812,
        "bias": 3.0,
        "pace": 8.28,
        "3f": 9.0,
        "margin": 6.0,
        "track": 0.99
      },
      "avg_margin": 0.8000000000000002,
      "race_name": "福島9R",
      "pred_prob_won": 0.18715767562389374,
      "pred_prob_in_top2": 0.13647406846284865,
      "pred_prob_in_top3": 0.4745613396167755,
      "score_z": 0.9393134409938787,
      "上り3F平均": 35.3,
      "Ave-3F平均": 37.38,
      "PCI平均": 55.98,
      "-3F差平均": 1.05,
      "想定脚質": "後方",
      "track_bias_aptitude_score": 6.6,
      "investment_value_score": 65.9,
      "total_investment_index": 48.1,
      "investment_rating": 1.029605023562908,
      "stability_score": 75,
      "investment_mark": "◎"
    },
    {
      "horse_number": 4,
      "name": "ルークスヘリオス",
      "popularity": 4,
      "odds": 7.0,
      "mark": "▲",
      "score": 145.9,
      "track_aptitude": 2,
      "total_points": 79.9666224429776,
      "detail_points": {
        "score": 47.67662244297759,
        "bias": 9.0,
        "pace": 8.28,
        "3f": 7.0,
        "margin": 6.0,
        "track": 2.0100000000000002
      },
      "avg_margin": 0.9349999999999999,
      "race_name": "福島9R",
      "pred_prob_won": 0.12022036761045456,
      "pred_prob_in_top2": 0.123375903069973,
      "pred_prob_in_top3": 0.3743414580821991,
      "score_z": 0.6469371318343441,
      "上り3F平均": 35.96,
      "Ave-3F平均": 37.44,
      "PCI平均": 54.13,
      "-3F差平均": 1.01,
      "想定脚質": "中団",
      "track_bias_aptitude_score": 55.6,
      "investment_value_score": 51.1,
      "total_investment_index": 53.4,
      "investment_rating": 0.8096682697534561,
      "stability_score": 75,
      "investment_mark": "○"
    },
    {
      "horse_number": 3,
      "name": "ビリングス",
      "popularity": 1,
      "odds": 3.1,
      "mark": "◎",
      "score": 153.01,
      "track_aptitude": 2,
      "total_points": 86.29,
      "detail_points": {
        "score": 50.0,
        "bias": 9.0,
        "pace": 8.28,
        "3f": 9.0,
        "margin": 8.0,
        "track": 2.0100000000000002
      },
      "avg_margin": 0.4666666666666666,
      "race_name": "福島9R",
      "pred_prob_won": 0.2506023168563843,
      "pred_prob_in_top2": 0.18492918312549592,
      "pred_prob_in_top3": 0.5492419123649597,
      "score_z": 1.2674731193341322,
      "上り3F平均": 34.67,
      "Ave-3F平均": 37.66,
      "PCI平均": 58.7,
      "-3F差平均": 0.57,
      "想定脚質": "中団",
      "track_bias_aptitude_score": 55.6,
      "investment_value_score": 100,
      "total_investment_index": 83.8,
      "investment_rating": 0.8054910677671432,
      "stability_score": 90,
      "investment_mark": "▲"
    },
    {
      "horse_number": 5,
      "name": "フィーリウス",
      "popularity": 2,
      "odds": 3.3,
      "mark": "○",
      "score": 146.96,
      "track_aptitude": 1,
      "total_points": 81.29300503235082,
      "detail_points": {
        "score": 48.02300503235083,
        "bias": 9.0,
        "pace": 8.28,
        "3f": 9.0,
        "margin": 6.0,
        "track": 0.99
      },
      "avg_margin": 0.5428571428571428,
      "race_name": "福島9R",
      "pred_prob_won": 0.1453156977891922,
      "pred_prob_in_top2": 0.1466018259525299,
      "pred_prob_in_top3": 0.44657747745513915,
      "score_z": 0.739450232643033,
      "上り3F平均": 35.79,
      "Ave-3F平均": 38.19,
      "PCI平均": 57.07,
      "-3F差平均": 0.75,
      "想定脚質": "中団",
      "track_bias_aptitude_score": 50.0,
      "investment_value_score": 73.4,
      "total_investment_index": 65.3,
      "investment_rating": 0.7290479278564453,
      "stability_score": 75,
      "investment_mark": "△"
    },
    {
      "horse_number": 7,
      "name": "モアナフリューゲル",
      "popularity": 6,
      "odds": 12.9,
      "mark": "△",
      "score": 133.69,
      "track_aptitude": 2,
      "total_points": 73.97668714463107,
      "detail_points": {
        "score": 43.68668714463107,
        "bias": 9.0,
        "pace": 8.28,
        "3f": 7.0,
        "margin": 4.0,
        "track": 2.0100000000000002
      },
      "avg_margin": 1.0833333333333333,
      "race_name": "福島9R",
      "pred_prob_won": 0.03324374929070473,
      "pred_prob_in_top2": 0.06268184408545494,
      "pred_prob_in_top3": 0.16176388561725616,
      "score_z": -0.41870905766951455,
      "上り3F平均": 35.45,
      "Ave-3F平均": 37.53,
      "PCI平均": 56.35,
      "-3F差平均": 1.05,
      "想定脚質": "中団",
      "track_bias_aptitude_score": 55.6,
      "investment_value_score": 16.6,
      "total_investment_index": 30.9,
      "investment_rating": -0.026475017666816814,
      "stability_score": 60,
      "investment_mark": "××"
    },
    {
      "horse_number": 6,
      "name": "タイセイアーサー",
      "popularity": 8,
      "odds": 31.8,
      "mark": "△",
      "score": 126.57,
      "track_aptitude": 2,
      "total_points": 67.65004182733155,
      "detail_points": {
        "score": 41.36004182733154,
        "bias": 3.0,
        "pace": 8.28,
        "3f": 9.0,
        "margin": 4.0,
        "track": 2.0100000000000002
      },
      "avg_margin": 1.465,
      "race_name": "福島9R",
      "pred_prob_won": 0.021581087633967398,
      "pred_prob_in_top2": 0.033359679952263833,
      "pred_prob_in_top3": 0.11734715402126313,
      "score_z": -1.0401178102712731,
      "上り3F平均": 36.57,
      "Ave-3F平均": 37.63,
      "PCI平均": 53.04,
      "-3F差平均": 1.08,
      "想定脚質": "後方",
      "track_bias_aptitude_score": 12.1,
      "investment_value_score": 1,
      "total_investment_index": 7.5,
      "investment_rating": -0.23724349886178964,
      "stability_score": 60,
      "investment_mark": "××"
    },
    {
      "horse_number": 1,
      "name": "ロードアフェット",
      "popularity": 7,
      "odds": 19.7,
      "mark": "△",
      "score": 127.11,
      "track_aptitude": 1,
      "total_points": 70.80650088229528,
      "detail_points": {
        "score": 41.53650088229528,
        "bias": 9.0,
        "pace": 8.28,
        "3f": 7.0,
        "margin": 4.0,
        "track": 0.99
      },
      "avg_margin": 1.4625,
      "race_name": "福島9R",
      "pred_prob_won": 0.019439765065908433,
      "pred_prob_in_top2": 0.03198775984346867,
      "pred_prob_in_top3": 0.1063633382320404,
      "score_z": -0.9929884947649595,
      "上り3F平均": 36.11,
      "Ave-3F平均": 37.19,
      "PCI平均": 53.2,
      "-3F差平均": 1.15,
      "想定脚質": "中団",
      "track_bias_aptitude_score": 50.0,
      "investment_value_score": 1.9,
      "total_investment_index": 19.5,
      "investment_rating": -0.3171381375193596,
      "stability_score": 60,
      "investment_mark": "××"
    },
    {
      "horse_number": 8,
      "name": "ハチワレ",
      "popularity": 5,
      "odds": 9.6,
      "mark": "△",
      "score": 125.41,
      "track_aptitude": 2,
      "total_points": 71.27098163518725,
      "detail_points": {
        "score": 40.98098163518724,
        "bias": 9.0,
        "pace": 8.28,
        "3f": 7.0,
        "margin": 4.0,
        "track": 2.0100000000000002
      },
      "avg_margin": 1.35,
      "race_name": "福島9R",
      "pred_prob_won": 0.021059144288301468,
      "pred_prob_in_top2": 0.025549504905939102,
      "pred_prob_in_top3": 0.10282859057188035,
      "score_z": -1.1413585620996494,
      "上り3F平均": 35.75,
      "Ave-3F平均": 37.6,
      "PCI平均": 55.25,
      "-3F差平均": 1.1,
      "想定脚質": "中団",
      "track_bias_aptitude_score": 55.6,
      "investment_value_score": 7.9,
      "total_investment_index": 24.5,
      "investment_rating": -0.3512813357263803,
      "stability_score": 60,
      "investment_mark": "××"
    }
  ]
}