{
  "horses": [
    {
      "horse_number": 11,
      "name": "タイセイピューマ",
      "popularity": 6,
      "odds": 9.0,
      "mark": "▲",
      "score": 106.47,
      "track_aptitude": 1,
      "total_points": 88.94,
      "detail_points": {
        "score": 50.0,
        "bias": 10.95,
        "pace": 12.0,
        "3f": 9.0,
        "margin": 6.0,
        "track": 0.99
      },
      "avg_margin": 0.5600000000000002,
      "race_name": "福島12R",
      "pred_prob_won": 0.11881187111139298,
      "pred_prob_in_top2": 0.1176337644457817,
      "pred_prob_in_top3": 0.3488013207912445,
      "score_z": 0.9690725634001293,
      "上り3F平均": 36.91,
      "Ave-3F平均": 35.31,
      "PCI平均": 45.7,
      "-3F差平均": 0.87,
      "想定脚質": "中団",
      "track_bias_aptitude_score": 61.0,
      "investment_value_score": 60.4,
      "total_investment_index": 61.2,
      "investment_rating": 1.2114466699957847,
      "stability_score": 75,
      "investment_mark": "◎"
    },
    {
      "horse_number": 1,
      "name": "ピコテンダー",
      "popularity": 3,
      "odds": 4.9,
      "mark": "◎",
      "score": 104.88,
      "track_aptitude": 0,
      "total_points": 95.25331079177232,
      "detail_points": {
        "score": 49.25331079177233,
        "bias": 15.0,
        "pace": 12.0,
        "3f": 9.0,
        "margin": 10.0,
        "track": 0.0
      },
      "avg_margin": 0.0,
      "race_name": "福島12R",
      "pred_prob_won": 0.13182282745838164,
      "pred_prob_in_top2": 0.12366240173578262,
      "pred_prob_in_top3": 0.3809561371803284,
      "score_z": 0.8794167170248116,
      "上り3F平均": 37.55,
      "Ave-3F平均": 35.59,
      "PCI平均": 44.85,
      "-3F差平均": 0.6,
      "想定脚質": "先行",
      "track_bias_aptitude_score": 79.0,
      "investment_value_score": 76.8,
      "total_investment_index": 76.2,
      "investment_rating": 0.8952508664131167,
      "stability_score": 90,
      "investment_mark": "○"
    },
    {
      "horse_number": 9,
      "name": "アイランドピーク",
      "popularity": 8,
      "odds": 36.1,
      "mark": "▲",
      "score": 92.84,
      "track_aptitude": 0,
      "total_points": 87.59913590682822,
      "detail_points": {
        "score": 43.59913590682822,
        "bias": 15.0,
        "pace": 12.0,
        "3f": 9.0,
        "margin": 8.0,
        "track": 0.0
      },
      "avg_margin": 0.4800000000000001,
      "race_name": "福島12R",
      "pred_prob_won": 0.05734506994485855,
      "pred_prob_in_top2": 0.0773980289697647,
      "pred_prob_in_top3": 0.22361400425434114,
      "score_z": 0.20051332686203002,
      "上り3F平均": 37.25,
      "Ave-3F平均": 36.34,
      "PCI平均": 47.6,
      "-3F差平均": 0.6,
      "想定脚質": "先行",
      "track_bias_aptitude_score": 79.0,
      "investment_value_score": 41.7,
      "total_investment_index": 54.1,
      "investment_rating": 0.725226126164198,
      "stability_score": 90,
      "investment_mark": "△"
    },
    {
      "horse_number": 5,
      "name": "シュヴァルボヌール",
      "popularity": 1,
      "odds": 3.4,
      "mark": "○",
      "score": 105.21,
      "track_aptitude": 0,
      "total_points": 91.40828402366864,
      "detail_points": {
        "score": 49.408284023668635,
        "bias": 15.0,
        "pace": 12.0,
        "3f": 7.0,
        "margin": 8.0,
        "track": 0.0
      },
      "avg_margin": 0.45,
      "race_name": "福島12R",
      "pred_prob_won": 0.1045676052570343,
      "pred_prob_in_top2": 0.12416059225797653,
      "pred_prob_in_top3": 0.36999559998512266,
      "score_z": 0.8980245341970472,
      "上り3F平均": 35.85,
      "Ave-3F平均": 35.72,
      "PCI平均": 50.05,
      "-3F差平均": 1.35,
      "想定脚質": "先行",
      "track_bias_aptitude_score": 79.0,
      "investment_value_score": 100,
      "total_investment_index": 90.2,
      "investment_rating": 0.5509898799657822,
      "stability_score": 90,
      "investment_mark": "△"
    },
    {
      "horse_number": 14,
      "name": "ライヴドライバー",
      "popularity": 4,
      "odds": 6.7,
      "mark": "△",
      "score": 98.4,
      "track_aptitude": 1,
      "total_points": 83.1502000563539,
      "detail_points": {
        "score": 46.210200056353905,
        "bias": 10.95,
        "pace": 12.0,
        "3f": 9.0,
        "margin": 4.0,
        "track": 0.99
      },
      "avg_margin": 1.4785714285714284,
      "race_name": "福島12R",
      "pred_prob_won": 0.07395647168159485,
      "pred_prob_in_top2": 0.08013855963945389,
      "pred_prob_in_top3": 0.22966986894607544,
      "score_z": 0.5140268525518198,
      "上り3F平均": 37.93,
      "Ave-3F平均": 35.51,
      "PCI平均": 43.71,
      "-3F差平均": 0.95,
      "想定脚質": "中団",
      "track_bias_aptitude_score": 61.0,
      "investment_value_score": 58.0,
      "total_investment_index": 59.0,
      "investment_rating": 0.45719598233699804,
      "stability_score": 60,
      "investment_mark": "☆"
    },
    {
      "horse_number": 10,
      "name": "ショーモッシュ",
      "popularity": 5,
      "odds": 7.4,
      "mark": "⭐︎",
      "score": 101.9,
      "track_aptitude": 0,
      "total_points": 76.18385554616324,
      "detail_points": {
        "score": 47.853855546163246,
        "bias": 7.05,
        "pace": 8.28,
        "3f": 9.0,
        "margin": 4.0,
        "track": 0.0
      },
      "avg_margin": 1.1800000000000002,
      "race_name": "福島12R",
      "pred_prob_won": 0.061228199303150176,
      "pred_prob_in_top2": 0.06310462728142738,
      "pred_prob_in_top3": 0.2107841521501541,
      "score_z": 0.7113824892270472,
      "上り3F平均": 39.32,
      "Ave-3F平均": 36.17,
      "PCI平均": 42.16,
      "-3F差平均": 0,
      "想定脚質": "逃げ",
      "track_bias_aptitude_score": 30.3,
      "investment_value_score": 52.4,
      "total_investment_index": 46.7,
      "investment_rating": 0.4485286846756935,
      "stability_score": 60,
      "investment_mark": "☆"
    },
    {
      "horse_number": 3,
      "name": "オコジュ",
      "popularity": 10,
      "odds": 41.6,
      "mark": "△",
      "score": 88.53,
      "track_aptitude": 0,
      "total_points": 79.52509157509158,
      "detail_points": {
        "score": 41.57509157509158,
        "bias": 10.95,
        "pace": 12.0,
        "3f": 9.0,
        "margin": 6.0,
        "track": 0.0
      },
      "avg_margin": 0.95,
      "race_name": "福島12R",
      "pred_prob_won": 0.03293655849993229,
      "pred_prob_in_top2": 0.046851950138807295,
      "pred_prob_in_top3": 0.140520179271698,
      "score_z": -0.042516042872321476,
      "上り3F平均": 36.17,
      "Ave-3F平均": 34.31,
      "PCI平均": 45.27,
      "-3F差平均": 0.48,
      "想定脚質": "中団",
      "track_bias_aptitude_score": 54.0,
      "investment_value_score": 27.0,
      "total_investment_index": 37.3,
      "investment_rating": 0.2687712997198105,
      "stability_score": 75,
      "investment_mark": "☆"
    },
    {
      "horse_number": 2,
      "name": "アドバンテスロード",
      "popularity": 9,
      "odds": 41.5,
      "mark": "△",
      "score": 88.34,
      "track_aptitude": 1,
      "total_points": 82.47586456278763,
      "detail_points": {
        "score": 41.48586456278765,
        "bias": 15.0,
        "pace": 12.0,
        "3f": 9.0,
        "margin": 4.0,
        "track": 0.99
      },
      "avg_margin": 1.6,
      "race_name": "福島12R",
      "pred_prob_won": 0.033123362436890603,
      "pred_prob_in_top2": 0.047972480207681654,
      "pred_prob_in_top3": 0.1387861281633377,
      "score_z": -0.05322963457754797,
      "上り3F平均": 38.92,
      "Ave-3F平均": 35.23,
      "PCI平均": 40.55,
      "-3F差平均": 0.48,
      "想定脚質": "先行",
      "track_bias_aptitude_score": 86.0,
      "investment_value_score": 28.8,
      "total_investment_index": 48.0,
      "investment_rating": 0.22986705869436275,
      "stability_score": 60,
      "investment_mark": "☆"
    },
    {
      "horse_number": 8,
      "name": "エコロカディス",
      "popularity": 2,
      "odds": 4.8,
      "mark": "×",
      "score": 100.16,
      "track_aptitude": 0,
      "total_points": 71.36672395980088,
      "detail_points": {
        "score": 47.03672395980088,
        "bias": 7.05,