{
  "horses": [
    {
      "horse_number": 6,
      "name": "イゾラフェリーチェ",
      "popularity": 4,
      "odds": 15.2,
      "mark": "○",
      "score": 127.64,
      "track_aptitude": 2,
      "total_points": 86.78653827264436,
      "detail_points": {
        "score": 44.77653827264436,
        "bias": 15.0,
        "pace": 12.0,
        "3f": 9.0,
        "margin": 4.0,
        "track": 2.0100000000000002
      },
      "avg_margin": 1.1500000000000001,
      "race_name": "福島10R",
      "pred_prob_won": 0.16464394629001616,
      "pred_prob_in_top2": 0.15969637632369996,
      "pred_prob_in_top3": 0.46914430260658263,
      "score_z": 1.0377513196455381,
      "上り3F平均": 35.93,
      "Ave-3F平均": 36.39,
      "PCI平均": 51.44,
      "-3F差平均": 0.42,
      "想定脚質": "先行",
      "track_bias_aptitude_score": 94.2,
      "investment_value_score": 65.1,
      "total_investment_index": 74.1,
      "investment_rating": 1.4031199952960014,
      "stability_score": 60,
      "investment_mark": "◎"
    },
    {
      "horse_number": 14,
      "name": "フォルクスリート",
      "popularity": 8,
      "odds": 26.3,
      "mark": "▲",
      "score": 120.5,
      "track_aptitude": 2,
      "total_points": 82.28180242755911,
      "detail_points": {
        "score": 42.27180242755911,
        "bias": 9.0,
        "pace": 12.0,
        "3f": 9.0,
        "margin": 8.0,
        "track": 2.0100000000000002
      },
      "avg_margin": 0.44499999999999995,
      "race_name": "福島10R",
      "pred_prob_won": 0.09145946800708771,
      "pred_prob_in_top2": 0.10243551582098007,
      "pred_prob_in_top3": 0.30488950610160825,
      "score_z": 0.5746547932537175,
      "上り3F平均": 35.64,
      "Ave-3F平均": 35.87,
      "PCI平均": 50.76,
      "-3F差平均": 0.93,
      "想定脚質": "中団",
      "track_bias_aptitude_score": 54.1,
      "investment_value_score": 43.8,
      "total_investment_index": 48.5,
      "investment_rating": 1.2250704625248907,
      "stability_score": 90,
      "investment_mark": "○"
    },
    {
      "horse_number": 1,
      "name": "プロミストジーン",
      "popularity": 1,
      "odds": 1.4,
      "mark": "▲",
      "score": 142.53,
      "track_aptitude": 2,
      "total_points": 79.29,
      "detail_points": {
        "score": 50.0,
        "bias": 3.0,
        "pace": 8.28,
        "3f": 7.0,
        "margin": 9.0,
        "track": 2.0100000000000002
      },
      "avg_margin": 0.0125,
      "race_name": "福島10R",
      "pred_prob_won": 0.3039564847946167,
      "pred_prob_in_top2": 0.16211773008108138,
      "pred_prob_in_top3": 0.6201961517333985,
      "score_z": 2.003508641490665,
      "上り3F平均": 35.2,
      "Ave-3F平均": 37.48,
      "PCI平均": 56.5,
      "-3F差平均": 0.75,
      "想定脚質": "後方",
      "track_bias_aptitude_score": 12.5,
      "investment_value_score": 100,
      "total_investment_index": 72.1,
      "investment_rating": 1.1264511489868165,
      "stability_score": 90,
      "investment_mark": "▲"
    },
    {
      "horse_number": 13,
      "name": "ベルギューン",
      "popularity": 2,
      "odds": 8.8,
      "mark": "◎",
      "score": 124.85,
      "track_aptitude": 0,
      "total_points": 87.79779695502701,
      "detail_points": {
        "score": 43.79779695502701,
        "bias": 15.0,
        "pace": 12.0,
        "3f": 9.0,
        "margin": 8.0,
        "track": 0.0
      },
      "avg_margin": 0.3666666666666667,
      "race_name": "福島10R",
      "pred_prob_won": 0.15531089007854462,
      "pred_prob_in_top2": 0.13410550653934478,
      "pred_prob_in_top3": 0.4228245556354523,
      "score_z": 0.8567934332823472,
      "上り3F平均": 38.27,
      "Ave-3F平均": 35.48,
      "PCI平均": 42.7,
      "-3F差平均": 0.4,
      "想定脚質": "先行",
      "track_bias_aptitude_score": 82.7,
      "investment_value_score": 74.6,
      "total_investment_index": 76.0,
      "investment_rating": 0.855049983561039,
      "stability_score": 90,
      "investment_mark": "▲"
    },
    {
      "horse_number": 9,
      "name": "ジューンポンポン",
      "popularity": 6,
      "odds": 17.7,
      "mark": "⭐︎",
      "score": 121.68,
      "track_aptitude": 2,
      "total_points": 70.97575036834353,
      "detail_points": {
        "score": 42.68575036834351,
        "bias": 3.0,
        "pace": 8.28,
        "3f": 9.0,
        "margin": 6.0,
        "track": 2.0100000000000002
      },
      "avg_margin": 0.97,
      "race_name": "福島10R",
      "pred_prob_won": 0.087865549325943,
      "pred_prob_in_top2": 0.08366872817277908,
      "pred_prob_in_top3": 0.26122858226299284,
      "score_z": 0.6511889530775762,
      "上り3F平均": 36.18,
      "Ave-3F平均": 36.58,
      "PCI平均": 51.24,
      "-3F差平均": 1.16,
      "想定脚質": "後方",
      "track_bias_aptitude_score": 12.5,
      "investment_value_score": 46.4,
      "total_investment_index": 37.7,
      "investment_rating": 0.7692043404281139,
      "stability_score": 75,
      "investment_mark": "△"
    },
    {
      "horse_number": 3,
      "name": "ニシノスピカ",
      "popularity": 5,
      "odds": 15.6,
      "mark": "△",
      "score": 116.74,
      "track_aptitude": 2,
      "total_points": 78.96278187048341,
      "detail_points": {
        "score": 40.952781870483406,
        "bias": 9.0,
        "pace": 12.0,
        "3f": 9.0,
        "margin": 6.0,
        "track": 2.0100000000000002
      },
      "avg_margin": 0.58,
      "race_name": "福島10R",
      "pred_prob_won": 0.0628648467361927,
      "pred_prob_in_top2": 0.06763049215078354,
      "pred_prob_in_top3": 0.21512173414230346,
      "score_z": 0.33078323313701613,
      "上り3F平均": 36.87,
      "Ave-3F平均": 36.25,
      "PCI平均": 48.54,
      "-3F差平均": 0.79,
      "想定脚質": "中団",
      "track_bias_aptitude_score": 54.1,
      "investment_value_score": 45.0,
      "total_investment_index": 48.8,
      "investment_rating": 0.4680478036403656,
      "stability_score": 75,
      "investment_mark": "☆"
    },
    {
      "horse_number": 4,
      "name": "ピクシレーション",
      "popularity": 7,
      "odds": 22.0,
      "mark": "△",
      "score": 112.93,
      "track_aptitude": 2,
      "total_points": 77.62622114642532,
      "detail_points": {
        "score": 39.61622114642532,
        "bias": 9.0,
        "pace": 12.0,
        "3f": 9.0,
        "margin": 6.0,
        "track": 2.0100000000000002
      },
      "avg_margin": 0.6249999999999999,
      "race_name": "福島10R",
      "pred_prob_won": 0.04379690811038017,
      "pred_prob_in_top2": 0.06421633213758468,
      "pred_prob_in_top3": 0.16637926399707795,
      "score_z": 0.08366870014642361,
      "上り3F平均": 35.06,
      "Ave-3F平均": 36.91,
      "PCI平均": 55.38,
      "-3F差平均": 0.89,
      "想定脚質": "中団",
      "track_bias_aptitude_score": 54.1,
      "investment_value_score": 34.4,
      "total_investment_index": 42.0,
      "investment_rating": 0.3317238783836365,
      "stability_score": 75,
      "investment_mark": "☆"
    },
    {
      "horse_number": 8,
      "name": "カフェアローロ",
      "popularity": 12,
      "odds": 95.2,
      "mark": "△",
      "score": 106.38,
      "track_aptitude": 1,
      "total_points": 78.30845927173226,
      "detail_points": {
        "score": 37.318459271732266,
        "bias": 15.0,
        "pace": 12.0,
        "3f": 7.0,
        "margin": 6.0,
        "track": 0.99
      },
      "avg_margin": 0.99,
      "race_name": "福島10R",
      "pred_prob_won": 0.022861888632178307,
      "pred_prob_in_top2": 0.043913813680410384,
      "pred_prob_in_top3": 0.11999669224023819,
      "score_z": -0.3411607463334685,
      "上り3F平均": 38.62,
      "Ave-3F平均": 37.62,
      "PCI平均": 47.59,
      "-3F差平均": 1.13,
      "想定脚質": "先行",
      "track_bias_aptitude_score": 88.5,
      "investment_value_score": 19.4,
      "total_investment_index": 42.6,
      "investment_rating": 0.1519723802059889,
      "stability_score": 75,
      "investment_mark": "×"
    },
    {
      "horse_number": 12,
      "name": "ビターゼノビア",
      "popularity": 14,
      "odds": 126.9,
      "mark": "△",
      "score": 105.58,
      "track_aptitude": 0,