{
  "horses": [
    {
      "horse_number": 6,
      "name": "アイキャンドウイッ",
      "popularity": 8,
      "odds": 19.0,
      "mark": "▲",
      "score": 125.88,
      "track_aptitude": 3,
      "total_points": 89.23569338794616,
      "detail_points": {
        "score": 46.03569338794616,
        "bias": 15.0,
        "pace": 10.2,
        "3f": 9.0,
        "margin": 6.0,
        "track": 3.0
      },
      "avg_margin": 0.6300000000000001,
      "race_name": "福島10R",
      "pred_prob_won": 0.12086835503578186,
      "pred_prob_in_top2": 0.1321202039718628,
      "pred_prob_in_top3": 0.37545793056488036,
      "score_z": 0.7802499988189282,
      "上り3F平均": 35.5,
      "Ave-3F平均": 36.28,
      "PCI平均": 52.26,
      "-3F差平均": 0.85,
      "想定脚質": "先行",
      "track_bias_aptitude_score": 100,
      "investment_value_score": 59.6,
      "total_investment_index": 72.1,
      "investment_rating": 1.6902933764457702,
      "stability_score": 75,
      "investment_mark": "◎"
    },
    {
      "horse_number": 7,
      "name": "ヤマニンループ",
      "popularity": 5,
      "odds": 10.0,
      "mark": "△",
      "score": 127.85,
      "track_aptitude": 0,
      "total_points": 73.0361439438268,
      "detail_points": {
        "score": 46.7561439438268,
        "bias": 3.0,
        "pace": 8.28,
        "3f": 9.0,
        "margin": 6.0,
        "track": 0.0
      },
      "avg_margin": 0.5349999999999999,
      "race_name": "福島10R",
      "pred_prob_won": 0.13101342618465422,
      "pred_prob_in_top2": 0.13388388752937316,
      "pred_prob_in_top3": 0.38839144110679624,
      "score_z": 0.8827057560376109,
      "上り3F平均": 34.63,
      "Ave-3F平均": 37.07,
      "PCI平均": 57.12,
      "-3F差平均": 1.11,
      "想定脚質": "後方",
      "track_bias_aptitude_score": 1,
      "investment_value_score": 69.5,
      "total_investment_index": 48.5,
      "investment_rating": 1.2783419129252434,
      "stability_score": 75,
      "investment_mark": "○"
    },
    {
      "horse_number": 14,
      "name": "フォルラニーニ",
      "popularity": 2,
      "odds": 5.6,
      "mark": "◎",
      "score": 136.72,
      "track_aptitude": 2,
      "total_points": 95.21000000000001,
      "detail_points": {
        "score": 50.0,
        "bias": 15.0,
        "pace": 10.2,
        "3f": 9.0,
        "margin": 9.0,
        "track": 2.0100000000000002
      },
      "avg_margin": 0.19444444444444445,
      "race_name": "福島10R",
      "pred_prob_won": 0.23451825082302094,
      "pred_prob_in_top2": 0.1801927000284195,
      "pred_prob_in_top3": 0.5537718772888184,
      "score_z": 1.3440167035146247,
      "上り3F平均": 34.09,
      "Ave-3F平均": 36.55,
      "PCI平均": 57.28,
      "-3F差平均": 0.63,
      "想定脚質": "先行",
      "track_bias_aptitude_score": 93.5,
      "investment_value_score": 96.3,
      "total_investment_index": 93.1,
      "investment_rating": 1.2505612564086914,
      "stability_score": 90,
      "investment_mark": "▲"
    },
    {
      "horse_number": 10,
      "name": "ヤマニンガラッシア",
      "popularity": 6,
      "odds": 12.7,
      "mark": "▲",
      "score": 121.31,
      "track_aptitude": 1,
      "total_points": 87.55439438267993,
      "detail_points": {
        "score": 44.36439438267993,
        "bias": 15.0,
        "pace": 10.2,
        "3f": 9.0,
        "margin": 8.0,
        "track": 0.99
      },
      "avg_margin": 0.3111111111111111,
      "race_name": "福島10R",
      "pred_prob_won": 0.0948678806424141,
      "pred_prob_in_top2": 0.11035619527101517,
      "pred_prob_in_top3": 0.314937150478363,
      "score_z": 0.5425734452710197,
      "上り3F平均": 34.74,
      "Ave-3F平均": 36.63,
      "PCI平均": 55.5,
      "-3F差平均": 0.33,
      "想定脚質": "先行",
      "track_bias_aptitude_score": 87.1,
      "investment_value_score": 60.7,
      "total_investment_index": 68.5,
      "investment_rating": 1.0746857523918152,
      "stability_score": 90,
      "investment_mark": "▲"
    },
    {
      "horse_number": 2,
      "name": "ニシノティアモ",
      "popularity": 1,
      "odds": 2.8,
      "mark": "○",
      "score": 126.12,
      "track_aptitude": 2,
      "total_points": 91.3334640140433,
      "detail_points": {
        "score": 46.1234640140433,
        "bias": 15.0,
        "pace": 10.2,
        "3f": 9.0,
        "margin": 9.0,
        "track": 2.0100000000000002
      },
      "avg_margin": 0.17777777777777776,
      "race_name": "福島10R",
      "pred_prob_won": 0.1234808936715126,
      "pred_prob_in_top2": 0.13601057827472687,
      "pred_prob_in_top3": 0.39633875489234927,
      "score_z": 0.792731918480088,
      "上り3F平均": 34.47,
      "Ave-3F平均": 36.3,
      "PCI平均": 55.34,
      "-3F差平均": 0.42,
      "想定脚質": "先行",
      "track_bias_aptitude_score": 93.5,
      "investment_value_score": 100,
      "total_investment_index": 94.4,
      "investment_rating": 0.6417621985077858,
      "stability_score": 90,
      "investment_mark": "△"
    },
    {
      "horse_number": 3,
      "name": "グランカンタンテ",
      "popularity": 4,
      "odds": 8.9,
      "mark": "△",
      "score": 120.37,
      "track_aptitude": 0,
      "total_points": 76.27062609713282,
      "detail_points": {
        "score": 44.020626097132826,
        "bias": 7.05,
        "pace": 10.2,
        "3f": 9.0,
        "margin": 6.0,
        "track": 0.0
      },
      "avg_margin": 0.7562499999999999,
      "race_name": "福島10R",
      "pred_prob_won": 0.08430643975734711,
      "pred_prob_in_top2": 0.08295275568962097,
      "pred_prob_in_top3": 0.257217800617218,
      "score_z": 0.4936859265981458,
      "上り3F平均": 35.71,
      "Ave-3F平均": 36.89,
      "PCI平均": 53.45,
      "-3F差平均": 0.75,
      "想定脚質": "中団",
      "track_bias_aptitude_score": 31.1,
      "investment_value_score": 64.3,
      "total_investment_index": 53.7,
      "investment_rating": 0.6031494224071502,
      "stability_score": 75,
      "investment_mark": "△"
    },
    {
      "horse_number": 15,
      "name": "レッドバレンティア",
      "popularity": 9,
      "odds": 22.5,
      "mark": "△",
      "score": 111.3,
      "track_aptitude": 0,
      "total_points": 78.90362785254534,
      "detail_points": {
        "score": 40.703627852545345,
        "bias": 15.0,
        "pace": 10.2,
        "3f": 9.0,
        "margin": 4.0,
        "track": 0.0
      },
      "avg_margin": 1.1944444444444444,
      "race_name": "福島10R",
      "pred_prob_won": 0.03426670506596565,
      "pred_prob_in_top2": 0.05889170244336128,
      "pred_prob_in_top3": 0.14618336260318757,
      "score_z": 0.0219733794034992,
      "上り3F平均": 35.29,
      "Ave-3F平均": 35.71,
      "PCI平均": 51.41,
      "-3F差平均": 0.74,
      "想定脚質": "先行",
      "track_bias_aptitude_score": 80.6,
      "investment_value_score": 37.5,
      "total_investment_index": 51.7,
      "investment_rating": 0.32211936131119745,
      "stability_score": 60,
      "investment_mark": "☆"
    },
    {
      "horse_number": 4,
      "name": "ロゼル",
      "popularity": 7,
      "odds": 13.7,
      "mark": "×",
      "score": 113.81,
      "track_aptitude": 2,
      "total_points": 69.91156231714454,
      "detail_points": {
        "score": 41.62156231714453,
        "bias": 3.0,
        "pace": 8.28,
        "3f": 9.0,
        "margin": 6.0,
        "track": 2.0100000000000002
      },
      "avg_margin": 0.675,
      "race_name": "福島10R",
      "pred_prob_won": 0.04159875363111496,
      "pred_prob_in_top2": 0.04556623622775078,
      "pred_prob_in_top3": 0.13898889422416688,
      "score_z": 0.15251345585979076,
      "上り3F平均": 34.96,
      "Ave-3F平均": 36.1,
      "PCI平均": 53.36,
      "-3F差平均": 1.12,
      "想定脚質": "後方",
      "track_bias_aptitude_score": 13.9,
      "investment_value_score": 41.5,
      "total_investment_index": 34.3,
      "investment_rating": 0.22138836294412606,
      "stability_score": 75,
      "investment_mark": "☆"
    },
    {
      "horse_number": 9,
      "name": "ワザモノ",
      "popularity": 3,
      "odds": 8.7,
      "mark": "△",
      "score": 112.64,
      "track_aptitude": 2,
      "total_points": 75.453680514921,