{
  "horses": [
    {
      "horse_number": 2,
      "name": "ベンメリア",
      "popularity": 6,
      "odds": 38.8,
      "mark": "○",
      "score": 97.34,
      "track_aptitude": 0,
      "total_points": 79.05472636815921,
      "detail_points": {
        "score": 39.0547263681592,
        "bias": 15.0,
        "pace": 12.0,
        "3f": 9.0,
        "margin": 4.0,
        "track": 0.0
      },
      "avg_margin": 1.9,
      "race_name": "福島2R",
      "pred_prob_won": 0.11589672863483429,
      "pred_prob_in_top2": 0.12931370884180068,
      "pred_prob_in_top3": 0.3634978413581848,
      "score_z": 0.8789287261053509,
      "上り3F平均": 38.84,
      "Ave-3F平均": 36.73,
      "PCI平均": 44.56,
      "-3F差平均": 0.62,
      "想定脚質": "先行",
      "track_bias_aptitude_score": 81.5,
      "investment_value_score": 52.6,
      "total_investment_index": 62.5,
      "investment_rating": 1.317489206790924,
      "stability_score": 60,
      "investment_mark": "◎"
    },
    {
      "horse_number": 9,
      "name": "ジルクン",
      "popularity": 4,
      "odds": 14.8,
      "mark": "△",
      "score": 111.15,
      "track_aptitude": 0,
      "total_points": 70.92557053442465,
      "detail_points": {
        "score": 44.59557053442465,
        "bias": 7.05,
        "pace": 8.28,
        "3f": 7.0,
        "margin": 4.0,
        "track": 0.0
      },
      "avg_margin": 1.5062499999999999,
      "race_name": "福島2R",
      "pred_prob_won": 0.17085225284099578,
      "pred_prob_in_top2": 0.13197402358055116,
      "pred_prob_in_top3": 0.4343246281147003,
      "score_z": 1.3681918170516862,
      "上り3F平均": 37.64,
      "Ave-3F平均": 36.77,
      "PCI平均": 47.7,
      "-3F差平均": 1.33,
      "想定脚質": "中団",
      "track_bias_aptitude_score": 32.3,
      "investment_value_score": 65.7,
      "total_investment_index": 56.4,
      "investment_rating": 1.293866049647331,
      "stability_score": 60,
      "investment_mark": "○"
    },
    {
      "horse_number": 1,
      "name": "フラッシュポイント",
      "popularity": 1,
      "odds": 1.8,
      "mark": "◎",
      "score": 124.62,
      "track_aptitude": 0,
      "total_points": 95.0,
      "detail_points": {
        "score": 50.0,
        "bias": 15.0,
        "pace": 12.0,
        "3f": 9.0,
        "margin": 9.0,
        "track": 0.0
      },
      "avg_margin": 0.2,
      "race_name": "福島2R",
      "pred_prob_won": 0.2727221965789795,
      "pred_prob_in_top2": 0.16396905481815338,
      "pred_prob_in_top3": 0.5530170917510986,
      "score_z": 1.8454093286409066,
      "上り3F平均": 36.2,
      "Ave-3F平均": 35.83,
      "PCI平均": 49.0,
      "-3F差平均": 0.55,
      "想定脚質": "先行",
      "track_bias_aptitude_score": 81.5,
      "investment_value_score": 100,
      "total_investment_index": 92.5,
      "investment_rating": 0.9942884564399719,
      "stability_score": 90,
      "investment_mark": "▲"
    },
    {
      "horse_number": 3,
      "name": "アドリアフレイバー",
      "popularity": 2,
      "odds": 3.0,
      "mark": "▲",
      "score": 110.1,
      "track_aptitude": 0,
      "total_points": 73.174289841117,
      "detail_points": {
        "score": 44.174289841116995,
        "bias": 9.0,
        "pace": 12.0,
        "3f": 4.0,
        "margin": 4.0,
        "track": 0.0
      },
      "avg_margin": 1.7833333333333332,
      "race_name": "福島2R",
      "pred_prob_won": 0.1766877681016922,
      "pred_prob_in_top2": 0.14669986367225646,
      "pred_prob_in_top3": 0.44169299602508544,
      "score_z": 1.3309922337429492,
      "上り3F平均": 37.1,
      "Ave-3F平均": 36.76,
      "PCI平均": 49.2,
      "-3F差平均": 1.8,
      "想定脚質": "逃げ",
      "track_bias_aptitude_score": 42.1,
      "investment_value_score": 79.2,
      "total_investment_index": 67.4,
      "investment_rating": 0.9367403888702392,
      "stability_score": 60,
      "investment_mark": "▲"
    },
    {
      "horse_number": 5,
      "name": "スパーブケン",
      "popularity": 12,
      "odds": 201.1,
      "mark": "△",
      "score": 73.12,
      "track_aptitude": 0,
      "total_points": 50.61718504252929,
      "detail_points": {
        "score": 29.337185042529292,
        "bias": 3.0,
        "pace": 8.28,
        "3f": 9.0,
        "margin": 1.0,
        "track": 0.0
      },
      "avg_margin": 4.166666666666667,
      "race_name": "福島2R",
      "pred_prob_won": 0.04555434361100197,
      "pred_prob_in_top2": 0.07557918727397919,
      "pred_prob_in_top3": 0.2083226591348648,
      "score_z": 0.02085833778382745,
      "上り3F平均": 40.33,
      "Ave-3F平均": 37.62,
      "PCI平均": 44.0,
      "-3F差平均": 1.23,
      "想定脚質": "後方",
      "track_bias_aptitude_score": 1,
      "investment_value_score": 26.9,
      "total_investment_index": 21.5,
      "investment_rating": 0.9290780708193779,
      "stability_score": 30,
      "investment_mark": "△"
    },
    {
      "horse_number": 15,
      "name": "カルデライト",
      "popularity": 3,
      "odds": 5.6,
      "mark": "▲",
      "score": 103.32,
      "track_aptitude": 0,
      "total_points": 71.78402022147327,
      "detail_points": {
        "score": 41.45402022147328,
        "bias": 7.05,
        "pace": 8.28,
        "3f": 9.0,
        "margin": 6.0,
        "track": 0.0
      },
      "avg_margin": 0.9916666666666667,
      "race_name": "福島2R",
      "pred_prob_won": 0.13669112622737883,
      "pred_prob_in_top2": 0.12027639001607895,
      "pred_prob_in_top3": 0.36063377261161805,
      "score_z": 1.0907892100922503,
      "上り3F平均": 37.97,
      "Ave-3F平均": 36.04,
      "PCI平均": 45.37,
      "-3F差平均": 0.37,
      "想定脚質": "中団",
      "track_bias_aptitude_score": 32.3,
      "investment_value_score": 66.4,
      "total_investment_index": 56.3,
      "investment_rating": 0.8581231382489205,
      "stability_score": 75,
      "investment_mark": "△"
    },
    {
      "horse_number": 7,
      "name": "ブラックエンパイア",
      "popularity": 11,
      "odds": 171.7,
      "mark": "△",
      "score": 83.71,
      "track_aptitude": 0,
      "total_points": 54.91610174931792,
      "detail_points": {
        "score": 33.58610174931792,
        "bias": 7.05,
        "pace": 8.28,
        "3f": 5.0,
        "margin": 1.0,
        "track": 0.0
      },
      "avg_margin": 3.65,
      "race_name": "福島2R",
      "pred_prob_won": 0.055131129920482635,
      "pred_prob_in_top2": 0.06840805411338806,
      "pred_prob_in_top3": 0.2010611981153488,
      "score_z": 0.39604270658337015,
      "上り3F平均": 38.0,
      "Ave-3F平均": 37.1,
      "PCI平均": 47.6,
      "-3F差平均": 1.75,
      "想定脚質": "中団",
      "track_bias_aptitude_score": 32.3,
      "investment_value_score": 28.9,
      "total_investment_index": 32.7,
      "investment_rating": 0.8082242853939534,
      "stability_score": 30,
      "investment_mark": "☆"
    },
    {
      "horse_number": 6,
      "name": "トッレブランカ",
      "popularity": 7,
      "odds": 43.2,
      "mark": "△",
      "score": 53.09,
      "track_aptitude": 0,
      "total_points": 50.780754293050876,
      "detail_points": {
        "score": 21.300754293050876,
        "bias": 9.0,
        "pace": 6.48,
        "3f": 4.0,
        "margin": 10.0,
        "track": 0.0
      },
      "avg_margin": 0.0,
      "race_name": "福島2R",
      "pred_prob_won": 0.026983991637825964,
      "pred_prob_in_top2": 0.03423412889242172,
      "pred_prob_in_top3": 0.14859578758478165,
      "score_z": -0.6887679990485472,
      "上り3F平均": 0,
      "Ave-3F平均": 0,
      "PCI平均": 0,
      "-3F差平均": 0,
      "想定脚質": "不明",
      "track_bias_aptitude_score": null,
      "investment_value_score": 28.1,
      "total_investment_index": null,
      "investment_rating": 0.2747066210955381,
      "stability_score": 90,
      "investment_mark": "☆"
    },
    {
      "horse_number": 10,
      "name": "カークスマイル",
      "popularity": 15,
      "odds": 448.1,
      "mark": "消",
      "score": 61.0,
      "track_aptitude": 0,
      "total_points": 45.75440218263521,
      "detail_points": {
        "score": 24.47440218263521,
        "bias": 3.0,
        "pace": 8.28,
        "3f": 9.0,