{
  "horses": [
    {
      "horse_number": 3,
      "name": "シュレン",
      "popularity": 5,
      "odds": 10.0,
      "mark": "▲",
      "score": 125.12,
      "track_aptitude": 1,
      "total_points": 78.91430931150417,
      "detail_points": {
        "score": 45.72430931150417,
        "bias": 9.0,
        "pace": 10.2,
        "3f": 7.0,
        "margin": 6.0,
        "track": 0.99
      },
      "avg_margin": 0.58,
      "race_name": "福島12R",
      "pred_prob_won": 0.18042379021644592,
      "pred_prob_in_top2": 0.15818545520305632,
      "pred_prob_in_top3": 0.4777300119400024,
      "score_z": 1.1475345836443245,
      "上り3F平均": 37.29,
      "Ave-3F平均": 36.18,
      "PCI平均": 47.06,
      "-3F差平均": 1.16,
      "想定脚質": "中団",
      "track_bias_aptitude_score": 48.9,
      "investment_value_score": 70.3,
      "total_investment_index": 63.8,
      "investment_rating": 1.649785053730011,
      "stability_score": 75,
      "investment_mark": "◎"
    },
    {
      "horse_number": 10,
      "name": "ブルータス",
      "popularity": 2,
      "odds": 4.6,
      "mark": "◎",
      "score": 136.82,
      "track_aptitude": 1,
      "total_points": 93.19,
      "detail_points": {
        "score": 50.0,
        "bias": 15.0,
        "pace": 10.2,
        "3f": 9.0,
        "margin": 8.0,
        "track": 0.99
      },
      "avg_margin": 0.225,
      "race_name": "福島12R",
      "pred_prob_won": 0.3027485549449921,
      "pred_prob_in_top2": 0.1964624583721161,
      "pred_prob_in_top3": 0.6309327125549317,
      "score_z": 2.191234414850682,
      "上り3F平均": 37.62,
      "Ave-3F平均": 37.74,
      "PCI平均": 50.44,
      "-3F差平均": 0.45,
      "想定脚質": "先行",
      "track_bias_aptitude_score": 88.4,
      "investment_value_score": 100,
      "total_investment_index": 95.2,
      "investment_rating": 1.4481582307815553,
      "stability_score": 90,
      "investment_mark": "○"
    },
    {
      "horse_number": 13,
      "name": "ラッキーヤース",
      "popularity": 10,
      "odds": 34.4,
      "mark": "△",
      "score": 119.34,
      "track_aptitude": 0,
      "total_points": 75.81204502265751,
      "detail_points": {
        "score": 43.61204502265751,
        "bias": 9.0,
        "pace": 10.2,
        "3f": 7.0,
        "margin": 6.0,
        "track": 0.0
      },
      "avg_margin": 0.6950000000000001,
      "race_name": "福島12R",
      "pred_prob_won": 0.09124175906181335,
      "pred_prob_in_top2": 0.08767354190349579,
      "pred_prob_in_top3": 0.28980420231819154,
      "score_z": 0.6319290260056278,
      "上り3F平均": 37.12,
      "Ave-3F平均": 36.75,
      "PCI平均": 49.06,
      "-3F差平均": 1.13,
      "想定脚質": "中団",
      "track_bias_aptitude_score": 43.1,
      "investment_value_score": 45.1,
      "total_investment_index": 46.0,
      "investment_rating": 1.3510804668068885,
      "stability_score": 75,
      "investment_mark": "▲"
    },
    {
      "horse_number": 7,
      "name": "メリークリスマス",
      "popularity": 4,
      "odds": 6.3,
      "mark": "○",
      "score": 117.97,
      "track_aptitude": 0,
      "total_points": 83.31138722409004,
      "detail_points": {
        "score": 43.111387224090045,
        "bias": 15.0,
        "pace": 10.2,
        "3f": 9.0,
        "margin": 6.0,
        "track": 0.0
      },
      "avg_margin": 0.8250000000000001,
      "race_name": "福島12R",
      "pred_prob_won": 0.10302724093198776,
      "pred_prob_in_top2": 0.10119887888431549,
      "pred_prob_in_top3": 0.31452465057373047,
      "score_z": 0.5097180201293273,
      "上り3F平均": 38.65,
      "Ave-3F平均": 38.14,
      "PCI平均": 48.67,
      "-3F差平均": 0.55,
      "想定脚質": "先行",
      "track_bias_aptitude_score": 82.6,
      "investment_value_score": 63.6,
      "total_investment_index": 68.8,
      "investment_rating": 0.7923723697662354,
      "stability_score": 75,
      "investment_mark": "△"
    },
    {
      "horse_number": 4,
      "name": "キレナイカ",
      "popularity": 12,
      "odds": 46.8,
      "mark": "△",
      "score": 114.46,
      "track_aptitude": 0,
      "total_points": 76.02868001754129,
      "detail_points": {
        "score": 41.828680017541295,
        "bias": 9.0,
        "pace": 10.2,
        "3f": 9.0,
        "margin": 6.0,
        "track": 0.0
      },
      "avg_margin": 0.9800000000000001,
      "race_name": "福島12R",
      "pred_prob_won": 0.045489610731601716,
      "pred_prob_in_top2": 0.06448628082871437,
      "pred_prob_in_top3": 0.18069517314434053,
      "score_z": 0.1966080707674194,
      "上り3F平均": 38.17,
      "Ave-3F平均": 38.35,
      "PCI平均": 50.56,
      "-3F差平均": 0.78,
      "想定脚質": "中団",
      "track_bias_aptitude_score": 43.1,
      "investment_value_score": 31.5,
      "total_investment_index": 37.2,
      "investment_rating": 0.6588046957552433,
      "stability_score": 75,
      "investment_mark": "△"
    },
    {
      "horse_number": 12,
      "name": "ラヴアンドライク",
      "popularity": 1,
      "odds": 3.9,
      "mark": "▲",
      "score": 118.66,
      "track_aptitude": 1,
      "total_points": 82.55354334161672,
      "detail_points": {
        "score": 43.363543341616726,
        "bias": 15.0,
        "pace": 10.2,
        "3f": 7.0,
        "margin": 6.0,
        "track": 0.99
      },
      "avg_margin": 0.75,
      "race_name": "福島12R",
      "pred_prob_won": 0.0912645474076271,
      "pred_prob_in_top2": 0.1029999241232872,
      "pred_prob_in_top3": 0.3026026725769043,
      "score_z": 0.5712695486363688,
      "上り3F平均": 38.63,
      "Ave-3F平均": 36.83,
      "PCI平均": 45.43,
      "-3F差平均": 0.2,
      "想定脚質": "先行",
      "track_bias_aptitude_score": 88.4,
      "investment_value_score": 89.8,
      "total_investment_index": 86.4,
      "investment_rating": 0.39598614692687994,
      "stability_score": 75,
      "investment_mark": "☆"
    },
    {
      "horse_number": 9,
      "name": "マテンロウブレイブ",
      "popularity": 3,
      "odds": 5.6,
      "mark": "△",
      "score": 116.18,
      "track_aptitude": 2,
      "total_points": 78.66724309311505,
      "detail_points": {
        "score": 42.457243093115046,
        "bias": 9.0,
        "pace": 10.2,
        "3f": 9.0,
        "margin": 6.0,
        "track": 2.0100000000000002
      },
      "avg_margin": 0.6333333333333334,
      "race_name": "福島12R",
      "pred_prob_won": 0.0624255359172821,
      "pred_prob_in_top2": 0.07166670560836792,
      "pred_prob_in_top3": 0.22707517743110656,
      "score_z": 0.3500408664661331,
      "上り3F平均": 36.88,
      "Ave-3F平均": 37.26,
      "PCI平均": 51.17,
      "-3F差平均": 0.82,
      "想定脚質": "中団",
      "track_bias_aptitude_score": 54.7,
      "investment_value_score": 62.2,
      "total_investment_index": 59.3,
      "investment_rating": 0.3720556032657623,
      "stability_score": 75,
      "investment_mark": "☆"
    },
    {
      "horse_number": 15,
      "name": "ウッドショック",
      "popularity": 8,
      "odds": 20.6,
      "mark": "×",
      "score": 111.72,
      "track_aptitude": 0,
      "total_points": 67.10736442040638,
      "detail_points": {
        "score": 40.827364420406376,
        "bias": 3.0,
        "pace": 8.28,
        "3f": 9.0,
        "margin": 6.0,
        "track": 0.0
      },
      "avg_margin": 1.0,
      "race_name": "福島12R",
      "pred_prob_won": 0.02822595424950123,
      "pred_prob_in_top2": 0.042279715090990065,
      "pred_prob_in_top3": 0.12613288015127183,
      "score_z": -0.0478139409851803,
      "上り3F平均": 37.41,
      "Ave-3F平均": 38.22,
      "PCI平均": 52.26,
      "-3F差平均": 1.11,
      "想定脚質": "後方",
      "track_bias_aptitude_score": 1,
      "investment_value_score": 31.6,
      "total_investment_index": 24.2,
      "investment_rating": 0.1257172129303218,
      "stability_score": 75,
      "investment_mark": "×"
    },
    {
      "horse_number": 14,
      "name": "ブリックンクリック",
      "popularity": 6,
      "odds": 11.6,
      "mark": "△",
      "score": 110.14,
      "track_aptitude": 0,
      "total_points": 78.44996345563514,
      "detail_points": {
        "score": 40.24996345563515,