{
  "horses": [
    {
      "horse_number": 2,
      "name": "プルミエソルティ",
      "popularity": 3,
      "odds": 3.6,
      "mark": "▲",
      "score": 149.1,
      "track_aptitude": 1,
      "total_points": 75.8937933733368,
      "detail_points": {
        "score": 48.62379337333681,
        "bias": 3.0,
        "pace": 8.28,
        "3f": 9.0,
        "margin": 6.0,
        "track": 0.99
      },
      "avg_margin": 0.8000000000000002,
      "race_name": "福島9R",
      "pred_prob_won": 0.1880596846342087,
      "pred_prob_in_top2": 0.146649369597435,
      "pred_prob_in_top3": 0.47923163771629335,
      "score_z": 0.9263098893145301,
      "上り3F平均": 35.3,
      "Ave-3F平均": 37.38,
      "PCI平均": 55.98,
      "-3F差平均": 1.05,
      "想定脚質": "後方",
      "track_bias_aptitude_score": 6.6,
      "investment_value_score": 65.7,
      "total_investment_index": 47.9,
      "investment_rating": 1.0471186414361,
      "stability_score": 75,
      "investment_mark": "◎"
    },
    {
      "horse_number": 3,
      "name": "ビリングス",
      "popularity": 1,
      "odds": 2.9,
      "mark": "◎",
      "score": 153.32,
      "track_aptitude": 2,
      "total_points": 86.29,
      "detail_points": {
        "score": 50.0,
        "bias": 9.0,
        "pace": 8.28,
        "3f": 9.0,
        "margin": 8.0,
        "track": 2.0100000000000002
      },
      "avg_margin": 0.4666666666666666,
      "race_name": "福島9R",
      "pred_prob_won": 0.2431798368692398,
      "pred_prob_in_top2": 0.180042627453804,
      "pred_prob_in_top3": 0.5590460777282715,
      "score_z": 1.2947819272933043,
      "上り3F平均": 34.67,
      "Ave-3F平均": 37.66,
      "PCI平均": 58.7,
      "-3F差平均": 0.57,
      "想定脚質": "中団",
      "track_bias_aptitude_score": 55.6,
      "investment_value_score": 100,
      "total_investment_index": 83.8,
      "investment_rating": 0.8314721059799196,
      "stability_score": 90,
      "investment_mark": "○"
    },
    {
      "horse_number": 4,
      "name": "ルークスヘリオス",
      "popularity": 4,
      "odds": 9.1,
      "mark": "▲",
      "score": 145.96,
      "track_aptitude": 2,
      "total_points": 79.88979128619881,
      "detail_points": {
        "score": 47.59979128619881,
        "bias": 9.0,
        "pace": 8.28,
        "3f": 7.0,
        "margin": 6.0,
        "track": 2.0100000000000002
      },
      "avg_margin": 0.9349999999999999,
      "race_name": "福島9R",
      "pred_prob_won": 0.11915916800498963,
      "pred_prob_in_top2": 0.123375903069973,
      "pred_prob_in_top3": 0.37466962933540343,
      "score_z": 0.6521387520507039,
      "上り3F平均": 35.96,
      "Ave-3F平均": 37.44,
      "PCI平均": 54.13,
      "-3F差平均": 1.01,
      "想定脚質": "中団",
      "track_bias_aptitude_score": 55.6,
      "investment_value_score": 50.9,
      "total_investment_index": 53.3,
      "investment_rating": 0.8110794061422348,
      "stability_score": 75,
      "investment_mark": "▲"
    },
    {
      "horse_number": 5,
      "name": "フィーリウス",
      "popularity": 2,
      "odds": 3.5,
      "mark": "○",
      "score": 146.68,
      "track_aptitude": 1,
      "total_points": 81.10459431254891,
      "detail_points": {
        "score": 47.83459431254892,
        "bias": 9.0,
        "pace": 8.28,
        "3f": 9.0,
        "margin": 6.0,
        "track": 0.99
      },
      "avg_margin": 0.5428571428571428,
      "race_name": "福島9R",
      "pred_prob_won": 0.13030022531747817,
      "pred_prob_in_top2": 0.13968424946069719,
      "pred_prob_in_top3": 0.4119836091995239,
      "score_z": 0.7150060191940019,
      "上り3F平均": 35.79,
      "Ave-3F平均": 38.19,
      "PCI平均": 57.07,
      "-3F差平均": 0.75,
      "想定脚質": "中団",
      "track_bias_aptitude_score": 50.0,
      "investment_value_score": 70.8,
      "total_investment_index": 63.7,
      "investment_rating": 0.6183475494384766,
      "stability_score": 75,
      "investment_mark": "△"
    },
    {
      "horse_number": 7,
      "name": "モアナフリューゲル",
      "popularity": 6,
      "odds": 13.0,
      "mark": "△",
      "score": 133.61,
      "track_aptitude": 2,
      "total_points": 73.86226715366554,
      "detail_points": {
        "score": 43.57226715366554,
        "bias": 9.0,
        "pace": 8.28,
        "3f": 7.0,
        "margin": 4.0,
        "track": 2.0100000000000002
      },
      "avg_margin": 1.0833333333333333,
      "race_name": "福島9R",
      "pred_prob_won": 0.03267851434648037,
      "pred_prob_in_top2": 0.06036390736699104,
      "pred_prob_in_top3": 0.1626338243484497,
      "score_z": -0.42620951075447633,
      "上り3F平均": 35.45,
      "Ave-3F平均": 37.53,
      "PCI平均": 56.35,
      "-3F差平均": 1.05,
      "想定脚質": "中団",
      "track_bias_aptitude_score": 55.6,
      "investment_value_score": 16.6,
      "total_investment_index": 30.9,
      "investment_rating": -0.021777348518371542,
      "stability_score": 60,
      "investment_mark": "××"
    },
    {
      "horse_number": 6,
      "name": "タイセイアーサー",
      "popularity": 8,
      "odds": 32.4,
      "mark": "△",
      "score": 126.54,
      "track_aptitude": 2,
      "total_points": 67.55663188103314,
      "detail_points": {
        "score": 41.26663188103314,
        "bias": 3.0,
        "pace": 8.28,
        "3f": 9.0,
        "margin": 4.0,
        "track": 2.0100000000000002
      },
      "avg_margin": 1.465,
      "race_name": "福島9R",
      "pred_prob_won": 0.023061332851648332,
      "pred_prob_in_top2": 0.03399842903017998,
      "pred_prob_in_top3": 0.11734715402126313,
      "score_z": -1.0435311478421392,
      "上り3F平均": 36.57,
      "Ave-3F平均": 37.63,
      "PCI平均": 53.04,
      "-3F差平均": 1.08,
      "想定脚質": "後方",
      "track_bias_aptitude_score": 12.1,
      "investment_value_score": 1,
      "total_investment_index": 7.5,
      "investment_rating": -0.23724349886178964,
      "stability_score": 60,
      "investment_mark": "××"
    },
    {
      "horse_number": 1,
      "name": "ロードアフェット",
      "popularity": 7,
      "odds": 19.2,
      "mark": "△",
      "score": 127.33,
      "track_aptitude": 1,
      "total_points": 70.7942629793895,
      "detail_points": {
        "score": 41.52426297938951,
        "bias": 9.0,
        "pace": 8.28,
        "3f": 7.0,
        "margin": 4.0,
        "track": 0.99
      },
      "avg_margin": 1.4625,
      "race_name": "福島9R",
      "pred_prob_won": 0.0205428134649992,
      "pred_prob_in_top2": 0.038054588437080386,
      "pred_prob_in_top3": 0.111378113925457,
      "score_z": -0.9745517852821323,
      "上り3F平均": 36.11,
      "Ave-3F平均": 37.19,
      "PCI平均": 53.2,
      "-3F差平均": 1.15,
      "想定脚質": "中団",
      "track_bias_aptitude_score": 50.0,
      "investment_value_score": 2.9,
      "total_investment_index": 20.1,
      "investment_rating": -0.2873002221435308,
      "stability_score": 60,
      "investment_mark": "××"
    },
    {
      "horse_number": 8,
      "name": "ハチワレ",
      "popularity": 5,
      "odds": 10.4,
      "mark": "△",
      "score": 125.39,
      "track_aptitude": 2,
      "total_points": 71.1815992695017,
      "detail_points": {
        "score": 40.8915992695017,
        "bias": 9.0,
        "pace": 8.28,
        "3f": 7.0,
        "margin": 4.0,
        "track": 2.0100000000000002
      },
      "avg_margin": 1.35,
      "race_name": "福島9R",
      "pred_prob_won": 0.026098331063985826,
      "pred_prob_in_top2": 0.025549504905939102,
      "pred_prob_in_top3": 0.10241542905569076,
      "score_z": -1.143944143973796,
      "上り3F平均": 35.75,
      "Ave-3F平均": 37.6,
      "PCI平均": 55.25,
      "-3F差平均": 1.1,
      "想定脚質": "中団",
      "track_bias_aptitude_score": 55.6,
      "investment_value_score": 7.8,
      "total_investment_index": 24.5,
      "investment_rating": -0.3532851690798998,
      "stability_score": 60,
      "investment_mark": "××"
    }
  ]
}