{
  "horses": [
    {
      "horse_number": 10,
      "name": "ホシニネガイヲ",
      "popularity": 9,
      "odds": 20.9,
      "mark": "△",
      "score": 121.42,
      "track_aptitude": 2,
      "total_points": 79.16339805825244,
      "detail_points": {
        "score": 47.15339805825243,
        "bias": 9.0,
        "pace": 12.0,
        "3f": 5.0,
        "margin": 4.0,
        "track": 2.0100000000000002
      },
      "avg_margin": 1.0714285714285714,
      "race_name": "福島6R",
      "pred_prob_won": 0.1057005062699318,
      "pred_prob_in_top2": 0.11011219024658203,
      "pred_prob_in_top3": 0.3240131318569183,
      "score_z": 0.7410132298107625,
      "上り3F平均": 35.57,
      "Ave-3F平均": 36.42,
      "PCI平均": 52.6,
      "-3F差平均": 1.57,
      "想定脚質": "中団",
      "track_bias_aptitude_score": 54.7,
      "investment_value_score": 53.6,
      "total_investment_index": 54.8,
      "investment_rating": 1.4370886400341987,
      "stability_score": 60,
      "investment_mark": "◎"
    },
    {
      "horse_number": 7,
      "name": "ラルガメンテ",
      "popularity": 4,
      "odds": 7.2,
      "mark": "◎",
      "score": 125.37,
      "track_aptitude": 2,
      "total_points": 92.6973786407767,
      "detail_points": {
        "score": 48.6873786407767,
        "bias": 15.0,
        "pace": 12.0,
        "3f": 9.0,
        "margin": 6.0,
        "track": 2.0100000000000002
      },
      "avg_margin": 0.55,
      "race_name": "福島6R",
      "pred_prob_won": 0.18671700358390808,
      "pred_prob_in_top2": 0.1499698728322983,
      "pred_prob_in_top3": 0.47915018200874326,
      "score_z": 1.0900892295427256,
      "上り3F平均": 36.22,
      "Ave-3F平均": 37.2,
      "PCI平均": 52.86,
      "-3F差平均": 0.84,
      "想定脚質": "先行",
      "track_bias_aptitude_score": 94.2,
      "investment_value_score": 81.4,
      "total_investment_index": 83.9,
      "investment_rating": 1.416600728034973,
      "stability_score": 75,
      "investment_mark": "○"
    },
    {
      "horse_number": 5,
      "name": "タマモカンパネラ",
      "popularity": 5,
      "odds": 8.0,
      "mark": "○",
      "score": 124.23,
      "track_aptitude": 2,
      "total_points": 92.25466019417478,
      "detail_points": {
        "score": 48.24466019417476,
        "bias": 15.0,
        "pace": 12.0,
        "3f": 9.0,
        "margin": 6.0,
        "track": 2.0100000000000002
      },
      "avg_margin": 0.9199999999999999,
      "race_name": "福島6R",
      "pred_prob_won": 0.16373057663440704,
      "pred_prob_in_top2": 0.13872460126876832,
      "pred_prob_in_top3": 0.4311829447746277,
      "score_z": 0.9893432448099566,
      "上り3F平均": 39.14,
      "Ave-3F平均": 37.64,
      "PCI平均": 46.28,
      "-3F差平均": 0.7,
      "想定脚質": "先行",
      "track_bias_aptitude_score": 94.2,
      "investment_value_score": 73.6,
      "total_investment_index": 79.1,
      "investment_rating": 1.4118823987245561,
      "stability_score": 75,
      "investment_mark": "▲"
    },
    {
      "horse_number": 8,
      "name": "セギレエルビエント",
      "popularity": 2,
      "odds": 4.1,
      "mark": "▲",
      "score": 128.75,
      "track_aptitude": 0,
      "total_points": 92.0,
      "detail_points": {
        "score": 50.0,
        "bias": 15.0,
        "pace": 12.0,
        "3f": 9.0,
        "margin": 6.0,
        "track": 0.0
      },
      "avg_margin": 0.7083333333333334,
      "race_name": "福島6R",
      "pred_prob_won": 0.21677822470664979,
      "pred_prob_in_top2": 0.14782856702804564,
      "pred_prob_in_top3": 0.5132294416427612,
      "score_z": 1.3887922369083037,
      "上り3F平均": 36.87,
      "Ave-3F平均": 35.71,
      "PCI平均": 46.97,
      "-3F差平均": 0.78,
      "想定脚質": "先行",
      "track_bias_aptitude_score": 82.6,
      "investment_value_score": 100,
      "total_investment_index": 92.1,
      "investment_rating": 1.0883653807640077,
      "stability_score": 75,
      "investment_mark": "▲"
    },
    {
      "horse_number": 1,
      "name": "フィザルモニカ",
      "popularity": 6,
      "odds": 10.8,
      "mark": "▲",
      "score": 119.4,
      "track_aptitude": 1,
      "total_points": 89.35893203883495,
      "detail_points": {
        "score": 46.368932038834956,
        "bias": 15.0,
        "pace": 12.0,
        "3f": 9.0,
        "margin": 6.0,
        "track": 0.99
      },
      "avg_margin": 0.7666666666666666,
      "race_name": "福島6R",
      "pred_prob_won": 0.09058155417442322,
      "pred_prob_in_top2": 0.10657908916473388,
      "pred_prob_in_top3": 0.30652458071708677,
      "score_z": 0.5624984147579615,
      "上り3F平均": 36.43,
      "Ave-3F平均": 36.8,
      "PCI平均": 51.0,
      "-3F差平均": 0.5,
      "想定脚質": "先行",
      "track_bias_aptitude_score": 88.4,
      "investment_value_score": 60.3,
      "total_investment_index": 68.6,
      "investment_rating": 0.9632753616571426,
      "stability_score": 75,
      "investment_mark": "△"
    },
    {
      "horse_number": 2,
      "name": "レディーフランシス",
      "popularity": 3,
      "odds": 6.5,
      "mark": "△",
      "score": 117.95,
      "track_aptitude": 2,
      "total_points": 83.81582524271845,
      "detail_points": {
        "score": 45.80582524271845,
        "bias": 9.0,
        "pace": 12.0,
        "3f": 9.0,
        "margin": 6.0,
        "track": 2.0100000000000002
      },
      "avg_margin": 0.71,
      "race_name": "福島6R",
      "pred_prob_won": 0.06853242814540864,
      "pred_prob_in_top2": 0.0779095709323883,
      "pred_prob_in_top3": 0.24269289374351502,
      "score_z": 0.43435659207154437,
      "上り3F平均": 36.12,
      "Ave-3F平均": 37.34,
      "PCI平均": 53.6,
      "-3F差平均": 0.92,
      "想定脚質": "中団",
      "track_bias_aptitude_score": 54.7,
      "investment_value_score": 69.5,
      "total_investment_index": 63.8,
      "investment_rating": 0.3872904834151269,
      "stability_score": 75,
      "investment_mark": "☆"
    },
    {
      "horse_number": 11,
      "name": "パースウェイド",
      "popularity": 1,
      "odds": 3.5,
      "mark": "△",
      "score": 118.99,
      "track_aptitude": 2,
      "total_points": 88.21970873786408,
      "detail_points": {
        "score": 46.20970873786408,
        "bias": 15.0,
        "pace": 12.0,
        "3f": 7.0,
        "margin": 6.0,
        "track": 2.0100000000000002
      },
      "avg_margin": 0.6833333333333332,
      "race_name": "福島6R",
      "pred_prob_won": 0.08182705789804459,
      "pred_prob_in_top2": 0.0798666387796402,
      "pred_prob_in_top3": 0.2504233092069626,
      "score_z": 0.5262652097224909,
      "上り3F平均": 37.5,
      "Ave-3F平均": 37.18,
      "PCI平均": 49.23,
      "-3F差平均": 1.13,
      "想定脚質": "先行",
      "track_bias_aptitude_score": 94.2,
      "investment_value_score": 94.1,
      "total_investment_index": 90.6,
      "investment_rating": 0.2384947766363621,
      "stability_score": 75,
      "investment_mark": "☆"
    },
    {
      "horse_number": 9,
      "name": "オーケーマヒナ",
      "popularity": 7,
      "odds": 14.1,
      "mark": "△",
      "score": 111.35,
      "track_aptitude": 1,
      "total_points": 84.23271844660194,
      "detail_points": {
        "score": 43.24271844660194,
        "bias": 15.0,
        "pace": 12.0,
        "3f": 9.0,
        "margin": 4.0,
        "track": 0.99
      },
      "avg_margin": 1.9099999999999997,
      "race_name": "福島6R",
      "pred_prob_won": 0.030685465410351755,
      "pred_prob_in_top2": 0.059212327003479004,
      "pred_prob_in_top3": 0.14462825953960418,
      "score_z": -0.14890963532869833,
      "上り3F平均": 39.0,
      "Ave-3F平均": 36.89,
      "PCI平均": 44.8,
      "-3F差平均": 0.45,
      "想定脚質": "先行",
      "track_bias_aptitude_score": 88.4,
      "investment_value_score": 38.7,
      "total_investment_index": 54.5,
      "investment_rating": 0.16714966639876372,
      "stability_score": 60,
      "investment_mark": "×"
    },
    {
      "horse_number": 4,
      "name": "ミランカ",
      "popularity": 11,
      "odds": 50.5,
      "mark": "消",
      "score": 111.69,
      "track_aptitude": 2,
      "total_points": 67.6647572815534,