{
  "horses": [
    {
      "horse_number": 10,
      "name": "アイアムユウシュン",
      "popularity": 5,
      "odds": 12.0,
      "mark": "○",
      "score": 109.33,
      "track_aptitude": 1,
      "total_points": 91.81547338335119,
      "detail_points": {
        "score": 48.825473383351195,
        "bias": 15.0,
        "pace": 12.0,
        "3f": 9.0,
        "margin": 6.0,
        "track": 0.99
      },
      "avg_margin": 0.5599999999999999,
      "race_name": "福島11R",
      "pred_prob_won": 0.15085106939077378,
      "pred_prob_in_top2": 0.16205634772777558,
      "pred_prob_in_top3": 0.4622816383838654,
      "score_z": 1.1784560144743057,
      "上り3F平均": 37.49,
      "Ave-3F平均": 34.76,
      "PCI平均": 42.74,
      "-3F差平均": 0.45,
      "想定脚質": "先行",
      "track_bias_aptitude_score": 86.4,
      "investment_value_score": 74.8,
      "total_investment_index": 77.8,
      "investment_rating": 1.607153290808201,
      "stability_score": 75,
      "investment_mark": "◎"
    },
    {
      "horse_number": 6,
      "name": "フラップシグナス",
      "popularity": 12,
      "odds": 49.3,
      "mark": "×",
      "score": 106.93,
      "track_aptitude": 0,
      "total_points": 74.03366202215076,
      "detail_points": {
        "score": 47.75366202215077,
        "bias": 3.0,
        "pace": 8.28,
        "3f": 9.0,
        "margin": 6.0,
        "track": 0.0
      },
      "avg_margin": 0.655,
      "race_name": "福島11R",
      "pred_prob_won": 0.0888774886727333,
      "pred_prob_in_top2": 0.08584125339984894,
      "pred_prob_in_top3": 0.27285842299461366,
      "score_z": 0.9571388972648708,
      "上り3F平均": 36.63,
      "Ave-3F平均": 35.58,
      "PCI平均": 47.18,
      "-3F差平均": 1.16,
      "想定脚質": "後方",
      "track_bias_aptitude_score": 1,
      "investment_value_score": 45.1,
      "total_investment_index": 34.0,
      "investment_rating": 1.4647249108552933,
      "stability_score": 75,
      "investment_mark": "○"
    },
    {
      "horse_number": 12,
      "name": "ルディック",
      "popularity": 2,
      "odds": 5.5,
      "mark": "◎",
      "score": 111.96,
      "track_aptitude": 2,
      "total_points": 96.01,
      "detail_points": {
        "score": 50.0,
        "bias": 15.0,
        "pace": 12.0,
        "3f": 9.0,
        "margin": 8.0,
        "track": 2.0100000000000002
      },
      "avg_margin": 0.475,
      "race_name": "福島11R",
      "pred_prob_won": 0.2085444688796997,
      "pred_prob_in_top2": 0.1613975942134857,
      "pred_prob_in_top3": 0.5062769711017608,
      "score_z": 1.4209826887496453,
      "上り3F平均": 37.54,
      "Ave-3F平均": 35.56,
      "PCI平均": 44.76,
      "-3F差平均": 0.53,
      "想定脚質": "先行",
      "track_bias_aptitude_score": 93.2,
      "investment_value_score": 97.2,
      "total_investment_index": 93.6,
      "investment_rating": 1.1175755190849304,
      "stability_score": 90,
      "investment_mark": "▲"
    },
    {
      "horse_number": 16,
      "name": "ショウナンアビアス",
      "popularity": 6,
      "odds": 17.1,
      "mark": "▲",
      "score": 101.97,
      "track_aptitude": 2,
      "total_points": 91.54858520900322,
      "detail_points": {
        "score": 45.538585209003216,
        "bias": 15.0,
        "pace": 12.0,
        "3f": 9.0,
        "margin": 8.0,
        "track": 2.0100000000000002
      },
      "avg_margin": 0.29999999999999993,
      "race_name": "福島11R",
      "pred_prob_won": 0.08522491157054901,
      "pred_prob_in_top2": 0.08046271353960037,
      "pred_prob_in_top3": 0.2651498019695282,
      "score_z": 0.4997501883653694,
      "上り3F平均": 36.63,
      "Ave-3F平均": 34.75,
      "PCI平均": 44.92,
      "-3F差平均": 0.49,
      "想定脚質": "先行",
      "track_bias_aptitude_score": 93.2,
      "investment_value_score": 56.7,
      "total_investment_index": 67.8,
      "investment_rating": 0.825749009847641,
      "stability_score": 90,
      "investment_mark": "▲"
    },
    {
      "horse_number": 5,
      "name": "ドンレパルス",
      "popularity": 4,
      "odds": 8.5,
      "mark": "△",
      "score": 105.83,
      "track_aptitude": 0,
      "total_points": 85.26241514826724,
      "detail_points": {
        "score": 47.26241514826724,
        "bias": 9.0,
        "pace": 12.0,
        "3f": 9.0,
        "margin": 8.0,
        "track": 0.0
      },
      "avg_margin": 0.335,
      "race_name": "福島11R",
      "pred_prob_won": 0.09819279760122299,
      "pred_prob_in_top2": 0.10564133673906326,
      "pred_prob_in_top3": 0.2887600719928741,
      "score_z": 0.8557018852105452,
      "上り3F平均": 36.13,
      "Ave-3F平均": 35.35,
      "PCI平均": 47.86,
      "-3F差平均": 0.73,
      "想定脚質": "中団",
      "track_bias_aptitude_score": 34.0,
      "investment_value_score": 68.2,
      "total_investment_index": 57.5,
      "investment_rating": 0.7261642807722091,
      "stability_score": 90,
      "investment_mark": "△"
    },
    {
      "horse_number": 11,
      "name": "エコロアゼル",
      "popularity": 1,
      "odds": 2.1,
      "mark": "⭐︎",
      "score": 108.75,
      "track_aptitude": 0,
      "total_points": 76.84645230439443,
      "detail_points": {
        "score": 48.56645230439443,
        "bias": 9.0,
        "pace": 8.28,
        "3f": 5.0,
        "margin": 6.0,
        "track": 0.0
      },
      "avg_margin": 0.54,
      "race_name": "福島11R",
      "pred_prob_won": 0.09498215019702912,
      "pred_prob_in_top2": 0.09376070499420167,
      "pred_prob_in_top3": 0.3155750334262848,
      "score_z": 1.1249710444820256,
      "上り3F平均": 36.6,
      "Ave-3F平均": 35.61,
      "PCI平均": 47.36,
      "-3F差平均": 0.6,
      "想定脚質": "逃げ",
      "track_bias_aptitude_score": 37.2,
      "investment_value_score": 100,
      "total_investment_index": 78.0,
      "investment_rating": 0.4600438252091408,
      "stability_score": 75,
      "investment_mark": "☆"
    },
    {
      "horse_number": 13,
      "name": "ブレーザー",
      "popularity": 7,
      "odds": 21.1,
      "mark": "△",
      "score": 98.65,
      "track_aptitude": 1,
      "total_points": 87.04591282600929,
      "detail_points": {
        "score": 44.05591282600929,
        "bias": 15.0,
        "pace": 12.0,
        "3f": 9.0,
        "margin": 6.0,
        "track": 0.99
      },
      "avg_margin": 0.675,
      "race_name": "福島11R",
      "pred_prob_won": 0.047575564682483674,
      "pred_prob_in_top2": 0.06892146766185761,
      "pred_prob_in_top3": 0.1784897893667221,
      "score_z": 0.19359484289231718,
      "上り3F平均": 37.24,
      "Ave-3F平均": 34.79,
      "PCI平均": 43.56,
      "-3F差平均": 0.65,
      "想定脚質": "先行",
      "track_bias_aptitude_score": 86.4,
      "investment_value_score": 44.6,
      "total_investment_index": 58.0,
      "investment_rating": 0.44061833098530767,
      "stability_score": 75,
      "investment_mark": "☆"
    },
    {
      "horse_number": 15,
      "name": "オーブルクール",
      "popularity": 3,
      "odds": 7.2,
      "mark": "▲",
      "score": 100.21,
      "track_aptitude": 1,
      "total_points": 87.74259021078956,
      "detail_points": {
        "score": 44.75259021078956,
        "bias": 15.0,
        "pace": 12.0,
        "3f": 9.0,
        "margin": 6.0,
        "track": 0.99
      },
      "avg_margin": 0.65,
      "race_name": "福島11R",
      "pred_prob_won": 0.07131877020001412,
      "pred_prob_in_top2": 0.08989731520414353,
      "pred_prob_in_top3": 0.22192341089248657,
      "score_z": 0.33745096907844935,
      "上り3F平均": 37.36,
      "Ave-3F平均": 34.73,
      "PCI平均": 42.94,
      "-3F差平均": 0.5,
      "想定脚質": "先行",
      "track_bias_aptitude_score": 86.4,
      "investment_value_score": 66.2,
      "total_investment_index": 71.2,
      "investment_rating": 0.39344342648983005,
      "stability_score": 75,
      "investment_mark": "☆"
    },
    {
      "horse_number": 4,
      "name": "ハッピーロンドン",
      "popularity": 9,
      "odds": 30.1,
      "mark": "△",
      "score": 94.17,
      "track_aptitude": 0,
      "total_points": 84.05519828510182,
      "detail_points": {
        "score": 42.055198285101824,