{
  "horses": [
    {
      "horse_number": 11,
      "name": "ルックアトミー",
      "popularity": 3,
      "odds": 4.6,
      "mark": "△",
      "score": 114.15,
      "track_aptitude": 0,
      "total_points": 76.34909355073049,
      "detail_points": {
        "score": 46.069093550730486,
        "bias": 9.0,
        "pace": 8.28,
        "3f": 7.0,
        "margin": 6.0,
        "track": 0.0
      },
      "avg_margin": 0.5166666666666667,
      "race_name": "福島3R",
      "pred_prob_won": 0.18388659060001372,
      "pred_prob_in_top2": 0.13856902420520784,
      "pred_prob_in_top3": 0.45148988962173464,
      "score_z": 1.4230932375810998,
      "上り3F平均": 37.13,
      "Ave-3F平均": 36.16,
      "PCI平均": 47.43,
      "-3F差平均": 0.4,
      "想定脚質": "逃げ",
      "track_bias_aptitude_score": 42.1,
      "investment_value_score": 70.8,
      "total_investment_index": 62.5,
      "investment_rating": 1.1624911302328111,
      "stability_score": 75,
      "investment_mark": "◎"
    },
    {
      "horse_number": 12,
      "name": "サンタアニタ",
      "popularity": 1,
      "odds": 3.0,
      "mark": "◎",
      "score": 123.89,
      "track_aptitude": 0,
      "total_points": 94.0,
      "detail_points": {
        "score": 50.0,
        "bias": 15.0,
        "pace": 12.0,
        "3f": 9.0,
        "margin": 8.0,
        "track": 0.0
      },
      "avg_margin": 0.4375,
      "race_name": "福島3R",
      "pred_prob_won": 0.2836114227771759,
      "pred_prob_in_top2": 0.17471081912517547,
      "pred_prob_in_top3": 0.5995383024215698,
      "score_z": 2.1371140043056287,
      "上り3F平均": 35.85,
      "Ave-3F平均": 35.77,
      "PCI平均": 49.88,
      "-3F差平均": 0.7,
      "想定脚質": "先行",
      "track_bias_aptitude_score": 81.5,
      "investment_value_score": 100,
      "total_investment_index": 93.0,
      "investment_rating": 1.098961180448532,
      "stability_score": 90,
      "investment_mark": "○"
    },
    {
      "horse_number": 6,
      "name": "ジュリスタ",
      "popularity": 2,
      "odds": 3.1,
      "mark": "▲",
      "score": 113.19,
      "track_aptitude": 1,
      "total_points": 76.95165307934458,
      "detail_points": {
        "score": 45.68165307934458,
        "bias": 9.0,
        "pace": 8.28,
        "3f": 9.0,
        "margin": 4.0,
        "track": 0.99
      },
      "avg_margin": 1.1666666666666667,
      "race_name": "福島3R",
      "pred_prob_won": 0.192595911026001,
      "pred_prob_in_top2": 0.15510899424552918,
      "pred_prob_in_top3": 0.46767968535423277,
      "score_z": 1.3527174741257044,
      "上り3F平均": 38.67,
      "Ave-3F平均": 35.48,
      "PCI平均": 41.73,
      "-3F差平均": 0.1,
      "想定脚質": "逃げ",
      "track_bias_aptitude_score": 48.3,
      "investment_value_score": 78.5,
      "total_investment_index": 68.8,
      "investment_rating": 1.0095031189918517,
      "stability_score": 60,
      "investment_mark": "▲"
    },
    {
      "horse_number": 9,
      "name": "ベンメリア",
      "popularity": 6,
      "odds": 18.6,
      "mark": "△",
      "score": 105.44,
      "track_aptitude": 0,
      "total_points": 74.60387844055211,
      "detail_points": {
        "score": 42.553878440552104,
        "bias": 7.05,
        "pace": 12.0,
        "3f": 9.0,
        "margin": 4.0,
        "track": 0.0
      },
      "avg_margin": 1.8,
      "race_name": "福島3R",
      "pred_prob_won": 0.08865844011306763,
      "pred_prob_in_top2": 0.09227922558784485,
      "pred_prob_in_top3": 0.2729679048061371,
      "score_z": 0.7845798003972547,
      "上り3F平均": 38.58,
      "Ave-3F平均": 36.54,
      "PCI平均": 44.68,
      "-3F差平均": 0.7,
      "想定脚質": "中団",
      "track_bias_aptitude_score": 32.3,
      "investment_value_score": 47.0,
      "total_investment_index": 44.2,
      "investment_rating": 0.8648395240306854,
      "stability_score": 60,
      "investment_mark": "▲"
    },
    {
      "horse_number": 13,
      "name": "ジェイエルハーバー",
      "popularity": 5,
      "odds": 16.6,
      "mark": "○",
      "score": 93.52,
      "track_aptitude": 1,
      "total_points": 80.73315925417708,
      "detail_points": {
        "score": 37.74315925417709,
        "bias": 15.0,
        "pace": 12.0,
        "3f": 9.0,
        "margin": 6.0,
        "track": 0.99
      },
      "avg_margin": 0.7999999999999999,
      "race_name": "福島3R",
      "pred_prob_won": 0.05189376324415207,
      "pred_prob_in_top2": 0.07793270647525788,
      "pred_prob_in_top3": 0.21138291656970978,
      "score_z": -0.08925259584056724,
      "上り3F平均": 34.87,
      "Ave-3F平均": 36.64,
      "PCI平均": 55.1,
      "-3F差平均": 0.57,
      "想定脚質": "先行",
      "track_bias_aptitude_score": 87.7,
      "investment_value_score": 42.6,
      "total_investment_index": 56.7,
      "investment_rating": 0.49065397873520855,
      "stability_score": 75,
      "investment_mark": "☆"
    },
    {
      "horse_number": 1,
      "name": "アイアンオバーカム",
      "popularity": 9,
      "odds": 32.1,
      "mark": "▲",
      "score": 93.15,
      "track_aptitude": 0,
      "total_points": 77.59383323916379,
      "detail_points": {
        "score": 37.59383323916378,
        "bias": 15.0,
        "pace": 12.0,
        "3f": 9.0,
        "margin": 4.0,
        "track": 0.0
      },
      "avg_margin": 1.7333333333333334,
      "race_name": "福島3R",
      "pred_prob_won": 0.04246406778693199,
      "pred_prob_in_top2": 0.0632978193461895,
      "pred_prob_in_top3": 0.15639570355415344,
      "score_z": -0.1163765880056667,
      "上り3F平均": 38.52,
      "Ave-3F平均": 36.8,
      "PCI平均": 45.78,
      "-3F差平均": 0.47,
      "想定脚質": "先行",
      "track_bias_aptitude_score": 81.5,
      "investment_value_score": 27.9,
      "total_investment_index": 46.0,
      "investment_rating": 0.3900314286351204,
      "stability_score": 60,
      "investment_mark": "☆"
    },
    {
      "horse_number": 5,
      "name": "マロンカラノテガミ",
      "popularity": 8,
      "odds": 21.9,
      "mark": "△",
      "score": 95.44,
      "track_aptitude": 1,
      "total_points": 71.5580401969489,
      "detail_points": {
        "score": 38.5180401969489,
        "bias": 7.05,
        "pace": 12.0,
        "3f": 9.0,
        "margin": 4.0,
        "track": 0.99
      },
      "avg_margin": 1.1800000000000002,
      "race_name": "福島3R",
      "pred_prob_won": 0.03530571311712265,
      "pred_prob_in_top2": 0.05832443982362747,
      "pred_prob_in_top3": 0.1494596093893051,
      "score_z": 0.05149893107022298,
      "上り3F平均": 35.62,
      "Ave-3F平均": 36.01,
      "PCI平均": 51.14,
      "-3F差平均": 0.98,
      "想定脚質": "中団",
      "track_bias_aptitude_score": 38.5,
      "investment_value_score": 29.6,
      "total_investment_index": 34.4,
      "investment_rating": 0.31170361727476115,
      "stability_score": 60,
      "investment_mark": "☆"
    },
    {
      "horse_number": 16,
      "name": "ステラマテュティナ",
      "popularity": 4,
      "odds": 15.4,
      "mark": "△",
      "score": 94.61,
      "track_aptitude": 0,
      "total_points": 72.23306562272984,
      "detail_points": {
        "score": 38.18306562272984,
        "bias": 7.05,
        "pace": 12.0,
        "3f": 9.0,
        "margin": 6.0,
        "track": 0.0
      },
      "avg_margin": 0.93,
      "race_name": "福島3R",
      "pred_prob_won": 0.035056471824645996,
      "pred_prob_in_top2": 0.050654799491167066,
      "pred_prob_in_top3": 0.1393392264842987,
      "score_z": -0.00934678108392053,
      "上り3F平均": 37.54,
      "Ave-3F平均": 36.07,
      "PCI平均": 46.18,
      "-3F差平均": 0.46,
      "想定脚質": "中団",
      "track_bias_aptitude_score": 32.3,
      "investment_value_score": 39.7,
      "total_investment_index": 38.5,
      "investment_rating": 0.14342298328876496,
      "stability_score": 75,
      "investment_mark": "×"
    },
    {
      "horse_number": 2,
      "name": "シンフォニーシーズ",
      "popularity": 7,
      "odds": 18.7,
      "mark": "⭐︎",
      "score": 96.97,
      "track_aptitude": 2,
      "total_points": 66.4255234482202,
      "detail_points": {
        "score": 39.13552344822019,