{
  "horses": [
    {
      "horse_number": 4,
      "name": "タイセイフレッサ",
      "popularity": 1,
      "odds": 2.4,
      "mark": "◎",
      "score": 121.9,
      "track_aptitude": 0,
      "total_points": 95.0,
      "detail_points": {
        "score": 50.0,
        "bias": 15.0,
        "pace": 12.0,
        "3f": 9.0,
        "margin": 9.0,
        "track": 0.0
      },
      "avg_margin": 0.15,
      "race_name": "福島3R",
      "pred_prob_won": 0.17034949958324433,
      "pred_prob_in_top2": 0.1485176920890808,
      "pred_prob_in_top3": 0.46166850328445436,
      "score_z": 1.0655036600182954,
      "上り3F平均": 35.7,
      "Ave-3F平均": 36.2,
      "PCI平均": 51.4,
      "-3F差平均": 0.3,
      "想定脚質": "先行",
      "track_bias_aptitude_score": 81.4,
      "investment_value_score": 100,
      "total_investment_index": 91.2,
      "investment_rating": 0.5195883840322495,
      "stability_score": 90,
      "investment_mark": "◎"
    },
    {
      "horse_number": 3,
      "name": "ルクスアンジュ",
      "popularity": 3,
      "odds": 5.1,
      "mark": "○",
      "score": 108.84,
      "track_aptitude": 0,
      "total_points": 76.97315012305168,
      "detail_points": {
        "score": 44.64315012305168,
        "bias": 7.05,
        "pace": 8.28,
        "3f": 9.0,
        "margin": 8.0,
        "track": 0.0
      },
      "avg_margin": 0.5,
      "race_name": "福島3R",
      "pred_prob_won": 0.0937557652592659,
      "pred_prob_in_top2": 0.11210053265094758,
      "pred_prob_in_top3": 0.3172250628471375,
      "score_z": 0.6015255172062162,
      "上り3F平均": 37.7,
      "Ave-3F平均": 37.65,
      "PCI平均": 49.9,
      "-3F差平均": 0,
      "想定脚質": "逃げ",
      "track_bias_aptitude_score": 31.7,
      "investment_value_score": 48.4,
      "total_investment_index": 44.6,
      "investment_rating": 0.3713164919614793,
      "stability_score": 90,
      "investment_mark": "○"
    },
    {
      "horse_number": 6,
      "name": "トラスコンガーデン",
      "popularity": 6,
      "odds": 16.1,
      "mark": "△",
      "score": 39.81,
      "track_aptitude": 0,
      "total_points": 45.80895816242822,
      "detail_points": {
        "score": 16.32895816242822,
        "bias": 9.0,
        "pace": 6.48,
        "3f": 4.0,
        "margin": 10.0,
        "track": 0.0
      },
      "avg_margin": 0.0,
      "race_name": "福島3R",
      "pred_prob_won": 0.09217297025024891,
      "pred_prob_in_top2": 0.018518197908997537,
      "pred_prob_in_top3": 0.20622701048851014,
      "score_z": -1.8508796281473694,
      "上り3F平均": 0,
      "Ave-3F平均": 0,
      "PCI平均": 0,
      "-3F差平均": 0,
      "想定脚質": "不明",
      "track_bias_aptitude_score": null,
      "investment_value_score": 1,
      "total_investment_index": null,
      "investment_rating": 0.13424855768680577,
      "stability_score": 90,
      "investment_mark": "△"
    },
    {
      "horse_number": 1,
      "name": "クリエープキー",
      "popularity": 2,
      "odds": 2.7,
      "mark": "▲",
      "score": 99.35,
      "track_aptitude": 0,
      "total_points": 71.08061525840853,
      "detail_points": {
        "score": 40.75061525840853,
        "bias": 7.05,
        "pace": 8.28,
        "3f": 9.0,
        "margin": 6.0,
        "track": 0.0
      },
      "avg_margin": 0.9,
      "race_name": "福島3R",
      "pred_prob_won": 0.062262095510959625,
      "pred_prob_in_top2": 0.0866433173418045,
      "pred_prob_in_top3": 0.23319218456745147,
      "score_z": 0.2643775405380205,
      "上り3F平均": 35.9,
      "Ave-3F平均": 35.7,
      "PCI平均": 49.4,
      "-3F差平均": 0,
      "想定脚質": "逃げ",
      "track_bias_aptitude_score": 31.7,
      "investment_value_score": 49.2,
      "total_investment_index": 44.5,
      "investment_rating": -0.030465790927410197,
      "stability_score": 75,
      "investment_mark": "××"
    },
    {
      "horse_number": 5,
      "name": "セイウンヤオヨロズ",
      "popularity": 4,
      "odds": 7.6,
      "mark": "▲",
      "score": 89.52,
      "track_aptitude": 2,
      "total_points": 72.7286218211649,
      "detail_points": {
        "score": 36.71862182116489,
        "bias": 9.0,
        "pace": 12.0,
        "3f": 9.0,
        "margin": 4.0,
        "track": 2.0100000000000002
      },
      "avg_margin": 1.5,
      "race_name": "福島3R",
      "pred_prob_won": 0.045219939202070236,
      "pred_prob_in_top2": 0.06267592757940292,
      "pred_prob_in_top3": 0.1830587148666382,
      "score_z": -0.08484949957244946,
      "上り3F平均": 36.4,
      "Ave-3F平均": 34.8,
      "PCI平均": 45.6,
      "-3F差平均": 0.8,
      "想定脚質": "中団",
      "track_bias_aptitude_score": 54.0,
      "investment_value_score": 18.2,
      "total_investment_index": 32.0,
      "investment_rating": -0.09454165458679209,
      "stability_score": 60,
      "investment_mark": "××"
    },
    {
      "horse_number": 2,
      "name": "フェイスリフト",
      "popularity": 5,
      "odds": 10.7,
      "mark": "△",
      "score": 92.03,
      "track_aptitude": 0,
      "total_points": 62.028154224774404,
      "detail_points": {
        "score": 37.7481542247744,
        "bias": 3.0,
        "pace": 8.28,
        "3f": 9.0,
        "margin": 4.0,
        "track": 0.0
      },
      "avg_margin": 1.1,
      "race_name": "福島3R",
      "pred_prob_won": 0.04002612605690956,
      "pred_prob_in_top2": 0.055459077656269076,
      "pred_prob_in_top3": 0.1499887079000473,
      "score_z": 0.004322409957284158,
      "上り3F平均": 35.0,
      "Ave-3F平均": 36.8,
      "PCI平均": 55.1,
      "-3F差平均": 1.0,
      "想定脚質": "後方",
      "track_bias_aptitude_score": 1,
      "investment_value_score": 5.9,
      "total_investment_index": 8.8,
      "investment_rating": -0.20755589589476586,
      "stability_score": 60,
      "investment_mark": "××"
    }
  ]
}