{
  "horses": [
    {
      "horse_number": 5,
      "name": "ノルドヴェスト",
      "popularity": 5,
      "odds": 10.2,
      "mark": "▲",
      "score": 129.78,
      "track_aptitude": 1,
      "total_points": 86.99,
      "detail_points": {
        "score": 50.0,
        "bias": 9.0,
        "pace": 12.0,
        "3f": 7.0,
        "margin": 8.0,
        "track": 0.99
      },
      "avg_margin": 0.45,
      "race_name": "福島8R",
      "pred_prob_won": 0.2421554893255234,
      "pred_prob_in_top2": 0.16625584959983825,
      "pred_prob_in_top3": 0.5291195154190064,
      "score_z": 1.5949521745068875,
      "上り3F平均": 36.79,
      "Ave-3F平均": 36.44,
      "PCI平均": 49.15,
      "-3F差平均": 1.02,
      "想定脚質": "中団",
      "track_bias_aptitude_score": 48.3,
      "investment_value_score": 72.7,
      "total_investment_index": 65.8,
      "investment_rating": 1.8810378193855286,
      "stability_score": 90,
      "investment_mark": "◎"
    },
    {
      "horse_number": 14,
      "name": "スプレーフォール",
      "popularity": 10,
      "odds": 23.7,
      "mark": "▲",
      "score": 119.02,
      "track_aptitude": 1,
      "total_points": 86.84452303898905,
      "detail_points": {
        "score": 45.85452303898906,
        "bias": 15.0,
        "pace": 12.0,
        "3f": 9.0,
        "margin": 4.0,
        "track": 0.99
      },
      "avg_margin": 1.15,
      "race_name": "福島8R",
      "pred_prob_won": 0.09670268595218659,
      "pred_prob_in_top2": 0.10831289142370223,
      "pred_prob_in_top3": 0.3167665183544159,
      "score_z": 0.6310291573369184,
      "上り3F平均": 38.42,
      "Ave-3F平均": 37.46,
      "PCI平均": 47.57,
      "-3F差平均": 0.7,
      "想定脚質": "先行",
      "track_bias_aptitude_score": 88.5,
      "investment_value_score": 45.5,
      "total_investment_index": 59.9,
      "investment_rating": 1.546557258069515,
      "stability_score": 60,
      "investment_mark": "○"
    },
    {
      "horse_number": 8,
      "name": "バナマンテソーロ",
      "popularity": 6,
      "odds": 17.0,
      "mark": "◎",
      "score": 120.23,
      "track_aptitude": 2,
      "total_points": 88.33069656341502,
      "detail_points": {
        "score": 46.32069656341501,
        "bias": 15.0,
        "pace": 12.0,
        "3f": 9.0,
        "margin": 4.0,
        "track": 2.0100000000000002
      },
      "avg_margin": 1.005,
      "race_name": "福島8R",
      "pred_prob_won": 0.1298691913485527,
      "pred_prob_in_top2": 0.1266331747174263,
      "pred_prob_in_top3": 0.3949898660182953,
      "score_z": 0.7394257048067763,
      "上り3F平均": 38.12,
      "Ave-3F平均": 37.47,
      "PCI平均": 48.35,
      "-3F差平均": 0.39,
      "想定脚質": "先行",
      "track_bias_aptitude_score": 94.2,
      "investment_value_score": 59.7,
      "total_investment_index": 70.3,
      "investment_rating": 1.444698823392391,
      "stability_score": 60,
      "investment_mark": "▲"
    },
    {
      "horse_number": 6,
      "name": "モンタナアゲート",
      "popularity": 14,
      "odds": 72.1,
      "mark": "○",
      "score": 112.69,
      "track_aptitude": 2,
      "total_points": 87.42578055170289,
      "detail_points": {
        "score": 43.41578055170288,
        "bias": 15.0,
        "pace": 12.0,
        "3f": 9.0,
        "margin": 6.0,
        "track": 2.0100000000000002
      },
      "avg_margin": 0.7249999999999999,
      "race_name": "福島8R",
      "pred_prob_won": 0.057821227610111235,
      "pred_prob_in_top2": 0.0816727712750435,
      "pred_prob_in_top3": 0.2215927869081497,
      "score_z": 0.06396292139956716,
      "上り3F平均": 35.39,
      "Ave-3F平均": 36.62,
      "PCI平均": 53.53,
      "-3F差平均": 0.66,
      "想定脚質": "先行",
      "track_bias_aptitude_score": 94.2,
      "investment_value_score": 31.1,
      "total_investment_index": 52.0,
      "investment_rating": 1.144051836282015,
      "stability_score": 75,
      "investment_mark": "▲"
    },
    {
      "horse_number": 15,
      "name": "スペイドアン",
      "popularity": 1,
      "odds": 2.6,
      "mark": "⭐︎",
      "score": 127.39,
      "track_aptitude": 2,
      "total_points": 73.31921097241487,
      "detail_points": {
        "score": 49.079210972414856,
        "bias": 4.95,
        "pace": 8.28,
        "3f": 5.0,
        "margin": 4.0,
        "track": 2.0100000000000002
      },
      "avg_margin": 1.06,
      "race_name": "福島8R",
      "pred_prob_won": 0.1947795569896698,
      "pred_prob_in_top2": 0.11461504250764847,
      "pred_prob_in_top3": 0.44741435050964357,
      "score_z": 1.3808465972730375,
      "上り3F平均": 39.07,
      "Ave-3F平均": 37.12,
      "PCI平均": 45.24,
      "-3F差平均": 0.5,
      "想定脚質": "逃げ",
      "track_bias_aptitude_score": 33.6,
      "investment_value_score": 100,
      "total_investment_index": 77.4,
      "investment_rating": 0.7290530061721803,
      "stability_score": 60,
      "investment_mark": "△"
    },
    {
      "horse_number": 10,
      "name": "ピコニ",
      "popularity": 4,
      "odds": 9.5,
      "mark": "×",
      "score": 117.43,
      "track_aptitude": 1,
      "total_points": 70.46194791185083,
      "detail_points": {
        "score": 45.24194791185083,
        "bias": 4.95,
        "pace": 8.28,
        "3f": 5.0,
        "margin": 6.0,
        "track": 0.99
      },
      "avg_margin": 0.8850000000000001,
      "race_name": "福島8R",
      "pred_prob_won": 0.06980236768722534,
      "pred_prob_in_top2": 0.07529616802930832,
      "pred_prob_in_top3": 0.2365938276052475,
      "score_z": 0.4885907189261155,
      "上り3F平均": 38.3,
      "Ave-3F平均": 36.78,
      "PCI平均": 46.19,
      "-3F差平均": 0.54,
      "想定脚質": "逃げ",
      "track_bias_aptitude_score": 27.8,
      "investment_value_score": 56.6,
      "total_investment_index": 48.1,
      "investment_rating": 0.4845456190407276,
      "stability_score": 75,
      "investment_mark": "☆"
    },
    {
      "horse_number": 12,
      "name": "アラレタバシル",
      "popularity": 2,
      "odds": 4.9,
      "mark": "×",
      "score": 120.7,
      "track_aptitude": 0,
      "total_points": 68.78177222992757,
      "detail_points": {
        "score": 46.50177222992757,
        "bias": 3.0,
        "pace": 8.28,
        "3f": 7.0,
        "margin": 4.0,
        "track": 0.0
      },
      "avg_margin": 1.025,
      "race_name": "福島8R",
      "pred_prob_won": 0.0983479842543602,
      "pred_prob_in_top2": 0.10184824466705322,
      "pred_prob_in_top3": 0.2882718205451965,
      "score_z": 0.7815301488653157,
      "上り3F平均": 37.64,
      "Ave-3F平均": 38.07,
      "PCI平均": 51.19,
      "-3F差平均": 0.98,
      "想定脚質": "後方",
      "track_bias_aptitude_score": 1,
      "investment_value_score": 74.8,
      "total_investment_index": 51.5,
      "investment_rating": 0.47157468855381013,
      "stability_score": 60,
      "investment_mark": "☆"
    },
    {
      "horse_number": 3,
      "name": "ホレーショ",
      "popularity": 3,
      "odds": 8.2,
      "mark": "△",
      "score": 117.32,
      "track_aptitude": 0,
      "total_points": 81.19956850053937,
      "detail_points": {
        "score": 45.19956850053937,
        "bias": 9.0,
        "pace": 12.0,
        "3f": 9.0,
        "margin": 6.0,
        "track": 0.0
      },
      "avg_margin": 0.5833333333333334,
      "race_name": "福島8R",
      "pred_prob_won": 0.07226578593254089,
      "pred_prob_in_top2": 0.07948591709136962,
      "pred_prob_in_top3": 0.2513394445180893,
      "score_z": 0.47873648733794544,
      "上り3F平均": 38.03,
      "Ave-3F平均": 38.5,
      "PCI平均": 51.23,
      "-3F差平均": 0.62,
      "想定脚質": "中団",
      "track_bias_aptitude_score": 42.5,
      "investment_value_score": 63.1,
      "total_investment_index": 56.4,
      "investment_rating": 0.45455411136150375,
      "stability_score": 75,
      "investment_mark": "☆"
    },
    {
      "horse_number": 9,
      "name": "アパイシュナール",
      "popularity": 7,
      "odds": 18.2,
      "mark": "△",
      "score": 112.34,
      "track_aptitude": 0,
      "total_points": 83.28093697025736,
      "detail_points": {
        "score": 43.28093697025736,