{
  "horses": [
    {
      "horse_number": 3,
      "name": "フライエフェクト",
      "popularity": 6,
      "odds": 15.3,
      "mark": "◎",
      "score": 103.65,
      "track_aptitude": 2,
      "total_points": 90.97846112017402,
      "detail_points": {
        "score": 46.96846112017401,
        "bias": 15.0,
        "pace": 12.0,
        "3f": 9.0,
        "margin": 6.0,
        "track": 2.0100000000000002
      },
      "avg_margin": 0.5333333333333333,
      "race_name": "福島3R",
      "pred_prob_won": 0.13666263222694397,
      "pred_prob_in_top2": 0.12094159275293351,
      "pred_prob_in_top3": 0.38029730319976807,
      "score_z": 0.8061207763697076,
      "上り3F平均": 35.23,
      "Ave-3F平均": 34.8,
      "PCI平均": 48.83,
      "-3F差平均": 0.5,
      "想定脚質": "先行",
      "track_bias_aptitude_score": 93.9,
      "investment_value_score": 57.6,
      "total_investment_index": 69.1,
      "investment_rating": 1.4014865159988403,
      "stability_score": 75,
      "investment_mark": "◎"
    },
    {
      "horse_number": 15,
      "name": "ロンドンキッド",
      "popularity": 13,
      "odds": 60.7,
      "mark": "▲",
      "score": 94.96,
      "track_aptitude": 2,
      "total_points": 85.04063259017582,
      "detail_points": {
        "score": 43.03063259017581,
        "bias": 15.0,
        "pace": 12.0,
        "3f": 9.0,
        "margin": 4.0,
        "track": 2.0100000000000002
      },
      "avg_margin": 1.72,
      "race_name": "福島3R",
      "pred_prob_won": 0.06466132700443268,
      "pred_prob_in_top2": 0.07721682190895081,
      "pred_prob_in_top3": 0.22836782932281494,
      "score_z": 0.2844403819250056,
      "上り3F平均": 37.6,
      "Ave-3F平均": 34.67,
      "PCI平均": 42.34,
      "-3F差平均": 0.4,
      "想定脚質": "先行",
      "track_bias_aptitude_score": 93.9,
      "investment_value_score": 30.1,
      "total_investment_index": 51.7,
      "investment_rating": 1.1710552895069122,
      "stability_score": 60,
      "investment_mark": "○"
    },
    {
      "horse_number": 5,
      "name": "キャナルクルーズ",
      "popularity": 5,
      "odds": 12.1,
      "mark": "△",
      "score": 105.51,
      "track_aptitude": 0,
      "total_points": 78.09131049483415,
      "detail_points": {
        "score": 47.811310494834146,
        "bias": 9.0,
        "pace": 8.28,
        "3f": 9.0,
        "margin": 4.0,
        "track": 0.0
      },
      "avg_margin": 1.2,
      "race_name": "福島3R",
      "pred_prob_won": 0.10733463019132614,
      "pred_prob_in_top2": 0.10329398810863495,
      "pred_prob_in_top3": 0.30146050453186035,
      "score_z": 0.9177807917514272,
      "上り3F平均": 35.95,
      "Ave-3F平均": 35.53,
      "PCI平均": 48.95,
      "-3F差平均": 0.65,
      "想定脚質": "中団",
      "track_bias_aptitude_score": 43.7,
      "investment_value_score": 57.1,
      "total_investment_index": 53.9,
      "investment_rating": 0.8914992451667786,
      "stability_score": 60,
      "investment_mark": "▲"
    },
    {
      "horse_number": 8,
      "name": "アユツリー",
      "popularity": 2,
      "odds": 5.1,
      "mark": "△",
      "score": 109.35,
      "track_aptitude": 0,
      "total_points": 81.83138662316476,
      "detail_points": {
        "score": 49.55138662316476,
        "bias": 9.0,
        "pace": 8.28,
        "3f": 9.0,
        "margin": 6.0,
        "track": 0.0
      },
      "avg_margin": 0.9999999999999998,
      "race_name": "福島3R",
      "pred_prob_won": 0.13174271285533906,
      "pred_prob_in_top2": 0.1307752788066864,
      "pred_prob_in_top3": 0.4030271112918854,
      "score_z": 1.148304694474977,
      "上り3F平均": 35.94,
      "Ave-3F平均": 36.4,
      "PCI平均": 51.42,
      "-3F差平均": 0.46,
      "想定脚質": "中団",
      "track_bias_aptitude_score": 43.7,
      "investment_value_score": 83.2,
      "total_investment_index": 69.9,
      "investment_rating": 0.8284759116172791,
      "stability_score": 75,
      "investment_mark": "▲"
    },
    {
      "horse_number": 11,
      "name": "ジェンダアネモス",
      "popularity": 3,
      "odds": 5.8,
      "mark": "▲",
      "score": 104.82,
      "track_aptitude": 0,
      "total_points": 85.49864056552474,
      "detail_points": {
        "score": 47.49864056552474,
        "bias": 15.0,
        "pace": 12.0,
        "3f": 7.0,
        "margin": 4.0,
        "track": 0.0
      },
      "avg_margin": 1.15,
      "race_name": "福島3R",
      "pred_prob_won": 0.1172667920589447,
      "pred_prob_in_top2": 0.10899811387062072,
      "pred_prob_in_top3": 0.3306413948535919,
      "score_z": 0.8763585279807886,
      "上り3F平均": 38.08,
      "Ave-3F平均": 35.57,
      "PCI平均": 43.94,
      "-3F差平均": 0.23,
      "想定脚質": "先行",
      "track_bias_aptitude_score": 81.7,
      "investment_value_score": 69.2,
      "total_investment_index": 72.5,
      "investment_rating": 0.7576486727595328,
      "stability_score": 60,
      "investment_mark": "△"
    },
    {
      "horse_number": 4,
      "name": "テンペストヒロイン",
      "popularity": 1,
      "odds": 2.9,
      "mark": "○",
      "score": 110.34,
      "track_aptitude": 0,
      "total_points": 87.05,
      "detail_points": {
        "score": 50.0,
        "bias": 7.05,
        "pace": 12.0,
        "3f": 9.0,
        "margin": 9.0,
        "track": 0.0
      },
      "avg_margin": 0.05,
      "race_name": "福島3R",
      "pred_prob_won": 0.16062294840812683,
      "pred_prob_in_top2": 0.1492624968290329,
      "pred_prob_in_top3": 0.44431549310684204,
      "score_z": 1.207736638145893,
      "上り3F平均": 34.7,
      "Ave-3F平均": 34.05,
      "PCI平均": 48.1,
      "-3F差平均": 0,
      "想定脚質": "逃げ",
      "track_bias_aptitude_score": 34.3,
      "investment_value_score": 100,
      "total_investment_index": 77.3,
      "investment_rating": 0.7497098594903946,
      "stability_score": 90,
      "investment_mark": "△"
    },
    {
      "horse_number": 6,
      "name": "ニシノヒミチュ",
      "popularity": 4,
      "odds": 8.7,
      "mark": "△",
      "score": 102.79,
      "track_aptitude": 2,
      "total_points": 78.86875657059997,
      "detail_points": {
        "score": 46.578756570599964,
        "bias": 9.0,
        "pace": 8.28,
        "3f": 9.0,
        "margin": 4.0,
        "track": 2.0100000000000002
      },
      "avg_margin": 1.3333333333333333,
      "race_name": "福島3R",
      "pred_prob_won": 0.08556086868047715,
      "pred_prob_in_top2": 0.09646002054214478,
      "pred_prob_in_top3": 0.2821930766105652,
      "score_z": 0.7544930273222458,
      "上り3F平均": 36.87,
      "Ave-3F平均": 34.5,
      "PCI平均": 43.9,
      "-3F差平均": 0.43,
      "想定脚質": "中団",
      "track_bias_aptitude_score": 56.0,
      "investment_value_score": 59.6,
      "total_investment_index": 58.8,
      "investment_rating": 0.7005529987812044,
      "stability_score": 60,
      "investment_mark": "☆"
    },
    {
      "horse_number": 14,
      "name": "オーセンティアン",
      "popularity": 8,
      "odds": 19.8,
      "mark": "×",
      "score": 99.13,
      "track_aptitude": 0,
      "total_points": 67.20024651078484,
      "detail_points": {
        "score": 44.92024651078484,
        "bias": 3.0,
        "pace": 8.28,
        "3f": 7.0,
        "margin": 4.0,
        "track": 0.0
      },
      "avg_margin": 1.2,
      "race_name": "福島3R",
      "pred_prob_won": 0.06092852801084518,
      "pred_prob_in_top2": 0.05485341474413872,
      "pred_prob_in_top3": 0.1858384132385254,
      "score_z": 0.5347749325388612,
      "上り3F平均": 35.25,
      "Ave-3F平均": 36.84,
      "PCI平均": 54.5,
      "-3F差平均": 0.95,
      "想定脚質": "後方",
      "track_bias_aptitude_score": 1,
      "investment_value_score": 36.4,
      "total_investment_index": 28.0,
      "investment_rating": 0.533614320755005,
      "stability_score": 60,
      "investment_mark": "☆"
    },
    {
      "horse_number": 12,
      "name": "イオリ",
      "popularity": 10,
      "odds": 26.0,
      "mark": "△",
      "score": 89.82,
      "track_aptitude": 2,
      "total_points": 72.99146818923329,
      "detail_points": {
        "score": 40.701468189233275,
        "bias": 9.0,