{
  "horses": [
    {
      "horse_number": 2,
      "name": "レッドシュトラール",
      "popularity": 4,
      "odds": 6.4,
      "mark": "▲",
      "score": 127.91,
      "track_aptitude": 1,
      "total_points": 74.99012749747337,
      "detail_points": {
        "score": 49.72012749747337,
        "bias": 3.0,
        "pace": 8.28,
        "3f": 9.0,
        "margin": 4.0,
        "track": 0.99
      },
      "avg_margin": 1.6199999999999999,
      "race_name": "福島2R",
      "pred_prob_won": 0.18119872510433196,
      "pred_prob_in_top2": 0.1624216616153717,
      "pred_prob_in_top3": 0.49207817316055297,
      "score_z": 1.1657711180781094,
      "上り3F平均": 38.76,
      "Ave-3F平均": 37.29,
      "PCI平均": 46.52,
      "-3F差平均": 1.3,
      "想定脚質": "後方",
      "track_bias_aptitude_score": 6.5,
      "investment_value_score": 71.8,
      "total_investment_index": 52.0,
      "investment_rating": 1.4937087839841843,
      "stability_score": 60,
      "investment_mark": "◎"
    },
    {
      "horse_number": 8,
      "name": "ガイ",
      "popularity": 8,
      "odds": 18.6,
      "mark": "△",
      "score": 117.43,
      "track_aptitude": 0,
      "total_points": 67.9264277384747,
      "detail_points": {
        "score": 45.6464277384747,
        "bias": 3.0,
        "pace": 8.28,
        "3f": 9.0,
        "margin": 2.0,
        "track": 0.0
      },
      "avg_margin": 2.1,
      "race_name": "福島2R",
      "pred_prob_won": 0.0938584178686142,
      "pred_prob_in_top2": 0.08399463891983032,
      "pred_prob_in_top3": 0.2966714322566986,
      "score_z": 0.5991068640215893,
      "上り3F平均": 40.6,
      "Ave-3F平均": 39.02,
      "PCI平均": 46.2,
      "-3F差平均": 1.12,
      "想定脚質": "後方",
      "track_bias_aptitude_score": 1,
      "investment_value_score": 45.5,
      "total_investment_index": 33.6,
      "investment_rating": 1.1745293083786965,
      "stability_score": 45,
      "investment_mark": "○"
    },
    {
      "horse_number": 4,
      "name": "ミリアドタレント",
      "popularity": 6,
      "odds": 10.5,
      "mark": "◎",
      "score": 116.8,
      "track_aptitude": 2,
      "total_points": 87.41153929876391,
      "detail_points": {
        "score": 45.4015392987639,
        "bias": 15.0,
        "pace": 12.0,
        "3f": 9.0,
        "margin": 4.0,
        "track": 2.0100000000000002
      },
      "avg_margin": 1.2999999999999998,
      "race_name": "福島2R",
      "pred_prob_won": 0.10888961851596832,
      "pred_prob_in_top2": 0.10430069118738175,
      "pred_prob_in_top3": 0.33231338262557986,
      "score_z": 0.5650421235582673,
      "上り3F平均": 36.43,
      "Ave-3F平均": 36.83,
      "PCI平均": 51.13,
      "-3F差平均": 0.57,
      "想定脚質": "先行",
      "track_bias_aptitude_score": 94.5,
      "investment_value_score": 53.2,
      "total_investment_index": 66.2,
      "investment_rating": 1.1281825822591782,
      "stability_score": 60,
      "investment_mark": "▲"
    },
    {
      "horse_number": 10,
      "name": "クロウソング",
      "popularity": 2,
      "odds": 5.8,
      "mark": "○",
      "score": 123.58,
      "track_aptitude": 1,
      "total_points": 75.30700536422297,
      "detail_points": {
        "score": 48.03700536422297,
        "bias": 3.0,
        "pace": 8.28,
        "3f": 9.0,
        "margin": 6.0,
        "track": 0.99
      },
      "avg_margin": 0.9,
      "race_name": "福島2R",
      "pred_prob_won": 0.1450808674097061,
      "pred_prob_in_top2": 0.14554550647735595,
      "pred_prob_in_top3": 0.42253655195236206,
      "score_z": 0.9316436161635355,
      "上り3F平均": 35.17,
      "Ave-3F平均": 37.28,
      "PCI平均": 56.1,
      "-3F差平均": 1.47,
      "想定脚質": "後方",
      "track_bias_aptitude_score": 6.5,
      "investment_value_score": 81.5,
      "total_investment_index": 57.4,
      "investment_rating": 0.8542291730642319,
      "stability_score": 75,
      "investment_mark": "▲"
    },
    {
      "horse_number": 11,
      "name": "ノブレスジャン",
      "popularity": 1,
      "odds": 5.0,
      "mark": "▲",
      "score": 128.63,
      "track_aptitude": 1,
      "total_points": 75.27,
      "detail_points": {
        "score": 50.0,
        "bias": 3.0,
        "pace": 8.28,
        "3f": 9.0,
        "margin": 4.0,
        "track": 0.99
      },
      "avg_margin": 1.4,
      "race_name": "福島2R",
      "pred_prob_won": 0.17792028188705444,
      "pred_prob_in_top2": 0.16445516049861908,
      "pred_prob_in_top3": 0.48713662624359133,
      "score_z": 1.2047022500361908,
      "上り3F平均": 37.0,
      "Ave-3F平均": 37.14,
      "PCI平均": 50.4,
      "-3F差平均": 1.4,
      "想定脚質": "後方",
      "track_bias_aptitude_score": 6.5,
      "investment_value_score": 100,
      "total_investment_index": 69.0,
      "investment_rating": 0.8204142403602601,
      "stability_score": 60,
      "investment_mark": "△"
    },
    {
      "horse_number": 12,
      "name": "カイトヴィント",
      "popularity": 9,
      "odds": 23.1,
      "mark": "△",
      "score": 114.32,
      "track_aptitude": 2,
      "total_points": 67.7275340122833,
      "detail_points": {
        "score": 44.437534012283294,
        "bias": 3.0,
        "pace": 8.28,
        "3f": 9.0,
        "margin": 1.0,
        "track": 2.0100000000000002
      },
      "avg_margin": 3.1555555555555554,
      "race_name": "福島2R",
      "pred_prob_won": 0.0610969141125679,
      "pred_prob_in_top2": 0.07547086179256439,
      "pred_prob_in_top3": 0.21480489075183867,
      "score_z": 0.4309460023693195,
      "上り3F平均": 39.79,
      "Ave-3F平均": 38.61,
      "PCI平均": 47.51,
      "-3F差平均": 1.78,
      "想定脚質": "後方",
      "track_bias_aptitude_score": 12.1,
      "investment_value_score": 36.4,
      "total_investment_index": 31.2,
      "investment_rating": 0.739192768037319,
      "stability_score": 30,
      "investment_mark": "△"
    },
    {
      "horse_number": 13,
      "name": "ホウオウスターツ",
      "popularity": 10,
      "odds": 34.0,
      "mark": "△",
      "score": 110.95,
      "track_aptitude": 3,
      "total_points": 74.45757521573506,
      "detail_points": {
        "score": 43.12757521573506,
        "bias": 7.05,
        "pace": 8.28,
        "3f": 9.0,
        "margin": 4.0,
        "track": 3.0
      },
      "avg_margin": 1.8999999999999997,
      "race_name": "福島2R",
      "pred_prob_won": 0.045575815439224246,
      "pred_prob_in_top2": 0.06591609045863152,
      "pred_prob_in_top3": 0.1850887268781662,
      "score_z": 0.24872667639885493,
      "上り3F平均": 36.35,
      "Ave-3F平均": 37.58,
      "PCI平均": 53.57,
      "-3F差平均": 0.92,
      "想定脚質": "中団",
      "track_bias_aptitude_score": 46.8,
      "investment_value_score": 30.9,
      "total_investment_index": 38.0,
      "investment_rating": 0.591893269866705,
      "stability_score": 60,
      "investment_mark": "☆"
    },
    {
      "horse_number": 1,
      "name": "レジェンダイズ",
      "popularity": 11,
      "odds": 38.0,
      "mark": "⭐︎",
      "score": 110.47,
      "track_aptitude": 2,
      "total_points": 67.23099354738397,
      "detail_points": {
        "score": 42.94099354738397,
        "bias": 3.0,
        "pace": 8.28,
        "3f": 9.0,
        "margin": 2.0,
        "track": 2.0100000000000002
      },
      "avg_margin": 2.575,
      "race_name": "福島2R",
      "pred_prob_won": 0.04168316870927811,
      "pred_prob_in_top2": 0.05330543294548988,
      "pred_prob_in_top3": 0.16060778498649597,
      "score_z": 0.22277258842680034,
      "上り3F平均": 39.48,
      "Ave-3F平均": 38.3,
      "PCI平均": 47.17,
      "-3F差平均": 2.12,
      "想定脚質": "後方",
      "track_bias_aptitude_score": 12.1,
      "investment_value_score": 26.4,
      "total_investment_index": 24.8,
      "investment_rating": 0.4527407228946685,
      "stability_score": 45,
      "investment_mark": "☆"
    },
    {
      "horse_number": 6,
      "name": "ハンクスター",
      "popularity": 5,
      "odds": 6.5,
      "mark": "△",
      "score": 110.4,
      "track_aptitude": 1,
      "total_points": 70.23378372074943,
      "detail_points": {
        "score": 42.913783720749436,