{
  "horses": [
    {
      "horse_number": 13,
      "name": "ナルカミ",
      "popularity": 1,
      "odds": 1.2,
      "mark": "○",
      "score": 136.1,
      "track_aptitude": 1,
      "total_points": 84.14,
      "detail_points": {
        "score": 50.0,
        "bias": 4.95,
        "pace": 10.2,
        "3f": 9.0,
        "margin": 9.0,
        "track": 0.99
      },
      "avg_margin": 0.19999999999999998,
      "race_name": "福島10R",
      "pred_prob_won": 0.24830073714256287,
      "pred_prob_in_top2": 0.1943307638168335,
      "pred_prob_in_top3": 0.5728764653205871,
      "score_z": 1.55820878338157,
      "上り3F平均": 37.73,
      "Ave-3F平均": 37.47,
      "PCI平均": 49.4,
      "-3F差平均": 0,
      "想定脚質": "逃げ",
      "track_bias_aptitude_score": 27.8,
      "investment_value_score": 100,
      "total_investment_index": 75.9,
      "investment_rating": 0.9962596935033797,
      "stability_score": 90,
      "investment_mark": "◎"
    },
    {
      "horse_number": 14,
      "name": "トルーマンテソーロ",
      "popularity": 5,
      "odds": 30.2,
      "mark": "◎",
      "score": 119.0,
      "track_aptitude": 2,
      "total_points": 87.92785451873623,
      "detail_points": {
        "score": 43.717854518736225,
        "bias": 15.0,
        "pace": 10.2,
        "3f": 9.0,
        "margin": 8.0,
        "track": 2.0100000000000002
      },
      "avg_margin": 0.375,
      "race_name": "福島10R",
      "pred_prob_won": 0.10292224884033203,
      "pred_prob_in_top2": 0.10625590234994889,
      "pred_prob_in_top3": 0.3298265218734741,
      "score_z": 0.5530753187154213,
      "上り3F平均": 36.74,
      "Ave-3F平均": 36.3,
      "PCI平均": 48.87,
      "-3F差平均": 0.4,
      "想定脚質": "先行",
      "track_bias_aptitude_score": 94.2,
      "investment_value_score": 54.7,
      "total_investment_index": 67.0,
      "investment_rating": 0.9507106745243072,
      "stability_score": 90,
      "investment_mark": "○"
    },
    {
      "horse_number": 6,
      "name": "クラウンシエンタ",
      "popularity": 3,
      "odds": 12.7,
      "mark": "▲",
      "score": 124.5,
      "track_aptitude": 1,
      "total_points": 82.92842762674503,
      "detail_points": {
        "score": 45.73842762674504,
        "bias": 9.0,
        "pace": 10.2,
        "3f": 9.0,
        "margin": 8.0,
        "track": 0.99
      },
      "avg_margin": 0.40499999999999997,
      "race_name": "福島10R",
      "pred_prob_won": 0.14069438576698304,
      "pred_prob_in_top2": 0.1339433014392853,
      "pred_prob_in_top3": 0.3918412566184998,
      "score_z": 0.8763638599823114,
      "上り3F平均": 37.37,
      "Ave-3F平均": 37.64,
      "PCI平均": 50.75,
      "-3F差平均": 0.85,
      "想定脚質": "中団",
      "track_bias_aptitude_score": 48.3,
      "investment_value_score": 68.6,
      "total_investment_index": 62.1,
      "investment_rating": 0.9018523353338244,
      "stability_score": 90,
      "investment_mark": "▲"
    },
    {
      "horse_number": 1,
      "name": "ライジンマル",
      "popularity": 2,
      "odds": 6.9,
      "mark": "△",
      "score": 125.6,
      "track_aptitude": 2,
      "total_points": 76.30254224834681,
      "detail_points": {
        "score": 46.1425422483468,
        "bias": 4.95,
        "pace": 10.2,
        "3f": 5.0,
        "margin": 8.0,
        "track": 2.0100000000000002
      },
      "avg_margin": 0.4833333333333334,
      "race_name": "福島10R",
      "pred_prob_won": 0.13566821813583374,
      "pred_prob_in_top2": 0.130661216378212,
      "pred_prob_in_top3": 0.38902431130409243,
      "score_z": 0.941021568235689,
      "上り3F平均": 38.61,
      "Ave-3F平均": 37.26,
      "PCI平均": 46.54,
      "-3F差平均": 0.6,
      "想定脚質": "逃げ",
      "track_bias_aptitude_score": 33.6,
      "investment_value_score": 76.3,
      "total_investment_index": 62.4,
      "investment_rating": 0.728170502781868,
      "stability_score": 90,
      "investment_mark": "△"
    },
    {
      "horse_number": 12,
      "name": "タナサンブラック",
      "popularity": 4,
      "odds": 29.9,
      "mark": "▲",
      "score": 116.58,
      "track_aptitude": 2,
      "total_points": 77.03880235121235,
      "detail_points": {
        "score": 42.828802351212346,
        "bias": 9.0,
        "pace": 10.2,
        "3f": 9.0,
        "margin": 4.0,
        "track": 2.0100000000000002
      },
      "avg_margin": 1.3499999999999999,
      "race_name": "福島10R",
      "pred_prob_won": 0.07523300051689148,
      "pred_prob_in_top2": 0.08924342393875122,
      "pred_prob_in_top3": 0.2719378709793091,
      "score_z": 0.4108283605579895,
      "上り3F平均": 32.08,
      "Ave-3F平均": 37.3,
      "PCI平均": 51.88,
      "-3F差平均": 0.87,
      "想定脚質": "中団",
      "track_bias_aptitude_score": 54.1,
      "investment_value_score": 54.7,
      "total_investment_index": 54.7,
      "investment_rating": 0.5877514839172364,
      "stability_score": 60,
      "investment_mark": "△"
    },
    {
      "horse_number": 5,
      "name": "モナコブル",
      "popularity": 11,
      "odds": 69.3,
      "mark": "⭐︎",
      "score": 113.43,
      "track_aptitude": 2,
      "total_points": 67.9615650257164,
      "detail_points": {
        "score": 41.67156502571639,
        "bias": 3.0,
        "pace": 8.28,
        "3f": 9.0,
        "margin": 4.0,
        "track": 2.0100000000000002
      },
      "avg_margin": 1.2049999999999998,
      "race_name": "福島10R",
      "pred_prob_won": 0.040043430775403975,
      "pred_prob_in_top2": 0.06056603342294693,
      "pred_prob_in_top3": 0.16664282083511353,
      "score_z": 0.2256721960142257,
      "上り3F平均": 37.26,
      "Ave-3F平均": 36.64,
      "PCI平均": 48.46,
      "-3F差平均": 1.07,
      "想定脚質": "後方",
      "track_bias_aptitude_score": 12.5,
      "investment_value_score": 27.6,
      "total_investment_index": 25.7,
      "investment_rating": 0.4581461435556411,
      "stability_score": 60,
      "investment_mark": "☆"
    },
    {
      "horse_number": 8,
      "name": "アースイオス",
      "popularity": 9,
      "odds": 46.6,
      "mark": "×",
      "score": 112.92,
      "track_aptitude": 1,
      "total_points": 66.75420279206466,
      "detail_points": {
        "score": 41.484202792064664,
        "bias": 3.0,
        "pace": 8.28,
        "3f": 9.0,
        "margin": 4.0,
        "track": 0.99
      },
      "avg_margin": 1.1400000000000001,
      "race_name": "福島10R",
      "pred_prob_won": 0.04484696164727211,
      "pred_prob_in_top2": 0.06588552221655845,
      "pred_prob_in_top3": 0.16714902818202973,
      "score_z": 0.1956945312785683,
      "上り3F平均": 38.07,
      "Ave-3F平均": 37.7,
      "PCI平均": 49.08,
      "-3F差平均": 1.01,
      "想定脚質": "後方",
      "track_bias_aptitude_score": 6.8,
      "investment_value_score": 31.0,
      "total_investment_index": 26.0,
      "investment_rating": 0.3782559402287007,
      "stability_score": 60,
      "investment_mark": "☆"
    },
    {
      "horse_number": 4,
      "name": "イデアユウシン",
      "popularity": 8,
      "odds": 45.0,
      "mark": "△",
      "score": 105.94,
      "track_aptitude": 2,
      "total_points": 75.12991182953711,
      "detail_points": {
        "score": 38.91991182953711,
        "bias": 9.0,
        "pace": 10.2,
        "3f": 9.0,
        "margin": 6.0,
        "track": 2.0100000000000002
      },
      "avg_margin": 0.86,
      "race_name": "福島10R",
      "pred_prob_won": 0.030108335986733438,
      "pred_prob_in_top2": 0.04620495215058327,
      "pred_prob_in_top3": 0.12617370039224624,
      "score_z": -0.21458801745650333,
      "上り3F平均": 38.64,
      "Ave-3F平均": 38.07,
      "PCI平均": 48.58,
      "-3F差平均": 0.97,
      "想定脚質": "中団",
      "track_bias_aptitude_score": 54.1,
      "investment_value_score": 27.1,
      "total_investment_index": 37.1,
      "investment_rating": 0.08227694243192674,
      "stability_score": 75,
      "investment_mark": "×"
    },
    {
      "horse_number": 2,
      "name": "フラッシング",
      "popularity": 6,
      "odds": 32.4,
      "mark": "⭐︎",
      "score": 109.16,
      "track_aptitude": 1,