{
  "horses": [
    {
      "horse_number": 13,
      "name": "ホウオウヌーヴォー",
      "popularity": 2,
      "odds": 4.1,
      "mark": "◎",
      "score": 134.28,
      "track_aptitude": 1,
      "total_points": 88.20087670632893,
      "detail_points": {
        "score": 49.01087670632893,
        "bias": 15.0,
        "pace": 10.2,
        "3f": 7.0,
        "margin": 6.0,
        "track": 0.99
      },
      "avg_margin": 0.8875000000000001,
      "race_name": "福島2R",
      "pred_prob_won": 0.24508765041828157,
      "pred_prob_in_top2": 0.19459766745567322,
      "pred_prob_in_top3": 0.5721027851104736,
      "score_z": 1.473032653718758,
      "上り3F平均": 36.12,
      "Ave-3F平均": 37.12,
      "PCI平均": 52.82,
      "-3F差平均": 0.27,
      "想定脚質": "先行",
      "track_bias_aptitude_score": 88.9,
      "investment_value_score": 85.9,
      "total_investment_index": 85.7,
      "investment_rating": 1.28049293756485,
      "stability_score": 75,
      "investment_mark": "◎"
    },
    {
      "horse_number": 11,
      "name": "ルシャルムール",
      "popularity": 3,
      "odds": 7.6,
      "mark": "○",
      "score": 126.99,
      "track_aptitude": 2,
      "total_points": 86.56009854733922,
      "detail_points": {
        "score": 46.35009854733922,
        "bias": 15.0,
        "pace": 10.2,
        "3f": 9.0,
        "margin": 4.0,
        "track": 2.0100000000000002
      },
      "avg_margin": 1.7,
      "race_name": "福島2R",
      "pred_prob_won": 0.1640677571296692,
      "pred_prob_in_top2": 0.1548546314239502,
      "pred_prob_in_top3": 0.4581451594829559,
      "score_z": 1.0274062477979191,
      "上り3F平均": 39.05,
      "Ave-3F平均": 37.55,
      "PCI平均": 46.15,
      "-3F差平均": 0.4,
      "想定脚質": "先行",
      "track_bias_aptitude_score": 94.5,
      "investment_value_score": 72.0,
      "total_investment_index": 78.3,
      "investment_rating": 1.1576935422420502,
      "stability_score": 60,
      "investment_mark": "○"
    },
    {
      "horse_number": 2,
      "name": "トラストパイロ",
      "popularity": 1,
      "odds": 2.5,
      "mark": "▲",
      "score": 136.99,
      "track_aptitude": 2,
      "total_points": 78.29,
      "detail_points": {
        "score": 50.0,
        "bias": 3.0,
        "pace": 8.28,
        "3f": 9.0,
        "margin": 6.0,
        "track": 2.0100000000000002
      },
      "avg_margin": 0.65,
      "race_name": "福島2R",
      "pred_prob_won": 0.25498717129230497,
      "pred_prob_in_top2": 0.18548450767993926,
      "pred_prob_in_top3": 0.5731810212135315,
      "score_z": 1.6386907552339125,
      "上り3F平均": 36.3,
      "Ave-3F平均": 36.54,
      "PCI平均": 50.77,
      "-3F差平均": 1.0,
      "想定脚質": "後方",
      "track_bias_aptitude_score": 12.1,
      "investment_value_score": 100,
      "total_investment_index": 71.4,
      "investment_rating": 1.0183163487911226,
      "stability_score": 75,
      "investment_mark": "▲"
    },
    {
      "horse_number": 15,
      "name": "コンパクトファイト",
      "popularity": 6,
      "odds": 13.1,
      "mark": "⭐︎",
      "score": 120.91,
      "track_aptitude": 1,
      "total_points": 69.40095846412147,
      "detail_points": {
        "score": 44.13095846412147,
        "bias": 3.0,
        "pace": 8.28,
        "3f": 9.0,
        "margin": 4.0,
        "track": 0.99
      },
      "avg_margin": 1.23,
      "race_name": "福島2R",
      "pred_prob_won": 0.08801044970750808,
      "pred_prob_in_top2": 0.09130531698465347,
      "pred_prob_in_top3": 0.2652291119098663,
      "score_z": 0.655745267276836,
      "上り3F平均": 37.38,
      "Ave-3F平均": 36.66,
      "PCI平均": 48.09,
      "-3F差平均": 1.29,
      "想定脚質": "後方",
      "track_bias_aptitude_score": 6.5,
      "investment_value_score": 47.8,
      "total_investment_index": 36.7,
      "investment_rating": 0.7894070151448249,
      "stability_score": 60,
      "investment_mark": "△"
    },
    {
      "horse_number": 14,
      "name": "トーアナカヨシ",
      "popularity": 4,
      "odds": 8.8,
      "mark": "△",
      "score": 117.95,
      "track_aptitude": 0,
      "total_points": 71.30058763413388,
      "detail_points": {
        "score": 43.050587634133876,
        "bias": 7.05,
        "pace": 10.2,
        "3f": 7.0,
        "margin": 4.0,
        "track": 0.0
      },
      "avg_margin": 1.4874999999999998,
      "race_name": "福島2R",
      "pred_prob_won": 0.0749688446521759,
      "pred_prob_in_top2": 0.07898746877908706,
      "pred_prob_in_top3": 0.2497473657131195,
      "score_z": 0.47480505307578263,
      "上り3F平均": 39.9,
      "Ave-3F平均": 38.42,
      "PCI平均": 46.35,
      "-3F差平均": 1.5,
      "想定脚質": "中団",
      "track_bias_aptitude_score": 30.1,
      "investment_value_score": 53.3,
      "total_investment_index": 46.8,
      "investment_rating": 0.5365020945668221,
      "stability_score": 60,
      "investment_mark": "△"
    },
    {
      "horse_number": 5,
      "name": "ミュージックマン",
      "popularity": 5,
      "odds": 12.6,
      "mark": "△",
      "score": 117.14,
      "track_aptitude": 2,
      "total_points": 71.01494561646835,
      "detail_points": {
        "score": 42.754945616468355,
        "bias": 7.05,
        "pace": 10.2,
        "3f": 7.0,
        "margin": 2.0,
        "track": 2.0100000000000002
      },
      "avg_margin": 2.107142857142857,
      "race_name": "福島2R",
      "pred_prob_won": 0.06041818335652351,
      "pred_prob_in_top2": 0.06866483017802238,
      "pred_prob_in_top3": 0.22606961727142333,
      "score_z": 0.42529100797346714,
      "上り3F平均": 39.89,
      "Ave-3F平均": 37.54,
      "PCI平均": 44.14,
      "-3F差平均": 1.08,
      "想定脚質": "中団",
      "track_bias_aptitude_score": 41.2,
      "investment_value_score": 47.4,
      "total_investment_index": 46.5,
      "investment_rating": 0.517313277721405,
      "stability_score": 45,
      "investment_mark": "△"
    },
    {
      "horse_number": 8,
      "name": "ミスターボビー",
      "popularity": 7,
      "odds": 21.8,
      "mark": "▲",
      "score": 109.81,
      "track_aptitude": 2,
      "total_points": 80.28956785166801,
      "detail_points": {
        "score": 40.079567851668,
        "bias": 15.0,
        "pace": 10.2,
        "3f": 9.0,
        "margin": 4.0,
        "track": 2.0100000000000002
      },
      "avg_margin": 1.9249999999999998,
      "race_name": "福島2R",
      "pred_prob_won": 0.04777092561125755,
      "pred_prob_in_top2": 0.06571387574076652,
      "pred_prob_in_top3": 0.18403517901897432,
      "score_z": -0.022780535977115123,
      "上り3F平均": 39.38,
      "Ave-3F平均": 37.56,
      "PCI平均": 45.62,
      "-3F差平均": 0.57,
      "想定脚質": "先行",
      "track_bias_aptitude_score": 94.5,
      "investment_value_score": 36.4,
      "total_investment_index": 55.2,
      "investment_rating": 0.4305970025062561,
      "stability_score": 60,
      "investment_mark": "☆"
    },
    {
      "horse_number": 4,
      "name": "ウーナファータ",
      "popularity": 13,
      "odds": 51.8,
      "mark": "×",
      "score": 111.39,
      "track_aptitude": 0,
      "total_points": 64.9362522811884,
      "detail_points": {
        "score": 40.6562522811884,
        "bias": 3.0,
        "pace": 8.28,
        "3f": 9.0,
        "margin": 4.0,
        "track": 0.0
      },
      "avg_margin": 1.8333333333333333,
      "race_name": "福島2R",
      "pred_prob_won": 0.03688545227050781,
      "pred_prob_in_top2": 0.04629574492573738,
      "pred_prob_in_top3": 0.131920924782753,
      "score_z": 0.07380241619777156,
      "上り3F平均": 37.73,
      "Ave-3F平均": 37.15,
      "PCI平均": 48.5,
      "-3F差平均": 1.37,
      "想定脚質": "後方",
      "track_bias_aptitude_score": 1,
      "investment_value_score": 20.6,
      "total_investment_index": 17.8,
      "investment_rating": 0.2740962305665017,
      "stability_score": 60,
      "investment_mark": "☆"
    },
    {
      "horse_number": 1,
      "name": "ライヴスプーン",
      "popularity": 9,
      "odds": 36.5,
      "mark": "⭐︎",
      "score": 111.62,
      "track_aptitude": 2,
      "total_points": 67.0302000145996,