{
  "horses": [
    {
      "horse_number": 1,
      "name": "ヴィアトル",
      "popularity": 3,
      "odds": 6.7,
      "mark": "○",
      "score": 131.51,
      "track_aptitude": 1,
      "total_points": 88.37836026331537,
      "detail_points": {
        "score": 49.188360263315374,
        "bias": 15.0,
        "pace": 10.2,
        "3f": 7.0,
        "margin": 6.0,
        "track": 0.99
      },
      "avg_margin": 0.7374999999999999,
      "race_name": "福島4R",
      "pred_prob_won": 0.22379222512245178,
      "pred_prob_in_top2": 0.17936835885047914,
      "pred_prob_in_top3": 0.5323181867599487,
      "score_z": 1.3620043129449722,
      "上り3F平均": 37.05,
      "Ave-3F平均": 37.07,
      "PCI平均": 50.08,
      "-3F差平均": 0.22,
      "想定脚質": "先行",
      "track_bias_aptitude_score": 88.5,
      "investment_value_score": 76.4,
      "total_investment_index": 79.7,
      "investment_rating": 1.433265925645828,
      "stability_score": 75,
      "investment_mark": "◎"
    },
    {
      "horse_number": 14,
      "name": "ミライヘノハナ",
      "popularity": 4,
      "odds": 8.0,
      "mark": "▲",
      "score": 127.03,
      "track_aptitude": 2,
      "total_points": 83.72271693596649,
      "detail_points": {
        "score": 47.51271693596649,
        "bias": 9.0,
        "pace": 10.2,
        "3f": 9.0,
        "margin": 6.0,
        "track": 2.0100000000000002
      },
      "avg_margin": 0.7142857142857143,
      "race_name": "福島4R",
      "pred_prob_won": 0.15728458166122436,
      "pred_prob_in_top2": 0.14269150495529176,
      "pred_prob_in_top3": 0.44537231922149656,
      "score_z": 1.0184114743728052,
      "上り3F平均": 36.77,
      "Ave-3F平均": 37.16,
      "PCI平均": 51.36,
      "-3F差平均": 0.79,
      "想定脚質": "中団",
      "track_bias_aptitude_score": 58.5,
      "investment_value_score": 65.9,
      "total_investment_index": 63.8,
      "investment_rating": 1.3369520449638366,
      "stability_score": 75,
      "investment_mark": "○"
    },
    {
      "horse_number": 16,
      "name": "ジェノヴィーノ",
      "popularity": 6,
      "odds": 13.7,
      "mark": "▲",
      "score": 123.55,
      "track_aptitude": 2,
      "total_points": 82.42110113704369,
      "detail_points": {
        "score": 46.211101137043684,
        "bias": 9.0,
        "pace": 10.2,
        "3f": 9.0,
        "margin": 6.0,
        "track": 2.0100000000000002
      },
      "avg_margin": 0.7333333333333334,
      "race_name": "福島4R",
      "pred_prob_won": 0.11374037116765975,
      "pred_prob_in_top2": 0.12320177108049393,
      "pred_prob_in_top3": 0.3617547810077667,
      "score_z": 0.7515134658390675,
      "上り3F平均": 34.67,
      "Ave-3F平均": 37.41,
      "PCI平均": 57.97,
      "-3F差平均": 0.93,
      "想定脚質": "中団",
      "track_bias_aptitude_score": 58.5,
      "investment_value_score": 53.2,
      "total_investment_index": 55.7,
      "investment_rating": 1.3087739050388336,
      "stability_score": 75,
      "investment_mark": "▲"
    },
    {
      "horse_number": 2,
      "name": "サトノシャルレーヌ",
      "popularity": 1,
      "odds": 2.8,
      "mark": "◎",
      "score": 133.68,
      "track_aptitude": 2,
      "total_points": 94.21000000000001,
      "detail_points": {
        "score": 50.0,
        "bias": 15.0,
        "pace": 10.2,
        "3f": 9.0,
        "margin": 8.0,
        "track": 2.0100000000000002
      },
      "avg_margin": 0.3,
      "race_name": "福島4R",
      "pred_prob_won": 0.24755158126354218,
      "pred_prob_in_top2": 0.19293902814388275,
      "pred_prob_in_top3": 0.5755942225456238,
      "score_z": 1.5284320941283671,
      "上り3F平均": 35.25,
      "Ave-3F平均": 36.55,
      "PCI平均": 53.72,
      "-3F差平均": 0.35,
      "想定脚質": "先行",
      "track_bias_aptitude_score": 94.3,
      "investment_value_score": 100,
      "total_investment_index": 95.8,
      "investment_rating": 1.0450870007276534,
      "stability_score": 90,
      "investment_mark": "▲"
    },
    {
      "horse_number": 9,
      "name": "サルーポルティ",
      "popularity": 2,
      "odds": 4.7,
      "mark": "△",
      "score": 130.08,
      "track_aptitude": 2,
      "total_points": 80.81350089766607,
      "detail_points": {
        "score": 48.65350089766607,
        "bias": 4.95,
        "pace": 10.2,
        "3f": 7.0,
        "margin": 8.0,
        "track": 2.0100000000000002
      },
      "avg_margin": 0.48750000000000004,
      "race_name": "福島4R",
      "pred_prob_won": 0.1912919819355011,
      "pred_prob_in_top2": 0.15162384510040283,
      "pred_prob_in_top3": 0.474792069196701,
      "score_z": 1.2523307059900186,
      "上り3F平均": 35.65,
      "Ave-3F平均": 36.68,
      "PCI平均": 52.92,
      "-3F差平均": 0.47,
      "想定脚質": "逃げ",
      "track_bias_aptitude_score": 38.2,
      "investment_value_score": 81.4,
      "total_investment_index": 67.4,
      "investment_rating": 1.029417793750763,
      "stability_score": 90,
      "investment_mark": "△"
    },
    {
      "horse_number": 11,
      "name": "ハットメリリー",
      "popularity": 7,
      "odds": 18.8,
      "mark": "△",
      "score": 116.61,
      "track_aptitude": 0,
      "total_points": 75.8153500897666,
      "detail_points": {
        "score": 43.6153500897666,
        "bias": 9.0,
        "pace": 10.2,
        "3f": 9.0,
        "margin": 4.0,
        "track": 0.0
      },
      "avg_margin": 1.5,
      "race_name": "福島4R",
      "pred_prob_won": 0.05108961313962936,
      "pred_prob_in_top2": 0.06849863231182099,
      "pred_prob_in_top3": 0.19526031315326692,
      "score_z": 0.21925134537236154,
      "上り3F平均": 36.8,
      "Ave-3F平均": 37.77,
      "PCI平均": 52.75,
      "-3F差平均": 0.9,
      "想定脚質": "中団",
      "track_bias_aptitude_score": 47.1,
      "investment_value_score": 37.2,
      "total_investment_index": 41.8,
      "investment_rating": 0.5336947380006313,
      "stability_score": 60,
      "investment_mark": "△"
    },
    {
      "horse_number": 4,
      "name": "イサゴールド",
      "popularity": 8,
      "odds": 21.9,
      "mark": "△",
      "score": 115.39,
      "track_aptitude": 2,
      "total_points": 77.36903650508678,
      "detail_points": {
        "score": 43.159036505086775,
        "bias": 9.0,
        "pace": 10.2,
        "3f": 9.0,
        "margin": 4.0,
        "track": 2.0100000000000002
      },
      "avg_margin": 1.2,
      "race_name": "福島4R",
      "pred_prob_won": 0.04298818930983543,
      "pred_prob_in_top2": 0.057872149348258975,
      "pred_prob_in_top3": 0.17182016670703887,
      "score_z": 0.12568365272547669,
      "上り3F平均": 34.7,
      "Ave-3F平均": 37.44,
      "PCI平均": 57.93,
      "-3F差平均": 0.93,
      "想定脚質": "中団",
      "track_bias_aptitude_score": 58.5,
      "investment_value_score": 32.3,
      "total_investment_index": 42.1,
      "investment_rating": 0.44810301691293714,
      "stability_score": 60,
      "investment_mark": "☆"
    },
    {
      "horse_number": 6,
      "name": "ダノンブロッサム",
      "popularity": 5,
      "odds": 13.5,
      "mark": "⭐︎",
      "score": 118.7,
      "track_aptitude": 2,
      "total_points": 72.68706762417715,
      "detail_points": {
        "score": 44.39706762417714,
        "bias": 3.0,
        "pace": 8.28,
        "3f": 9.0,
        "margin": 6.0,
        "track": 2.0100000000000002
      },
      "avg_margin": 1.0,
      "race_name": "福島4R",
      "pred_prob_won": 0.05786082446575165,
      "pred_prob_in_top2": 0.06725095510482788,
      "pred_prob_in_top3": 0.20052730143070222,
      "score_z": 0.3795435401526811,
      "上り3F平均": 34.5,
      "Ave-3F平均": 37.38,
      "PCI平均": 58.3,
      "-3F差平均": 1.7,
      "想定脚質": "後方",
      "track_bias_aptitude_score": 12.5,
      "investment_value_score": 44.3,
      "total_investment_index": 36.0,
      "investment_rating": 0.4423464913666249,
      "stability_score": 75,
      "investment_mark": "☆"
    },
    {
      "horse_number": 8,
      "name": "モズアンドモズ",
      "popularity": 10,
      "odds": 34.0,
      "mark": "△",
      "score": 113.2,
      "track_aptitude": 0,
      "total_points": 80.53991621783364,