{
  "horses": [
    {
      "horse_number": 8,
      "name": "ルシェロアズーリ",
      "popularity": 5,
      "odds": 9.4,
      "mark": "◎",
      "score": 110.99,
      "track_aptitude": 2,
      "total_points": 86.85229282232308,
      "detail_points": {
        "score": 46.64229282232308,
        "bias": 15.0,
        "pace": 10.2,
        "3f": 7.0,
        "margin": 6.0,
        "track": 2.0100000000000002
      },
      "avg_margin": 0.9299999999999999,
      "race_name": "福島4R",
      "pred_prob_won": 0.16693456768989562,
      "pred_prob_in_top2": 0.1419857770204544,
      "pred_prob_in_top3": 0.470051634311676,
      "score_z": 1.1452977891129899,
      "上り3F平均": 36.38,
      "Ave-3F平均": 34.66,
      "PCI平均": 45.6,
      "-3F差平均": 0.23,
      "想定脚質": "先行",
      "track_bias_aptitude_score": 93.9,
      "investment_value_score": 64.7,
      "total_investment_index": 73.9,
      "investment_rating": 1.6417297726869582,
      "stability_score": 75,
      "investment_mark": "◎"
    },
    {
      "horse_number": 10,
      "name": "アンティジャミーラ",
      "popularity": 7,
      "odds": 11.1,
      "mark": "▲",
      "score": 103.49,
      "track_aptitude": 0,
      "total_points": 83.6905026054799,
      "detail_points": {
        "score": 43.49050260547991,
        "bias": 15.0,
        "pace": 10.2,
        "3f": 9.0,
        "margin": 6.0,
        "track": 0.0
      },
      "avg_margin": 0.8800000000000001,
      "race_name": "福島4R",
      "pred_prob_won": 0.07809030264616013,
      "pred_prob_in_top2": 0.09444078505039215,
      "pred_prob_in_top3": 0.270493483543396,
      "score_z": 0.5539983239253689,
      "上り3F平均": 35.46,
      "Ave-3F平均": 36.24,
      "PCI平均": 52.22,
      "-3F差平均": 0.74,
      "想定脚質": "先行",
      "track_bias_aptitude_score": 81.7,
      "investment_value_score": 46.2,
      "total_investment_index": 58.2,
      "investment_rating": 0.9512388336658477,
      "stability_score": 75,
      "investment_mark": "○"
    },
    {
      "horse_number": 12,
      "name": "アンダーザライト",
      "popularity": 1,
      "odds": 4.3,
      "mark": "○",
      "score": 118.98,
      "track_aptitude": 0,
      "total_points": 84.2,
      "detail_points": {
        "score": 50.0,
        "bias": 9.0,
        "pace": 10.2,
        "3f": 9.0,
        "margin": 6.0,
        "track": 0.0
      },
      "avg_margin": 0.5857142857142856,
      "race_name": "福島4R",
      "pred_prob_won": 0.24234869480133056,
      "pred_prob_in_top2": 0.16396812200546265,
      "pred_prob_in_top3": 0.5195473790168762,
      "score_z": 1.7752288193595362,
      "上り3F平均": 35.46,
      "Ave-3F平均": 35.86,
      "PCI平均": 51.26,
      "-3F差平均": 0.77,
      "想定脚質": "中団",
      "track_bias_aptitude_score": 43.7,
      "investment_value_score": 100,
      "total_investment_index": 81.1,
      "investment_rating": 0.9189816027879715,
      "stability_score": 75,
      "investment_mark": "▲"
    },
    {
      "horse_number": 2,
      "name": "ベルリネッタ",
      "popularity": 4,
      "odds": 8.2,
      "mark": "△",
      "score": 108.36,
      "track_aptitude": 1,
      "total_points": 80.72706505295007,
      "detail_points": {
        "score": 45.53706505295008,
        "bias": 9.0,
        "pace": 10.2,
        "3f": 9.0,
        "margin": 6.0,
        "track": 0.99
      },
      "avg_margin": 0.75,
      "race_name": "福島4R",
      "pred_prob_won": 0.09982131272554398,
      "pred_prob_in_top2": 0.1128202110528946,
      "pred_prob_in_top3": 0.31347561478614805,
      "score_z": 0.9379487766538644,
      "上り3F平均": 36.33,
      "Ave-3F平均": 35.25,
      "PCI平均": 47.36,
      "-3F差平均": 0.57,
      "想定脚質": "中団",
      "track_bias_aptitude_score": 49.9,
      "investment_value_score": 60.4,
      "total_investment_index": 57.8,
      "investment_rating": 0.8225548976659773,
      "stability_score": 75,
      "investment_mark": "▲"
    },
    {
      "horse_number": 3,
      "name": "サウンドリアン",
      "popularity": 6,
      "odds": 10.6,
      "mark": "▲",
      "score": 101.24,
      "track_aptitude": 0,
      "total_points": 80.74496554042696,
      "detail_points": {
        "score": 42.54496554042696,
        "bias": 15.0,
        "pace": 10.2,
        "3f": 9.0,
        "margin": 4.0,
        "track": 0.0
      },
      "avg_margin": 1.175,
      "race_name": "福島4R",
      "pred_prob_won": 0.06947849541902543,
      "pred_prob_in_top2": 0.0883618175983429,
      "pred_prob_in_top3": 0.24234298765659332,
      "score_z": 0.3766084843690826,
      "上り3F平均": 36.77,
      "Ave-3F平均": 36.24,
      "PCI平均": 49.12,
      "-3F差平均": 0.93,
      "想定脚質": "先行",
      "track_bias_aptitude_score": 81.7,
      "investment_value_score": 46.3,
      "total_investment_index": 57.9,
      "investment_rating": 0.7117149382829666,
      "stability_score": 60,
      "investment_mark": "△"
    },
    {
      "horse_number": 11,
      "name": "ベストセラー",
      "popularity": 11,
      "odds": 32.1,
      "mark": "⭐︎",
      "score": 101.31,
      "track_aptitude": 0,
      "total_points": 74.7743822491175,
      "detail_points": {
        "score": 42.5743822491175,
        "bias": 9.0,
        "pace": 10.2,
        "3f": 9.0,
        "margin": 4.0,
        "track": 0.0
      },
      "avg_margin": 1.5666666666666667,
      "race_name": "福島4R",
      "pred_prob_won": 0.0428704135119915,
      "pred_prob_in_top2": 0.0504574328660965,
      "pred_prob_in_top3": 0.158760005235672,
      "score_z": 0.38212727937750096,
      "上り3F平均": 36.0,
      "Ave-3F平均": 36.78,
      "PCI平均": 52.23,
      "-3F差平均": 0.83,
      "想定脚質": "中団",
      "track_bias_aptitude_score": 43.7,
      "investment_value_score": 28.4,
      "total_investment_index": 35.8,
      "investment_rating": 0.48039004057645807,
      "stability_score": 60,
      "investment_mark": "☆"
    },
    {
      "horse_number": 16,
      "name": "タッチダウン",
      "popularity": 2,
      "odds": 5.1,
      "mark": "△",
      "score": 104.25,
      "track_aptitude": 0,
      "total_points": 80.00988401412002,
      "detail_points": {
        "score": 43.80988401412002,
        "bias": 9.0,
        "pace": 10.2,
        "3f": 9.0,
        "margin": 8.0,
        "track": 0.0
      },
      "avg_margin": 0.45,
      "race_name": "福島4R",
      "pred_prob_won": 0.07517597824335098,
      "pred_prob_in_top2": 0.07417605072259903,
      "pred_prob_in_top3": 0.23927755653858185,
      "score_z": 0.6139166697310482,
      "上り3F平均": 34.4,
      "Ave-3F平均": 35.75,
      "PCI平均": 53.95,
      "-3F差平均": 0.75,
      "想定脚質": "中団",
      "track_bias_aptitude_score": 43.7,
      "investment_value_score": 66.7,
      "total_investment_index": 59.2,
      "investment_rating": 0.36997715830802924,
      "stability_score": 90,
      "investment_mark": "☆"
    },
    {
      "horse_number": 9,
      "name": "ブドワールドール",
      "popularity": 3,
      "odds": 6.7,
      "mark": "△",
      "score": 99.76,
      "track_aptitude": 0,
      "total_points": 80.12301227096991,
      "detail_points": {
        "score": 41.92301227096991,
        "bias": 15.0,
        "pace": 10.2,
        "3f": 9.0,
        "margin": 4.0,
        "track": 0.0
      },
      "avg_margin": 1.7833333333333334,
      "race_name": "福島4R",
      "pred_prob_won": 0.04272497072815895,
      "pred_prob_in_top2": 0.06847202628850937,
      "pred_prob_in_top3": 0.17179312109947203,
      "score_z": 0.2599253899053929,
      "上り3F平均": 37.03,
      "Ave-3F平均": 36.53,
      "PCI平均": 48.93,
      "-3F差平均": 0.47,
      "想定脚質": "先行",
      "track_bias_aptitude_score": 81.7,
      "investment_value_score": 52.0,
      "total_investment_index": 61.1,
      "investment_rating": 0.2255069556832313,
      "stability_score": 60,
      "investment_mark": "☆"
    },
    {
      "horse_number": 15,
      "name": "キャピタルプレイン",
      "popularity": 8,
      "odds": 13.7,
      "mark": "△",
      "score": 95.34,
      "track_aptitude": 0,
      "total_points": 78.26555723651035,
      "detail_points": {
        "score": 40.065557236510344,