{
  "horses": [
    {
      "horse_number": 13,
      "name": "アーロッタレット",
      "popularity": 8,
      "odds": 44.1,
      "mark": "△",
      "score": 110.01,
      "track_aptitude": 2,
      "total_points": 72.93284053027367,
      "detail_points": {
        "score": 42.64284053027366,
        "bias": 9.0,
        "pace": 8.28,
        "3f": 7.0,
        "margin": 4.0,
        "track": 2.0100000000000002
      },
      "avg_margin": 1.3,
      "race_name": "阪神1R",
      "pred_prob_won": 0.10814886093139649,
      "pred_prob_in_top2": 0.10984407812356949,
      "pred_prob_in_top3": 0.3163701295852661,
      "score_z": 0.847013591962714,
      "上り3F平均": 38.7,
      "Ave-3F平均": 36.6,
      "PCI平均": 44.6,
      "-3F差平均": 1.1,
      "想定脚質": "中団",
      "track_bias_aptitude_score": 55.7,
      "investment_value_score": 44.3,
      "total_investment_index": 49.7,
      "investment_rating": 1.3298577904701232,
      "stability_score": 60,
      "investment_mark": "◎"
    },
    {
      "horse_number": 5,
      "name": "ボールドハーテッド",
      "popularity": 11,
      "odds": 61.4,
      "mark": "△",
      "score": 106.63,
      "track_aptitude": 2,
      "total_points": 73.62266144662378,
      "detail_points": {
        "score": 41.33266144662377,
        "bias": 9.0,
        "pace": 8.28,
        "3f": 9.0,
        "margin": 4.0,
        "track": 2.0100000000000002
      },
      "avg_margin": 1.9625000000000001,
      "race_name": "阪神1R",
      "pred_prob_won": 0.06859753951430321,
      "pred_prob_in_top2": 0.08318734318017959,
      "pred_prob_in_top3": 0.24435522258281708,
      "score_z": 0.648398949230443,
      "上り3F平均": 39.46,
      "Ave-3F平均": 37.64,
      "PCI平均": 45.48,
      "-3F差平均": 0.75,
      "想定脚質": "中団",
      "track_bias_aptitude_score": 55.7,
      "investment_value_score": 33.4,
      "total_investment_index": 42.8,
      "investment_rating": 1.1437529750168323,
      "stability_score": 60,
      "investment_mark": "○"
    },
    {
      "horse_number": 15,
      "name": "リメンバーヒム",
      "popularity": 1,
      "odds": 1.2,
      "mark": "○",
      "score": 128.99,
      "track_aptitude": 1,
      "total_points": 81.27,
      "detail_points": {
        "score": 50.0,
        "bias": 9.0,
        "pace": 8.28,
        "3f": 9.0,
        "margin": 4.0,
        "track": 0.99
      },
      "avg_margin": 1.1071428571428572,
      "race_name": "阪神1R",
      "pred_prob_won": 0.2806070148944855,
      "pred_prob_in_top2": 0.17577816545963287,
      "pred_prob_in_top3": 0.5892631053924561,
      "score_z": 1.962311201151618,
      "上り3F平均": 38.06,
      "Ave-3F平均": 36.52,
      "PCI平均": 46.03,
      "-3F差平均": 0.83,
      "想定脚質": "中団",
      "track_bias_aptitude_score": 49.4,
      "investment_value_score": 100,
      "total_investment_index": 83.1,
      "investment_rating": 1.0758419871330263,
      "stability_score": 60,
      "investment_mark": "▲"
    },
    {
      "horse_number": 6,
      "name": "グティ",
      "popularity": 7,
      "odds": 40.2,
      "mark": "▲",
      "score": 106.39,
      "track_aptitude": 0,
      "total_points": 81.23963097914567,
      "detail_points": {
        "score": 41.23963097914567,
        "bias": 15.0,
        "pace": 12.0,
        "3f": 9.0,
        "margin": 4.0,
        "track": 0.0
      },
      "avg_margin": 1.3333333333333333,
      "race_name": "阪神1R",
      "pred_prob_won": 0.07685901671648025,
      "pred_prob_in_top2": 0.09198541939258575,
      "pred_prob_in_top3": 0.2758791923522949,
      "score_z": 0.6342961343618796,
      "上り3F平均": 38.98,
      "Ave-3F平均": 37.88,
      "PCI平均": 47.28,
      "-3F差平均": 0.3,
      "想定脚質": "先行",
      "track_bias_aptitude_score": 81.2,
      "investment_value_score": 43.4,
      "total_investment_index": 56.5,
      "investment_rating": 0.9811295175552368,
      "stability_score": 60,
      "investment_mark": "▲"
    },
    {
      "horse_number": 11,
      "name": "ストラーダレアーレ",
      "popularity": 2,
      "odds": 7.2,
      "mark": "◎",
      "score": 110.49,
      "track_aptitude": 0,
      "total_points": 82.82890146522985,
      "detail_points": {
        "score": 42.828901465229855,
        "bias": 15.0,
        "pace": 12.0,
        "3f": 9.0,
        "margin": 4.0,
        "track": 0.0
      },
      "avg_margin": 1.7,
      "race_name": "阪神1R",
      "pred_prob_won": 0.14449191093444824,
      "pred_prob_in_top2": 0.1273077517747879,
      "pred_prob_in_top3": 0.4081199586391449,
      "score_z": 0.8752192216998406,
      "上り3F平均": 40.0,
      "Ave-3F平均": 38.9,
      "PCI平均": 47.3,
      "-3F差平均": 0.3,
      "想定脚質": "先行",
      "track_bias_aptitude_score": 81.2,
      "investment_value_score": 74.1,
      "total_investment_index": 75.3,
      "investment_rating": 0.8427358841896058,
      "stability_score": 60,
      "investment_mark": "△"
    },
    {
      "horse_number": 14,
      "name": "ワンダーヴァッフェ",
      "popularity": 12,
      "odds": 70.5,
      "mark": "⭐︎",
      "score": 102.74,
      "track_aptitude": 0,
      "total_points": 64.10479261958291,
      "detail_points": {
        "score": 39.82479261958291,
        "bias": 3.0,
        "pace": 8.28,
        "3f": 9.0,
        "margin": 4.0,
        "track": 0.0
      },
      "avg_margin": 1.9,
      "race_name": "阪神1R",
      "pred_prob_won": 0.04122370034456253,
      "pred_prob_in_top2": 0.0511942058801651,
      "pred_prob_in_top3": 0.1608317017555237,
      "score_z": 0.4198158249024747,
      "上り3F平均": 37.1,
      "Ave-3F平均": 37.9,
      "PCI平均": 52.2,
      "-3F差平均": 3.2,
      "想定脚質": "後方",
      "track_bias_aptitude_score": 1,
      "investment_value_score": 23.9,
      "total_investment_index": 20.3,
      "investment_rating": 0.5349031245708464,
      "stability_score": 60,
      "investment_mark": "△"
    },
    {
      "horse_number": 10,
      "name": "ブライトノヴァ",
      "popularity": 6,
      "odds": 37.7,
      "mark": "▲",
      "score": 95.59,
      "track_aptitude": 0,
      "total_points": 75.05325994263121,
      "detail_points": {
        "score": 37.053259942631215,
        "bias": 15.0,
        "pace": 12.0,
        "3f": 9.0,
        "margin": 2.0,
        "track": 0.0
      },
      "avg_margin": 2.8,
      "race_name": "阪神1R",
      "pred_prob_won": 0.04095314033329487,
      "pred_prob_in_top2": 0.064728295058012,
      "pred_prob_in_top3": 0.17969269156455994,
      "score_z": -0.0003305347234816585,
      "上り3F平均": 39.05,
      "Ave-3F平均": 37.94,
      "PCI平均": 48.0,
      "-3F差平均": 0.4,
      "想定脚質": "先行",
      "track_bias_aptitude_score": 81.2,
      "investment_value_score": 36.4,
      "total_investment_index": 51.2,
      "investment_rating": 0.39846345782279974,
      "stability_score": 45,
      "investment_mark": "☆"
    },
    {
      "horse_number": 8,
      "name": "マークオブゾロ",
      "popularity": 13,
      "odds": 88.7,
      "mark": "△",
      "score": 96.05,
      "track_aptitude": 0,
      "total_points": 65.2815683386309,
      "detail_points": {
        "score": 37.2315683386309,
        "bias": 7.05,
        "pace": 12.0,
        "3f": 7.0,
        "margin": 2.0,
        "track": 0.0
      },
      "avg_margin": 2.45,
      "race_name": "阪神1R",
      "pred_prob_won": 0.03284536823630333,
      "pred_prob_in_top2": 0.05563864186406135,
      "pred_prob_in_top3": 0.13915734887123107,
      "score_z": 0.02669986044126485,
      "上り3F平均": 40.4,
      "Ave-3F平均": 39.55,
      "PCI平均": 47.9,
      "-3F差平均": 0.4,
      "想定脚質": "逃げ",
      "track_bias_aptitude_score": 26.8,
      "investment_value_score": 19.1,
      "total_investment_index": 24.5,
      "investment_rating": 0.381542537510395,
      "stability_score": 45,
      "investment_mark": "☆"
    },
    {
      "horse_number": 2,
      "name": "ツリートップムーン",
      "popularity": 3,
      "odds": 16.3,
      "mark": "⭐︎",
      "score": 105.27,
      "track_aptitude": 2,
      "total_points": 64.09548879758121,
      "detail_points": {
        "score": 40.805488797581205,
        "bias": 3.0,