{
  "horses": [
    {
      "horse_number": 6,
      "name": "アイキャンドウイッ",
      "popularity": 3,
      "odds": 4.9,
      "mark": "○",
      "score": 129.21,
      "track_aptitude": 1,
      "total_points": 83.74328423267698,
      "detail_points": {
        "score": 48.553284232676994,
        "bias": 9.0,
        "pace": 10.2,
        "3f": 9.0,
        "margin": 6.0,
        "track": 0.99
      },
      "avg_margin": 0.8399999999999999,
      "race_name": "阪神9R",
      "pred_prob_won": 0.15231894850730895,
      "pred_prob_in_top2": 0.14870954155921937,
      "pred_prob_in_top3": 0.4407933533191681,
      "score_z": 0.9334030706896936,
      "上り3F平均": 35.55,
      "Ave-3F平均": 36.28,
      "PCI平均": 52.12,
      "-3F差平均": 0.89,
      "想定脚質": "先行",
      "track_bias_aptitude_score": 73.7,
      "investment_value_score": 71.0,
      "total_investment_index": 71.3,
      "investment_rating": 0.930935407280922,
      "stability_score": 75,
      "investment_mark": "◎"
    },
    {
      "horse_number": 1,
      "name": "ヤマニンループ",
      "popularity": 2,
      "odds": 4.3,
      "mark": "▲",
      "score": 131.79,
      "track_aptitude": 2,
      "total_points": 81.86277168194799,
      "detail_points": {
        "score": 49.522771681947994,
        "bias": 7.05,
        "pace": 8.28,
        "3f": 9.0,
        "margin": 6.0,
        "track": 2.0100000000000002
      },
      "avg_margin": 0.5800000000000001,
      "race_name": "阪神9R",
      "pred_prob_won": 0.1799626111984253,
      "pred_prob_in_top2": 0.16387458741664887,
      "pred_prob_in_top3": 0.49571382999420166,
      "score_z": 1.1547431370848584,
      "上り3F平均": 34.7,
      "Ave-3F平均": 37.21,
      "PCI平均": 57.29,
      "-3F差平均": 1.1,
      "想定脚質": "後方",
      "track_bias_aptitude_score": 60.5,
      "investment_value_score": 83.0,
      "total_investment_index": 74.9,
      "investment_rating": 0.9114985644817353,
      "stability_score": 75,
      "investment_mark": "○"
    },
    {
      "horse_number": 4,
      "name": "ヴィスマール",
      "popularity": 1,
      "odds": 2.4,
      "mark": "◎",
      "score": 133.06,
      "track_aptitude": 2,
      "total_points": 88.21000000000001,
      "detail_points": {
        "score": 50.0,
        "bias": 9.0,
        "pace": 10.2,
        "3f": 9.0,
        "margin": 8.0,
        "track": 2.0100000000000002
      },
      "avg_margin": 0.295,
      "race_name": "阪神9R",
      "pred_prob_won": 0.2226365625858307,
      "pred_prob_in_top2": 0.15496610403060912,
      "pred_prob_in_top3": 0.5383788704872131,
      "score_z": 1.2636973558142628,
      "上り3F平均": 35.59,
      "Ave-3F平均": 37.01,
      "PCI平均": 54.12,
      "-3F差平均": 0.53,
      "想定脚質": "先行",
      "track_bias_aptitude_score": 82.6,
      "investment_value_score": 100,
      "total_investment_index": 91.9,
      "investment_rating": 0.799785063266754,
      "stability_score": 90,
      "investment_mark": "△"
    },
    {
      "horse_number": 3,
      "name": "パンデアスカル",
      "popularity": 5,
      "odds": 8.2,
      "mark": "▲",
      "score": 119.58,
      "track_aptitude": 2,
      "total_points": 81.0946159627236,
      "detail_points": {
        "score": 44.93461596272358,
        "bias": 10.95,
        "pace": 10.2,
        "3f": 9.0,
        "margin": 4.0,
        "track": 2.0100000000000002
      },
      "avg_margin": 1.02,
      "race_name": "阪神9R",
      "pred_prob_won": 0.061621516942977905,
      "pred_prob_in_top2": 0.0742711141705513,
      "pred_prob_in_top3": 0.22743874192237853,
      "score_z": 0.1072384042612239,
      "上り3F平均": 37.06,
      "Ave-3F平均": 36.88,
      "PCI平均": 49.67,
      "-3F差平均": 0.78,
      "想定脚質": "中団",
      "track_bias_aptitude_score": 91.1,
      "investment_value_score": 43.8,
      "total_investment_index": 58.8,
      "investment_rating": 0.291705961227417,
      "stability_score": 60,
      "investment_mark": "△"
    },
    {
      "horse_number": 8,
      "name": "イケイケドンドン",
      "popularity": 4,
      "odds": 7.2,
      "mark": "△",
      "score": 116.48,
      "track_aptitude": 2,
      "total_points": 76.10972794228168,
      "detail_points": {
        "score": 43.769727942281676,
        "bias": 7.05,
        "pace": 8.28,
        "3f": 9.0,
        "margin": 6.0,
        "track": 2.0100000000000002
      },
      "avg_margin": 0.8550000000000001,
      "race_name": "阪神9R",
      "pred_prob_won": 0.03459295704960823,
      "pred_prob_in_top2": 0.054064913839101794,
      "pred_prob_in_top3": 0.15280082821846008,
      "score_z": -0.1587128383066109,
      "上り3F平均": 34.86,
      "Ave-3F平均": 37.06,
      "PCI平均": 56.43,
      "-3F差平均": 1.04,
      "想定脚質": "後方",
      "track_bias_aptitude_score": 60.5,
      "investment_value_score": 39.5,
      "total_investment_index": 46.6,
      "investment_rating": -0.10059648007154465,
      "stability_score": 75,
      "investment_mark": "××"
    },
    {
      "horse_number": 7,
      "name": "ジオパーククラウン",
      "popularity": 8,
      "odds": 28.7,
      "mark": "△",
      "score": 115.18,
      "track_aptitude": 0,
      "total_points": 79.43122651435444,
      "detail_points": {
        "score": 43.28122651435443,
        "bias": 10.95,
        "pace": 10.2,
        "3f": 9.0,
        "margin": 6.0,
        "track": 0.0
      },
      "avg_margin": 0.78,
      "race_name": "阪神9R",
      "pred_prob_won": 0.030038657411932946,
      "pred_prob_in_top2": 0.04716386049985886,
      "pred_prob_in_top3": 0.1299958348274231,
      "score_z": -0.2702407787382835,
      "上り3F平均": 34.92,
      "Ave-3F平均": 35.55,
      "PCI平均": 51.87,
      "-3F差平均": 0.93,
      "想定脚質": "中団",
      "track_bias_aptitude_score": 73.4,
      "investment_value_score": 23.0,
      "total_investment_index": 40.4,
      "investment_rating": -0.11152686536312095,
      "stability_score": 75,
      "investment_mark": "××"
    },
    {
      "horse_number": 9,
      "name": "ホウオウサンデー",
      "popularity": 6,
      "odds": 16.5,
      "mark": "△",
      "score": 114.64,
      "track_aptitude": 1,
      "total_points": 72.39831053660002,
      "detail_points": {
        "score": 43.07831053660003,
        "bias": 7.05,
        "pace": 8.28,
        "3f": 9.0,
        "margin": 4.0,
        "track": 0.99
      },
      "avg_margin": 1.0799999999999998,
      "race_name": "阪神9R",
      "pred_prob_won": 0.02988932803273201,
      "pred_prob_in_top2": 0.048995427787303925,
      "pred_prob_in_top3": 0.13111913204193115,
      "score_z": -0.3165677693791328,
      "上り3F平均": 35.33,
      "Ave-3F平均": 37.15,
      "PCI平均": 55.26,
      "-3F差平均": 1.33,
      "想定脚質": "後方",
      "track_bias_aptitude_score": 51.6,
      "investment_value_score": 28.3,
      "total_investment_index": 36.9,
      "investment_rating": -0.1485126435756683,
      "stability_score": 60,
      "investment_mark": "××"
    },
    {
      "horse_number": 5,
      "name": "ベント",
      "popularity": 7,
      "odds": 28.3,
      "mark": "△",
      "score": 107.08,
      "track_aptitude": 2,
      "total_points": 72.44748684803848,
      "detail_points": {
        "score": 40.23748684803848,
        "bias": 9.0,
        "pace": 10.2,
        "3f": 7.0,
        "margin": 4.0,
        "track": 2.0100000000000002
      },
      "avg_margin": 1.125,
      "race_name": "阪神9R",
      "pred_prob_won": 0.019964273646473886,
      "pred_prob_in_top2": 0.028690441325306893,
      "pred_prob_in_top3": 0.08685619682073593,
      "score_z": -0.9651456383510151,
      "上り3F平均": 36.75,
      "Ave-3F平均": 36.52,
      "PCI平均": 49.55,
      "-3F差平均": 1.02,
      "想定脚質": "先行",
      "track_bias_aptitude_score": 82.6,
      "investment_value_score": 16.3,
      "total_investment_index": 38.0,
      "investment_rating": -0.387548438757658,
      "stability_score": 60,
      "investment_mark": "××"
    },
    {
      "horse_number": 2,
      "name": "サイモンルモンド",
      "popularity": 9,
      "odds": 51.3,
      "mark": "×",
      "score": 97.95,
      "track_aptitude": 1,