{
  "horses": [
    {
      "horse_number": 18,
      "name": "アルピノ",
      "popularity": 6,
      "odds": 16.5,
      "mark": "▲",
      "score": 122.26,
      "track_aptitude": 1,
      "total_points": 84.48476389210913,
      "detail_points": {
        "score": 47.244763892109134,
        "bias": 13.05,
        "pace": 10.2,
        "3f": 7.0,
        "margin": 6.0,
        "track": 0.99
      },
      "avg_margin": 0.9500000000000001,
      "race_name": "阪神3R",
      "pred_prob_won": 0.13634335100650788,
      "pred_prob_in_top2": 0.1324073851108551,
      "pred_prob_in_top3": 0.3856310069561005,
      "score_z": 0.9127264605530124,
      "上り3F平均": 36.1,
      "Ave-3F平均": 36.14,
      "PCI平均": 50.23,
      "-3F差平均": 1.07,
      "想定脚質": "中団",
      "track_bias_aptitude_score": 86.9,
      "investment_value_score": 61.8,
      "total_investment_index": 69.7,
      "investment_rating": 1.4895919340848924,
      "stability_score": 75,
      "investment_mark": "◎"
    },
    {
      "horse_number": 10,
      "name": "コンタンゴ",
      "popularity": 3,
      "odds": 5.9,
      "mark": "▲",
      "score": 129.39,
      "track_aptitude": 0,
      "total_points": 86.15,
      "detail_points": {
        "score": 50.0,
        "bias": 10.95,
        "pace": 10.2,
        "3f": 9.0,
        "margin": 6.0,
        "track": 0.0
      },
      "avg_margin": 0.8125,
      "race_name": "阪神3R",
      "pred_prob_won": 0.20908662378787995,
      "pred_prob_in_top2": 0.15579507350921631,
      "pred_prob_in_top3": 0.4960284769535065,
      "score_z": 1.3127241178771483,
      "上り3F平均": 35.55,
      "Ave-3F平均": 35.74,
      "PCI平均": 50.67,
      "-3F差平均": 0.43,
      "想定脚質": "先行",
      "track_bias_aptitude_score": 51.6,
      "investment_value_score": 83.5,
      "total_investment_index": 72.8,
      "investment_rating": 1.3620925500988963,
      "stability_score": 75,
      "investment_mark": "○"
    },
    {
      "horse_number": 8,
      "name": "コスモグローリー",
      "popularity": 4,
      "odds": 7.0,
      "mark": "○",
      "score": 123.5,
      "track_aptitude": 2,
      "total_points": 87.88393538913364,
      "detail_points": {
        "score": 47.72393538913363,
        "bias": 10.95,
        "pace": 10.2,
        "3f": 9.0,
        "margin": 8.0,
        "track": 2.0100000000000002
      },
      "avg_margin": 0.45,
      "race_name": "阪神3R",
      "pred_prob_won": 0.15192029774188995,
      "pred_prob_in_top2": 0.1392791360616684,
      "pred_prob_in_top3": 0.4271979808807373,
      "score_z": 0.9822912705224273,
      "上り3F平均": 35.65,
      "Ave-3F平均": 36.62,
      "PCI平均": 52.77,
      "-3F差平均": 0.57,
      "想定脚質": "先行",
      "track_bias_aptitude_score": 64.7,
      "investment_value_score": 72.6,
      "total_investment_index": 69.6,
      "investment_rating": 1.323352327346802,
      "stability_score": 90,
      "investment_mark": "▲"
    },
    {
      "horse_number": 9,
      "name": "フェイトライン",
      "popularity": 5,
      "odds": 12.5,
      "mark": "△",
      "score": 122.28,
      "track_aptitude": 1,
      "total_points": 82.39249246464179,
      "detail_points": {
        "score": 47.25249246464179,
        "bias": 10.95,
        "pace": 10.2,
        "3f": 9.0,
        "margin": 4.0,
        "track": 0.99
      },
      "avg_margin": 1.3850000000000002,
      "race_name": "阪神3R",
      "pred_prob_won": 0.13066281080245973,
      "pred_prob_in_top2": 0.129105044901371,
      "pred_prob_in_top3": 0.37090340852737425,
      "score_z": 0.913848473617035,
      "上り3F平均": 37.54,
      "Ave-3F平均": 36.94,
      "PCI平均": 48.72,
      "-3F差平均": 0.45,
      "想定脚質": "先行",
      "track_bias_aptitude_score": 58.1,
      "investment_value_score": 64.8,
      "total_investment_index": 62.8,
      "investment_rating": 1.263429827094078,
      "stability_score": 60,
      "investment_mark": "▲"
    },
    {
      "horse_number": 16,
      "name": "マギームーン",
      "popularity": 16,
      "odds": 89.8,
      "mark": "△",
      "score": 111.69,
      "track_aptitude": 1,
      "total_points": 78.4002133086019,
      "detail_points": {
        "score": 43.160213308601904,
        "bias": 13.05,
        "pace": 10.2,
        "3f": 7.0,
        "margin": 4.0,
        "track": 0.99
      },
      "avg_margin": 1.1500000000000001,
      "race_name": "阪神3R",
      "pred_prob_won": 0.05469141229987144,
      "pred_prob_in_top2": 0.07256167978048325,
      "pred_prob_in_top3": 0.20793638825416566,
      "score_z": 0.31974255621694925,
      "上り3F平均": 36.47,
      "Ave-3F平均": 36.07,
      "PCI平均": 48.99,
      "-3F差平均": 1.01,
      "想定脚質": "中団",
      "track_bias_aptitude_score": 86.9,
      "investment_value_score": 27.6,
      "total_investment_index": 48.2,
      "investment_rating": 1.2625384378433229,
      "stability_score": 60,
      "investment_mark": "△"
    },
    {
      "horse_number": 3,
      "name": "ラブリーリディア",
      "popularity": 7,
      "odds": 17.0,
      "mark": "△",
      "score": 118.26,
      "track_aptitude": 0,
      "total_points": 81.94904938557849,
      "detail_points": {
        "score": 45.69904938557849,
        "bias": 13.05,
        "pace": 10.2,
        "3f": 9.0,
        "margin": 4.0,
        "track": 0.0
      },
      "avg_margin": 1.3,
      "race_name": "阪神3R",
      "pred_prob_won": 0.09323879927396775,
      "pred_prob_in_top2": 0.10131206661462784,
      "pred_prob_in_top3": 0.29008702635765077,
      "score_z": 0.6883238477484475,
      "上り3F平均": 33.7,
      "Ave-3F平均": 38.22,
      "PCI平均": 63.4,
      "-3F差平均": 1.0,
      "想定脚質": "中団",
      "track_bias_aptitude_score": 80.4,
      "investment_value_score": 51.9,
      "total_investment_index": 61.4,
      "investment_rating": 1.1309742936491967,
      "stability_score": 60,
      "investment_mark": "△"
    },
    {
      "horse_number": 4,
      "name": "ルクスフレンジー",
      "popularity": 1,
      "odds": 3.4,
      "mark": "◎",
      "score": 121.97,
      "track_aptitude": 2,
      "total_points": 88.39269959038567,
      "detail_points": {
        "score": 47.13269959038566,
        "bias": 13.05,
        "pace": 10.2,
        "3f": 7.0,
        "margin": 9.0,
        "track": 2.0100000000000002
      },
      "avg_margin": 0.2,
      "race_name": "阪神3R",
      "pred_prob_won": 0.13869674056768416,
      "pred_prob_in_top2": 0.13658702969551087,
      "pred_prob_in_top3": 0.41253589391708373,
      "score_z": 0.8964572711246811,
      "上り3F平均": 34.95,
      "Ave-3F平均": 36.29,
      "PCI平均": 53.88,
      "-3F差平均": 1.1,
      "想定脚質": "中団",
      "track_bias_aptitude_score": 93.5,
      "investment_value_score": 100,
      "total_investment_index": 94.5,
      "investment_rating": 0.7369521719217301,
      "stability_score": 90,
      "investment_mark": "☆"
    },
    {
      "horse_number": 11,
      "name": "アトラーレ",
      "popularity": 13,
      "odds": 52.0,
      "mark": "△",
      "score": 105.75,
      "track_aptitude": 1,
      "total_points": 78.1048272664039,
      "detail_points": {
        "score": 40.8648272664039,
        "bias": 13.05,
        "pace": 10.2,
        "3f": 9.0,
        "margin": 4.0,
        "track": 0.99
      },
      "avg_margin": 1.45,
      "race_name": "阪神3R",
      "pred_prob_won": 0.034599654376506805,
      "pred_prob_in_top2": 0.05825520306825638,
      "pred_prob_in_top3": 0.14591768383979797,
      "score_z": -0.013495323797829502,
      "上り3F平均": 35.75,
      "Ave-3F平均": 36.87,
      "PCI平均": 53.15,
      "-3F差平均": 0.7,
      "想定脚質": "中団",
      "track_bias_aptitude_score": 86.9,
      "investment_value_score": 23.8,
      "total_investment_index": 45.3,
      "investment_rating": 0.5267797335982323,
      "stability_score": 60,
      "investment_mark": "☆"
    },
    {
      "horse_number": 12,
      "name": "トウカイフルーレ",
      "popularity": 10,
      "odds": 35.2,
      "mark": "消",
      "score": 109.79,
      "track_aptitude": 0,
      "total_points": 66.70599891799985,
      "detail_points": {
        "score": 42.42599891799985,