{
  "horses": [
    {
      "horse_number": 14,
      "name": "シュテフィ",
      "popularity": 6,
      "odds": 13.6,
      "mark": "○",
      "score": 62.62,
      "track_aptitude": 0,
      "total_points": 76.39339526520827,
      "detail_points": {
        "score": 46.91339526520827,
        "bias": 9.0,
        "pace": 6.48,
        "3f": 4.0,
        "margin": 10.0,
        "track": 0.0
      },
      "avg_margin": 0.0,
      "race_name": "阪神6R",
      "pred_prob_won": 0.1654453307390213,
      "pred_prob_in_top2": 0.15748448967933654,
      "pred_prob_in_top3": 0.45546141266822815,
      "score_z": 1.4261103389867178,
      "上り3F平均": 0,
      "Ave-3F平均": 0,
      "PCI平均": 0,
      "-3F差平均": 0,
      "想定脚質": "不明",
      "track_bias_aptitude_score": null,
      "investment_value_score": 59.1,
      "total_investment_index": null,
      "investment_rating": 1.7773070633411407,
      "stability_score": 90,
      "investment_mark": "◎"
    },
    {
      "horse_number": 11,
      "name": "ルファーダ",
      "popularity": 8,
      "odds": 17.6,
      "mark": "▲",
      "score": 60.63,
      "track_aptitude": 0,
      "total_points": 74.90253521126762,
      "detail_points": {
        "score": 45.422535211267615,
        "bias": 9.0,
        "pace": 6.48,
        "3f": 4.0,
        "margin": 10.0,
        "track": 0.0
      },
      "avg_margin": 0.0,
      "race_name": "阪神6R",
      "pred_prob_won": 0.15257480144500732,
      "pred_prob_in_top2": 0.13523207306861879,
      "pred_prob_in_top3": 0.3833371877670288,
      "score_z": 1.1501616717528254,
      "上り3F平均": 0,
      "Ave-3F平均": 0,
      "PCI平均": 0,
      "-3F差平均": 0,
      "想定脚質": "不明",
      "track_bias_aptitude_score": null,
      "investment_value_score": 49.1,
      "total_investment_index": null,
      "investment_rating": 1.7383568453788758,
      "stability_score": 90,
      "investment_mark": "○"
    },
    {
      "horse_number": 2,
      "name": "グリッタードール",
      "popularity": 14,
      "odds": 46.4,
      "mark": "△",
      "score": 54.6,
      "track_aptitude": 0,
      "total_points": 70.38500449505544,
      "detail_points": {
        "score": 40.905004495055444,
        "bias": 9.0,
        "pace": 6.48,
        "3f": 4.0,
        "margin": 10.0,
        "track": 0.0
      },
      "avg_margin": 0.0,
      "race_name": "阪神6R",
      "pred_prob_won": 0.0640903078019619,
      "pred_prob_in_top2": 0.0798021286725998,
      "pred_prob_in_top3": 0.24720322489738464,
      "score_z": 0.31399560973253615,
      "上り3F平均": 0,
      "Ave-3F平均": 0,
      "PCI平均": 0,
      "-3F差平均": 0,
      "想定脚質": "不明",
      "track_bias_aptitude_score": null,
      "investment_value_score": 27.5,
      "total_investment_index": null,
      "investment_rating": 1.4237103140354157,
      "stability_score": 90,
      "investment_mark": "▲"
    },
    {
      "horse_number": 4,
      "name": "マクアケ",
      "popularity": 11,
      "odds": 24.4,
      "mark": "△",
      "score": 54.24,
      "track_aptitude": 0,
      "total_points": 70.11530116871441,
      "detail_points": {
        "score": 40.63530116871441,
        "bias": 9.0,
        "pace": 6.48,
        "3f": 4.0,
        "margin": 10.0,
        "track": 0.0
      },
      "avg_margin": 0.0,
      "race_name": "阪神6R",
      "pred_prob_won": 0.05564090460538864,
      "pred_prob_in_top2": 0.08423402458429337,
      "pred_prob_in_top3": 0.23798584342002868,
      "score_z": 0.26407524782087716,
      "上り3F平均": 0,
      "Ave-3F平均": 0,
      "PCI平均": 0,
      "-3F差平均": 0,
      "想定脚質": "不明",
      "track_bias_aptitude_score": null,
      "investment_value_score": 31.0,
      "total_investment_index": null,
      "investment_rating": 1.0943902865052224,
      "stability_score": 90,
      "investment_mark": "▲"
    },
    {
      "horse_number": 3,
      "name": "フリッシュ",
      "popularity": 7,
      "odds": 13.9,
      "mark": "▲",
      "score": 55.61,
      "track_aptitude": 0,
      "total_points": 71.14167216062332,
      "detail_points": {
        "score": 41.66167216062332,
        "bias": 9.0,
        "pace": 6.48,
        "3f": 4.0,
        "margin": 10.0,
        "track": 0.0
      },
      "avg_margin": 0.0,
      "race_name": "阪神6R",
      "pred_prob_won": 0.08522079885005951,
      "pred_prob_in_top2": 0.09705641865730286,
      "pred_prob_in_top3": 0.28554521799087523,
      "score_z": 0.45404995842913487,
      "上り3F平均": 0,
      "Ave-3F平均": 0,
      "PCI平均": 0,
      "-3F差平均": 0,
      "想定脚質": "不明",
      "track_bias_aptitude_score": null,
      "investment_value_score": 43.3,
      "total_investment_index": null,
      "investment_rating": 1.0347759598493576,
      "stability_score": 90,
      "investment_mark": "△"
    },
    {
      "horse_number": 13,
      "name": "クリノアトレ",
      "popularity": 13,
      "odds": 43.0,
      "mark": "△",
      "score": 53.34,
      "track_aptitude": 0,
      "total_points": 69.44104285286186,
      "detail_points": {
        "score": 39.96104285286186,
        "bias": 9.0,
        "pace": 6.48,
        "3f": 4.0,
        "margin": 10.0,
        "track": 0.0
      },
      "avg_margin": 0.0,
      "race_name": "阪神6R",
      "pred_prob_won": 0.04130868837237358,
      "pred_prob_in_top2": 0.08235137462615967,
      "pred_prob_in_top3": 0.20954394340515137,
      "score_z": 0.13927434304172975,
      "上り3F平均": 0,
      "Ave-3F平均": 0,
      "PCI平均": 0,
      "-3F差平均": 0,
      "想定脚質": "不明",
      "track_bias_aptitude_score": null,
      "investment_value_score": 25.3,
      "total_investment_index": null,
      "investment_rating": 1.0044638991355896,
      "stability_score": 90,
      "investment_mark": "△"
    },
    {
      "horse_number": 7,
      "name": "キンダープンシュ",
      "popularity": 1,
      "odds": 3.1,
      "mark": "◎",
      "score": 66.74,
      "track_aptitude": 0,
      "total_points": 79.48,
      "detail_points": {
        "score": 50.0,
        "bias": 9.0,
        "pace": 6.48,
        "3f": 4.0,
        "margin": 10.0,
        "track": 0.0
      },
      "avg_margin": 0.0,
      "race_name": "阪神6R",
      "pred_prob_won": 0.23654575645923615,
      "pred_prob_in_top2": 0.14673461765050888,
      "pred_prob_in_top3": 0.5093028128147126,
      "score_z": 1.9974211475312598,
      "上り3F平均": 0,
      "Ave-3F平均": 0,
      "PCI平均": 0,
      "-3F差平均": 0,
      "想定脚質": "不明",
      "track_bias_aptitude_score": null,
      "investment_value_score": 100,
      "total_investment_index": null,
      "investment_rating": 0.8959313288331032,
      "stability_score": 90,
      "investment_mark": "☆"
    },
    {
      "horse_number": 15,
      "name": "スマイルガーデン",
      "popularity": 4,
      "odds": 8.5,
      "mark": "△",
      "score": 54.74,
      "track_aptitude": 0,
      "total_points": 70.48988912196585,
      "detail_points": {
        "score": 41.00988912196584,
        "bias": 9.0,
        "pace": 6.48,
        "3f": 4.0,
        "margin": 10.0,
        "track": 0.0
      },
      "avg_margin": 0.0,
      "race_name": "阪神6R",
      "pred_prob_won": 0.07516802698373795,
      "pred_prob_in_top2": 0.07910173684358597,
      "pred_prob_in_top3": 0.2456967532634735,
      "score_z": 0.3334090838092925,
      "上り3F平均": 0,
      "Ave-3F平均": 0,
      "PCI平均": 0,
      "-3F差平均": 0,
      "想定脚質": "不明",
      "track_bias_aptitude_score": null,
      "investment_value_score": 50.4,
      "total_investment_index": null,
      "investment_rating": 0.5582173377275468,
      "stability_score": 90,
      "investment_mark": "☆"
    },
    {
      "horse_number": 9,
      "name": "ルパピヨンブラン",
      "popularity": 16,
      "odds": 67.5,
      "mark": "⭐︎",
      "score": 49.68,
      "track_aptitude": 0,
      "total_points": 66.69905903506144,
      "detail_points": {
        "score": 37.219059035061434,
        "bias": 9.0,
        "pace": 6.48,
        "3f": 4.0,
        "margin": 10.0,
        "track": 0.0
      },
      "avg_margin": 0.0,
      "race_name": "阪神6R",
      "pred_prob_won": 0.031512371823191644,