{
  "horses": [
    {
      "horse_number": 10,
      "name": "デビットバローズ",
      "popularity": 4,
      "odds": 6.1,
      "mark": "○",
      "score": 126.69,
      "track_aptitude": 2,
      "total_points": 89.77127624439727,
      "detail_points": {
        "score": 49.81127624439726,
        "bias": 10.95,
        "pace": 12.0,
        "3f": 9.0,
        "margin": 6.0,
        "track": 2.0100000000000002
      },
      "avg_margin": 0.7333333333333335,
      "race_name": "阪神11R",
      "pred_prob_won": 0.21348351538181304,
      "pred_prob_in_top2": 0.16764894127845764,
      "pred_prob_in_top3": 0.5187615811824798,
      "score_z": 1.368996959625832,
      "上り3F平均": 35.26,
      "Ave-3F平均": 35.86,
      "PCI平均": 51.86,
      "-3F差平均": 0.37,
      "想定脚質": "先行",
      "track_bias_aptitude_score": 76.9,
      "investment_value_score": 72.1,
      "total_investment_index": 73.6,
      "investment_rating": 1.5750463247299193,
      "stability_score": 75,
      "investment_mark": "◎"
    },
    {
      "horse_number": 2,
      "name": "キープカルム",
      "popularity": 5,
      "odds": 6.4,
      "mark": "◎",
      "score": 122.7,
      "track_aptitude": 2,
      "total_points": 90.20251002594952,
      "detail_points": {
        "score": 48.242510025949514,
        "bias": 10.95,
        "pace": 12.0,
        "3f": 9.0,
        "margin": 8.0,
        "track": 2.0100000000000002
      },
      "avg_margin": 0.22000000000000003,
      "race_name": "阪神11R",
      "pred_prob_won": 0.16542905271053315,
      "pred_prob_in_top2": 0.13619088530540466,
      "pred_prob_in_top3": 0.4485502302646637,
      "score_z": 1.0087719364749586,
      "上り3F平均": 34.51,
      "Ave-3F平均": 35.91,
      "PCI平均": 54.29,
      "-3F差平均": 0.62,
      "想定脚質": "先行",
      "track_bias_aptitude_score": 76.9,
      "investment_value_score": 63.1,
      "total_investment_index": 67.6,
      "investment_rating": 1.4909035477042196,
      "stability_score": 90,
      "investment_mark": "○"
    },
    {
      "horse_number": 6,
      "name": "レーベンスティール",
      "popularity": 2,
      "odds": 5.1,
      "mark": "▲",
      "score": 126.31,
      "track_aptitude": 0,
      "total_points": 87.99186993787843,
      "detail_points": {
        "score": 49.661869937878436,
        "bias": 13.05,
        "pace": 8.28,
        "3f": 9.0,
        "margin": 8.0,
        "track": 0.0
      },
      "avg_margin": 0.46499999999999997,
      "race_name": "阪神11R",
      "pred_prob_won": 0.20657936334609986,
      "pred_prob_in_top2": 0.14935486316680907,
      "pred_prob_in_top3": 0.4927683174610138,
      "score_z": 1.3346898145638444,
      "上り3F平均": 34.42,
      "Ave-3F平均": 36.78,
      "PCI平均": 56.92,
      "-3F差平均": 0.69,
      "想定脚質": "中団",
      "track_bias_aptitude_score": 74.2,
      "investment_value_score": 84.7,
      "total_investment_index": 80.3,
      "investment_rating": 1.02902812063694,
      "stability_score": 90,
      "investment_mark": "▲"
    },
    {
      "horse_number": 7,
      "name": "チェルヴィニア",
      "popularity": 1,
      "odds": 4.3,
      "mark": "▲",
      "score": 127.17,
      "track_aptitude": 0,
      "total_points": 88.33,
      "detail_points": {
        "score": 50.0,
        "bias": 13.05,
        "pace": 8.28,
        "3f": 9.0,
        "margin": 8.0,
        "track": 0.0
      },
      "avg_margin": 0.44999999999999996,
      "race_name": "阪神11R",
      "pred_prob_won": 0.2100767523050308,
      "pred_prob_in_top2": 0.1665727198123932,
      "pred_prob_in_top3": 0.5169145882129669,
      "score_z": 1.4123323007567647,
      "上り3F平均": 33.92,
      "Ave-3F平均": 36.6,
      "PCI平均": 57.93,
      "-3F差平均": 0.76,
      "想定脚質": "中団",
      "track_bias_aptitude_score": 74.2,
      "investment_value_score": 100,
      "total_investment_index": 89.6,
      "investment_rating": 0.8647492823004721,
      "stability_score": 90,
      "investment_mark": "▲"
    },
    {
      "horse_number": 8,
      "name": "シヴァース",
      "popularity": 3,
      "odds": 5.2,
      "mark": "△",
      "score": 116.71,
      "track_aptitude": 0,
      "total_points": 85.2173948258237,
      "detail_points": {
        "score": 45.8873948258237,
        "bias": 13.05,
        "pace": 8.28,
        "3f": 9.0,
        "margin": 9.0,
        "track": 0.0
      },
      "avg_margin": 0.17777777777777776,
      "race_name": "阪神11R",
      "pred_prob_won": 0.07083136141300202,
      "pred_prob_in_top2": 0.07495000660419464,
      "pred_prob_in_top3": 0.2367185592651367,
      "score_z": 0.4679829919451995,
      "上り3F平均": 33.89,
      "Ave-3F平均": 36.49,
      "PCI平均": 57.72,
      "-3F差平均": 0.81,
      "想定脚質": "中団",
      "track_bias_aptitude_score": 74.2,
      "investment_value_score": 58.2,
      "total_investment_index": 63.0,
      "investment_rating": 0.3666790294647217,
      "stability_score": 90,
      "investment_mark": "☆"
    },
    {
      "horse_number": 5,
      "name": "ダイシンヤマト",
      "popularity": 6,
      "odds": 13.9,
      "mark": "△",
      "score": 112.87,
      "track_aptitude": 3,
      "total_points": 86.70760478100182,
      "detail_points": {
        "score": 44.377604781001814,
        "bias": 13.05,
        "pace": 8.28,
        "3f": 9.0,
        "margin": 9.0,
        "track": 3.0
      },
      "avg_margin": 0.17500000000000002,
      "race_name": "阪神11R",
      "pred_prob_won": 0.038818782567977904,
      "pred_prob_in_top2": 0.06550712063908577,
      "pred_prob_in_top3": 0.17068853378295898,
      "score_z": 0.12130026289774276,
      "上り3F平均": 34.01,
      "Ave-3F平均": 35.5,
      "PCI平均": 54.45,
      "-3F差平均": 0.99,
      "想定脚質": "中団",
      "track_bias_aptitude_score": 100,
      "investment_value_score": 37.6,
      "total_investment_index": 57.8,
      "investment_rating": 0.2705115222930908,
      "stability_score": 90,
      "investment_mark": "☆"
    },
    {
      "horse_number": 14,
      "name": "ニホンピロキーフ",
      "popularity": 7,
      "odds": 14.9,
      "mark": "△",
      "score": 111.27,
      "track_aptitude": 1,
      "total_points": 83.06852559565935,
      "detail_points": {
        "score": 43.74852559565935,
        "bias": 13.05,
        "pace": 8.28,
        "3f": 9.0,
        "margin": 8.0,
        "track": 0.99
      },
      "avg_margin": 0.4600000000000001,
      "race_name": "阪神11R",
      "pred_prob_won": 0.03702086955308914,
      "pred_prob_in_top2": 0.060141953825950625,
      "pred_prob_in_top3": 0.15593939125537873,
      "score_z": -0.02315087420536539,
      "上り3F平均": 34.95,
      "Ave-3F平均": 35.44,
      "PCI平均": 51.44,
      "-3F差平均": 0.72,
      "想定脚質": "中団",
      "track_bias_aptitude_score": 82.8,
      "investment_value_score": 32.7,
      "total_investment_index": 49.4,
      "investment_rating": 0.23105756059288984,
      "stability_score": 90,
      "investment_mark": "☆"
    },
    {
      "horse_number": 11,
      "name": "タシット",
      "popularity": 11,
      "odds": 54.7,
      "mark": "△",
      "score": 106.18,
      "track_aptitude": 1,
      "total_points": 82.68726743728867,
      "detail_points": {
        "score": 41.74726743728867,
        "bias": 10.95,
        "pace": 12.0,
        "3f": 9.0,
        "margin": 8.0,
        "track": 0.99
      },
      "avg_margin": 0.4,
      "race_name": "阪神11R",
      "pred_prob_won": 0.023755356669425964,
      "pred_prob_in_top2": 0.04531782865524292,
      "pred_prob_in_top3": 0.11465770453214645,
      "score_z": -0.48268605411462473,
      "上り3F平均": 35.8,
      "Ave-3F平均": 35.49,
      "PCI平均": 49.33,
      "-3F差平均": 0.41,
      "想定脚質": "先行",
      "track_bias_aptitude_score": 68.3,
      "investment_value_score": 17.9,
      "total_investment_index": 35.4,
      "investment_rating": 0.0500629805773497,
      "stability_score": 90,
      "investment_mark": "×"
    },
    {
      "horse_number": 3,
      "name": "ラケマーダ",
      "popularity": 12,
      "odds": 80.3,
      "mark": "⭐︎",
      "score": 108.72,
      "track_aptitude": 1,
      "total_points": 78.06593064401982,