{
  "horses": [
    {
      "horse_number": 10,
      "name": "ヴリトラハン",
      "popularity": 4,
      "odds": 11.2,
      "mark": "△",
      "score": 122.2,
      "track_aptitude": 2,
      "total_points": 85.23272727272727,
      "detail_points": {
        "score": 47.27272727272727,
        "bias": 10.95,
        "pace": 12.0,
        "3f": 9.0,
        "margin": 4.0,
        "track": 2.0100000000000002
      },
      "avg_margin": 1.4333333333333333,
      "race_name": "阪神8R",
      "pred_prob_won": 0.18543071150779725,
      "pred_prob_in_top2": 0.13694099634885787,
      "pred_prob_in_top3": 0.45776005983352663,
      "score_z": 1.302130791872271,
      "上り3F平均": 37.35,
      "Ave-3F平均": 35.52,
      "PCI平均": 45.25,
      "-3F差平均": 0.8,
      "想定脚質": "中団",
      "track_bias_aptitude_score": 69.5,
      "investment_value_score": 67.0,
      "total_investment_index": 68.2,
      "investment_rating": 1.3852642333507539,
      "stability_score": 60,
      "investment_mark": "◎"
    },
    {
      "horse_number": 9,
      "name": "ジェミート",
      "popularity": 8,
      "odds": 21.1,
      "mark": "×",
      "score": 115.72,
      "track_aptitude": 0,
      "total_points": 72.99595744680852,
      "detail_points": {
        "score": 44.76595744680851,
        "bias": 4.95,
        "pace": 8.28,
        "3f": 9.0,
        "margin": 6.0,
        "track": 0.0
      },
      "avg_margin": 0.78,
      "race_name": "阪神8R",
      "pred_prob_won": 0.09418046176433563,
      "pred_prob_in_top2": 0.09171339571475982,
      "pred_prob_in_top3": 0.27437812089920044,
      "score_z": 0.811685336496396,
      "上り3F平均": 37.06,
      "Ave-3F平均": 36.47,
      "PCI平均": 48.44,
      "-3F差平均": 1.36,
      "想定脚質": "後方",
      "track_bias_aptitude_score": 3.2,
      "investment_value_score": 43.0,
      "total_investment_index": 33.1,
      "investment_rating": 1.0737065374851227,
      "stability_score": 75,
      "investment_mark": "○"
    },
    {
      "horse_number": 1,
      "name": "ポンピエ",
      "popularity": 6,
      "odds": 15.5,
      "mark": "△",
      "score": 115.38,
      "track_aptitude": 1,
      "total_points": 85.62442940038683,
      "detail_points": {
        "score": 44.63442940038684,
        "bias": 15.0,
        "pace": 12.0,
        "3f": 9.0,
        "margin": 4.0,
        "track": 0.99
      },
      "avg_margin": 1.2,
      "race_name": "阪神8R",
      "pred_prob_won": 0.09943133592605591,
      "pred_prob_in_top2": 0.10937856882810593,
      "pred_prob_in_top3": 0.31458318829536436,
      "score_z": 0.7859520872945751,
      "上り3F平均": 37.82,
      "Ave-3F平均": 35.99,
      "PCI平均": 45.21,
      "-3F差平均": 0.84,
      "想定脚質": "先行",
      "track_bias_aptitude_score": 84.5,
      "investment_value_score": 50.6,
      "total_investment_index": 62.0,
      "investment_rating": 1.072915941476822,
      "stability_score": 60,
      "investment_mark": "▲"
    },
    {
      "horse_number": 6,
      "name": "ゴールデンカイト",
      "popularity": 1,
      "odds": 1.8,
      "mark": "◎",
      "score": 129.25,
      "track_aptitude": 1,
      "total_points": 94.99,
      "detail_points": {
        "score": 50.0,
        "bias": 15.0,
        "pace": 12.0,
        "3f": 9.0,
        "margin": 8.0,
        "track": 0.99
      },
      "avg_margin": 0.5,
      "race_name": "阪神8R",
      "pred_prob_won": 0.27706732153892516,
      "pred_prob_in_top2": 0.17204124927520753,
      "pred_prob_in_top3": 0.5674043536186218,
      "score_z": 1.8357172826747274,
      "上り3F平均": 38.0,
      "Ave-3F平均": 36.12,
      "PCI平均": 45.04,
      "-3F差平均": 0.33,
      "想定脚質": "先行",
      "track_bias_aptitude_score": 84.5,
      "investment_value_score": 100,
      "total_investment_index": 93.4,
      "investment_rating": 1.0266597956418992,
      "stability_score": 90,
      "investment_mark": "▲"
    },
    {
      "horse_number": 14,
      "name": "サンマルノヴェル",
      "popularity": 10,
      "odds": 29.7,
      "mark": "▲",
      "score": 108.61,
      "track_aptitude": 1,
      "total_points": 87.00547388781432,
      "detail_points": {
        "score": 42.015473887814316,
        "bias": 15.0,
        "pace": 12.0,
        "3f": 9.0,
        "margin": 8.0,
        "track": 0.99
      },
      "avg_margin": 0.43333333333333335,
      "race_name": "阪神8R",
      "pred_prob_won": 0.05060461908578873,
      "pred_prob_in_top2": 0.09080653935670853,
      "pred_prob_in_top3": 0.23192017674446105,
      "score_z": 0.27355768407008885,
      "上り3F平均": 38.33,
      "Ave-3F平均": 36.18,
      "PCI平均": 44.37,
      "-3F差平均": 0.57,
      "想定脚質": "先行",
      "track_bias_aptitude_score": 84.5,
      "investment_value_score": 34.3,
      "total_investment_index": 51.4,
      "investment_rating": 0.9698252725601195,
      "stability_score": 90,
      "investment_mark": "△"
    },
    {
      "horse_number": 2,
      "name": "エイプリルインパリ",
      "popularity": 7,
      "odds": 17.6,
      "mark": "△",
      "score": 112.04,
      "track_aptitude": 1,
      "total_points": 84.28235976789168,
      "detail_points": {
        "score": 43.342359767891686,
        "bias": 10.95,
        "pace": 12.0,
        "3f": 9.0,
        "margin": 8.0,
        "track": 0.99
      },
      "avg_margin": 0.3666666666666667,
      "race_name": "阪神8R",
      "pred_prob_won": 0.07743892520666122,
      "pred_prob_in_top2": 0.0853087067604065,
      "pred_prob_in_top3": 0.2560042440891266,
      "score_z": 0.5331607569002207,
      "上り3F平均": 35.72,
      "Ave-3F平均": 35.26,
      "PCI平均": 48.82,
      "-3F差平均": 0.82,
      "想定脚質": "中団",
      "track_bias_aptitude_score": 61.8,
      "investment_value_score": 43.2,
      "total_investment_index": 50.3,
      "investment_rating": 0.8708235546946526,
      "stability_score": 90,
      "investment_mark": "△"
    },
    {
      "horse_number": 15,
      "name": "ホウショウマリス",
      "popularity": 3,
      "odds": 10.2,
      "mark": "○",
      "score": 112.57,
      "track_aptitude": 2,
      "total_points": 89.55738878143134,
      "detail_points": {
        "score": 43.54738878143134,
        "bias": 15.0,
        "pace": 12.0,
        "3f": 9.0,
        "margin": 8.0,
        "track": 2.0100000000000002
      },
      "avg_margin": 0.34375,
      "race_name": "阪神8R",
      "pred_prob_won": 0.09085837453603744,
      "pred_prob_in_top2": 0.10753144174814225,
      "pred_prob_in_top3": 0.30870999693870543,
      "score_z": 0.5732743512442341,
      "上り3F平均": 37.62,
      "Ave-3F平均": 36.16,
      "PCI平均": 46.15,
      "-3F差平均": 0.47,
      "想定脚質": "先行",
      "track_bias_aptitude_score": 92.2,
      "investment_value_score": 61.8,
      "total_investment_index": 70.7,
      "investment_rating": 0.6841784897446632,
      "stability_score": 90,
      "investment_mark": "☆"
    },
    {
      "horse_number": 3,
      "name": "ハクサンアイリス",
      "popularity": 2,
      "odds": 7.2,
      "mark": "▲",
      "score": 107.6,
      "track_aptitude": 2,
      "total_points": 87.6347582205029,
      "detail_points": {
        "score": 41.6247582205029,
        "bias": 15.0,
        "pace": 12.0,
        "3f": 9.0,
        "margin": 8.0,
        "track": 2.0100000000000002
      },
      "avg_margin": 0.46249999999999997,
      "race_name": "阪神8R",
      "pred_prob_won": 0.05523107573390007,
      "pred_prob_in_top2": 0.07277734130620957,
      "pred_prob_in_top3": 0.21908091604709626,
      "score_z": 0.19711479673526844,
      "上り3F平均": 37.05,
      "Ave-3F平均": 35.83,
      "PCI平均": 46.87,
      "-3F差平均": 0.43,
      "想定脚質": "先行",
      "track_bias_aptitude_score": 92.2,
      "investment_value_score": 61.2,
      "total_investment_index": 69.7,
      "investment_rating": 0.31342656493186954,
      "stability_score": 90,
      "investment_mark": "☆"
    },
    {
      "horse_number": 7,
      "name": "メティエダール",
      "popularity": 5,
      "odds": 13.9,
      "mark": "△",
      "score": 104.24,
      "track_aptitude": 2,
      "total_points": 86.33495164410058,