{
  "horses": [
    {
      "horse_number": 14,
      "name": "リトルガールブルー",
      "popularity": 7,
      "odds": 16.3,
      "mark": "▲",
      "score": 138.61,
      "track_aptitude": 0,
      "total_points": 82.511931780255,
      "detail_points": {
        "score": 46.261931780255,
        "bias": 13.05,
        "pace": 10.2,
        "3f": 9.0,
        "margin": 4.0,
        "track": 0.0
      },
      "avg_margin": 1.4,
      "race_name": "阪神4R",
      "pred_prob_won": 0.11658318489789962,
      "pred_prob_in_top2": 0.13269143104553222,
      "pred_prob_in_top3": 0.37861877083778384,
      "score_z": 0.6595785352778682,
      "上り3F平均": 36.5,
      "Ave-3F平均": 36.89,
      "PCI平均": 51.1,
      "-3F差平均": 0.65,
      "想定脚質": "中団",
      "track_bias_aptitude_score": 79.7,
      "investment_value_score": 51.1,
      "total_investment_index": 60.7,
      "investment_rating": 1.5202651166915895,
      "stability_score": 60,
      "investment_mark": "◎"
    },
    {
      "horse_number": 5,
      "name": "プレデスティナーレ",
      "popularity": 5,
      "odds": 10.3,
      "mark": "○",
      "score": 141.11,
      "track_aptitude": 2,
      "total_points": 85.35632200787666,
      "detail_points": {
        "score": 47.096322007876644,
        "bias": 13.05,
        "pace": 10.2,
        "3f": 9.0,
        "margin": 4.0,
        "track": 2.0100000000000002
      },
      "avg_margin": 1.19,
      "race_name": "阪神4R",
      "pred_prob_won": 0.15936824679374695,
      "pred_prob_in_top2": 0.15912592709064483,
      "pred_prob_in_top3": 0.4438959062099457,
      "score_z": 0.8490400065373098,
      "上り3F平均": 36.06,
      "Ave-3F平均": 37.96,
      "PCI平均": 55.48,
      "-3F差平均": 0.9,
      "想定脚質": "中団",
      "track_bias_aptitude_score": 93.2,
      "investment_value_score": 60.8,
      "total_investment_index": 70.9,
      "investment_rating": 1.4975315779447556,
      "stability_score": 60,
      "investment_mark": "○"
    },
    {
      "horse_number": 12,
      "name": "ホウオウレイヴン",
      "popularity": 1,
      "odds": 2.3,
      "mark": "◎",
      "score": 149.81,
      "track_aptitude": 1,
      "total_points": 89.24,
      "detail_points": {
        "score": 50.0,
        "bias": 13.05,
        "pace": 10.2,
        "3f": 9.0,
        "margin": 6.0,
        "track": 0.99
      },
      "avg_margin": 0.7785714285714286,
      "race_name": "阪神4R",
      "pred_prob_won": 0.28839720487594606,
      "pred_prob_in_top2": 0.1847476214170456,
      "pred_prob_in_top3": 0.6083585739135742,
      "score_z": 1.5083659265201657,
      "上り3F平均": 36.2,
      "Ave-3F平均": 37.64,
      "PCI平均": 54.11,
      "-3F差平均": 0.72,
      "想定脚質": "中団",
      "track_bias_aptitude_score": 86.5,
      "investment_value_score": 100,
      "total_investment_index": 93.5,
      "investment_rating": 1.0992247200012206,
      "stability_score": 75,
      "investment_mark": "▲"
    },
    {
      "horse_number": 4,
      "name": "リーティアコナル",
      "popularity": 2,
      "odds": 5.4,
      "mark": "▲",
      "score": 145.85,
      "track_aptitude": 0,
      "total_points": 84.8283258794473,
      "detail_points": {
        "score": 48.6783258794473,
        "bias": 10.95,
        "pace": 10.2,
        "3f": 9.0,
        "margin": 6.0,
        "track": 0.0
      },
      "avg_margin": 0.7833333333333333,
      "race_name": "阪神4R",
      "pred_prob_won": 0.19380166232585908,
      "pred_prob_in_top2": 0.16213530004024507,
      "pred_prob_in_top3": 0.5049584746360779,
      "score_z": 1.2082589560452097,
      "上り3F平均": 36.6,
      "Ave-3F平均": 37.2,
      "PCI平均": 51.8,
      "-3F差平均": 0.44,
      "想定脚質": "先行",
      "track_bias_aptitude_score": 72.9,
      "investment_value_score": 81.8,
      "total_investment_index": 78.0,
      "investment_rating": 1.089131652712822,
      "stability_score": 75,
      "investment_mark": "▲"
    },
    {
      "horse_number": 2,
      "name": "ボンドロア",
      "popularity": 3,
      "odds": 7.0,
      "mark": "⭐︎",
      "score": 143.17,
      "track_aptitude": 0,
      "total_points": 70.98385955543688,
      "detail_points": {
        "score": 47.783859555436884,
        "bias": 3.0,
        "pace": 10.2,
        "3f": 4.0,
        "margin": 6.0,
        "track": 0.0
      },
      "avg_margin": 0.9125000000000001,
      "race_name": "阪神4R",
      "pred_prob_won": 0.1525176554918289,
      "pred_prob_in_top2": 0.1134850725531578,
      "pred_prob_in_top3": 0.40298176407814024,
      "score_z": 1.0051562588550877,
      "上り3F平均": 35.42,
      "Ave-3F平均": 37.03,
      "PCI平均": 54.6,
      "-3F差平均": 1.1,
      "想定脚質": "逃げ",
      "track_bias_aptitude_score": 4.2,
      "investment_value_score": 69.1,
      "total_investment_index": 49.4,
      "investment_rating": 0.9701379978656768,
      "stability_score": 75,
      "investment_mark": "△"
    },
    {
      "horse_number": 8,
      "name": "エンゲージプライド",
      "popularity": 4,
      "odds": 9.5,
      "mark": "△",
      "score": 138.94,
      "track_aptitude": 1,
      "total_points": 81.51207129030105,
      "detail_points": {
        "score": 46.37207129030105,
        "bias": 10.95,
        "pace": 10.2,
        "3f": 9.0,
        "margin": 4.0,
        "track": 0.99
      },
      "avg_margin": 1.3285714285714287,
      "race_name": "阪神4R",
      "pred_prob_won": 0.1110036015510559,
      "pred_prob_in_top2": 0.13214121609926224,
      "pred_prob_in_top3": 0.3554388046264648,
      "score_z": 0.6845874494841133,
      "上り3F平均": 38.0,
      "Ave-3F平均": 37.49,
      "PCI平均": 49.02,
      "-3F差平均": 0.44,
      "想定脚質": "先行",
      "track_bias_aptitude_score": 79.7,
      "investment_value_score": 60.1,
      "total_investment_index": 66.1,
      "investment_rating": 0.953983278274536,
      "stability_score": 60,
      "investment_mark": "△"
    },
    {
      "horse_number": 3,
      "name": "マテンロウアーチ",
      "popularity": 6,
      "odds": 16.0,
      "mark": "△",
      "score": 134.88,
      "track_aptitude": 0,
      "total_points": 81.26702156064349,
      "detail_points": {
        "score": 45.01702156064348,
        "bias": 13.05,
        "pace": 10.2,
        "3f": 9.0,
        "margin": 4.0,
        "track": 0.0
      },
      "avg_margin": 1.9,
      "race_name": "阪神4R",
      "pred_prob_won": 0.06503312438726425,
      "pred_prob_in_top2": 0.09702077209949493,
      "pred_prob_in_top3": 0.26095632612705233,
      "score_z": 0.37690202015878,
      "上り3F平均": 37.8,
      "Ave-3F平均": 36.51,
      "PCI平均": 46.6,
      "-3F差平均": 0.5,
      "想定脚質": "中団",
      "track_bias_aptitude_score": 79.7,
      "investment_value_score": 46.1,
      "total_investment_index": 57.2,
      "investment_rating": 0.7678294469416143,
      "stability_score": 60,
      "investment_mark": "☆"
    },
    {
      "horse_number": 10,
      "name": "レイデラティエラ",
      "popularity": 11,
      "odds": 52.6,
      "mark": "△",
      "score": 126.87,
      "track_aptitude": 2,
      "total_points": 78.50363527134371,
      "detail_points": {
        "score": 42.34363527134371,
        "bias": 10.95,
        "pace": 10.2,
        "3f": 9.0,
        "margin": 4.0,
        "track": 2.0100000000000002
      },
      "avg_margin": 1.4357142857142857,
      "race_name": "阪神4R",
      "pred_prob_won": 0.04020371660590172,
      "pred_prob_in_top2": 0.054791062325239184,
      "pred_prob_in_top3": 0.17197831273078917,
      "score_z": -0.23013253375647016,
      "上り3F平均": 36.89,
      "Ave-3F平均": 37.81,
      "PCI平均": 52.93,
      "-3F差平均": 0.6,
      "想定脚質": "先行",
      "track_bias_aptitude_score": 86.5,
      "investment_value_score": 26.5,
      "total_investment_index": 46.5,
      "investment_rating": 0.5414308393001555,
      "stability_score": 60,
      "investment_mark": "☆"
    },
    {
      "horse_number": 1,
      "name": "メイショウヨリキリ",
      "popularity": 8,
      "odds": 17.6,
      "mark": "△",
      "score": 127.41,
      "track_aptitude": 0,
      "total_points": 78.77386356050998,