{
  "horses": [
    {
      "horse_number": 8,
      "name": "アロガントシェイム",
      "popularity": 5,
      "odds": 23.6,
      "mark": "○",
      "score": 130.07,
      "track_aptitude": 1,
      "total_points": 87.21645358721521,
      "detail_points": {
        "score": 44.226453587215225,
        "bias": 15.0,
        "pace": 12.0,
        "3f": 9.0,
        "margin": 6.0,
        "track": 0.99
      },
      "avg_margin": 0.65,
      "race_name": "阪神2R",
      "pred_prob_won": 0.1744638651609421,
      "pred_prob_in_top2": 0.1620049446821213,
      "pred_prob_in_top3": 0.4737443685531616,
      "score_z": 1.0783550177234504,
      "上り3F平均": 39.45,
      "Ave-3F平均": 39.35,
      "PCI平均": 49.8,
      "-3F差平均": 0.4,
      "想定脚質": "先行",
      "track_bias_aptitude_score": 88.9,
      "investment_value_score": 59.0,
      "total_investment_index": 68.9,
      "investment_rating": 1.6055368769168852,
      "stability_score": 75,
      "investment_mark": "◎"
    },
    {
      "horse_number": 7,
      "name": "ダイシンレアレア",
      "popularity": 1,
      "odds": 1.1,
      "mark": "◎",
      "score": 147.05,
      "track_aptitude": 2,
      "total_points": 92.01,
      "detail_points": {
        "score": 50.0,
        "bias": 15.0,
        "pace": 12.0,
        "3f": 9.0,
        "margin": 4.0,
        "track": 2.0100000000000002
      },
      "avg_margin": 1.0299999999999998,
      "race_name": "阪神2R",
      "pred_prob_won": 0.32310611605644224,
      "pred_prob_in_top2": 0.18452272713184356,
      "pred_prob_in_top3": 0.6429319381713867,
      "score_z": 1.981651662472099,
      "上り3F平均": 38.78,
      "Ave-3F平均": 38.46,
      "PCI平均": 49.26,
      "-3F差平均": 0.83,
      "想定脚質": "先行",
      "track_bias_aptitude_score": 94.5,
      "investment_value_score": 100,
      "total_investment_index": 96.7,
      "investment_rating": 1.1608900547027587,
      "stability_score": 60,
      "investment_mark": "○"
    },
    {
      "horse_number": 14,
      "name": "ペプチドモガミ",
      "popularity": 3,
      "odds": 13.0,
      "mark": "▲",
      "score": 129.74,
      "track_aptitude": 1,
      "total_points": 73.43424685481129,
      "detail_points": {
        "score": 44.11424685481129,
        "bias": 7.05,
        "pace": 8.28,
        "3f": 9.0,
        "margin": 4.0,
        "track": 0.99
      },
      "avg_margin": 1.2125,
      "race_name": "阪神2R",
      "pred_prob_won": 0.15963928103446962,
      "pred_prob_in_top2": 0.15011681318283082,
      "pred_prob_in_top3": 0.45332735776901245,
      "score_z": 1.0607997825781594,
      "上り3F平均": 39.5,
      "Ave-3F平均": 38.81,
      "PCI平均": 48.25,
      "-3F差平均": 0.6,
      "想定脚質": "中団",
      "track_bias_aptitude_score": 38.9,
      "investment_value_score": 67.5,
      "total_investment_index": 58.9,
      "investment_rating": 1.113979384303093,
      "stability_score": 60,
      "investment_mark": "▲"
    },
    {
      "horse_number": 12,
      "name": "ジャスティンロング",
      "popularity": 4,
      "odds": 20.4,
      "mark": "▲",
      "score": 124.71,
      "track_aptitude": 2,
      "total_points": 72.7439442366542,
      "detail_points": {
        "score": 42.4039442366542,
        "bias": 7.05,
        "pace": 8.28,
        "3f": 9.0,
        "margin": 4.0,
        "track": 2.0100000000000002
      },
      "avg_margin": 1.5250000000000001,
      "race_name": "阪神2R",
      "pred_prob_won": 0.12370607405900955,
      "pred_prob_in_top2": 0.12292536497116088,
      "pred_prob_in_top3": 0.36427619457244875,
      "score_z": 0.7932154408181058,
      "上り3F平均": 40.0,
      "Ave-3F平均": 38.57,
      "PCI平均": 46.5,
      "-3F差平均": 0.8,
      "想定脚質": "中団",
      "track_bias_aptitude_score": 44.4,
      "investment_value_score": 57.0,
      "total_investment_index": 53.8,
      "investment_rating": 0.957104778289795,
      "stability_score": 60,
      "investment_mark": "▲"
    },
    {
      "horse_number": 1,
      "name": "ファーストドラゴン",
      "popularity": 7,
      "odds": 36.2,
      "mark": "△",
      "score": 119.41,
      "track_aptitude": 0,
      "total_points": 68.93183611016661,
      "detail_points": {
        "score": 40.60183611016661,
        "bias": 7.05,
        "pace": 8.28,
        "3f": 9.0,
        "margin": 4.0,
        "track": 0.0
      },
      "avg_margin": 1.7666666666666666,
      "race_name": "阪神2R",
      "pred_prob_won": 0.08413084447383881,
      "pred_prob_in_top2": 0.08180091828107834,
      "pred_prob_in_top3": 0.2578068494796753,
      "score_z": 0.5112677248482689,
      "上り3F平均": 39.83,
      "Ave-3F平均": 39.22,
      "PCI平均": 48.57,
      "-3F差平均": 0.97,
      "想定脚質": "中団",
      "track_bias_aptitude_score": 33.3,
      "investment_value_score": 39.5,
      "total_investment_index": 39.5,
      "investment_rating": 0.8066086995601655,
      "stability_score": 60,
      "investment_mark": "△"
    },
    {
      "horse_number": 4,
      "name": "アバットゥータ",
      "popularity": 12,
      "odds": 118.6,
      "mark": "×",
      "score": 110.39,
      "track_aptitude": 2,
      "total_points": 61.824852091125464,
      "detail_points": {
        "score": 37.534852091125465,
        "bias": 3.0,
        "pace": 8.28,
        "3f": 9.0,
        "margin": 2.0,
        "track": 2.0100000000000002
      },
      "avg_margin": 2.9599999999999995,
      "race_name": "阪神2R",
      "pred_prob_won": 0.031977183371782306,
      "pred_prob_in_top2": 0.04240297600626945,
      "pred_prob_in_top3": 0.12811678498983384,
      "score_z": 0.031424630876961554,
      "上り3F平均": 38.92,
      "Ave-3F平均": 38.2,
      "PCI平均": 48.24,
      "-3F差平均": 1.96,
      "想定脚質": "後方",
      "track_bias_aptitude_score": 12.1,
      "investment_value_score": 16.7,
      "total_investment_index": 18.7,
      "investment_rating": 0.17618099391460418,
      "stability_score": 45,
      "investment_mark": "☆"
    },
    {
      "horse_number": 2,
      "name": "メイショウキタダケ",
      "popularity": 10,
      "odds": 80.0,
      "mark": "△",
      "score": 107.27,
      "track_aptitude": 2,
      "total_points": 62.81398843930635,
      "detail_points": {
        "score": 36.47398843930635,
        "bias": 7.05,
        "pace": 8.28,
        "3f": 7.0,
        "margin": 2.0,
        "track": 2.0100000000000002
      },
      "avg_margin": 2.1333333333333337,
      "race_name": "阪神2R",
      "pred_prob_won": 0.027576683834195138,
      "pred_prob_in_top2": 0.05084105730056763,
      "pred_prob_in_top3": 0.12829812318086625,
      "score_z": -0.1345521377694333,
      "上り3F平均": 39.19,
      "Ave-3F平均": 38.42,
      "PCI平均": 48.1,
      "-3F差平均": 1.04,
      "想定脚質": "中団",
      "track_bias_aptitude_score": 44.4,
      "investment_value_score": 19.4,
      "total_investment_index": 29.7,
      "investment_rating": 0.13657629922032355,
      "stability_score": 45,
      "investment_mark": "×"
    },
    {
      "horse_number": 3,
      "name": "ルクスメンデス",
      "popularity": 8,
      "odds": 59.1,
      "mark": "△",
      "score": 107.2,
      "track_aptitude": 2,
      "total_points": 64.79018701122067,
      "detail_points": {
        "score": 36.45018701122067,
        "bias": 7.05,
        "pace": 8.28,
        "3f": 7.0,
        "margin": 4.0,
        "track": 2.0100000000000002
      },
      "avg_margin": 1.9300000000000002,
      "race_name": "阪神2R",
      "pred_prob_won": 0.028004247322678567,
      "pred_prob_in_top2": 0.049740666151046754,
      "pred_prob_in_top3": 0.12940653860569,
      "score_z": -0.13827597552752513,
      "上り3F平均": 40.7,
      "Ave-3F平均": 38.59,
      "PCI平均": 44.85,
      "-3F差平均": 1.05,
      "想定脚質": "中団",
      "track_bias_aptitude_score": 44.4,
      "investment_value_score": 23.2,
      "total_investment_index": 32.0,
      "investment_rating": 0.10232053935527807,
      "stability_score": 60,
      "investment_mark": "×"
    },
    {
      "horse_number": 9,
      "name": "パーソナルレコード",
      "popularity": 6,
      "odds": 25.2,
      "mark": "△",
      "score": 103.99,
      "track_aptitude": 2,